epoch,step,train_loss_epoch,train_loss_step,train_mae_epoch,train_mae_step,train_r2_epoch,train_r2_step,train_rmse_epoch,train_rmse_step,val_loss_epoch,val_loss_step,val_mae_epoch,val_mae_step,val_r2_epoch,val_r2_step,val_rmse_epoch,val_rmse_step
0,49,,11474.60546875,,75.05419921875,,-0.5409648418426514,,107.11958312988281,,,,,,,,
0,99,,8068.91796875,,64.14408111572266,,-0.4642813205718994,,89.82715606689453,,,,,,,,
0,149,,2602.203857421875,,28.14812469482422,,0.40133756399154663,,51.011802673339844,,,,,,,,
0,199,,4251.51611328125,,41.1413459777832,,0.24277091026306152,,65.20365142822266,,,,,,,,
0,249,,2546.412841796875,,28.75257682800293,,0.5805020332336426,,50.46199417114258,,,,,,,,
0,299,,4714.8642578125,,48.94768142700195,,0.12710028886795044,,68.66487121582031,,,,,,,,
0,349,,2008.1685791015625,,27.29533576965332,,0.6515235900878906,,44.81259536743164,,,,,,,,
0,399,,2864.34765625,,36.19843673706055,,0.31089699268341064,,53.51959991455078,,,,,,,,
0,449,,2771.029296875,,34.130130767822266,,0.5787560343742371,,52.640567779541016,,,,,,,,
,0,,,,,,,,,,3799.811279296875,,33.7789421081543,,0.5098901987075806,,61.642608642578125
,1,,,,,,,,,,2735.51025390625,,28.851757049560547,,0.5939000844955444,,52.30210876464844
,2,,,,,,,,,,3501.25537109375,,36.813255310058594,,0.46033453941345215,,59.17140579223633
,3,,,,,,,,,,3613.365478515625,,37.694580078125,,0.42798399925231934,,60.11127471923828
,4,,,,,,,,,,3207.111572265625,,30.746150970458984,,0.4605727195739746,,56.63136672973633
,5,,,,,,,,,,2936.451171875,,31.678768157958984,,0.4090656042098999,,54.18903350830078
,6,,,,,,,,,,2168.416015625,,23.113666534423828,,0.5427990555763245,,46.56625747680664
,7,,,,,,,,,,3164.749267578125,,33.09467315673828,,0.5422676801681519,,56.256103515625
,8,,,,,,,,,,3377.130859375,,38.99496841430664,,0.37483251094818115,,58.11308670043945
,9,,,,,,,,,,1856.64599609375,,22.31202507019043,,0.5372557640075684,,43.08881759643555
,10,,,,,,,,,,2764.711181640625,,25.939584732055664,,0.48466116189956665,,52.58052062988281
,11,,,,,,,,,,3552.30078125,,36.393218994140625,,0.44529080390930176,,59.60118103027344
,12,,,,,,,,,,2967.29931640625,,32.08095169067383,,0.5907390117645264,,54.472923278808594
,13,,,,,,,,,,2614.04736328125,,31.091522216796875,,0.48786091804504395,,51.12775421142578
,14,,,,,,,,,,1747.099365234375,,21.021221160888672,,0.6414732933044434,,41.798316955566406
,15,,,,,,,,,,2596.086669921875,,31.362119674682617,,0.5150115489959717,,50.95180892944336
,16,,,,,,,,,,2984.29833984375,,30.211084365844727,,0.5627126693725586,,54.62873077392578
,17,,,,,,,,,,2365.504638671875,,24.739654541015625,,0.5347785949707031,,48.636451721191406
,18,,,,,,,,,,2272.825927734375,,26.201669692993164,,0.5875478982925415,,47.67416763305664
,19,,,,,,,,,,2496.501953125,,27.359420776367188,,0.4480212330818176,,49.96500778198242
,20,,,,,,,,,,2849.4755859375,,31.648849487304688,,0.5643006563186646,,53.38047790527344
,21,,,,,,,,,,4084.615478515625,,40.022216796875,,0.3883756995201111,,63.91099548339844
,22,,,,,,,,,,3691.11572265625,,38.18165969848633,,0.46442222595214844,,60.754554748535156
,23,,,,,,,,,,3992.85595703125,,40.54149627685547,,0.3721316456794739,,63.189048767089844
,24,,,,,,,,,,3051.73681640625,,35.014183044433594,,0.46943849325180054,,55.242523193359375
,25,,,,,,,,,,2112.9931640625,,29.641002655029297,,0.5402470827102661,,45.96730422973633
,26,,,,,,,,,,1934.8548583984375,,20.66426658630371,,0.593533456325531,,43.98698425292969
,27,,,,,,,,,,3618.6875,,37.58366775512695,,0.4818931221961975,,60.1555290222168
,28,,,,,,,,,,4307.20703125,,40.703819274902344,,0.2906414866447449,,65.62931823730469
,29,,,,,,,,,,1979.797119140625,,24.460729598999023,,0.5166263580322266,,44.494911193847656
,30,,,,,,,,,,2078.01904296875,,25.159542083740234,,0.4651581645011902,,45.58529281616211
,31,,,,,,,,,,2133.2607421875,,27.097225189208984,,0.5444048643112183,,46.18723678588867
,32,,,,,,,,,,1786.57763671875,,23.853214263916016,,0.5832998156547546,,42.26792526245117
,33,,,,,,,,,,3073.185302734375,,30.576030731201172,,0.47030484676361084,,55.436317443847656
,34,,,,,,,,,,2783.953125,,28.78291893005371,,0.5017715096473694,,52.763179779052734
,35,,,,,,,,,,1765.592041015625,,22.225074768066406,,0.5626155734062195,,42.01894760131836
,36,,,,,,,,,,2194.133544921875,,25.952177047729492,,0.475946843624115,,46.84157943725586
,37,,,,,,,,,,3388.689697265625,,33.661293029785156,,0.3762531876564026,,58.21245193481445
,38,,,,,,,,,,2865.265380859375,,30.272140502929688,,0.5542435646057129,,53.528175354003906
,39,,,,,,,,,,2212.532958984375,,24.921977996826172,,0.6645225286483765,,47.03757095336914
,40,,,,,,,,,,2884.6044921875,,35.887630462646484,,0.5134705305099487,,53.70851135253906
,41,,,,,,,,,,2409.742431640625,,28.100183486938477,,0.5045026540756226,,49.08912658691406
,42,,,,,,,,,,2332.299072265625,,24.689340591430664,,0.4455169439315796,,48.293880462646484
,43,,,,,,,,,,2852.736572265625,,30.5201473236084,,0.4581981897354126,,53.411014556884766
,44,,,,,,,,,,3074.97021484375,,30.85353660583496,,0.4034891128540039,,55.452415466308594
,45,,,,,,,,,,2845.7822265625,,32.60366439819336,,0.45258402824401855,,53.34587097167969
,46,,,,,,,,,,2815.4072265625,,30.787275314331055,,0.5050691366195679,,53.06040954589844
,47,,,,,,,,,,3561.171875,,40.00061798095703,,0.38443833589553833,,59.67555618286133
,48,,,,,,,,,,3054.816162109375,,35.400909423828125,,0.3984050750732422,,55.270389556884766
,49,,,,,,,,,,4573.9384765625,,45.149131774902344,,0.44259530305862427,,67.63089752197266
,50,,,,,,,,,,2341.651611328125,,25.46249771118164,,0.549789547920227,,48.3906135559082
,51,,,,,,,,,,3051.866455078125,,32.94905090332031,,0.5467019081115723,,55.24370193481445
,52,,,,,,,,,,2997.521484375,,35.61918258666992,,0.4663599729537964,,54.74962615966797
,53,,,,,,,,,,2770.5556640625,,29.809267044067383,,0.5773444175720215,,52.63606643676758
,54,,,,,,,,,,2291.9345703125,,27.89739990234375,,0.497045636177063,,47.874149322509766
,55,,,,,,,,,,2647.298828125,,33.42100524902344,,0.5445669889450073,,51.451904296875
,56,,,,,,,,,,1678.78955078125,,24.170005798339844,,0.44534701108932495,,40.9730339050293
,57,,,,,,,,,,2703.46240234375,,29.469379425048828,,0.45711225271224976,,51.99483108520508
,58,,,,,,,,,,2774.203369140625,,31.152862548828125,,0.41626763343811035,,52.67070770263672
,59,,,,,,,,,,3663.140380859375,,36.24665451049805,,0.4286806583404541,,60.52388381958008
,60,,,,,,,,,,2519.717529296875,,28.603534698486328,,0.596912145614624,,50.1967887878418
,61,,,,,,,,,,4279.8232421875,,39.232357025146484,,0.4363294839859009,,65.42035675048828
,62,,,,,,,,,,3383.201416015625,,37.86241912841797,,0.5140831470489502,,58.1652946472168
,63,,,,,,,,,,2804.755615234375,,33.117401123046875,,0.4801223874092102,,52.95994186401367
,64,,,,,,,,,,2505.2451171875,,30.937435150146484,,0.47173434495925903,,50.052425384521484
,65,,,,,,,,,,2718.456298828125,,29.74446678161621,,0.5752026438713074,,52.138816833496094
,66,,,,,,,,,,2689.9794921875,,31.630237579345703,,0.5140000581741333,,51.865013122558594
,67,,,,,,,,,,2461.46630859375,,28.313447952270508,,0.5898844003677368,,49.613162994384766
,68,,,,,,,,,,3752.17578125,,33.171478271484375,,0.47047412395477295,,61.2550048828125
,69,,,,,,,,,,2957.833740234375,,34.0659294128418,,0.5240325927734375,,54.38597106933594
,70,,,,,,,,,,2269.1005859375,,25.911922454833984,,0.5462013483047485,,47.635074615478516
,71,,,,,,,,,,2251.5439453125,,26.81867790222168,,0.6141893863677979,,47.450435638427734
,72,,,,,,,,,,3993.558837890625,,41.51780319213867,,0.43903154134750366,,63.194610595703125
,73,,,,,,,,,,3396.16845703125,,39.46701431274414,,0.42825382947921753,,58.27665710449219
,74,,,,,,,,,,2955.13818359375,,32.87512969970703,,0.48059046268463135,,54.361183166503906
,75,,,,,,,,,,3241.469482421875,,31.605188369750977,,0.4904938340187073,,56.933902740478516
,76,,,,,,,,,,3359.46240234375,,35.57118225097656,,0.3213086724281311,,57.96086883544922
,77,,,,,,,,,,2731.414794921875,,30.461833953857422,,0.5178083181381226,,52.262939453125
,78,,,,,,,,,,2947.84130859375,,32.26268005371094,,0.48191601037979126,,54.29402542114258
,79,,,,,,,,,,3069.7021484375,,30.7867488861084,,0.3562174439430237,,55.40489196777344
,80,,,,,,,,,,6123.31689453125,,56.74052047729492,,0.2742152214050293,,78.25162506103516
,81,,,,,,,,,,2882.727294921875,,30.408239364624023,,0.46021562814712524,,53.691036224365234
,82,,,,,,,,,,4310.23681640625,,38.496055603027344,,0.4880905747413635,,65.65239715576172
,83,,,,,,,,,,2675.411865234375,,30.16791343688965,,0.5334423184394836,,51.72438430786133
,84,,,,,,,,,,1992.3759765625,,24.948627471923828,,0.518244743347168,,44.63603973388672
,85,,,,,,,,,,3336.72216796875,,36.499080657958984,,0.35911107063293457,,57.764366149902344
,86,,,,,,,,,,2731.193115234375,,29.001249313354492,,0.5578016638755798,,52.26081848144531
,87,,,,,,,,,,5137.44384765625,,41.67259216308594,,0.4187358617782593,,71.67596435546875
,88,,,,,,,,,,2640.668701171875,,28.885269165039062,,0.44026219844818115,,51.3874397277832
,89,,,,,,,,,,1477.798583984375,,20.007076263427734,,0.483867347240448,,38.44214630126953
,90,,,,,,,,,,3201.854736328125,,28.49519157409668,,0.47018736600875854,,56.58493423461914
,91,,,,,,,,,,2326.127197265625,,21.513225555419922,,0.37503039836883545,,48.229942321777344
,92,,,,,,,,,,3696.79345703125,,39.789371490478516,,0.4791884422302246,,60.80126190185547
,93,,,,,,,,,,3606.9267578125,,36.44052505493164,,0.40111953020095825,,60.05769348144531
,94,,,,,,,,,,2990.49951171875,,33.660194396972656,,0.47686970233917236,,54.68545913696289
,95,,,,,,,,,,2692.204833984375,,29.953227996826172,,0.5563431978225708,,51.88645935058594
,96,,,,,,,,,,2609.093017578125,,25.958520889282227,,0.4640607237815857,,51.079280853271484
,97,,,,,,,,,,4823.591796875,,40.81362533569336,,0.39217591285705566,,69.45207977294922
,98,,,,,,,,,,3815.430908203125,,39.29684066772461,,0.4893811345100403,,61.76917266845703
,99,,,,,,,,,,2955.865478515625,,31.008922576904297,,0.44220584630966187,,54.36787414550781
,100,,,,,,,,,,3246.236083984375,,36.412879943847656,,0.4312249422073364,,56.97574996948242
,101,,,,,,,,,,2755.780517578125,,33.264976501464844,,0.3794698119163513,,52.49552536010742
,102,,,,,,,,,,1682.3048095703125,,21.265033721923828,,0.5102909207344055,,41.015907287597656
,103,,,,,,,,,,1942.1845703125,,24.03856086730957,,0.5125776529312134,,44.07022476196289
,104,,,,,,,,,,2076.869384765625,,25.85634994506836,,0.5337296724319458,,45.57268524169922
,105,,,,,,,,,,2703.86767578125,,30.371145248413086,,0.464835524559021,,51.99872589111328
,106,,,,,,,,,,2610.375,,29.87639617919922,,0.4397587776184082,,51.091827392578125
,107,,,,,,,,,,5520.84326171875,,43.321380615234375,,0.3792458772659302,,74.30237579345703
,108,,,,,,,,,,1606.6800537109375,,17.123384475708008,,0.4785587787628174,,40.083412170410156
,109,,,,,,,,,,2261.268798828125,,28.637651443481445,,0.4295986294746399,,47.552799224853516
,110,,,,,,,,,,3135.09228515625,,34.75955581665039,,0.36106687784194946,,55.99189376831055
,111,,,,,,,,,,3321.722412109375,,37.913028717041016,,0.4219103455543518,,57.63438415527344
,112,,,,,,,,,,2734.794189453125,,35.3127326965332,,0.4080476760864258,,52.29526138305664
,113,,,,,,,,,,2788.935791015625,,32.27658462524414,,0.5603610277175903,,52.81037521362305
,114,,,,,,,,,,2042.6734619140625,,25.319812774658203,,0.49231135845184326,,45.195945739746094
,115,,,,,,,,,,2310.490966796875,,25.24875259399414,,0.5944890975952148,,48.06756591796875
,116,,,,,,,,,,3371.641357421875,,36.96084213256836,,0.5036126375198364,,58.06583786010742
,117,,,,,,,,,,2972.267822265625,,31.142120361328125,,0.5223375558853149,,54.51851272583008
,118,,,,,,,,,,2084.174072265625,,25.099506378173828,,0.4859521985054016,,45.65275573730469
,119,,,,,,,,,,2829.048828125,,32.64037322998047,,0.5550726652145386,,53.18880081176758
,120,,,,,,,,,,3262.5244140625,,32.11562728881836,,0.38585275411605835,,57.11851119995117
,121,,,,,,,,,,3018.620849609375,,33.319210052490234,,0.35720139741897583,,54.941978454589844
,122,,,,,,,,,,2227.248046875,,24.90212631225586,,0.5666481256484985,,47.193729400634766
,123,,,,,,,,,,2263.18603515625,,22.818777084350586,,0.47548723220825195,,47.57295608520508
,124,,,,,,,,,,2406.362548828125,,28.417463302612305,,0.6079387664794922,,49.0546875
,125,,,,,,,,,,3420.248779296875,,33.70940017700195,,0.4524356722831726,,58.48289489746094
,126,,,,,,,,,,3112.042236328125,,31.595949172973633,,0.5487837791442871,,55.785682678222656
,127,,,,,,,,,,3628.736328125,,40.650001525878906,,0.39532071352005005,,60.23899459838867
,128,,,,,,,,,,3566.6123046875,,34.42133331298828,,0.4433576464653015,,59.72112274169922
,129,,,,,,,,,,1883.9913330078125,,21.92394256591797,,0.5297701358795166,,43.404972076416016
,130,,,,,,,,,,2685.407958984375,,29.95355987548828,,0.5546470880508423,,51.8209228515625
,131,,,,,,,,,,3995.697021484375,,41.714752197265625,,0.3352329134941101,,63.211524963378906
,132,,,,,,,,,,2635.09130859375,,28.05885887145996,,0.40007859468460083,,51.3331413269043
,133,,,,,,,,,,3015.71533203125,,30.17136001586914,,0.49072492122650146,,54.91552734375
,134,,,,,,,,,,2830.435546875,,30.896860122680664,,0.36806052923202515,,53.201839447021484
,135,,,,,,,,,,3408.435546875,,36.340877532958984,,0.46452760696411133,,58.38180923461914
,136,,,,,,,,,,2568.27734375,,31.631908416748047,,0.5457921624183655,,50.67817306518555
,137,,,,,,,,,,4243.38525390625,,40.55869674682617,,0.464504599571228,,65.14127349853516
,138,,,,,,,,,,2841.603515625,,33.20121765136719,,0.4826100468635559,,53.30669403076172
,139,,,,,,,,,,2821.586669921875,,28.38589096069336,,0.5683527588844299,,53.11861038208008
,140,,,,,,,,,,2502.199951171875,,26.191883087158203,,0.5172325372695923,,50.021995544433594
,141,,,,,,,,,,2595.37841796875,,30.414844512939453,,0.4022272825241089,,50.944854736328125
,142,,,,,,,,,,2909.106689453125,,31.985925674438477,,0.47707241773605347,,53.936134338378906
,143,,,,,,,,,,4281.30029296875,,42.76228332519531,,0.38489216566085815,,65.43164825439453
,144,,,,,,,,,,2666.03466796875,,32.19593811035156,,0.2111881971359253,,51.63365936279297
,145,,,,,,,,,,2921.41064453125,,32.189414978027344,,0.536826491355896,,54.050071716308594
,146,,,,,,,,,,2082.82763671875,,25.4825496673584,,0.48378556966781616,,45.63800811767578
,147,,,,,,,,,,3471.04345703125,,37.146324157714844,,0.4466449022293091,,58.91556167602539
,148,,,,,,,,,,2558.088623046875,,30.603933334350586,,0.41454005241394043,,50.57754898071289
,149,,,,,,,,,,2216.467529296875,,27.109445571899414,,0.550055742263794,,47.079376220703125
,150,,,,,,,,,,3348.90380859375,,33.004398345947266,,0.5361862182617188,,57.869712829589844
,151,,,,,,,,,,2597.383544921875,,31.410808563232422,,0.541278600692749,,50.96453094482422
,152,,,,,,,,,,3312.530029296875,,33.67329788208008,,0.48585420846939087,,57.55458450317383
,153,,,,,,,,,,1362.96728515625,,18.32682991027832,,0.7138654589653015,,36.91838836669922
0,461,,,,,,,,,2917.615478515625,,31.491971969604492,,0.4801881015300751,,53.58883285522461,
0,461,3906.655029296875,,36.959434509277344,,0.287876695394516,,59.823272705078125,,,,,,,,,
1,499,,1444.417724609375,,22.792551040649414,,0.7178146243095398,,38.005496978759766,,,,,,,,
1,549,,1861.1373291015625,,28.083114624023438,,0.6288027763366699,,43.14090347290039,,,,,,,,
1,599,,1704.4185791015625,,24.845359802246094,,0.7044368982315063,,41.284603118896484,,,,,,,,
1,649,,1617.60009765625,,25.349390029907227,,0.614271879196167,,40.219398498535156,,,,,,,,
1,699,,1722.9091796875,,26.85602378845215,,0.7335400581359863,,41.507938385009766,,,,,,,,
1,749,,1757.49609375,,25.724021911621094,,0.6240100860595703,,41.92250061035156,,,,,,,,
1,799,,2146.618896484375,,30.34408950805664,,0.6130743622779846,,46.33161926269531,,,,,,,,
1,849,,1750.02685546875,,26.50686264038086,,0.7124148011207581,,41.83332061767578,,,,,,,,
1,899,,1744.796630859375,,26.857280731201172,,0.5223009586334229,,41.7707633972168,,,,,,,,
,154,,,,,,,,,,2325.842041015625,,28.83403968811035,,0.7000067234039307,,48.226985931396484
,155,,,,,,,,,,2004.19189453125,,26.930553436279297,,0.7024679183959961,,44.7681999206543
,156,,,,,,,,,,2396.42431640625,,32.21278762817383,,0.6306275129318237,,48.953285217285156
,157,,,,,,,,,,2494.61376953125,,32.79807662963867,,0.6050887107849121,,49.946109771728516
,158,,,,,,,,,,2253.529541015625,,28.522098541259766,,0.6209625601768494,,47.47135543823242
,159,,,,,,,,,,2039.96875,,29.40972137451172,,0.5894746780395508,,45.166011810302734
,160,,,,,,,,,,1462.365234375,,22.8543758392334,,0.6916667222976685,,38.240882873535156
,161,,,,,,,,,,2144.0048828125,,29.464632034301758,,0.689902663230896,,46.303401947021484
,162,,,,,,,,,,2494.269775390625,,36.134925842285156,,0.5382659435272217,,49.94266891479492
,163,,,,,,,,,,1377.7230224609375,,23.152851104736328,,0.656620979309082,,37.11769104003906
,164,,,,,,,,,,1536.56201171875,,22.44464683532715,,0.713586688041687,,39.199005126953125
,165,,,,,,,,,,2252.697998046875,,31.144920349121094,,0.6482301950454712,,47.46259689331055
,166,,,,,,,,,,2018.0860595703125,,28.943267822265625,,0.7216580510139465,,44.92311096191406
,167,,,,,,,,,,1837.75830078125,,28.211666107177734,,0.6399499177932739,,42.869083404541016
,168,,,,,,,,,,1331.556396484375,,21.02983283996582,,0.7267479300498962,,36.49049758911133
,169,,,,,,,,,,1937.613525390625,,30.01325798034668,,0.6380243301391602,,44.018333435058594
,170,,,,,,,,,,1834.8753662109375,,25.713335037231445,,0.7311369180679321,,42.835445404052734
,171,,,,,,,,,,1590.4605712890625,,22.8485164642334,,0.6872056722640991,,39.880577087402344
,172,,,,,,,,,,1781.4027099609375,,26.622596740722656,,0.6767270565032959,,42.2066650390625
,173,,,,,,,,,,1611.6580810546875,,25.25176239013672,,0.6436609625816345,,40.14546203613281
,174,,,,,,,,,,2000.035888671875,,28.58586311340332,,0.6941843032836914,,44.721763610839844
,175,,,,,,,,,,2704.06591796875,,34.69208526611328,,0.5950971841812134,,52.000633239746094
,176,,,,,,,,,,2463.4296875,,34.08127212524414,,0.6425583958625793,,49.63294982910156
,177,,,,,,,,,,2407.2353515625,,34.1870002746582,,0.6214672327041626,,49.06358337402344
,178,,,,,,,,,,2095.20458984375,,30.69499397277832,,0.6357369422912598,,45.77340316772461
,179,,,,,,,,,,1646.8291015625,,28.0863094329834,,0.6416767835617065,,40.58114242553711
,180,,,,,,,,,,1151.313232421875,,18.775136947631836,,0.7581367492675781,,33.931007385253906
,181,,,,,,,,,,2535.9189453125,,34.044498443603516,,0.6369189023971558,,50.357906341552734
,182,,,,,,,,,,2783.857666015625,,34.09880447387695,,0.5415235757827759,,52.76227569580078
,183,,,,,,,,,,1344.367919921875,,22.48172950744629,,0.6717683672904968,,36.66562271118164
,184,,,,,,,,,,1349.4041748046875,,22.835126876831055,,0.6526894569396973,,36.73423767089844
,185,,,,,,,,,,1474.4737548828125,,24.570796966552734,,0.6851003170013428,,38.39887619018555
,186,,,,,,,,,,1303.142578125,,22.49386978149414,,0.6960558891296387,,36.099063873291016
,187,,,,,,,,,,1865.6064453125,,26.87105941772461,,0.6784435510635376,,43.192665100097656
,188,,,,,,,,,,2046.187255859375,,27.35112953186035,,0.6338053345680237,,45.23480224609375
,189,,,,,,,,,,1342.6068115234375,,22.67469596862793,,0.6674003601074219,,36.641597747802734
,190,,,,,,,,,,1565.6923828125,,24.592771530151367,,0.6260455250740051,,39.56883239746094
,191,,,,,,,,,,2079.880126953125,,29.082616806030273,,0.6171621084213257,,45.60570526123047
,192,,,,,,,,,,1931.89892578125,,28.12799072265625,,0.6994497179985046,,43.953372955322266
,193,,,,,,,,,,1574.28173828125,,23.950786590576172,,0.7612980008125305,,39.67721939086914
,194,,,,,,,,,,2164.610107421875,,32.24319076538086,,0.6349078416824341,,46.525367736816406
,195,,,,,,,,,,1619.8289794921875,,25.420501708984375,,0.6669267416000366,,40.24709701538086
,196,,,,,,,,,,1838.994873046875,,25.269115447998047,,0.5627955198287964,,42.883506774902344
,197,,,,,,,,,,1698.86376953125,,26.145328521728516,,0.6773457527160645,,41.21727752685547
,198,,,,,,,,,,1873.65673828125,,26.31182289123535,,0.636530876159668,,43.2857551574707
,199,,,,,,,,,,2067.37939453125,,30.604324340820312,,0.6023179292678833,,45.46844482421875
,200,,,,,,,,,,1671.6517333984375,,26.190542221069336,,0.7061342000961304,,40.88583755493164
,201,,,,,,,,,,2207.446044921875,,32.619815826416016,,0.6184347867965698,,46.98346710205078
,202,,,,,,,,,,2231.58251953125,,32.26112747192383,,0.5605272054672241,,47.239627838134766
,203,,,,,,,,,,2903.43603515625,,38.11358642578125,,0.6461716890335083,,53.883541107177734
,204,,,,,,,,,,1500.5301513671875,,23.169403076171875,,0.7115051746368408,,38.73667526245117
,205,,,,,,,,,,2052.5966796875,,29.665096282958984,,0.6951248645782471,,45.30559158325195
,206,,,,,,,,,,1935.1729736328125,,29.974939346313477,,0.6554868221282959,,43.9906005859375
,207,,,,,,,,,,1722.327392578125,,25.3358097076416,,0.7372543811798096,,41.50093078613281
,208,,,,,,,,,,1820.5301513671875,,27.7696590423584,,0.6004930734634399,,42.66767120361328
,209,,,,,,,,,,1976.5279541015625,,31.2581844329834,,0.6599643230438232,,44.45815658569336
,210,,,,,,,,,,1327.173583984375,,25.274112701416016,,0.5615169405937195,,36.43039321899414
,211,,,,,,,,,,1648.042236328125,,25.101152420043945,,0.669053316116333,,40.59608840942383
,212,,,,,,,,,,2023.977783203125,,28.67783546447754,,0.5741258859634399,,44.988643646240234
,213,,,,,,,,,,2128.59619140625,,29.93274688720703,,0.6680148839950562,,46.136714935302734
,214,,,,,,,,,,1687.3804931640625,,25.6579532623291,,0.7300639152526855,,41.077735900878906
,215,,,,,,,,,,2770.294677734375,,34.031429290771484,,0.6351406574249268,,52.63359069824219
,216,,,,,,,,,,2310.855712890625,,32.76063537597656,,0.6681002378463745,,48.07136154174805
,217,,,,,,,,,,1905.5006103515625,,29.30339241027832,,0.6468044519424438,,43.65203857421875
,218,,,,,,,,,,1511.604248046875,,25.499755859375,,0.6812572479248047,,38.879356384277344
,219,,,,,,,,,,2030.375,,28.277650833129883,,0.6827251315116882,,45.0596809387207
,220,,,,,,,,,,2099.74560546875,,30.60965919494629,,0.6206378936767578,,45.82298278808594
,221,,,,,,,,,,1572.5123291015625,,25.04498291015625,,0.7379969358444214,,39.65491485595703
,222,,,,,,,,,,2498.92333984375,,30.28411293029785,,0.6473393440246582,,49.98923110961914
,223,,,,,,,,,,1901.266845703125,,28.402936935424805,,0.6940527558326721,,43.603519439697266
,224,,,,,,,,,,1638.543212890625,,24.933971405029297,,0.6723068952560425,,40.478919982910156
,225,,,,,,,,,,1798.9295654296875,,27.489839553833008,,0.6917465925216675,,42.41379165649414
,226,,,,,,,,,,2802.96044921875,,36.75490188598633,,0.60627281665802,,52.9429931640625
,227,,,,,,,,,,2360.33154296875,,34.433467864990234,,0.6026373505592346,,48.58324432373047
,228,,,,,,,,,,2129.559814453125,,30.804597854614258,,0.6256982088088989,,46.14715576171875
,229,,,,,,,,,,2037.73486328125,,27.77018165588379,,0.6797013282775879,,45.14127731323242
,230,,,,,,,,,,2237.39892578125,,31.8642520904541,,0.5479922294616699,,47.301151275634766
,231,,,,,,,,,,1614.199462890625,,26.24627685546875,,0.7150365114212036,,40.177101135253906
,232,,,,,,,,,,1826.4801025390625,,27.48543930053711,,0.6789956092834473,,42.73733901977539
,233,,,,,,,,,,2000.99853515625,,27.268739700317383,,0.5803475379943848,,44.73252487182617
,234,,,,,,,,,,3737.97216796875,,45.354373931884766,,0.5569454431533813,,61.13895797729492
,235,,,,,,,,,,1851.06494140625,,26.614215850830078,,0.6533921360969543,,43.02400588989258
,236,,,,,,,,,,2686.56982421875,,33.13436508178711,,0.6809269785881042,,51.832130432128906
,237,,,,,,,,,,1851.658447265625,,27.92767906188965,,0.6770943999290466,,43.03090286254883
,238,,,,,,,,,,1683.802490234375,,24.886011123657227,,0.5928575992584229,,41.03416442871094
,239,,,,,,,,,,2097.73681640625,,31.467967987060547,,0.5970847606658936,,45.801055908203125
,240,,,,,,,,,,1671.8212890625,,26.164714813232422,,0.7293210029602051,,40.88791275024414
,241,,,,,,,,,,3018.138671875,,34.568572998046875,,0.6585197448730469,,54.93758773803711
,242,,,,,,,,,,1978.633544921875,,28.22418975830078,,0.5805926322937012,,44.481834411621094
,243,,,,,,,,,,956.8853149414062,,18.782310485839844,,0.6658003330230713,,30.933563232421875
,244,,,,,,,,,,2135.26123046875,,27.145252227783203,,0.6466771960258484,,46.208885192871094
,245,,,,,,,,,,1587.726318359375,,20.51125144958496,,0.573419451713562,,39.846282958984375
,246,,,,,,,,,,2409.33837890625,,33.101409912109375,,0.6605676412582397,,49.08501052856445
,247,,,,,,,,,,2244.002197265625,,31.28190803527832,,0.627414345741272,,47.37089920043945
,248,,,,,,,,,,1956.80029296875,,28.801963806152344,,0.657695472240448,,44.23573684692383
,249,,,,,,,,,,2040.7755126953125,,28.730613708496094,,0.6636942625045776,,45.17494583129883
,250,,,,,,,,,,1642.548828125,,23.461538314819336,,0.662600576877594,,40.52836990356445
,251,,,,,,,,,,3044.81103515625,,34.805694580078125,,0.616321325302124,,55.179805755615234
,252,,,,,,,,,,2541.414306640625,,34.31023406982422,,0.659882664680481,,50.41244125366211
,253,,,,,,,,,,1953.545166015625,,27.8403263092041,,0.6313512921333313,,44.19892883300781
,254,,,,,,,,,,2012.5328369140625,,30.298295974731445,,0.6473828554153442,,44.861263275146484
,255,,,,,,,,,,2074.5517578125,,30.72106170654297,,0.5328648090362549,,45.547245025634766
,256,,,,,,,,,,1137.3529052734375,,20.09919548034668,,0.6689231991767883,,33.72466278076172
,257,,,,,,,,,,1456.364013671875,,23.32758903503418,,0.6345020532608032,,38.16233825683594
,258,,,,,,,,,,1386.109375,,23.773645401000977,,0.6888096928596497,,37.230491638183594
,259,,,,,,,,,,1496.1597900390625,,24.02608871459961,,0.7038717865943909,,38.68022537231445
,260,,,,,,,,,,1960.3170166015625,,28.972660064697266,,0.5792748332023621,,44.27546691894531
,261,,,,,,,,,,4437.5400390625,,42.22819137573242,,0.5010506510734558,,66.61486053466797
,262,,,,,,,,,,1176.64111328125,,18.654712677001953,,0.6181260347366333,,34.30220413208008
,263,,,,,,,,,,1618.0106201171875,,26.69818687438965,,0.5918594598770142,,40.22450256347656
,264,,,,,,,,,,2094.035888671875,,30.527420043945312,,0.5732346773147583,,45.76063537597656
,265,,,,,,,,,,2090.132080078125,,32.51881790161133,,0.6362478137016296,,45.71796417236328
,266,,,,,,,,,,1672.3408203125,,28.759185791015625,,0.6380181312561035,,40.894264221191406
,267,,,,,,,,,,1673.0535888671875,,26.272199630737305,,0.7362651228904724,,40.902976989746094
,268,,,,,,,,,,1272.9388427734375,,22.414775848388672,,0.6836221814155579,,35.67826843261719
,269,,,,,,,,,,1391.916015625,,21.884044647216797,,0.7557068467140198,,37.30839157104492
,270,,,,,,,,,,2200.980224609375,,31.832136154174805,,0.6759623289108276,,46.91460418701172
,271,,,,,,,,,,1696.375,,26.217573165893555,,0.727381706237793,,41.18707275390625
,272,,,,,,,,,,1533.5606689453125,,23.99167251586914,,0.6217573881149292,,39.160701751708984
,273,,,,,,,,,,2104.85400390625,,30.287004470825195,,0.6689675450325012,,45.878684997558594
,274,,,,,,,,,,2164.957275390625,,28.995365142822266,,0.5924620628356934,,46.52909851074219
,275,,,,,,,,,,1952.4205322265625,,28.334850311279297,,0.5842428207397461,,44.18620300292969
,276,,,,,,,,,,1842.6739501953125,,26.332544326782227,,0.6414740085601807,,42.9263801574707
,277,,,,,,,,,,1554.3140869140625,,22.511211395263672,,0.6397743821144104,,39.42478942871094
,278,,,,,,,,,,1727.912109375,,26.25752067565918,,0.7184765934944153,,41.56816101074219
,279,,,,,,,,,,2325.625732421875,,31.357378005981445,,0.6276792287826538,,48.2247428894043
,280,,,,,,,,,,2372.077880859375,,30.244369506835938,,0.6560715436935425,,48.703983306884766
,281,,,,,,,,,,2218.438720703125,,32.36672592163086,,0.6303275227546692,,47.100303649902344
,282,,,,,,,,,,2443.787109375,,31.839977264404297,,0.6185972690582275,,49.43467712402344
,283,,,,,,,,,,1305.35888671875,,21.28421401977539,,0.6741923689842224,,36.1297492980957
,284,,,,,,,,,,1808.4102783203125,,26.620107650756836,,0.7000899910926819,,42.52540588378906
,285,,,,,,,,,,2677.0830078125,,35.778743743896484,,0.5546116828918457,,51.74053192138672
,286,,,,,,,,,,1729.5726318359375,,25.286880493164062,,0.6062346696853638,,41.588130950927734
,287,,,,,,,,,,2123.27099609375,,28.036392211914062,,0.6414352655410767,,46.07896041870117
,288,,,,,,,,,,2016.0015869140625,,28.8830509185791,,0.5498957633972168,,44.899906158447266
,289,,,,,,,,,,2711.849853515625,,35.9129753112793,,0.5739626884460449,,52.07542419433594
,290,,,,,,,,,,2042.177001953125,,30.91691780090332,,0.6388346552848816,,45.190452575683594
,291,,,,,,,,,,2531.802978515625,,33.87963104248047,,0.6804982423782349,,50.31702423095703
,292,,,,,,,,,,2167.48876953125,,31.548669815063477,,0.6053506731987,,46.556297302246094
,293,,,,,,,,,,1813.740478515625,,26.122268676757812,,0.7225333452224731,,42.58803176879883
,294,,,,,,,,,,1776.767578125,,24.602758407592773,,0.6571954488754272,,42.1517219543457
,295,,,,,,,,,,1701.477783203125,,26.6923828125,,0.6081122756004333,,41.24897384643555
,296,,,,,,,,,,1960.9041748046875,,28.1112060546875,,0.6475169062614441,,44.28209686279297
,297,,,,,,,,,,2830.72119140625,,37.153724670410156,,0.5933014154434204,,53.204524993896484
,298,,,,,,,,,,1541.1973876953125,,26.438732147216797,,0.5439989566802979,,39.258087158203125
,299,,,,,,,,,,1883.37744140625,,28.27640724182129,,0.701400876045227,,43.39789581298828
,300,,,,,,,,,,1553.2969970703125,,24.355300903320312,,0.6150261163711548,,39.411888122558594
,301,,,,,,,,,,2290.481689453125,,32.62675094604492,,0.6348505020141602,,47.858978271484375
,302,,,,,,,,,,1603.2498779296875,,25.92061424255371,,0.6330703496932983,,40.04060363769531
,303,,,,,,,,,,1493.835693359375,,24.0383243560791,,0.6967504620552063,,38.650169372558594
,304,,,,,,,,,,2043.520263671875,,27.688356399536133,,0.7169781923294067,,45.2053108215332
,305,,,,,,,,,,1948.532958984375,,29.125558853149414,,0.6558714509010315,,44.14219284057617
,306,,,,,,,,,,1808.79248046875,,27.011566162109375,,0.7192529439926147,,42.52989959716797
,307,,,,,,,,,,1004.7807006835938,,18.125905990600586,,0.7890613675117493,,31.69827651977539
1,923,,,,,,,,,1963.151611328125,,28.291675567626953,,0.6487535834312439,,43.99746322631836,
1,923,2012.705078125,,28.14299201965332,,0.627578616142273,,44.46571350097656,,,,,,,,,
2,949,,2312.451171875,,29.815486907958984,,0.6344704627990723,,48.087955474853516,,,,,,,,
2,999,,1504.7259521484375,,22.876676559448242,,0.7382980585098267,,38.79079818725586,,,,,,,,
2,1049,,1565.8441162109375,,25.56131362915039,,0.6667853593826294,,39.57074737548828,,,,,,,,
2,1099,,2627.904296875,,29.183086395263672,,0.6672128438949585,,51.26308822631836,,,,,,,,
2,1149,,1562.510986328125,,24.564403533935547,,0.7204251289367676,,39.52861022949219,,,,,,,,
2,1199,,2018.7708740234375,,29.49187660217285,,0.5977983474731445,,44.93073272705078,,,,,,,,
2,1249,,2163.5107421875,,30.243505477905273,,0.7106650471687317,,46.513553619384766,,,,,,,,
2,1299,,2143.275146484375,,28.719045639038086,,0.6648472547531128,,46.2955207824707,,,,,,,,
2,1349,,2537.492919921875,,31.245819091796875,,0.6391172409057617,,50.373531341552734,,,,,,,,
,308,,,,,,,,,,2311.279296875,,27.915067672729492,,0.7018850445747375,,48.075767517089844
,309,,,,,,,,,,1964.7197265625,,25.766529083251953,,0.7083277702331543,,44.325157165527344
,310,,,,,,,,,,2237.661865234375,,30.514686584472656,,0.6550983786582947,,47.30392837524414
,311,,,,,,,,,,2376.7236328125,,31.785825729370117,,0.6237513422966003,,48.75165557861328
,312,,,,,,,,,,2237.52734375,,28.09483528137207,,0.6236540675163269,,47.30250930786133
,313,,,,,,,,,,1990.7666015625,,29.063146591186523,,0.5993761420249939,,44.61800765991211
,314,,,,,,,,,,1411.291259765625,,21.84576416015625,,0.7024354934692383,,37.56715774536133
,315,,,,,,,,,,2093.325439453125,,28.48147201538086,,0.6972326636314392,,45.752872467041016
,316,,,,,,,,,,2440.2412109375,,35.62199020385742,,0.5482676029205322,,49.39879608154297
,317,,,,,,,,,,1311.8177490234375,,21.92685890197754,,0.6730469465255737,,36.219024658203125
,318,,,,,,,,,,1467.2994384765625,,21.136560440063477,,0.7264971733093262,,38.30534362792969
,319,,,,,,,,,,2079.333984375,,29.695314407348633,,0.6753017902374268,,45.59971618652344
,320,,,,,,,,,,1903.933837890625,,27.385637283325195,,0.7374023795127869,,43.634090423583984
,321,,,,,,,,,,1653.915771484375,,26.280006408691406,,0.6759680509567261,,40.66836166381836
,322,,,,,,,,,,1323.2747802734375,,20.515663146972656,,0.728447437286377,,36.3768424987793
,323,,,,,,,,,,1831.8602294921875,,28.609790802001953,,0.657780647277832,,42.80023956298828
,324,,,,,,,,,,1811.4373779296875,,24.708961486816406,,0.7345712184906006,,42.56098556518555
,325,,,,,,,,,,1473.88134765625,,21.28843879699707,,0.7101331949234009,,38.39116287231445
,326,,,,,,,,,,1783.5076904296875,,26.403640747070312,,0.6763449907302856,,42.231597900390625
,327,,,,,,,,,,1490.67724609375,,23.36119842529297,,0.6704099178314209,,38.609291076660156
,328,,,,,,,,,,1807.3826904296875,,26.454397201538086,,0.7236419916152954,,42.51332473754883
,329,,,,,,,,,,2566.17236328125,,34.09821319580078,,0.6157451272010803,,50.65740203857422
,330,,,,,,,,,,2341.189208984375,,33.023902893066406,,0.6602954268455505,,48.38583755493164
,331,,,,,,,,,,2427.26318359375,,34.05274963378906,,0.6183178424835205,,49.26726150512695
,332,,,,,,,,,,1923.738525390625,,29.31197166442871,,0.665547251701355,,43.860443115234375
,333,,,,,,,,,,1566.823974609375,,26.559598922729492,,0.6590845584869385,,39.583126068115234
,334,,,,,,,,,,1085.0709228515625,,17.315019607543945,,0.7720526456832886,,32.94041442871094
,335,,,,,,,,,,2386.981201171875,,32.557220458984375,,0.6582431197166443,,48.85674285888672
,336,,,,,,,,,,2644.298828125,,33.1865119934082,,0.5645076036453247,,51.42274856567383
,337,,,,,,,,,,1275.6435546875,,21.204771041870117,,0.6885476112365723,,35.71615219116211
,338,,,,,,,,,,1297.4989013671875,,21.481035232543945,,0.6660488843917847,,36.02081298828125
,339,,,,,,,,,,1415.7681884765625,,23.795793533325195,,0.6976379156112671,,37.62669372558594
,340,,,,,,,,,,1290.26806640625,,22.315000534057617,,0.6990587711334229,,35.9202995300293
,341,,,,,,,,,,1760.1866455078125,,25.973237991333008,,0.6966136693954468,,41.9545783996582
,342,,,,,,,,,,1823.3748779296875,,25.335567474365234,,0.6736807823181152,,42.70099639892578
,343,,,,,,,,,,1312.914306640625,,21.201000213623047,,0.6747559309005737,,36.23415756225586
,344,,,,,,,,,,1550.927734375,,24.42620849609375,,0.6295719742774963,,39.38182067871094
,345,,,,,,,,,,1949.915283203125,,28.314058303833008,,0.6410844326019287,,44.1578483581543
,346,,,,,,,,,,1922.94775390625,,27.731534957885742,,0.7008422613143921,,43.8514289855957
,347,,,,,,,,,,1532.076904296875,,22.84328842163086,,0.7676973342895508,,39.141754150390625
,348,,,,,,,,,,2128.893798828125,,32.27016067504883,,0.6409318447113037,,46.13993835449219
,349,,,,,,,,,,1588.6142578125,,24.98635482788086,,0.673345148563385,,39.857421875
,350,,,,,,,,,,1669.386474609375,,23.745946884155273,,0.6031184196472168,,40.85812759399414
,351,,,,,,,,,,1604.24169921875,,24.971763610839844,,0.695316731929779,,40.05298614501953
,352,,,,,,,,,,1701.125732421875,,24.11807632446289,,0.6700000762939453,,41.24470520019531
,353,,,,,,,,,,1975.12646484375,,29.61922836303711,,0.6200637817382812,,44.4423942565918
,354,,,,,,,,,,1576.5537109375,,24.350276947021484,,0.7228518128395081,,39.705841064453125
,355,,,,,,,,,,2124.9404296875,,32.105735778808594,,0.6326962113380432,,46.097076416015625
,356,,,,,,,,,,2065.137939453125,,30.75571632385254,,0.5933055877685547,,45.443790435791016
,357,,,,,,,,,,2679.799560546875,,36.74462890625,,0.6734252572059631,,51.766780853271484
,358,,,,,,,,,,1433.5560302734375,,21.766353607177734,,0.7243818044662476,,37.862327575683594
,359,,,,,,,,,,1910.787841796875,,27.69567108154297,,0.7161879539489746,,43.71255874633789
,360,,,,,,,,,,1913.6409912109375,,29.588178634643555,,0.6593201160430908,,43.745182037353516
,361,,,,,,,,,,1654.9501953125,,24.024362564086914,,0.7475329637527466,,40.68107986450195
,362,,,,,,,,,,1617.275634765625,,25.866539001464844,,0.6450963616371155,,40.21536636352539
,363,,,,,,,,,,1963.7542724609375,,31.372905731201172,,0.6621618270874023,,44.314266204833984
,364,,,,,,,,,,1338.57763671875,,24.842695236206055,,0.5577492117881775,,36.58657455444336
,365,,,,,,,,,,1450.5257568359375,,22.955963134765625,,0.7087169885635376,,38.08576965332031
,366,,,,,,,,,,1877.4493408203125,,27.2957820892334,,0.6049575805664062,,43.32954406738281
,367,,,,,,,,,,1987.63671875,,28.34423065185547,,0.689999520778656,,44.58292007446289
,368,,,,,,,,,,1640.296875,,25.015138626098633,,0.7375960350036621,,40.500579833984375
,369,,,,,,,,,,2685.10205078125,,33.07182693481445,,0.6463608741760254,,51.817970275878906
,370,,,,,,,,,,2183.6220703125,,31.42911720275879,,0.686374306678772,,46.72924041748047
,371,,,,,,,,,,1868.1644287109375,,28.386232376098633,,0.6537250280380249,,43.222267150878906
,372,,,,,,,,,,1389.2401123046875,,24.058374404907227,,0.7070594429969788,,37.27251434326172
,373,,,,,,,,,,1968.17431640625,,27.24966049194336,,0.6924448609352112,,44.36410903930664
,374,,,,,,,,,,1966.4461669921875,,29.708839416503906,,0.6447212100028992,,44.344627380371094
,375,,,,,,,,,,1523.3095703125,,24.21297264099121,,0.7461947798728943,,39.029598236083984
,376,,,,,,,,,,2375.6650390625,,29.365224838256836,,0.6647342443466187,,48.74079513549805
,377,,,,,,,,,,1769.188720703125,,27.308900833129883,,0.7153064608573914,,42.06172561645508
,378,,,,,,,,,,1498.10791015625,,23.68075180053711,,0.7003926038742065,,38.70539855957031
,379,,,,,,,,,,1781.1392822265625,,27.14470863342285,,0.6947950124740601,,42.20354461669922
,380,,,,,,,,,,2545.9912109375,,34.676761627197266,,0.6423689126968384,,50.45781707763672
,381,,,,,,,,,,2264.9052734375,,33.240325927734375,,0.6187024116516113,,47.59102249145508
,382,,,,,,,,,,1943.0709228515625,,28.866329193115234,,0.6584763526916504,,44.08027648925781
,383,,,,,,,,,,1823.5692138671875,,25.60321044921875,,0.7133646607398987,,42.703269958496094
,384,,,,,,,,,,2073.9091796875,,30.668893814086914,,0.5810210108757019,,45.540191650390625
,385,,,,,,,,,,1553.364013671875,,25.123842239379883,,0.7257760763168335,,39.412742614746094
,386,,,,,,,,,,1741.5218505859375,,26.02678108215332,,0.6939270496368408,,41.731544494628906
,387,,,,,,,,,,1887.537841796875,,26.24247169494629,,0.6041426658630371,,43.445804595947266
,388,,,,,,,,,,3573.03271484375,,44.31083297729492,,0.5764954090118408,,59.77484893798828
,389,,,,,,,,,,1758.218994140625,,25.1503849029541,,0.6707773208618164,,41.931121826171875
,390,,,,,,,,,,2575.885986328125,,32.335968017578125,,0.6940724849700928,,50.7531852722168
,391,,,,,,,,,,1786.7119140625,,26.89620590209961,,0.6884202361106873,,42.26951599121094
,392,,,,,,,,,,1612.8670654296875,,23.73607635498047,,0.6100097894668579,,40.16051483154297
,393,,,,,,,,,,1938.5604248046875,,29.454015731811523,,0.6276580095291138,,44.02908706665039
,394,,,,,,,,,,1612.05126953125,,25.01268196105957,,0.7389981746673584,,40.150360107421875
,395,,,,,,,,,,2928.51611328125,,33.83697509765625,,0.6686598062515259,,54.11576843261719
,396,,,,,,,,,,1908.3060302734375,,27.537189483642578,,0.5954998135566711,,43.68416213989258
,397,,,,,,,,,,911.964111328125,,17.761451721191406,,0.6814894676208496,,30.19874382019043
,398,,,,,,,,,,2049.5166015625,,25.807085037231445,,0.6608653664588928,,45.27158737182617
,399,,,,,,,,,,1451.431396484375,,18.99234390258789,,0.6100382804870605,,38.09765625
,400,,,,,,,,,,2288.5810546875,,31.571985244750977,,0.6775801777839661,,47.839115142822266
,401,,,,,,,,,,2126.059814453125,,30.09287452697754,,0.6469970941543579,,46.109214782714844
,402,,,,,,,,,,1861.66064453125,,27.879472732543945,,0.6743383407592773,,43.14696502685547
,403,,,,,,,,,,1934.77294921875,,27.47122573852539,,0.6811627149581909,,43.98605728149414
,404,,,,,,,,,,1453.9698486328125,,21.192359924316406,,0.7013369798660278,,38.13095474243164
,405,,,,,,,,,,2792.99658203125,,32.942684173583984,,0.6480526328086853,,52.84880828857422
,406,,,,,,,,,,2429.48486328125,,33.01833724975586,,0.6748621463775635,,49.2898063659668
,407,,,,,,,,,,1801.8084716796875,,26.082616806030273,,0.6599851846694946,,42.447715759277344
,408,,,,,,,,,,1787.278564453125,,27.76727867126465,,0.6868497729301453,,42.27621841430664
,409,,,,,,,,,,1948.876953125,,30.115619659423828,,0.5611635446548462,,44.14608383178711
,410,,,,,,,,,,1092.574951171875,,18.916107177734375,,0.6819578409194946,,33.05412292480469
,411,,,,,,,,,,1352.0740966796875,,21.870498657226562,,0.6606752872467041,,36.77056121826172
,412,,,,,,,,,,1324.364013671875,,22.770671844482422,,0.7026718854904175,,36.39181137084961
,413,,,,,,,,,,1242.662841796875,,21.990713119506836,,0.7540452480316162,,35.25142288208008
,414,,,,,,,,,,1759.0736083984375,,26.923532485961914,,0.6224658489227295,,41.94131088256836
,415,,,,,,,,,,4123.75537109375,,39.830509185791016,,0.5363320708274841,,64.21646881103516
,416,,,,,,,,,,1146.3135986328125,,17.555587768554688,,0.6279687881469727,,33.85725402832031
,417,,,,,,,,,,1503.949462890625,,25.55293083190918,,0.620631217956543,,38.78078842163086
,418,,,,,,,,,,1901.992431640625,,28.719396591186523,,0.6123731136322021,,43.611839294433594
,419,,,,,,,,,,2072.739013671875,,31.779441833496094,,0.6392748355865479,,45.52734375
,420,,,,,,,,,,1550.377197265625,,27.34051513671875,,0.6644173860549927,,39.37483215332031
,421,,,,,,,,,,1535.438720703125,,24.888566970825195,,0.7579582929611206,,39.18467330932617
,422,,,,,,,,,,1211.33203125,,20.52621841430664,,0.698934018611908,,34.804195404052734
,423,,,,,,,,,,1329.3189697265625,,20.542694091796875,,0.7666931748390198,,36.4598274230957
,424,,,,,,,,,,2086.984619140625,,30.62601089477539,,0.6927452087402344,,45.68352508544922
,425,,,,,,,,,,1671.943359375,,25.257976531982422,,0.7313080430030823,,40.889404296875
,426,,,,,,,,,,1502.1826171875,,23.51420783996582,,0.6294965744018555,,38.757999420166016
,427,,,,,,,,,,2063.606201171875,,30.244140625,,0.6754546165466309,,45.42693328857422
,428,,,,,,,,,,1907.293212890625,,26.637094497680664,,0.640965461730957,,43.672569274902344
,429,,,,,,,,,,1751.794189453125,,26.37699317932129,,0.6269651055335999,,41.85443878173828
,430,,,,,,,,,,1757.3876953125,,25.32755470275879,,0.658068060874939,,41.921207427978516
,431,,,,,,,,,,1486.3948974609375,,21.91338348388672,,0.655515193939209,,38.55379104614258
,432,,,,,,,,,,1610.18603515625,,24.782617568969727,,0.7376573085784912,,40.12712097167969
,433,,,,,,,,,,2339.02978515625,,31.584335327148438,,0.6255332827568054,,48.36351776123047
,434,,,,,,,,,,2154.26513671875,,28.171178817749023,,0.6876522898674011,,46.414058685302734
,435,,,,,,,,,,2034.639892578125,,30.66147804260254,,0.6609550714492798,,45.10698318481445
,436,,,,,,,,,,2265.474609375,,30.51899528503418,,0.6464266180992126,,47.59700393676758
,437,,,,,,,,,,1205.4268798828125,,19.374279022216797,,0.6991346478462219,,34.71925735473633
,438,,,,,,,,,,1733.2235107421875,,25.365482330322266,,0.7125591039657593,,41.63199996948242
,439,,,,,,,,,,2373.4404296875,,33.10268783569336,,0.6051289439201355,,48.71796798706055
,440,,,,,,,,,,1525.6361083984375,,22.957059860229492,,0.6526641845703125,,39.059391021728516
,441,,,,,,,,,,1918.1043701171875,,26.036359786987305,,0.6760825514793396,,43.79616928100586
,442,,,,,,,,,,1834.331298828125,,26.951082229614258,,0.5904565453529358,,42.82909393310547
,443,,,,,,,,,,2508.766357421875,,34.20798110961914,,0.6058675050735474,,50.08758544921875
,444,,,,,,,,,,1908.720458984375,,29.342674255371094,,0.662436842918396,,43.68890380859375
,445,,,,,,,,,,2487.187744140625,,33.409873962402344,,0.6861284971237183,,49.87171173095703
,446,,,,,,,,,,1974.379150390625,,29.95907211303711,,0.6405113935470581,,44.43398666381836
,447,,,,,,,,,,1818.3446044921875,,25.216583251953125,,0.7218290567398071,,42.642051696777344
,448,,,,,,,,,,1676.944580078125,,23.142112731933594,,0.676455020904541,,40.95051193237305
,449,,,,,,,,,,1526.2774658203125,,24.96867561340332,,0.6484647989273071,,39.06760025024414
,450,,,,,,,,,,1892.095458984375,,27.571413040161133,,0.6598856449127197,,43.498226165771484
,451,,,,,,,,,,2559.596435546875,,35.214195251464844,,0.6322547197341919,,50.59245300292969
,452,,,,,,,,,,1409.3876953125,,24.24675941467285,,0.5829980373382568,,37.541812896728516
,453,,,,,,,,,,1813.09716796875,,26.949228286743164,,0.7125434279441833,,42.58047866821289
,454,,,,,,,,,,1580.82177734375,,24.43072509765625,,0.6082042455673218,,39.75954818725586
,455,,,,,,,,,,2196.22705078125,,31.598621368408203,,0.649876594543457,,46.863922119140625
,456,,,,,,,,,,1492.6412353515625,,24.70315170288086,,0.6583849191665649,,38.63471603393555
,457,,,,,,,,,,1434.6573486328125,,22.901018142700195,,0.7087637186050415,,37.876869201660156
,458,,,,,,,,,,1959.06396484375,,26.42573356628418,,0.728675127029419,,44.261314392089844
,459,,,,,,,,,,1828.655517578125,,28.0253849029541,,0.6770429015159607,,42.76278305053711
,460,,,,,,,,,,1702.0997314453125,,25.13869857788086,,0.7358129620552063,,41.25651168823242
,461,,,,,,,,,,1065.8006591796875,,18.542659759521484,,0.7762511372566223,,32.646602630615234
2,1385,,,,,,,,,1855.5272216796875,,27.05052947998047,,0.6681780219078064,,42.778709411621094,
2,1385,1924.3154296875,,27.75236701965332,,0.6395267844200134,,43.5450325012207,,,,,,,,,
3,1399,,2004.4783935546875,,27.009302139282227,,0.6803521513938904,,44.771400451660156,,,,,,,,
3,1449,,1764.88427734375,,27.172082901000977,,0.6378352642059326,,42.010528564453125,,,,,,,,
3,1499,,1748.941650390625,,28.665939331054688,,0.47789013385772705,,41.820350646972656,,,,,,,,
3,1549,,3089.359375,,37.25074005126953,,0.5961773991584778,,55.58200454711914,,,,,,,,
3,1599,,1975.3380126953125,,27.732789993286133,,0.6397527456283569,,44.44477462768555,,,,,,,,
3,1649,,1629.739013671875,,26.7093563079834,,0.6786417961120605,,40.370025634765625,,,,,,,,
3,1699,,1959.08837890625,,30.03028678894043,,0.4994441866874695,,44.26158905029297,,,,,,,,
3,1749,,1456.8663330078125,,23.962787628173828,,0.7053170204162598,,38.16891860961914,,,,,,,,
3,1799,,1967.2818603515625,,29.527219772338867,,0.6241365075111389,,44.35404968261719,,,,,,,,
,462,,,,,,,,,,2392.985107421875,,28.790075302124023,,0.6913464069366455,,48.918148040771484
,463,,,,,,,,,,1980.5390625,,25.889127731323242,,0.7059792876243591,,44.50324630737305
,464,,,,,,,,,,2274.359619140625,,30.983699798583984,,0.6494419574737549,,47.690242767333984
,465,,,,,,,,,,2308.490478515625,,31.239253997802734,,0.634553074836731,,48.0467529296875
,466,,,,,,,,,,2308.00341796875,,28.703622817993164,,0.6118001937866211,,48.041683197021484
,467,,,,,,,,,,2054.142822265625,,28.797231674194336,,0.5866222381591797,,45.32265090942383
,468,,,,,,,,,,1465.4417724609375,,22.513023376464844,,0.6910181045532227,,38.281089782714844
,469,,,,,,,,,,2094.25244140625,,28.552322387695312,,0.6970986127853394,,45.763004302978516
,470,,,,,,,,,,2426.517578125,,35.09052276611328,,0.5508080720901489,,49.25969696044922
,471,,,,,,,,,,1308.1004638671875,,22.049762725830078,,0.6739734411239624,,36.16767120361328
,472,,,,,,,,,,1446.5946044921875,,21.142549514770508,,0.7303565144538879,,38.034122467041016
,473,,,,,,,,,,2151.18603515625,,29.911624908447266,,0.6640818119049072,,46.38087844848633
,474,,,,,,,,,,1897.78857421875,,27.6323184967041,,0.7382498979568481,,43.56361770629883
,475,,,,,,,,,,1647.3553466796875,,26.759613037109375,,0.6772533655166626,,40.58762741088867
,476,,,,,,,,,,1203.6898193359375,,19.602046966552734,,0.7529877424240112,,34.69423294067383
,477,,,,,,,,,,1814.249267578125,,28.827199935913086,,0.6610706448554993,,42.5940055847168
,478,,,,,,,,,,1846.24365234375,,25.367151260375977,,0.7294710874557495,,42.96793746948242
,479,,,,,,,,,,1528.4473876953125,,21.858152389526367,,0.6994017362594604,,39.095359802246094
,480,,,,,,,,,,1793.9674072265625,,25.99713134765625,,0.6744468808174133,,42.355255126953125
,481,,,,,,,,,,1549.0303955078125,,24.138179779052734,,0.6575080156326294,,39.357723236083984
,482,,,,,,,,,,1782.45556640625,,26.576900482177734,,0.7274534702301025,,42.219139099121094
,483,,,,,,,,,,2612.575439453125,,33.87055206298828,,0.6087968349456787,,51.11335754394531
,484,,,,,,,,,,2338.6962890625,,33.020843505859375,,0.6606571674346924,,48.360069274902344
,485,,,,,,,,,,2499.452880859375,,34.29852294921875,,0.6069662570953369,,49.994529724121094
,486,,,,,,,,,,1947.934326171875,,29.107376098632812,,0.6613407135009766,,44.135406494140625
,487,,,,,,,,,,1534.26708984375,,26.77212905883789,,0.6661684513092041,,39.16971969604492
,488,,,,,,,,,,1148.15673828125,,18.07781410217285,,0.7587998509407043,,33.88446044921875
,489,,,,,,,,,,2539.62451171875,,33.85347366333008,,0.6363884210586548,,50.394683837890625
,490,,,,,,,,,,2681.45166015625,,33.27549743652344,,0.558388888835907,,51.78273391723633
,491,,,,,,,,,,1281.9488525390625,,21.312807083129883,,0.6870082020759583,,35.80431365966797
,492,,,,,,,,,,1336.31005859375,,22.284427642822266,,0.6560596227645874,,36.55557632446289
,493,,,,,,,,,,1424.57763671875,,23.831417083740234,,0.6957565546035767,,37.74357604980469
,494,,,,,,,,,,1317.7879638671875,,22.70392608642578,,0.6926400065422058,,36.30134963989258
,495,,,,,,,,,,1854.82373046875,,26.472549438476562,,0.6803020238876343,,43.067665100097656
,496,,,,,,,,,,1907.520263671875,,25.976085662841797,,0.6586217880249023,,43.675167083740234
,497,,,,,,,,,,1259.9097900390625,,21.455364227294922,,0.6878865957260132,,35.495208740234375
,498,,,,,,,,,,1476.8741455078125,,23.5311222076416,,0.6472591161727905,,38.43012237548828
,499,,,,,,,,,,2129.316650390625,,29.381786346435547,,0.6080625057220459,,46.1445198059082
,500,,,,,,,,,,1896.216552734375,,27.485931396484375,,0.7050008773803711,,43.545570373535156
,501,,,,,,,,,,1545.2713623046875,,23.185117721557617,,0.7656967639923096,,39.309940338134766
,502,,,,,,,,,,2000.38623046875,,30.98997688293457,,0.6626064777374268,,44.725677490234375
,503,,,,,,,,,,1621.7427978515625,,25.002180099487305,,0.6665331721305847,,40.27086639404297
,504,,,,,,,,,,1660.891357421875,,23.401323318481445,,0.6051380634307861,,40.75403594970703
,505,,,,,,,,,,1725.439697265625,,25.787519454956055,,0.6722983717918396,,41.538414001464844
,506,,,,,,,,,,1735.5792236328125,,24.692832946777344,,0.6633164286613464,,41.660282135009766
,507,,,,,,,,,,1958.691650390625,,29.276142120361328,,0.623225212097168,,44.25710678100586
,508,,,,,,,,,,1655.6070556640625,,24.97992515563965,,0.7089546918869019,,40.689151763916016
,509,,,,,,,,,,2202.79052734375,,32.093013763427734,,0.6192395687103271,,46.933895111083984
,510,,,,,,,,,,2045.4599609375,,30.367534637451172,,0.5971809029579163,,45.22676086425781
,511,,,,,,,,,,2741.74365234375,,36.911312103271484,,0.6658763885498047,,52.361663818359375
,512,,,,,,,,,,1495.4056396484375,,22.313995361328125,,0.712490439414978,,38.670475006103516
,513,,,,,,,,,,1943.799072265625,,28.47292137145996,,0.7112847566604614,,44.08853530883789
,514,,,,,,,,,,1933.3062744140625,,29.837778091430664,,0.6558191180229187,,43.96937942504883
,515,,,,,,,,,,1637.431640625,,24.61143684387207,,0.7502054572105408,,40.46519088745117
,516,,,,,,,,,,1570.4337158203125,,25.946924209594727,,0.655375599861145,,39.62869644165039
,517,,,,,,,,,,1904.2587890625,,30.315019607543945,,0.672397255897522,,43.637813568115234
,518,,,,,,,,,,1285.7109375,,24.85086441040039,,0.575215756893158,,35.8568115234375
,519,,,,,,,,,,1560.363525390625,,23.70382308959961,,0.6866602897644043,,39.50143814086914
,520,,,,,,,,,,1821.6728515625,,26.811994552612305,,0.6166937351226807,,42.681060791015625
,521,,,,,,,,,,2067.644775390625,,29.332420349121094,,0.6775211095809937,,45.47136306762695
,522,,,,,,,,,,1649.7432861328125,,24.76036262512207,,0.7360849380493164,,40.61703109741211
,523,,,,,,,,,,2824.796142578125,,33.64379119873047,,0.627962589263916,,53.14881134033203
,524,,,,,,,,,,2205.793701171875,,31.824874877929688,,0.683189868927002,,46.965877532958984
,525,,,,,,,,,,1949.9945068359375,,29.660484313964844,,0.6385573148727417,,44.15874099731445
,526,,,,,,,,,,1456.8253173828125,,24.51059341430664,,0.6928081512451172,,38.16838455200195
,527,,,,,,,,,,1933.3485107421875,,27.21341896057129,,0.6978868842124939,,43.9698600769043
,528,,,,,,,,,,1860.8365478515625,,28.53649139404297,,0.6638017296791077,,43.137413024902344
,529,,,,,,,,,,1533.7852783203125,,23.773632049560547,,0.7444493770599365,,39.163570404052734
,530,,,,,,,,,,2449.494140625,,29.506114959716797,,0.6543151140213013,,49.49236297607422
,531,,,,,,,,,,1814.8345947265625,,27.388309478759766,,0.7079612016677856,,42.60087585449219
,532,,,,,,,,,,1574.723876953125,,23.864933013916016,,0.6850700974464417,,39.68278884887695
,533,,,,,,,,,,1824.7030029296875,,28.114961624145508,,0.6873302459716797,,42.7165412902832
,534,,,,,,,,,,2628.892822265625,,35.555381774902344,,0.6307238340377808,,51.272727966308594
,535,,,,,,,,,,2316.826171875,,33.651123046875,,0.6099614500999451,,48.1334228515625
,536,,,,,,,,,,1962.6175537109375,,29.611278533935547,,0.6550407409667969,,44.30144119262695
,537,,,,,,,,,,1901.45458984375,,26.245882034301758,,0.7011222839355469,,43.60567092895508
,538,,,,,,,,,,2235.501708984375,,31.583328247070312,,0.5483754873275757,,47.28109359741211
,539,,,,,,,,,,1630.6429443359375,,26.20345687866211,,0.7121336460113525,,40.381221771240234
,540,,,,,,,,,,1640.580078125,,25.438457489013672,,0.711667537689209,,40.50407409667969
,541,,,,,,,,,,2039.815185546875,,27.630064010620117,,0.5722068548202515,,45.16431427001953
,542,,,,,,,,,,3832.676513671875,,45.601280212402344,,0.5457203388214111,,61.90861511230469
,543,,,,,,,,,,1845.6640625,,25.496984481811523,,0.6544034481048584,,42.9611930847168
,544,,,,,,,,,,2720.5419921875,,32.918636322021484,,0.6768922209739685,,52.158817291259766
,545,,,,,,,,,,1750.1910400390625,,26.520605087280273,,0.6947890520095825,,41.83528518676758
,546,,,,,,,,,,1540.4647216796875,,23.64179039001465,,0.6275166273117065,,39.24875259399414
,547,,,,,,,,,,2151.162841796875,,30.98973274230957,,0.5868231654167175,,46.3806266784668
,548,,,,,,,,,,1666.3681640625,,25.681692123413086,,0.7302038669586182,,40.82117462158203
,549,,,,,,,,,,3199.867919921875,,34.817867279052734,,0.6379584074020386,,56.567378997802734
,550,,,,,,,,,,1893.610107421875,,27.073421478271484,,0.5986148715019226,,43.515628814697266
,551,,,,,,,,,,911.8406372070312,,18.161903381347656,,0.6815325617790222,,30.196699142456055
,552,,,,,,,,,,2113.75732421875,,25.980527877807617,,0.6502354145050049,,45.975616455078125
,553,,,,,,,,,,1475.1826171875,,19.366077423095703,,0.6036570072174072,,38.40810775756836
,554,,,,,,,,,,2260.763427734375,,31.12324333190918,,0.681499183177948,,47.5474853515625
,555,,,,,,,,,,2310.446533203125,,31.425260543823242,,0.6163821816444397,,48.06710433959961
,556,,,,,,,,,,1918.8218994140625,,28.298131942749023,,0.6643390655517578,,43.804359436035156
,557,,,,,,,,,,2029.14306640625,,28.35655975341797,,0.665611207485199,,45.04601287841797
,558,,,,,,,,,,1489.048828125,,21.823455810546875,,0.6941313743591309,,38.58819580078125
,559,,,,,,,,,,2904.193115234375,,33.25119400024414,,0.6340407133102417,,53.890567779541016
,560,,,,,,,,,,2495.64990234375,,33.5117073059082,,0.6660073399543762,,49.95648193359375
,561,,,,,,,,,,1862.8179931640625,,26.64603614807129,,0.6484721899032593,,43.16037368774414
,562,,,,,,,,,,1904.8463134765625,,28.954973220825195,,0.6662507057189941,,43.64454650878906
,563,,,,,,,,,,1883.5478515625,,29.476343154907227,,0.5758739709854126,,43.39986038208008
,564,,,,,,,,,,1076.0418701171875,,18.94733238220215,,0.686770498752594,,32.803077697753906
,565,,,,,,,,,,1269.462158203125,,21.51721954345703,,0.6814080476760864,,35.629512786865234
,566,,,,,,,,,,1385.427001953125,,23.315908432006836,,0.6889629364013672,,37.2213249206543
,567,,,,,,,,,,1453.2037353515625,,23.128154754638672,,0.7123738527297974,,38.12091064453125
,568,,,,,,,,,,1699.87548828125,,26.680927276611328,,0.6351710557937622,,41.22954559326172
,569,,,,,,,,,,4205.67431640625,,39.22000503540039,,0.5271211862564087,,64.8511734008789
,570,,,,,,,,,,1136.64794921875,,17.870824813842773,,0.6311057209968567,,33.714210510253906
,571,,,,,,,,,,1571.5897216796875,,26.068300247192383,,0.6035690307617188,,39.643280029296875
,572,,,,,,,,,,1926.2293701171875,,29.014558792114258,,0.6074336767196655,,43.888832092285156
,573,,,,,,,,,,2130.18505859375,,32.35773468017578,,0.6292772889137268,,46.153926849365234
,574,,,,,,,,,,1635.031005859375,,27.899621963500977,,0.6460939049720764,,40.435516357421875
,575,,,,,,,,,,1592.4542236328125,,25.600297927856445,,0.7489705681800842,,39.90556716918945
,576,,,,,,,,,,1213.0791015625,,20.941991806030273,,0.6984997987747192,,34.82928466796875
,577,,,,,,,,,,1309.0220947265625,,20.826709747314453,,0.770255446434021,,36.1804084777832
,578,,,,,,,,,,2128.3134765625,,31.102802276611328,,0.686660647392273,,46.13364791870117
,579,,,,,,,,,,1806.5648193359375,,26.232297897338867,,0.7096735239028931,,42.50370407104492
,580,,,,,,,,,,1492.188232421875,,23.20814323425293,,0.6319615840911865,,38.62885284423828
,581,,,,,,,,,,2043.564453125,,29.988622665405273,,0.6786066293716431,,45.20580291748047
,582,,,,,,,,,,2089.97900390625,,27.491018295288086,,0.6065762042999268,,45.71628952026367
,583,,,,,,,,,,1879.96142578125,,27.912883758544922,,0.5996726155281067,,43.3585205078125
,584,,,,,,,,,,1712.5489501953125,,24.794050216674805,,0.6667922735214233,,41.38295364379883
,585,,,,,,,,,,1514.0364990234375,,22.47014617919922,,0.6491090655326843,,38.910621643066406
,586,,,,,,,,,,1623.6153564453125,,25.298015594482422,,0.7354693412780762,,40.29410934448242
,587,,,,,,,,,,2376.601806640625,,31.37826919555664,,0.6195182204246521,,48.750404357910156
,588,,,,,,,,,,1998.5709228515625,,26.70645523071289,,0.7102264165878296,,44.705379486083984
,589,,,,,,,,,,2160.939453125,,31.26326560974121,,0.6399089694023132,,46.485904693603516
,590,,,,,,,,,,2382.6630859375,,30.518232345581055,,0.6281369924545288,,48.812530517578125
,591,,,,,,,,,,1188.0792236328125,,19.591516494750977,,0.7034645080566406,,34.46852493286133
,592,,,,,,,,,,1854.5909423828125,,26.665334701538086,,0.6924313306808472,,43.06496047973633
,593,,,,,,,,,,2593.19140625,,35.21992874145508,,0.5685688257217407,,50.92338943481445
,594,,,,,,,,,,1640.069580078125,,23.785520553588867,,0.6266114711761475,,40.497772216796875
,595,,,,,,,,,,1927.0714111328125,,26.19082260131836,,0.6745682954788208,,43.89841842651367
,596,,,,,,,,,,1847.4432373046875,,27.181676864624023,,0.5875290632247925,,42.981895446777344
,597,,,,,,,,,,2481.02734375,,33.5550651550293,,0.6102253794670105,,49.809913635253906
,598,,,,,,,,,,1870.0291748046875,,29.775257110595703,,0.6692795157432556,,43.24383544921875
,599,,,,,,,,,,2534.24267578125,,32.95945739746094,,0.68019038438797,,50.34126281738281
,600,,,,,,,,,,1964.5718994140625,,29.940750122070312,,0.6422971487045288,,44.323490142822266
,601,,,,,,,,,,1722.149658203125,,24.223411560058594,,0.7365449666976929,,41.4987907409668
,602,,,,,,,,,,1688.594970703125,,23.174217224121094,,0.6742072105407715,,41.0925178527832
,603,,,,,,,,,,1609.6097412109375,,25.328277587890625,,0.6292715072631836,,40.11994171142578
,604,,,,,,,,,,2029.7413330078125,,27.955474853515625,,0.6351430416107178,,45.052650451660156
,605,,,,,,,,,,2701.2021484375,,35.544097900390625,,0.611909806728363,,51.97309112548828
,606,,,,,,,,,,1434.223388671875,,24.623384475708008,,0.5756497979164124,,37.87113952636719
,607,,,,,,,,,,1858.17919921875,,27.443824768066406,,0.7053959369659424,,43.10660171508789
,608,,,,,,,,,,1511.6943359375,,23.46940040588379,,0.6253370046615601,,38.88051223754883
,609,,,,,,,,,,2252.320068359375,,32.249000549316406,,0.6409342288970947,,47.458614349365234
,610,,,,,,,,,,1499.085205078125,,24.685636520385742,,0.6569101214408875,,38.718021392822266
,611,,,,,,,,,,1451.9444580078125,,23.202836990356445,,0.7052543759346008,,38.10438919067383
,612,,,,,,,,,,2003.409912109375,,27.193687438964844,,0.7225333452224731,,44.759464263916016
,613,,,,,,,,,,1766.949951171875,,27.472013473510742,,0.6879406571388245,,42.03510665893555
,614,,,,,,,,,,1754.9696044921875,,25.79657745361328,,0.7276068925857544,,41.892356872558594
,615,,,,,,,,,,938.252197265625,,16.758956909179688,,0.8030279874801636,,30.630903244018555
3,1847,,,,,,,,,1891.852294921875,,27.313182830810547,,0.6622944474220276,,43.16926956176758,
3,1847,1871.2437744140625,,27.399850845336914,,0.6497920155525208,,42.94912338256836,,,,,,,,,
4,1849,,1527.815185546875,,22.984275817871094,,0.7287369966506958,,39.087276458740234,,,,,,,,
4,1899,,1753.674560546875,,27.695457458496094,,0.602918267250061,,41.87689971923828,,,,,,,,
4,1949,,1545.37890625,,25.207191467285156,,0.7231893539428711,,39.31130599975586,,,,,,,,
4,1999,,1290.8319091796875,,24.28974723815918,,0.6852887868881226,,35.92815017700195,,,,,,,,
4,2049,,1470.7264404296875,,24.469186782836914,,0.703528642654419,,38.35005187988281,,,,,,,,
4,2099,,2924.9814453125,,34.01628875732422,,0.6779346466064453,,54.083099365234375,,,,,,,,
4,2149,,1398.622314453125,,21.73033905029297,,0.7104073166847229,,37.39815902709961,,,,,,,,
4,2199,,1773.012451171875,,27.250913619995117,,0.651037335395813,,42.107154846191406,,,,,,,,
4,2249,,1603.5927734375,,24.30500602722168,,0.6200263500213623,,40.04488754272461,,,,,,,,
4,2299,,2315.789794921875,,31.650623321533203,,0.6331298351287842,,48.12265396118164,,,,,,,,
,616,,,,,,,,,,2405.64208984375,,27.982820510864258,,0.6897138953208923,,49.04734420776367
,617,,,,,,,,,,1933.87744140625,,25.080270767211914,,0.7129064798355103,,43.97587203979492
,618,,,,,,,,,,2121.93310546875,,29.56736946105957,,0.672936201095581,,46.0644416809082
,619,,,,,,,,,,2348.888916015625,,31.34394645690918,,0.6281577348709106,,48.465335845947266
,620,,,,,,,,,,2288.706298828125,,28.427961349487305,,0.6150459051132202,,47.840423583984375
,621,,,,,,,,,,2014.8746337890625,,28.222278594970703,,0.594524621963501,,44.887351989746094
,622,,,,,,,,,,1488.5792236328125,,21.896764755249023,,0.6861396431922913,,38.58211135864258
,623,,,,,,,,,,2072.46826171875,,28.010774612426758,,0.7002493143081665,,45.52436828613281
,624,,,,,,,,,,2431.517822265625,,34.88105392456055,,0.5498824119567871,,49.3104248046875
,625,,,,,,,,,,1278.22607421875,,20.910158157348633,,0.6814192533493042,,35.752288818359375
,626,,,,,,,,,,1474.8492431640625,,20.74276351928711,,0.7250898480415344,,38.40376663208008
,627,,,,,,,,,,2009.31982421875,,28.521493911743164,,0.6862348318099976,,44.825435638427734
,628,,,,,,,,,,1845.861083984375,,26.616619110107422,,0.7454119920730591,,42.96348571777344
,629,,,,,,,,,,1602.9854736328125,,25.57111358642578,,0.6859462261199951,,40.03730392456055
,630,,,,,,,,,,1218.8585205078125,,19.30181121826172,,0.7498749494552612,,34.91215515136719
,631,,,,,,,,,,1760.0777587890625,,27.834135055541992,,0.6711907386779785,,41.95328140258789
,632,,,,,,,,,,1850.991455078125,,24.673816680908203,,0.7287753820419312,,43.02315139770508
,633,,,,,,,,,,1467.1650390625,,20.62930679321289,,0.7114540934562683,,38.3035888671875
,634,,,,,,,,,,1726.6209716796875,,25.14515495300293,,0.6866682767868042,,41.55263137817383
,635,,,,,,,,,,1503.6494140625,,22.976478576660156,,0.6675418019294739,,38.776920318603516
,636,,,,,,,,,,1700.5728759765625,,25.43625259399414,,0.739973783493042,,41.23800277709961
,637,,,,,,,,,,2515.144287109375,,33.02756118774414,,0.623386025428772,,50.151214599609375
,638,,,,,,,,,,2355.82421875,,32.71274185180664,,0.6581718921661377,,48.536834716796875
,639,,,,,,,,,,2457.455322265625,,33.62174987792969,,0.6135702729225159,,49.572723388671875
,640,,,,,,,,,,1895.82421875,,28.587627410888672,,0.6704003810882568,,43.54106140136719
,641,,,,,,,,,,1509.0684814453125,,26.050952911376953,,0.6716512441635132,,38.84672927856445
,642,,,,,,,,,,1100.3280029296875,,17.08607292175293,,0.7688474655151367,,33.17119598388672
,643,,,,,,,,,,2395.825927734375,,32.28591537475586,,0.6569768190383911,,48.947174072265625
,644,,,,,,,,,,2671.24267578125,,32.53169631958008,,0.5600702166557312,,51.68406677246094
,645,,,,,,,,,,1241.4024658203125,,20.495927810668945,,0.6969076991081238,,35.233543395996094
,646,,,,,,,,,,1323.6923828125,,21.711397171020508,,0.6593071818351746,,36.38258361816406
,647,,,,,,,,,,1363.650634765625,,22.718746185302734,,0.7087685465812683,,36.92763900756836
,648,,,,,,,,,,1273.7235107421875,,22.144668579101562,,0.7029175758361816,,35.68926239013672
,649,,,,,,,,,,1872.5264892578125,,26.5842227935791,,0.6772507429122925,,43.27269744873047
,650,,,,,,,,,,1745.887939453125,,24.546552658081055,,0.6875482201576233,,41.7838249206543
,651,,,,,,,,,,1269.9779052734375,,20.82049560546875,,0.6853924989700317,,35.636749267578125
,652,,,,,,,,,,1512.0068359375,,23.506547927856445,,0.638867974281311,,38.8845329284668
,653,,,,,,,,,,2003.251708984375,,28.209890365600586,,0.6312669515609741,,44.7577018737793
,654,,,,,,,,,,1875.148681640625,,26.70417594909668,,0.708278477191925,,43.30298614501953
,655,,,,,,,,,,1513.9921875,,22.293140411376953,,0.7704395055770874,,38.91005325317383
,656,,,,,,,,,,1966.630615234375,,30.53482437133789,,0.6682997941970825,,44.346710205078125
,657,,,,,,,,,,1559.6243896484375,,24.147228240966797,,0.6793060898780823,,39.49208068847656
,658,,,,,,,,,,1575.692626953125,,22.506284713745117,,0.625393271446228,,39.69499588012695
,659,,,,,,,,,,1657.6368408203125,,24.99464988708496,,0.6851757764816284,,40.71408462524414
,660,,,,,,,,,,1708.374755859375,,23.825496673583984,,0.6685938239097595,,41.332489013671875
,661,,,,,,,,,,1862.4417724609375,,28.373336791992188,,0.6417398452758789,,43.1560173034668
,662,,,,,,,,,,1617.561767578125,,24.174152374267578,,0.7156428098678589,,40.21892166137695
,663,,,,,,,,,,2189.92578125,,32.06259536743164,,0.6214632987976074,,46.7966423034668
,664,,,,,,,,,,1994.57568359375,,29.750368118286133,,0.6072016954421997,,44.66067123413086
,665,,,,,,,,,,2663.571044921875,,35.76969909667969,,0.6754029989242554,,51.60979461669922
,666,,,,,,,,,,1449.687744140625,,21.242948532104492,,0.7212802171707153,,38.074764251708984
,667,,,,,,,,,,1879.360595703125,,27.099472045898438,,0.7208558917045593,,43.351593017578125
,668,,,,,,,,,,1920.34814453125,,29.305553436279297,,0.6581259965896606,,43.82177734375
,669,,,,,,,,,,1607.511474609375,,23.60455322265625,,0.7547698616981506,,40.09378433227539
,670,,,,,,,,,,1544.9764404296875,,25.05961799621582,,0.6609621047973633,,39.30618667602539
,671,,,,,,,,,,1901.879150390625,,30.379743576049805,,0.6728066205978394,,43.610538482666016
,672,,,,,,,,,,1327.2615966796875,,24.678020477294922,,0.5614879131317139,,36.43159866333008
,673,,,,,,,,,,1404.9937744140625,,22.13080406188965,,0.7178603410720825,,37.48324966430664
,674,,,,,,,,,,1798.42431640625,,26.227874755859375,,0.6215856075286865,,42.407833099365234
,675,,,,,,,,,,2057.5869140625,,28.652929306030273,,0.6790897846221924,,45.36063003540039
,676,,,,,,,,,,1606.3106689453125,,23.844675064086914,,0.7430329322814941,,40.07880401611328
,677,,,,,,,,,,2768.20751953125,,33.100154876708984,,0.6354155540466309,,52.6137580871582
,678,,,,,,,,,,2178.052001953125,,31.243581771850586,,0.6871743202209473,,46.66960525512695
,679,,,,,,,,,,1946.4888916015625,,28.913976669311523,,0.639207124710083,,44.1190299987793
,680,,,,,,,,,,1445.8939208984375,,23.886837005615234,,0.6951131820678711,,38.0249137878418
,681,,,,,,,,,,1862.286865234375,,26.392948150634766,,0.708991289138794,,43.15422058105469
,682,,,,,,,,,,1837.2008056640625,,28.176172256469727,,0.668071985244751,,42.862579345703125
,683,,,,,,,,,,1506.5400390625,,23.187788009643555,,0.7489888668060303,,38.814170837402344
,684,,,,,,,,,,2371.867919921875,,28.616817474365234,,0.6652700901031494,,48.70182800292969
,685,,,,,,,,,,1798.301025390625,,27.16840362548828,,0.71062171459198,,42.40637969970703
,686,,,,,,,,,,1499.7974853515625,,22.949539184570312,,0.7000546455383301,,38.72721862792969
,687,,,,,,,,,,1773.9658203125,,26.9465389251709,,0.6960242390632629,,42.118473052978516
,688,,,,,,,,,,2451.493408203125,,33.95079040527344,,0.6556428670883179,,49.51255798339844
,689,,,,,,,,,,2295.526123046875,,33.139373779296875,,0.6135473251342773,,47.91164779663086
,690,,,,,,,,,,1893.245849609375,,28.307559967041016,,0.6672338247299194,,43.511444091796875
,691,,,,,,,,,,1787.391845703125,,24.997446060180664,,0.7190511226654053,,42.277557373046875
,692,,,,,,,,,,2078.572021484375,,29.99448013305664,,0.5800790190696716,,45.59135818481445
,693,,,,,,,,,,1521.8494873046875,,24.705543518066406,,0.7313395738601685,,39.01089096069336
,694,,,,,,,,,,1678.0316162109375,,25.224123001098633,,0.7050854563713074,,40.963783264160156
,695,,,,,,,,,,1986.3212890625,,26.62740707397461,,0.5834256410598755,,44.56816482543945
,696,,,,,,,,,,3664.010009765625,,44.134098052978516,,0.5657120943069458,,60.53106689453125
,697,,,,,,,,,,1784.100830078125,,24.741607666015625,,0.665930986404419,,42.238616943359375
,698,,,,,,,,,,2621.01708984375,,31.929140090942383,,0.6887123584747314,,51.19586944580078
,699,,,,,,,,,,1695.4593505859375,,25.5782413482666,,0.7043335437774658,,41.17595672607422
,700,,,,,,,,,,1512.5142822265625,,22.889678955078125,,0.634274959564209,,38.89105987548828
,701,,,,,,,,,,2008.1884765625,,29.404024124145508,,0.6142843961715698,,44.81281280517578
,702,,,,,,,,,,1557.987060546875,,24.183067321777344,,0.7477514743804932,,39.471343994140625
,703,,,,,,,,,,3080.63720703125,,33.88678741455078,,0.6514484882354736,,55.50348663330078
,704,,,,,,,,,,1815.0377197265625,,26.27506446838379,,0.6152697205543518,,42.6032600402832
,705,,,,,,,,,,918.6087036132812,,17.644939422607422,,0.6791688203811646,,30.308557510375977
,706,,,,,,,,,,2067.546630859375,,24.9841365814209,,0.6578819155693054,,45.47028350830078
,707,,,,,,,,,,1410.59619140625,,18.384851455688477,,0.6210097074508667,,37.55790328979492
,708,,,,,,,,,,2220.65673828125,,30.32772445678711,,0.6871494650840759,,47.123844146728516
,709,,,,,,,,,,2272.595458984375,,30.433073043823242,,0.6226668357849121,,47.67174530029297
,710,,,,,,,,,,1852.4644775390625,,27.429487228393555,,0.6759470105171204,,43.04026412963867
,711,,,,,,,,,,1946.364013671875,,27.266767501831055,,0.6792526245117188,,44.11761474609375
,712,,,,,,,,,,1428.2645263671875,,20.651628494262695,,0.7066171765327454,,37.79238510131836
,713,,,,,,,,,,2891.12939453125,,32.649478912353516,,0.6356868743896484,,53.769222259521484
,714,,,,,,,,,,2490.45751953125,,33.00132751464844,,0.6667022109031677,,49.904483795166016
,715,,,,,,,,,,1861.6552734375,,26.257984161376953,,0.6486915946006775,,43.14690399169922
,716,,,,,,,,,,1805.303955078125,,27.603710174560547,,0.6836915016174316,,42.488868713378906
,717,,,,,,,,,,1812.552734375,,28.7719783782959,,0.5918601751327515,,42.5740852355957
,718,,,,,,,,,,1045.31103515625,,18.10590171813965,,0.6957160234451294,,32.33127212524414
,719,,,,,,,,,,1255.5828857421875,,20.84632110595703,,0.6848913431167603,,35.4342041015625
,720,,,,,,,,,,1356.2706298828125,,22.655113220214844,,0.6955087184906006,,36.827579498291016
,721,,,,,,,,,,1307.0186767578125,,21.829269409179688,,0.7413076162338257,,36.152713775634766
,722,,,,,,,,,,1659.441650390625,,25.808300018310547,,0.6438490152359009,,40.736244201660156
,723,,,,,,,,,,4110.29541015625,,38.749755859375,,0.5378454327583313,,64.11158752441406
,724,,,,,,,,,,1103.1201171875,,17.001718521118164,,0.6419870257377625,,33.213253021240234
,725,,,,,,,,,,1431.9659423828125,,24.443593978881836,,0.6387889385223389,,37.84132766723633
,726,,,,,,,,,,1923.9033203125,,28.572011947631836,,0.6079077124595642,,43.86232376098633
,727,,,,,,,,,,2091.7109375,,31.71117401123047,,0.6359730958938599,,45.735225677490234
,728,,,,,,,,,,1541.66943359375,,26.992368698120117,,0.6663022041320801,,39.26409912109375
,729,,,,,,,,,,1552.9981689453125,,24.835269927978516,,0.7551902532577515,,39.40809631347656
,730,,,,,,,,,,1206.7105712890625,,20.437965393066406,,0.7000826597213745,,34.73773956298828
,731,,,,,,,,,,1304.489990234375,,20.023733139038086,,0.7710508704185486,,36.11772537231445
,732,,,,,,,,,,2105.31787109375,,30.32807159423828,,0.6900461912155151,,45.88374328613281
,733,,,,,,,,,,1771.339599609375,,25.54316520690918,,0.715334415435791,,42.08728790283203
,734,,,,,,,,,,1476.8453369140625,,22.78822898864746,,0.6357458829879761,,38.429744720458984
,735,,,,,,,,,,2000.8546142578125,,29.53731918334961,,0.6853235960006714,,44.73091125488281
,736,,,,,,,,,,1996.43212890625,,26.5701961517334,,0.6241856813430786,,44.68144989013672
,737,,,,,,,,,,1826.981201171875,,26.926105499267578,,0.6109544634819031,,42.743202209472656
,738,,,,,,,,,,1683.5888671875,,24.181373596191406,,0.6724269390106201,,41.031558990478516
,739,,,,,,,,,,1449.0081787109375,,21.328603744506836,,0.6641799211502075,,38.06584167480469
,740,,,,,,,,,,1529.26123046875,,24.085887908935547,,0.7508422136306763,,39.105770111083984
,741,,,,,,,,,,2278.106689453125,,30.248512268066406,,0.6352867484092712,,47.72951889038086
,742,,,,,,,,,,1904.6031494140625,,25.58414649963379,,0.7238508462905884,,43.64175796508789
,743,,,,,,,,,,2085.346435546875,,30.686918258666992,,0.6525055170059204,,45.665592193603516
,744,,,,,,,,,,2313.656005859375,,29.85182762145996,,0.6389069557189941,,48.10047912597656
,745,,,,,,,,,,1165.1392822265625,,18.754283905029297,,0.7091901302337646,,34.13414001464844
,746,,,,,,,,,,1754.4739990234375,,25.239707946777344,,0.7090349197387695,,41.88644027709961
,747,,,,,,,,,,2421.0263671875,,33.35847854614258,,0.5972120761871338,,49.20392608642578
,748,,,,,,,,,,1545.9010009765625,,22.522871017456055,,0.6480505466461182,,39.31794738769531
,749,,,,,,,,,,1907.3062744140625,,25.547746658325195,,0.6779060363769531,,43.6727180480957
,750,,,,,,,,,,1829.430908203125,,26.669301986694336,,0.5915505886077881,,42.771846771240234
,751,,,,,,,,,,2368.5234375,,32.32023620605469,,0.6278999447822571,,48.667476654052734
,752,,,,,,,,,,1806.2386474609375,,28.540130615234375,,0.6805610656738281,,42.4998664855957
,753,,,,,,,,,,2507.77880859375,,32.55394744873047,,0.6835299730300903,,50.077728271484375
,754,,,,,,,,,,1882.5430908203125,,28.75336456298828,,0.6572326421737671,,43.388282775878906
,755,,,,,,,,,,1745.472412109375,,23.823379516601562,,0.732977032661438,,41.77885055541992
,756,,,,,,,,,,1691.96484375,,22.8193359375,,0.6735570430755615,,41.13349914550781
,757,,,,,,,,,,1507.189697265625,,24.151081085205078,,0.6528611183166504,,38.822540283203125
,758,,,,,,,,,,2016.5628662109375,,27.54602813720703,,0.6375119686126709,,44.90615463256836
,759,,,,,,,,,,2542.045654296875,,34.108455657958984,,0.6347763538360596,,50.418704986572266
,760,,,,,,,,,,1395.1741943359375,,23.696413040161133,,0.5872035026550293,,37.35203170776367
,761,,,,,,,,,,1850.3272705078125,,26.814077377319336,,0.7066408395767212,,43.01543045043945
,762,,,,,,,,,,1508.412353515625,,23.241744995117188,,0.6261504888534546,,38.83828353881836
,763,,,,,,,,,,2222.430419921875,,31.468692779541016,,0.6456992626190186,,47.14265823364258
,764,,,,,,,,,,1506.0213623046875,,24.446834564208984,,0.6553226709365845,,38.807491302490234
,765,,,,,,,,,,1414.5142822265625,,22.589820861816406,,0.7128527164459229,,37.61002731323242
,766,,,,,,,,,,1975.538818359375,,26.235261917114258,,0.726393461227417,,44.4470329284668
,767,,,,,,,,,,1712.9013671875,,26.63898468017578,,0.697486162185669,,41.38721466064453
,768,,,,,,,,,,1722.01123046875,,24.888492584228516,,0.7327224612236023,,41.49712371826172
,769,,,,,,,,,,934.492919921875,,16.280166625976562,,0.8038172125816345,,30.569477081298828
4,2309,,,,,,,,,1841.5989990234375,,26.48681640625,,0.6711984872817993,,42.59539031982422,
4,2309,1852.173095703125,,27.243680953979492,,0.6542841196060181,,42.70572280883789,,,,,,,,,
5,2349,,1670.8424072265625,,23.924928665161133,,0.6865403652191162,,40.87594223022461,,,,,,,,
5,2399,,3371.975830078125,,37.37749481201172,,0.5457592010498047,,58.06871795654297,,,,,,,,
5,2449,,1704.1754150390625,,26.22613525390625,,0.6869232654571533,,41.28165817260742,,,,,,,,
5,2499,,1457.89306640625,,23.999366760253906,,0.5483031272888184,,38.182369232177734,,,,,,,,
5,2549,,1103.227294921875,,19.09168243408203,,0.751968502998352,,33.214866638183594,,,,,,,,
5,2599,,2060.302490234375,,28.123998641967773,,0.6507301330566406,,45.39055633544922,,,,,,,,
5,2649,,1661.8931884765625,,25.799266815185547,,0.7250977754592896,,40.766326904296875,,,,,,,,
5,2699,,1160.6378173828125,,21.06180763244629,,0.7313545942306519,,34.06813430786133,,,,,,,,
5,2749,,1745.074951171875,,25.84543800354004,,0.6883352994918823,,41.77409362792969,,,,,,,,
,770,,,,,,,,,,2374.657470703125,,27.7060489654541,,0.6937103271484375,,48.7304573059082
,771,,,,,,,,,,1928.518798828125,,24.938966751098633,,0.7137019634246826,,43.9149055480957
,772,,,,,,,,,,2208.12939453125,,29.788021087646484,,0.6596503257751465,,46.99073791503906
,773,,,,,,,,,,2372.586669921875,,30.81683349609375,,0.6244062185287476,,48.709205627441406
,774,,,,,,,,,,2198.9248046875,,27.237747192382812,,0.6301469206809998,,46.892696380615234
,775,,,,,,,,,,1942.8663330078125,,27.4381160736084,,0.6090156435966492,,44.07795715332031
,776,,,,,,,,,,1380.88134765625,,20.61761474609375,,0.7088472843170166,,37.160213470458984
,777,,,,,,,,,,2098.055419921875,,27.5304012298584,,0.6965485215187073,,45.804534912109375
,778,,,,,,,,,,2327.605712890625,,34.01167297363281,,0.5691184401512146,,48.245269775390625
,779,,,,,,,,,,1264.2882080078125,,20.244611740112305,,0.6848930716514587,,35.55683135986328
,780,,,,,,,,,,1483.1746826171875,,20.414487838745117,,0.7235380411148071,,38.51200866699219
,781,,,,,,,,,,2105.257080078125,,29.022327423095703,,0.6712538003921509,,45.883079528808594
,782,,,,,,,,,,1878.767578125,,26.36130142211914,,0.740873396396637,,43.34475326538086
,783,,,,,,,,,,1600.1556396484375,,25.12921714782715,,0.686500608921051,,40.00194549560547
,784,,,,,,,,,,1266.9248046875,,19.365882873535156,,0.7400111556053162,,35.59388732910156
,785,,,,,,,,,,1743.9344482421875,,27.270647048950195,,0.6742064952850342,,41.760440826416016
,786,,,,,,,,,,1837.8330078125,,24.145219802856445,,0.7307035326957703,,42.86995315551758
,787,,,,,,,,,,1500.94140625,,20.530460357666016,,0.7048113346099854,,38.74198532104492
,788,,,,,,,,,,1669.7044677734375,,24.535343170166016,,0.6969970464706421,,40.86201858520508
,789,,,,,,,,,,1522.2525634765625,,22.853303909301758,,0.6634286046028137,,39.016056060791016
,790,,,,,,,,,,1810.0086669921875,,25.938508987426758,,0.7232404947280884,,42.54419708251953
,791,,,,,,,,,,2573.28955078125,,33.54916000366211,,0.6146794557571411,,50.72760009765625
,792,,,,,,,,,,2288.242431640625,,31.8068790435791,,0.6679779291152954,,47.83557891845703
,793,,,,,,,,,,2381.106201171875,,32.89145278930664,,0.6255760192871094,,48.79657745361328
,794,,,,,,,,,,1942.4564208984375,,28.84678077697754,,0.6622930765151978,,44.073307037353516
,795,,,,,,,,,,1489.811767578125,,25.525876998901367,,0.675841212272644,,38.598079681396484
,796,,,,,,,,,,1076.32861328125,,16.52602195739746,,0.7738891839981079,,32.80744934082031
,797,,,,,,,,,,2367.056884765625,,31.47665023803711,,0.6610957980155945,,48.652408599853516
,798,,,,,,,,,,2679.51318359375,,32.640254974365234,,0.558708131313324,,51.764015197753906
,799,,,,,,,,,,1250.702880859375,,20.091842651367188,,0.6946370005607605,,35.36527633666992
,800,,,,,,,,,,1282.96533203125,,20.649272918701172,,0.6697895526885986,,35.81850814819336
,801,,,,,,,,,,1345.1343994140625,,22.269737243652344,,0.7127230167388916,,36.67607498168945
,802,,,,,,,,,,1208.574951171875,,20.92698860168457,,0.7181128263473511,,34.764564514160156
,803,,,,,,,,,,1800.2965087890625,,25.465839385986328,,0.6897003650665283,,42.429901123046875
,804,,,,,,,,,,1729.7423095703125,,23.99616813659668,,0.6904376745223999,,41.590171813964844
,805,,,,,,,,,,1263.812255859375,,19.985185623168945,,0.6869198083877563,,35.55013656616211
,806,,,,,,,,,,1502.040283203125,,22.62166976928711,,0.641248345375061,,38.75616455078125
,807,,,,,,,,,,2003.2203369140625,,27.532026290893555,,0.6312727332115173,,44.75735092163086
,808,,,,,,,,,,1844.2938232421875,,26.10770606994629,,0.7130786180496216,,42.94524383544922
,809,,,,,,,,,,1521.197509765625,,22.023948669433594,,0.7693469524383545,,39.00252914428711
,810,,,,,,,,,,2009.3062744140625,,30.877704620361328,,0.6611019372940063,,44.825286865234375
,811,,,,,,,,,,1563.9609375,,23.984079360961914,,0.6784144639968872,,39.54694747924805
,812,,,,,,,,,,1625.5885009765625,,22.38918685913086,,0.6135309934616089,,40.31858825683594
,813,,,,,,,,,,1620.3319091796875,,23.991575241088867,,0.6922608613967896,,40.25334930419922
,814,,,,,,,,,,1751.7037353515625,,23.746883392333984,,0.6601884365081787,,41.85335922241211
,815,,,,,,,,,,1937.6878662109375,,28.603055953979492,,0.627265453338623,,44.0191764831543
,816,,,,,,,,,,1592.1982421875,,23.780378341674805,,0.7201015949249268,,39.90235900878906
,817,,,,,,,,,,2123.98583984375,,31.660940170288086,,0.6328612565994263,,46.08671951293945
,818,,,,,,,,,,2049.81103515625,,29.932363510131836,,0.5963239669799805,,45.27484130859375
,819,,,,,,,,,,2732.53759765625,,36.209774017333984,,0.6669983267784119,,52.273677825927734
,820,,,,,,,,,,1485.811767578125,,21.28510093688965,,0.7143349647521973,,38.54623031616211
,821,,,,,,,,,,1945.7706298828125,,27.077028274536133,,0.7109919190406799,,44.11088943481445
,822,,,,,,,,,,1885.7823486328125,,28.88028907775879,,0.6642796993255615,,43.425594329833984
,823,,,,,,,,,,1639.99462890625,,23.44304084777832,,0.749814510345459,,40.49684524536133
,824,,,,,,,,,,1629.7218017578125,,25.01016616821289,,0.6423650979995728,,40.36981201171875
,825,,,,,,,,,,1887.30224609375,,29.98887825012207,,0.6753144264221191,,43.443092346191406
,826,,,,,,,,,,1280.477783203125,,23.522294998168945,,0.5769447088241577,,35.78376388549805
,827,,,,,,,,,,1420.4798583984375,,21.871780395507812,,0.7147505879402161,,37.68925476074219
,828,,,,,,,,,,1813.362548828125,,25.923324584960938,,0.6184424161911011,,42.583595275878906
,829,,,,,,,,,,2014.9725341796875,,27.81796646118164,,0.6857361197471619,,44.88844680786133
,830,,,,,,,,,,1615.1895751953125,,24.07741928100586,,0.7416125535964966,,40.189422607421875
,831,,,,,,,,,,2730.030517578125,,32.65420913696289,,0.6404436230659485,,52.24969482421875
,832,,,,,,,,,,2132.197265625,,30.548202514648438,,0.6937602758407593,,46.17572021484375
,833,,,,,,,,,,1833.08935546875,,27.44394302368164,,0.6602263450622559,,42.81459426879883
,834,,,,,,,,,,1476.06396484375,,24.319576263427734,,0.6887514591217041,,38.419578552246094
,835,,,,,,,,,,1907.00048828125,,26.195383071899414,,0.7020041346549988,,43.66921615600586
,836,,,,,,,,,,1865.3565673828125,,28.18337059020996,,0.66298508644104,,43.18977355957031
,837,,,,,,,,,,1522.6759033203125,,23.387338638305664,,0.7463003396987915,,39.02147674560547
,838,,,,,,,,,,2382.05859375,,28.15447998046875,,0.6638319492340088,,48.806339263916016
,839,,,,,,,,,,1782.0113525390625,,26.93546485900879,,0.7132430672645569,,42.21387481689453
,840,,,,,,,,,,1460.2457275390625,,22.008586883544922,,0.7079646587371826,,38.21316146850586
,841,,,,,,,,,,1682.2255859375,,25.422040939331055,,0.7117443084716797,,41.01494216918945
,842,,,,,,,,,,2481.8603515625,,33.50136947631836,,0.651377260684967,,49.81827163696289
,843,,,,,,,,,,2221.572265625,,32.36874771118164,,0.6259975433349609,,47.1335563659668
,844,,,,,,,,,,1920.5086669921875,,28.15803337097168,,0.6624420285224915,,43.8236083984375
,845,,,,,,,,,,1839.7745361328125,,24.937578201293945,,0.7108174562454224,,42.89259338378906
,846,,,,,,,,,,2094.862060546875,,29.94449806213379,,0.576788067817688,,45.7696647644043
,847,,,,,,,,,,1535.1309814453125,,24.349700927734375,,0.7289949059486389,,39.180747985839844
,848,,,,,,,,,,1706.79052734375,,25.191999435424805,,0.700031042098999,,41.31332015991211
,849,,,,,,,,,,1882.30908203125,,25.347013473510742,,0.6052392721176147,,43.38558578491211
,850,,,,,,,,,,3539.1044921875,,43.41903305053711,,0.5805168747901917,,59.49037170410156
,851,,,,,,,,,,1776.6661376953125,,24.44658660888672,,0.6673231720924377,,42.150516510009766
,852,,,,,,,,,,2506.9921875,,31.214458465576172,,0.7022546529769897,,50.06987380981445
,853,,,,,,,,,,1684.92138671875,,25.212234497070312,,0.7061712145805359,,41.047794342041016
,854,,,,,,,,,,1557.94287109375,,22.947324752807617,,0.6232904195785522,,39.470787048339844
,855,,,,,,,,,,1916.662841796875,,28.679208755493164,,0.6318638920783997,,43.77970504760742
,856,,,,,,,,,,1513.2073974609375,,23.257490158081055,,0.7550016641616821,,38.899967193603516
,857,,,,,,,,,,3001.1748046875,,33.39678955078125,,0.6604390144348145,,54.782981872558594
,858,,,,,,,,,,1870.1591796875,,25.94208335876465,,0.6035857200622559,,43.245338439941406
,859,,,,,,,,,,878.8323974609375,,16.42247200012207,,0.6930609345436096,,29.64510726928711
,860,,,,,,,,,,2003.940185546875,,24.738025665283203,,0.6684069633483887,,44.7653923034668
,861,,,,,,,,,,1447.41357421875,,18.161144256591797,,0.6111178398132324,,38.04488754272461
,862,,,,,,,,,,2302.263427734375,,31.27138328552246,,0.6756525635719299,,47.98190689086914
,863,,,,,,,,,,2159.400390625,,29.36122703552246,,0.6414613127708435,,46.4693489074707
,864,,,,,,,,,,1830.212158203125,,26.975107192993164,,0.6798396110534668,,42.78097915649414
,865,,,,,,,,,,1851.5391845703125,,26.077844619750977,,0.6948790550231934,,43.029518127441406
,866,,,,,,,,,,1497.325927734375,,20.74459457397461,,0.6924310922622681,,38.69529342651367
,867,,,,,,,,,,2858.353515625,,32.604469299316406,,0.63981693983078,,53.46357345581055
,868,,,,,,,,,,2446.036865234375,,32.35026168823242,,0.6726469993591309,,49.457427978515625
,869,,,,,,,,,,1848.201416015625,,25.62508773803711,,0.6512304544448853,,42.99071502685547
,870,,,,,,,,,,1813.597900390625,,27.369199752807617,,0.6822383403778076,,42.586360931396484
,871,,,,,,,,,,1897.917724609375,,29.002866744995117,,0.572638213634491,,43.56509780883789
,872,,,,,,,,,,1064.0689697265625,,17.971046447753906,,0.6902557611465454,,32.62007141113281
,873,,,,,,,,,,1308.361083984375,,20.741046905517578,,0.6716457605361938,,36.1712760925293
,874,,,,,,,,,,1310.7989501953125,,21.890357971191406,,0.7057173848152161,,36.2049560546875
,875,,,,,,,,,,1267.650390625,,21.47425079345703,,0.749099612236023,,35.60407638549805
,876,,,,,,,,,,1686.8834228515625,,25.655780792236328,,0.6379594206809998,,41.071685791015625
,877,,,,,,,,,,4145.7060546875,,39.028419494628906,,0.5338639616966248,,64.38716125488281
,878,,,,,,,,,,1137.170166015625,,16.573869705200195,,0.6309362649917603,,33.721954345703125
,879,,,,,,,,,,1484.6556396484375,,24.54234504699707,,0.6254980564117432,,38.53123092651367
,880,,,,,,,,,,1903.5040283203125,,27.777442932128906,,0.6120650768280029,,43.62916564941406
,881,,,,,,,,,,2042.2401123046875,,31.062631607055664,,0.6445826292037964,,45.1911506652832
,882,,,,,,,,,,1588.1619873046875,,27.035587310791016,,0.6562387943267822,,39.851749420166016
,883,,,,,,,,,,1543.8309326171875,,24.297088623046875,,0.7566353678703308,,39.2916145324707
,884,,,,,,,,,,1239.1824951171875,,20.39746856689453,,0.6920120120048523,,35.202022552490234
,885,,,,,,,,,,1347.4395751953125,,19.949615478515625,,0.7635128498077393,,36.70748519897461
,886,,,,,,,,,,2059.660400390625,,30.06502914428711,,0.696768045425415,,45.383480072021484
,887,,,,,,,,,,1677.381103515625,,24.84531021118164,,0.7304341793060303,,40.95584487915039
,888,,,,,,,,,,1395.8482666015625,,22.048452377319336,,0.6557232141494751,,37.36104965209961
,889,,,,,,,,,,1929.3353271484375,,28.429216384887695,,0.6965715289115906,,43.924198150634766
,890,,,,,,,,,,1943.08740234375,,26.57543182373047,,0.6342275142669678,,44.08046340942383
,891,,,,,,,,,,1786.214599609375,,26.008010864257812,,0.6196354627609253,,42.263633728027344
,892,,,,,,,,,,1710.862548828125,,24.370634078979492,,0.6671203374862671,,41.36257553100586
,893,,,,,,,,,,1449.0693359375,,20.342119216918945,,0.664165735244751,,38.06664276123047
,894,,,,,,,,,,1549.82373046875,,23.780834197998047,,0.7474919557571411,,39.367801666259766
,895,,,,,,,,,,2168.435302734375,,29.36524772644043,,0.6528446078300476,,46.56645965576172
,896,,,,,,,,,,2097.041259765625,,27.229610443115234,,0.6959491968154907,,45.79346466064453
,897,,,,,,,,,,2126.022705078125,,30.765506744384766,,0.6457273960113525,,46.10881423950195
,898,,,,,,,,,,2294.878662109375,,29.688678741455078,,0.641837477684021,,47.90489196777344
,899,,,,,,,,,,1196.9991455078125,,18.450634002685547,,0.7012381553649902,,34.59767532348633
,900,,,,,,,,,,1748.30419921875,,24.796422958374023,,0.7100580930709839,,41.81272888183594
,901,,,,,,,,,,2393.576171875,,32.48495864868164,,0.6017789840698242,,48.92418670654297
,902,,,,,,,,,,1577.674072265625,,22.420543670654297,,0.640816867351532,,39.71994400024414
,903,,,,,,,,,,1953.5093994140625,,25.585824966430664,,0.6701035499572754,,44.19852066040039
,904,,,,,,,,,,1866.4627685546875,,26.595266342163086,,0.5832827091217041,,43.202579498291016
,905,,,,,,,,,,2429.93115234375,,32.71584701538086,,0.6182526350021362,,49.29433059692383
,906,,,,,,,,,,1828.728515625,,27.922378540039062,,0.6765836477279663,,42.763633728027344
,907,,,,,,,,,,2510.5205078125,,32.779380798339844,,0.683184027671814,,50.10509490966797
,908,,,,,,,,,,1992.4501953125,,29.05599594116211,,0.637221097946167,,44.636871337890625
,909,,,,,,,,,,1810.8121337890625,,24.076648712158203,,0.722981333732605,,42.55363845825195
,910,,,,,,,,,,1661.4141845703125,,22.404043197631836,,0.6794514656066895,,40.76044845581055
,911,,,,,,,,,,1543.1558837890625,,24.3973388671875,,0.6445772647857666,,39.283023834228516
,912,,,,,,,,,,1862.286865234375,,26.366870880126953,,0.6652438640594482,,43.15422439575195
,913,,,,,,,,,,2566.226806640625,,34.050262451171875,,0.6313021183013916,,50.65793991088867
,914,,,,,,,,,,1457.4669189453125,,23.82803726196289,,0.5687726736068726,,38.17678451538086
,915,,,,,,,,,,1811.5816650390625,,26.407878875732422,,0.712783694267273,,42.562679290771484
,916,,,,,,,,,,1525.652587890625,,23.31732749938965,,0.6218775510787964,,39.05960464477539
,917,,,,,,,,,,2166.594970703125,,30.7072696685791,,0.6546006202697754,,46.546695709228516
,918,,,,,,,,,,1507.2396240234375,,24.196889877319336,,0.6550438404083252,,38.823184967041016
,919,,,,,,,,,,1401.1572265625,,22.09246253967285,,0.7155642509460449,,37.43203353881836
,920,,,,,,,,,,1966.467041015625,,25.549087524414062,,0.7276498675346375,,44.34486389160156
,921,,,,,,,,,,1736.322021484375,,26.669769287109375,,0.6933498382568359,,41.66919708251953
,922,,,,,,,,,,1747.5531005859375,,24.8370418548584,,0.7287580370903015,,41.80374526977539
,923,,,,,,,,,,987.7193603515625,,17.096298217773438,,0.792643129825592,,31.428003311157227
5,2771,,,,,,,,,1838.1075439453125,,26.143835067749023,,0.6716285347938538,,42.56587219238281,
5,2771,1837.8682861328125,,27.146865844726562,,0.6574001312255859,,42.563114166259766,,,,,,,,,
6,2799,,1307.98583984375,,21.036897659301758,,0.7099213600158691,,36.16608810424805,,,,,,,,
6,2849,,1629.5023193359375,,26.153308868408203,,0.6890202760696411,,40.367095947265625,,,,,,,,
6,2899,,1232.70947265625,,22.055837631225586,,0.6632380485534668,,35.109962463378906,,,,,,,,
6,2949,,1026.037353515625,,20.48552131652832,,0.6960693597793579,,32.03181838989258,,,,,,,,
6,2999,,1370.9976806640625,,21.40106201171875,,0.7511131763458252,,37.02698516845703,,,,,,,,
6,3049,,1926.20849609375,,25.162263870239258,,0.686613917350769,,43.88859176635742,,,,,,,,
6,3099,,1467.8443603515625,,23.432783126831055,,0.7694725394248962,,38.31245803833008,,,,,,,,
6,3149,,1770.7232666015625,,28.513437271118164,,0.687076210975647,,42.07996368408203,,,,,,,,
6,3199,,2348.2080078125,,30.43863868713379,,0.6743351221084595,,48.45831298828125,,,,,,,,
,924,,,,,,,,,,2383.149169921875,,27.780136108398438,,0.6926150918006897,,48.8175048828125
,925,,,,,,,,,,1911.4156494140625,,25.06331443786621,,0.7162410020828247,,43.7197380065918
,926,,,,,,,,,,2210.969970703125,,29.903343200683594,,0.6592124700546265,,47.02095413208008
,927,,,,,,,,,,2266.07763671875,,30.52410888671875,,0.6412672400474548,,47.603336334228516
,928,,,,,,,,,,2101.940185546875,,26.621700286865234,,0.6464594602584839,,45.846920013427734
,929,,,,,,,,,,1950.2530517578125,,27.89972496032715,,0.6075291633605957,,44.16167068481445
,930,,,,,,,,,,1371.9871826171875,,20.89286231994629,,0.7107225656509399,,37.04034423828125
,931,,,,,,,,,,1982.4373779296875,,27.14657211303711,,0.713270902633667,,44.52457046508789
,932,,,,,,,,,,2382.489990234375,,34.41521072387695,,0.5589584112167358,,48.81075668334961
,933,,,,,,,,,,1301.2564697265625,,21.30875015258789,,0.6756792068481445,,36.072933197021484
,934,,,,,,,,,,1490.5230712890625,,20.931472778320312,,0.7221683263778687,,38.60729217529297
,935,,,,,,,,,,2061.06298828125,,29.016368865966797,,0.6781549453735352,,45.39893341064453
,936,,,,,,,,,,1838.424560546875,,26.39993667602539,,0.746437668800354,,42.876853942871094
,937,,,,,,,,,,1555.35400390625,,25.056547164916992,,0.6952780485153198,,39.4379768371582
,938,,,,,,,,,,1290.6112060546875,,19.744529724121094,,0.7351504564285278,,35.925079345703125
,939,,,,,,,,,,1760.047607421875,,27.659360885620117,,0.6711963415145874,,41.95292282104492
,940,,,,,,,,,,1866.359375,,24.726486206054688,,0.7265235185623169,,43.20138168334961
,941,,,,,,,,,,1437.9510498046875,,20.79645347595215,,0.7171995639801025,,37.920326232910156
,942,,,,,,,,,,1651.711181640625,,24.475215911865234,,0.7002623081207275,,40.64125061035156
,943,,,,,,,,,,1563.4007568359375,,23.58428382873535,,0.6543307304382324,,39.53986358642578
,944,,,,,,,,,,1790.8033447265625,,26.115802764892578,,0.7261770367622375,,42.31788635253906
,945,,,,,,,,,,2482.427490234375,,32.98960876464844,,0.6282849311828613,,49.8239631652832
,946,,,,,,,,,,2299.173828125,,32.30461502075195,,0.6663918495178223,,47.94969940185547
,947,,,,,,,,,,2334.67626953125,,32.97166061401367,,0.632876992225647,,48.31848907470703
,948,,,,,,,,,,1894.1160888671875,,28.779136657714844,,0.6706973314285278,,43.52144241333008
,949,,,,,,,,,,1485.2220458984375,,25.77388572692871,,0.6768398284912109,,38.538578033447266
,950,,,,,,,,,,1059.7080078125,,16.682472229003906,,0.7773808240890503,,32.553157806396484
,951,,,,,,,,,,2331.394287109375,,31.471025466918945,,0.6662018299102783,,48.284515380859375
,952,,,,,,,,,,2682.95458984375,,32.788665771484375,,0.5581413507461548,,51.797245025634766
,953,,,,,,,,,,1250.5650634765625,,20.519826889038086,,0.6946706771850586,,35.36333084106445
,954,,,,,,,,,,1329.20263671875,,21.33536148071289,,0.6578890085220337,,36.45823287963867
,955,,,,,,,,,,1336.2242431640625,,22.675296783447266,,0.7146259546279907,,36.55439758300781
,956,,,,,,,,,,1281.2017822265625,,21.75040054321289,,0.7011733651161194,,35.79387664794922
,957,,,,,,,,,,1673.9674072265625,,24.764938354492188,,0.7114744782447815,,40.914146423339844
,958,,,,,,,,,,1635.679443359375,,23.601327896118164,,0.7072715759277344,,40.44353485107422
,959,,,,,,,,,,1213.9716796875,,19.999509811401367,,0.6992666721343994,,34.842098236083984
,960,,,,,,,,,,1500.805419921875,,23.326339721679688,,0.6415432691574097,,38.740230560302734
,961,,,,,,,,,,1920.9718017578125,,27.42244529724121,,0.6464120149612427,,43.82889175415039
,962,,,,,,,,,,1847.51953125,,26.518205642700195,,0.7125768661499023,,42.98278045654297
,963,,,,,,,,,,1495.472412109375,,22.06060028076172,,0.7732475399971008,,38.67133712768555
,964,,,,,,,,,,1932.0631103515625,,30.130212783813477,,0.6741301417350769,,43.955238342285156
,965,,,,,,,,,,1574.1265869140625,,24.261812210083008,,0.6763241291046143,,39.675262451171875
,966,,,,,,,,,,1498.84765625,,22.213397979736328,,0.6436624526977539,,38.7149543762207
,967,,,,,,,,,,1570.6783447265625,,24.37734603881836,,0.701691210269928,,39.63178634643555
,968,,,,,,,,,,1706.290771484375,,23.862634658813477,,0.6689980626106262,,41.307273864746094
,969,,,,,,,,,,1860.4423828125,,28.10588836669922,,0.6421244144439697,,43.13284683227539
,970,,,,,,,,,,1579.5592041015625,,23.757944107055664,,0.7223234176635742,,39.74366760253906
,971,,,,,,,,,,2133.451904296875,,31.58696174621582,,0.6312249898910522,,46.18930435180664
,972,,,,,,,,,,2030.3714599609375,,29.853607177734375,,0.600152313709259,,45.05964279174805
,973,,,,,,,,,,2782.572998046875,,36.55213165283203,,0.6609007120132446,,52.75009536743164
,974,,,,,,,,,,1461.4296875,,21.579177856445312,,0.7190227508544922,,38.2286491394043
,975,,,,,,,,,,1860.1163330078125,,26.806608200073242,,0.7237142324447632,,43.129066467285156
,976,,,,,,,,,,1834.4615478515625,,28.27654266357422,,0.6734161376953125,,42.83061599731445
,977,,,,,,,,,,1642.032470703125,,23.864694595336914,,0.7495036125183105,,40.522003173828125
,978,,,,,,,,,,1530.83056640625,,24.7923583984375,,0.6640663146972656,,39.125831604003906
,979,,,,,,,,,,1830.78564453125,,29.551822662353516,,0.68503737449646,,42.787681579589844
,980,,,,,,,,,,1230.8731689453125,,23.253904342651367,,0.5933334827423096,,35.08380126953125
,981,,,,,,,,,,1403.896728515625,,22.115663528442383,,0.7180806994438171,,37.46860885620117
,982,,,,,,,,,,1733.953857421875,,25.538753509521484,,0.6351511478424072,,41.64077377319336
,983,,,,,,,,,,2083.2919921875,,28.444637298583984,,0.6750807166099548,,45.64309310913086
,984,,,,,,,,,,1579.265380859375,,23.668115615844727,,0.7473595142364502,,39.73997116088867
,985,,,,,,,,,,2676.0439453125,,32.32565689086914,,0.6475539207458496,,51.730491638183594
,986,,,,,,,,,,2135.528564453125,,30.742889404296875,,0.6932817697525024,,46.2117805480957
,987,,,,,,,,,,1822.7567138671875,,27.766847610473633,,0.6621415615081787,,42.693756103515625
,988,,,,,,,,,,1405.74267578125,,23.899450302124023,,0.7035796642303467,,37.49323654174805
,989,,,,,,,,,,1826.1688232421875,,26.092029571533203,,0.7146352529525757,,42.73369598388672
,990,,,,,,,,,,1864.89892578125,,28.673547744750977,,0.6630678176879883,,43.18447494506836
,991,,,,,,,,,,1525.035400390625,,23.567142486572266,,0.7459072470664978,,39.051700592041016
,992,,,,,,,,,,2323.222412109375,,28.365121841430664,,0.6721351742744446,,48.1998176574707
,993,,,,,,,,,,1788.17822265625,,27.32316017150879,,0.7122507095336914,,42.28685760498047
,994,,,,,,,,,,1445.496826171875,,22.92845916748047,,0.7109143137931824,,38.019691467285156
,995,,,,,,,,,,1642.693115234375,,25.270694732666016,,0.7185182571411133,,40.5301513671875
,996,,,,,,,,,,2354.1787109375,,32.85753631591797,,0.6693124771118164,,48.51987838745117
,997,,,,,,,,,,2166.462158203125,,32.00995635986328,,0.6352753639221191,,46.54526901245117
,998,,,,,,,,,,1908.6495361328125,,28.447608947753906,,0.6645264625549316,,43.68809509277344
,999,,,,,,,,,,1796.7528076171875,,24.986154556274414,,0.71757972240448,,42.38812255859375
,1000,,,,,,,,,,2040.888671875,,29.887340545654297,,0.5876919031143188,,45.17619705200195
,1001,,,,,,,,,,1563.2081298828125,,24.9788761138916,,0.724038302898407,,39.53742599487305
,1002,,,,,,,,,,1726.311767578125,,25.49825096130371,,0.6966001987457275,,41.54890823364258
,1003,,,,,,,,,,1833.8900146484375,,25.316452026367188,,0.6153938174247742,,42.82394027709961
,1004,,,,,,,,,,3468.99365234375,,43.14893341064453,,0.5888270139694214,,58.898162841796875
,1005,,,,,,,,,,1727.147705078125,,24.153945922851562,,0.6765953302383423,,41.55896759033203
,1006,,,,,,,,,,2566.17626953125,,31.531280517578125,,0.6952255964279175,,50.65744400024414
,1007,,,,,,,,,,1678.6973876953125,,25.594152450561523,,0.7072566151618958,,40.97190856933594
,1008,,,,,,,,,,1497.168701171875,,22.8184814453125,,0.6379855871200562,,38.69326400756836
,1009,,,,,,,,,,1938.03955078125,,28.986467361450195,,0.6277580261230469,,44.023170471191406
,1010,,,,,,,,,,1564.7529296875,,23.89550018310547,,0.746656060218811,,39.55695724487305
,1011,,,,,,,,,,3051.63232421875,,34.34516906738281,,0.6547302007675171,,55.241580963134766
,1012,,,,,,,,,,1858.1807861328125,,26.590526580810547,,0.606124758720398,,43.10662078857422
,1013,,,,,,,,,,909.8391723632812,,17.532493591308594,,0.6822315454483032,,30.16353988647461
,1014,,,,,,,,,,1978.71240234375,,24.56049919128418,,0.6725813746452332,,44.48271942138672
,1015,,,,,,,,,,1307.2432861328125,,17.89943504333496,,0.6487779021263123,,36.155818939208984
,1016,,,,,,,,,,2317.6220703125,,31.520824432373047,,0.6734887957572937,,48.14168930053711
,1017,,,,,,,,,,2228.30712890625,,30.249013900756836,,0.6300203204154968,,47.20494842529297
,1018,,,,,,,,,,1809.611572265625,,27.039936065673828,,0.6834433078765869,,42.539527893066406
,1019,,,,,,,,,,1871.615966796875,,26.695663452148438,,0.6915705800056458,,43.26218032836914
,1020,,,,,,,,,,1379.1810302734375,,20.29215431213379,,0.716699481010437,,37.137325286865234
,1021,,,,,,,,,,2826.03564453125,,32.76973342895508,,0.643889307975769,,53.16046905517578
,1022,,,,,,,,,,2454.78759765625,,32.815921783447266,,0.671475887298584,,49.545814514160156
,1023,,,,,,,,,,1824.209716796875,,25.682758331298828,,0.6557578444480896,,42.71076965332031
,1024,,,,,,,,,,1738.9708251953125,,26.813180923461914,,0.6953138113021851,,41.70096969604492
,1025,,,,,,,,,,1836.46875,,28.978538513183594,,0.5864748954772949,,42.85403823852539
,1026,,,,,,,,,,1047.2562255859375,,18.04068374633789,,0.695149838924408,,32.3613395690918
,1027,,,,,,,,,,1247.2962646484375,,20.790449142456055,,0.6869709491729736,,35.317081451416016
,1028,,,,,,,,,,1323.58935546875,,22.232892990112305,,0.7028458118438721,,36.381168365478516
,1029,,,,,,,,,,1251.9622802734375,,21.577564239501953,,0.7522047162055969,,35.383079528808594
,1030,,,,,,,,,,1638.870849609375,,25.452152252197266,,0.6482639312744141,,40.48297119140625
,1031,,,,,,,,,,4063.7177734375,,38.51161193847656,,0.543082594871521,,63.74729537963867
,1032,,,,,,,,,,1137.009521484375,,17.401012420654297,,0.630988359451294,,33.71957015991211
,1033,,,,,,,,,,1467.3895263671875,,24.64291000366211,,0.629853367805481,,38.306522369384766
,1034,,,,,,,,,,1812.833984375,,27.548683166503906,,0.6305437088012695,,42.577388763427734
,1035,,,,,,,,,,2062.50634765625,,31.40694808959961,,0.6410555839538574,,45.414825439453125
,1036,,,,,,,,,,1704.4244384765625,,28.1173038482666,,0.631073534488678,,41.28467559814453
,1037,,,,,,,,,,1501.214111328125,,24.52372169494629,,0.7633533477783203,,38.74550247192383
,1038,,,,,,,,,,1208.40234375,,20.347183227539062,,0.6996621489524841,,34.7620849609375
,1039,,,,,,,,,,1351.9461669921875,,20.351999282836914,,0.7627218961715698,,36.768821716308594
,1040,,,,,,,,,,2049.208984375,,30.309301376342773,,0.698306679725647,,45.268192291259766
,1041,,,,,,,,,,1719.988037109375,,25.158401489257812,,0.723586916923523,,41.472740173339844
,1042,,,,,,,,,,1368.900146484375,,21.936960220336914,,0.6623697876930237,,36.99864959716797
,1043,,,,,,,,,,1932.08837890625,,28.987220764160156,,0.6961385607719421,,43.95552444458008
,1044,,,,,,,,,,1930.317626953125,,26.425363540649414,,0.6366313099861145,,43.93537902832031
,1045,,,,,,,,,,1751.0997314453125,,26.37443733215332,,0.6271129846572876,,41.84614181518555
,1046,,,,,,,,,,1606.8067626953125,,23.773712158203125,,0.6873663067817688,,40.08499526977539
,1047,,,,,,,,,,1386.3369140625,,20.19758415222168,,0.678704559803009,,37.233543395996094
,1048,,,,,,,,,,1535.0467529296875,,23.870960235595703,,0.7498995661735535,,39.17967224121094
,1049,,,,,,,,,,2146.504638671875,,29.74971580505371,,0.656355619430542,,46.330387115478516
,1050,,,,,,,,,,1873.099365234375,,25.443668365478516,,0.7284185886383057,,43.279319763183594
,1051,,,,,,,,,,2043.5152587890625,,30.345645904541016,,0.6594761610031128,,45.205257415771484
,1052,,,,,,,,,,2165.7958984375,,29.463848114013672,,0.6619834899902344,,46.53811264038086
,1053,,,,,,,,,,1154.4498291015625,,18.342666625976562,,0.7118581533432007,,33.977195739746094
,1054,,,,,,,,,,1698.333740234375,,24.795522689819336,,0.7183452844619751,,41.210845947265625
,1055,,,,,,,,,,2431.590576171875,,33.11277770996094,,0.5954544544219971,,49.311161041259766
,1056,,,,,,,,,,1535.4361572265625,,22.60639762878418,,0.6504330635070801,,39.18464279174805
,1057,,,,,,,,,,1894.9761962890625,,25.749921798706055,,0.6799882650375366,,43.53132247924805
,1058,,,,,,,,,,1741.7344970703125,,25.878082275390625,,0.6111302375793457,,41.734092712402344
,1059,,,,,,,,,,2285.038330078125,,31.91888999938965,,0.6410156488418579,,47.80207061767578
,1060,,,,,,,,,,1825.8038330078125,,28.474937438964844,,0.6771008968353271,,42.72942352294922
,1061,,,,,,,,,,2540.67333984375,,32.98031234741211,,0.679378867149353,,50.405094146728516
,1062,,,,,,,,,,1871.1683349609375,,28.488582611083984,,0.6593037247657776,,43.25700378417969
,1063,,,,,,,,,,1711.77685546875,,23.558969497680664,,0.7381318211555481,,41.373626708984375
,1064,,,,,,,,,,1644.7969970703125,,22.625118255615234,,0.6826574802398682,,40.556095123291016
,1065,,,,,,,,,,1544.6483154296875,,24.568035125732422,,0.6442335247993469,,39.3020133972168
,1066,,,,,,,,,,1848.4068603515625,,26.54229736328125,,0.6677389144897461,,42.99310302734375
,1067,,,,,,,,,,2465.23681640625,,33.71577835083008,,0.6458116769790649,,49.65114974975586
,1068,,,,,,,,,,1502.2030029296875,,24.339717864990234,,0.5555363893508911,,38.758262634277344
,1069,,,,,,,,,,1785.214599609375,,26.409427642822266,,0.716964066028595,,42.25179672241211
,1070,,,,,,,,,,1532.5140380859375,,23.493465423583984,,0.6201770305633545,,39.1473388671875
,1071,,,,,,,,,,2171.771484375,,31.108196258544922,,0.6537753343582153,,46.60226821899414
,1072,,,,,,,,,,1474.40185546875,,24.208383560180664,,0.6625592708587646,,38.39794158935547
,1073,,,,,,,,,,1388.130126953125,,22.371618270874023,,0.7182087898254395,,37.25761795043945
,1074,,,,,,,,,,1916.2310791015625,,25.704853057861328,,0.7346073985099792,,43.774776458740234
,1075,,,,,,,,,,1757.7154541015625,,27.156734466552734,,0.6895715594291687,,41.92511749267578
,1076,,,,,,,,,,1807.376953125,,25.805828094482422,,0.7194726467132568,,42.51325607299805
,1077,,,,,,,,,,961.90234375,,16.8617000579834,,0.7980630397796631,,31.014551162719727
6,3233,,,,,,,,,1810.344970703125,,26.2427921295166,,0.6766861081123352,,42.24259567260742,
6,3233,1803.125244140625,,26.716943740844727,,0.6627997756004333,,42.18604278564453,,,,,,,,,
7,3249,,1700.7960205078125,,24.85322380065918,,0.7441911697387695,,41.24070739746094,,,,,,,,
7,3299,,1681.956787109375,,26.642593383789062,,0.6042354106903076,,41.01166534423828,,,,,,,,
7,3349,,1941.828369140625,,28.450519561767578,,0.6080885529518127,,44.06618118286133,,,,,,,,
7,3399,,2231.197509765625,,29.028621673583984,,0.6734448671340942,,47.23555374145508,,,,,,,,
7,3449,,1486.912841796875,,23.432743072509766,,0.5893688201904297,,38.560508728027344,,,,,,,,
7,3499,,2199.8017578125,,29.338245391845703,,0.680284857749939,,46.902042388916016,,,,,,,,
7,3549,,1962.843505859375,,28.683208465576172,,0.6525036096572876,,44.30398941040039,,,,,,,,
7,3599,,1843.60888671875,,27.544696807861328,,0.7070592641830444,,42.9372673034668,,,,,,,,
7,3649,,1554.127685546875,,25.04163360595703,,0.7678227424621582,,39.42242431640625,,,,,,,,
,1078,,,,,,,,,,2573.912841796875,,28.683210372924805,,0.668009877204895,,50.73374557495117
,1079,,,,,,,,,,1980.214599609375,,25.021013259887695,,0.7060274481773376,,44.499603271484375
,1080,,,,,,,,,,2350.7900390625,,30.415725708007812,,0.637661337852478,,48.484947204589844
,1081,,,,,,,,,,2322.0546875,,29.835735321044922,,0.6324057579040527,,48.18770217895508
,1082,,,,,,,,,,2170.7744140625,,26.54676628112793,,0.6348817348480225,,46.59157180786133
,1083,,,,,,,,,,2013.7218017578125,,27.282546997070312,,0.5947566032409668,,44.87451171875
,1084,,,,,,,,,,1415.4810791015625,,20.40306282043457,,0.7015520930290222,,37.62287902832031
,1085,,,,,,,,,,2106.565673828125,,27.435955047607422,,0.6953176259994507,,45.8973388671875
,1086,,,,,,,,,,2406.571533203125,,33.92347717285156,,0.5545004606246948,,49.05682373046875
,1087,,,,,,,,,,1329.8857421875,,20.286672592163086,,0.6685437560081482,,36.46759796142578
,1088,,,,,,,,,,1597.93994140625,,20.845775604248047,,0.7021459341049194,,39.974239349365234
,1089,,,,,,,,,,2175.717529296875,,29.308984756469727,,0.6602510213851929,,46.644588470458984
,1090,,,,,,,,,,1874.110107421875,,26.02642250061035,,0.7415157556533813,,43.290992736816406
,1091,,,,,,,,,,1566.7672119140625,,24.677135467529297,,0.6930420398712158,,39.5824089050293
,1092,,,,,,,,,,1277.9927978515625,,19.197193145751953,,0.7377398610115051,,35.7490234375
,1093,,,,,,,,,,1783.1322021484375,,27.294147491455078,,0.6668838262557983,,42.227149963378906
,1094,,,,,,,,,,1979.7496337890625,,25.055355072021484,,0.7099085450172424,,44.49437713623047
,1095,,,,,,,,,,1623.9366455078125,,21.372737884521484,,0.6806219816207886,,40.298095703125
,1096,,,,,,,,,,1626.4139404296875,,23.429576873779297,,0.7048529982566833,,40.32882308959961
,1097,,,,,,,,,,1658.8173828125,,24.24221420288086,,0.6332340240478516,,40.728580474853516
,1098,,,,,,,,,,1848.646484375,,26.19552993774414,,0.7173325419425964,,42.995887756347656
,1099,,,,,,,,,,2626.392333984375,,33.27992630004883,,0.6067278385162354,,51.24834060668945
,1100,,,,,,,,,,2308.1328125,,31.726778030395508,,0.665091872215271,,48.04302978515625
,1101,,,,,,,,,,2350.064208984375,,32.439796447753906,,0.6304572820663452,,48.47745895385742
,1102,,,,,,,,,,2041.3114013671875,,29.4968204498291,,0.6451065540313721,,45.18087387084961
,1103,,,,,,,,,,1516.2705078125,,25.776411056518555,,0.6700841784477234,,38.9393196105957
,1104,,,,,,,,,,1176.288818359375,,16.914039611816406,,0.7528899908065796,,34.29706573486328
,1105,,,,,,,,,,2627.841552734375,,32.803070068359375,,0.6237578392028809,,51.26247787475586
,1106,,,,,,,,,,2775.624267578125,,33.02995681762695,,0.5428794622421265,,52.6841926574707
,1107,,,,,,,,,,1313.83349609375,,20.496829986572266,,0.6792234182357788,,36.24684143066406
,1108,,,,,,,,,,1354.85400390625,,21.01209259033203,,0.6512868404388428,,36.80834197998047
,1109,,,,,,,,,,1392.5096435546875,,22.332210540771484,,0.7026052474975586,,37.31634521484375
,1110,,,,,,,,,,1270.1162109375,,20.6924991607666,,0.703758955001831,,35.63869094848633
,1111,,,,,,,,,,1843.9736328125,,25.144630432128906,,0.6821721792221069,,42.94151306152344
,1112,,,,,,,,,,1704.641845703125,,23.616378784179688,,0.694929838180542,,41.28730773925781
,1113,,,,,,,,,,1240.438720703125,,19.82118797302246,,0.6927101016044617,,35.21986389160156
,1114,,,,,,,,,,1553.514892578125,,22.591686248779297,,0.6289540529251099,,39.41465377807617
,1115,,,,,,,,,,2103.933349609375,,27.603540420532227,,0.6127347350120544,,45.868656158447266
,1116,,,,,,,,,,1853.3907470703125,,25.656221389770508,,0.7116634249687195,,43.051025390625
,1117,,,,,,,,,,1574.578125,,21.85603904724121,,0.7612530589103699,,39.68095397949219
,1118,,,,,,,,,,2051.341552734375,,30.679224014282227,,0.654012143611908,,45.2917366027832
,1119,,,,,,,,,,1613.197265625,,23.935138702392578,,0.6682903170585632,,40.16462707519531
,1120,,,,,,,,,,1534.5780029296875,,21.224143981933594,,0.6351678967475891,,39.17369079589844
,1121,,,,,,,,,,1706.291015625,,24.362844467163086,,0.6759351491928101,,41.307273864746094
,1122,,,,,,,,,,1836.9161376953125,,24.054359436035156,,0.6436581611633301,,42.85926055908203
,1123,,,,,,,,,,2024.6795654296875,,28.574533462524414,,0.6105316877365112,,44.99644088745117
,1124,,,,,,,,,,1658.880615234375,,23.995656967163086,,0.7083792686462402,,40.7293586730957
,1125,,,,,,,,,,2242.04833984375,,32.004119873046875,,0.6124536991119385,,47.35027313232422
,1126,,,,,,,,,,2149.8896484375,,30.159963607788086,,0.5766152143478394,,46.36690139770508
,1127,,,,,,,,,,2827.849609375,,36.485679626464844,,0.6553831100463867,,53.177528381347656
,1128,,,,,,,,,,1627.51171875,,22.09679412841797,,0.6870914697647095,,40.342430114746094
,1129,,,,,,,,,,2115.619140625,,27.755294799804688,,0.6857640743255615,,45.9958610534668
,1130,,,,,,,,,,1930.6845703125,,28.62679672241211,,0.6562858819961548,,43.93955612182617
,1131,,,,,,,,,,1690.109619140625,,23.65995979309082,,0.7421693205833435,,41.11094284057617
,1132,,,,,,,,,,1679.013671875,,24.891910552978516,,0.6315482258796692,,40.97576904296875
,1133,,,,,,,,,,1821.126953125,,28.936559677124023,,0.6866990327835083,,42.67466354370117
,1134,,,,,,,,,,1259.5343017578125,,22.87643814086914,,0.5838642120361328,,35.48991775512695
,1135,,,,,,,,,,1486.459716796875,,22.0560245513916,,0.7015010118484497,,38.55463409423828
,1136,,,,,,,,,,1859.972900390625,,26.206003189086914,,0.608634889125824,,43.127403259277344
,1137,,,,,,,,,,2185.590087890625,,28.348731994628906,,0.659125804901123,,46.75029373168945
,1138,,,,,,,,,,1730.19384765625,,24.47296905517578,,0.7232149839401245,,41.59560012817383
,1139,,,,,,,,,,2891.1240234375,,32.977134704589844,,0.6192269325256348,,53.76917266845703
,1140,,,,,,,,,,2148.844970703125,,30.552677154541016,,0.6913692355155945,,46.35563659667969
,1141,,,,,,,,,,1849.52587890625,,27.297605514526367,,0.6571797132492065,,43.0061149597168
,1142,,,,,,,,,,1563.76708984375,,24.71637725830078,,0.6702580451965332,,39.544498443603516
,1143,,,,,,,,,,1893.754638671875,,26.16924476623535,,0.7040740251541138,,43.51729202270508
,1144,,,,,,,,,,1847.7899169921875,,27.59941291809082,,0.66615891456604,,42.985923767089844
,1145,,,,,,,,,,1609.422119140625,,23.69175148010254,,0.7318471670150757,,40.11760330200195
,1146,,,,,,,,,,2413.95703125,,27.77061653137207,,0.6593302488327026,,49.13203811645508
,1147,,,,,,,,,,1887.5709228515625,,27.91093635559082,,0.6962566375732422,,43.44618606567383
,1148,,,,,,,,,,1521.7333984375,,21.948368072509766,,0.6956677436828613,,39.009403228759766
,1149,,,,,,,,,,1671.553955078125,,24.558475494384766,,0.7135728597640991,,40.8846435546875
,1150,,,,,,,,,,2514.27587890625,,33.42347717285156,,0.6468238830566406,,50.142555236816406
,1151,,,,,,,,,,2328.150634765625,,32.82260513305664,,0.6080549955368042,,48.25091552734375
,1152,,,,,,,,,,2021.8026123046875,,28.686256408691406,,0.6446380615234375,,44.96445846557617
,1153,,,,,,,,,,1884.4466552734375,,24.91031265258789,,0.7037956714630127,,43.410213470458984
,1154,,,,,,,,,,2194.958251953125,,30.20899200439453,,0.5565662384033203,,46.850379943847656
,1155,,,,,,,,,,1598.18359375,,24.497074127197266,,0.7178638577461243,,39.977291107177734
,1156,,,,,,,,,,1758.1627197265625,,25.353286743164062,,0.691002368927002,,41.930450439453125
,1157,,,,,,,,,,2027.7166748046875,,25.970169067382812,,0.5747441649436951,,45.03017807006836
,1158,,,,,,,,,,3651.926025390625,,43.77022933959961,,0.5671443939208984,,60.43117141723633
,1159,,,,,,,,,,1916.67529296875,,25.178171157836914,,0.6411067247390747,,43.779850006103516
,1160,,,,,,,,,,2637.30322265625,,31.777694702148438,,0.68677818775177,,51.354679107666016
,1161,,,,,,,,,,1724.746826171875,,25.200517654418945,,0.6992261409759521,,41.53007125854492
,1162,,,,,,,,,,1556.8756103515625,,22.80186653137207,,0.6235484480857849,,39.4572639465332
,1163,,,,,,,,,,2037.881591796875,,29.08339500427246,,0.6085811853408813,,45.14290237426758
,1164,,,,,,,,,,1567.822021484375,,23.076129913330078,,0.7461591958999634,,39.595733642578125
,1165,,,,,,,,,,3083.04150390625,,33.506591796875,,0.6511764526367188,,55.525146484375
,1166,,,,,,,,,,1955.7418212890625,,26.01401710510254,,0.5854449272155762,,44.22377014160156
,1167,,,,,,,,,,943.4461669921875,,16.674184799194336,,0.6704940795898438,,30.71556854248047
,1168,,,,,,,,,,2070.834228515625,,24.599084854125977,,0.6573379039764404,,45.50641632080078
,1169,,,,,,,,,,1554.8428955078125,,18.965370178222656,,0.5822543501853943,,39.431495666503906
,1170,,,,,,,,,,2426.588623046875,,32.14369201660156,,0.6581373810768127,,49.26041793823242
,1171,,,,,,,,,,2389.117919921875,,30.736408233642578,,0.6033198833465576,,48.878604888916016
,1172,,,,,,,,,,1920.563720703125,,27.45759391784668,,0.664034366607666,,43.82423782348633
,1173,,,,,,,,,,1931.2193603515625,,26.287443161010742,,0.6817483305931091,,43.945640563964844
,1174,,,,,,,,,,1580.297119140625,,21.175859451293945,,0.6753878593444824,,39.752952575683594
,1175,,,,,,,,,,2970.691650390625,,32.881011962890625,,0.6256611347198486,,54.504051208496094
,1176,,,,,,,,,,2527.386474609375,,32.70504379272461,,0.6617600321769714,,50.27311706542969
,1177,,,,,,,,,,1900.79248046875,,25.77045249938965,,0.6413061618804932,,43.598079681396484
,1178,,,,,,,,,,1968.963623046875,,28.243192672729492,,0.6550166606903076,,44.373008728027344
,1179,,,,,,,,,,2003.321533203125,,29.201955795288086,,0.5489040017127991,,44.758480072021484
,1180,,,,,,,,,,1084.053466796875,,17.89759635925293,,0.6844383478164673,,32.92496871948242
,1181,,,,,,,,,,1326.1651611328125,,20.6549072265625,,0.6671775579452515,,36.41654968261719
,1182,,,,,,,,,,1428.0941162109375,,22.348880767822266,,0.6793838739395142,,37.79013442993164
,1183,,,,,,,,,,1341.939208984375,,21.875825881958008,,0.7343959808349609,,36.63248825073242
,1184,,,,,,,,,,1706.56298828125,,25.43427085876465,,0.6337357759475708,,41.31056594848633
,1185,,,,,,,,,,4248.06884765625,,38.78490447998047,,0.5223544239997864,,65.17720794677734
,1186,,,,,,,,,,1135.49365234375,,16.236454010009766,,0.63148033618927,,33.697086334228516
,1187,,,,,,,,,,1579.3197021484375,,24.705867767333984,,0.6016191840171814,,39.74065399169922
,1188,,,,,,,,,,1949.6201171875,,27.787109375,,0.6026666164398193,,44.154502868652344
,1189,,,,,,,,,,2164.65283203125,,31.858823776245117,,0.6232787370681763,,46.52582931518555
,1190,,,,,,,,,,1867.7452392578125,,29.09250259399414,,0.5957223773002625,,43.2174186706543
,1191,,,,,,,,,,1610.48388671875,,24.860759735107422,,0.7461284399032593,,40.13083267211914
,1192,,,,,,,,,,1280.0552978515625,,20.652057647705078,,0.6818534135818481,,35.77785873413086
,1193,,,,,,,,,,1433.0928955078125,,20.42142677307129,,0.748479962348938,,37.8562126159668
,1194,,,,,,,,,,2064.98388671875,,29.903112411499023,,0.6959842443466187,,45.44209289550781
,1195,,,,,,,,,,1740.0997314453125,,25.08011245727539,,0.7203549146652222,,41.71450424194336
,1196,,,,,,,,,,1372.1812744140625,,21.489931106567383,,0.6615605354309082,,37.042964935302734
,1197,,,,,,,,,,1935.96044921875,,28.036535263061523,,0.695529580116272,,43.999549865722656
,1198,,,,,,,,,,2101.564453125,,27.07330322265625,,0.6043952703475952,,45.84282302856445
,1199,,,,,,,,,,1945.45849609375,,27.31016731262207,,0.5857253670692444,,44.10735321044922
,1200,,,,,,,,,,1788.88037109375,,24.780193328857422,,0.6519405841827393,,42.29515838623047
,1201,,,,,,,,,,1499.0828857421875,,19.914451599121094,,0.6525746583938599,,38.71799087524414
,1202,,,,,,,,,,1586.141845703125,,23.908021926879883,,0.741574764251709,,39.826393127441406
,1203,,,,,,,,,,2103.516845703125,,28.436206817626953,,0.6632376909255981,,45.864112854003906
,1204,,,,,,,,,,2075.906982421875,,26.580778121948242,,0.6990134716033936,,45.5621223449707
,1205,,,,,,,,,,2263.46435546875,,31.596960067749023,,0.6228246092796326,,47.57587814331055
,1206,,,,,,,,,,2319.2626953125,,29.644346237182617,,0.6380318403244019,,48.15872573852539
,1207,,,,,,,,,,1197.025390625,,18.097332000732422,,0.7012315988540649,,34.59805679321289
,1208,,,,,,,,,,1810.7574462890625,,25.101287841796875,,0.6997007131576538,,42.55299758911133
,1209,,,,,,,,,,2645.775634765625,,34.06784439086914,,0.5598203539848328,,51.43709945678711
,1210,,,,,,,,,,1724.9381103515625,,23.333633422851562,,0.6072897911071777,,41.53237533569336
,1211,,,,,,,,,,2071.797119140625,,26.349096298217773,,0.6501278877258301,,45.516998291015625
,1212,,,,,,,,,,1888.25439453125,,26.38222312927246,,0.5784173011779785,,43.45405197143555
,1213,,,,,,,,,,2412.286865234375,,32.07761764526367,,0.6210246086120605,,49.11503601074219
,1214,,,,,,,,,,1812.065673828125,,27.80974769592285,,0.6795305609703064,,42.568363189697266
,1215,,,,,,,,,,2719.11865234375,,33.69996643066406,,0.6568599343299866,,52.14516830444336
,1216,,,,,,,,,,2043.49072265625,,28.91289710998535,,0.627927839756012,,45.204986572265625
,1217,,,,,,,,,,1810.3375244140625,,23.922603607177734,,0.7230539917945862,,42.54806137084961
,1218,,,,,,,,,,1723.304931640625,,22.788005828857422,,0.6675103902816772,,41.5127067565918
,1219,,,,,,,,,,1668.9364013671875,,25.07901382446289,,0.6156072616577148,,40.85261917114258
,1220,,,,,,,,,,1954.3504638671875,,26.718093872070312,,0.6486949920654297,,44.208038330078125
,1221,,,,,,,,,,2619.099853515625,,33.9194221496582,,0.6237057447433472,,51.17714309692383
,1222,,,,,,,,,,1652.2315673828125,,25.02330780029297,,0.5111467242240906,,40.64765167236328
,1223,,,,,,,,,,1821.42919921875,,26.2441349029541,,0.7112224102020264,,42.67820358276367
,1224,,,,,,,,,,1556.1009521484375,,23.104572296142578,,0.6143311262130737,,39.44744873046875
,1225,,,,,,,,,,2251.46923828125,,30.965303421020508,,0.6410698890686035,,47.449649810791016
,1226,,,,,,,,,,1605.534912109375,,24.680700302124023,,0.6325473785400391,,40.06912612915039
,1227,,,,,,,,,,1523.0638427734375,,23.07670021057129,,0.69081711769104,,39.026451110839844
,1228,,,,,,,,,,1995.0546875,,25.505970001220703,,0.7236905097961426,,44.66603469848633
,1229,,,,,,,,,,1777.8160400390625,,26.57047462463379,,0.686021625995636,,42.164154052734375
,1230,,,,,,,,,,1943.8299560546875,,26.21822738647461,,0.6982934474945068,,44.08888626098633
,1231,,,,,,,,,,939.3388061523438,,15.914856910705566,,0.8027999401092529,,30.64863395690918
7,3695,,,,,,,,,1906.820556640625,,26.311786651611328,,0.6591606736183167,,43.35380935668945,
7,3695,1783.248291015625,,26.571104049682617,,0.6674028635025024,,41.92738723754883,,,,,,,,,
8,3699,,1888.3861083984375,,28.020200729370117,,0.6601554155349731,,43.45556640625,,,,,,,,
8,3749,,1894.987060546875,,27.43158531188965,,0.6807848215103149,,43.53144836425781,,,,,,,,
8,3799,,1948.2197265625,,25.387767791748047,,0.6857175230979919,,44.138641357421875,,,,,,,,
8,3849,,1940.894287109375,,29.59488868713379,,0.6614247560501099,,44.05558395385742,,,,,,,,
8,3899,,1862.1065673828125,,28.564651489257812,,0.7200482487678528,,43.15213394165039,,,,,,,,
8,3949,,1768.0792236328125,,28.802146911621094,,0.6077961325645447,,42.04853439331055,,,,,,,,
8,3999,,1813.5579833984375,,29.33374786376953,,0.5872023701667786,,42.58588790893555,,,,,,,,
8,4049,,2663.13818359375,,35.291358947753906,,0.6233482956886292,,51.60560607910156,,,,,,,,
8,4099,,1514.69482421875,,22.94066047668457,,0.7106097340583801,,38.9190788269043,,,,,,,,
8,4149,,2144.371826171875,,32.039642333984375,,0.612810492515564,,46.3073616027832,,,,,,,,
,1232,,,,,,,,,,2266.210693359375,,27.241987228393555,,0.7076981067657471,,47.604732513427734
,1233,,,,,,,,,,1924.833740234375,,25.178325653076172,,0.7142490148544312,,43.872928619384766
,1234,,,,,,,,,,2168.577880859375,,29.62871551513672,,0.6657465696334839,,46.5679931640625
,1235,,,,,,,,,,2243.413330078125,,30.009721755981445,,0.6448551416397095,,47.36468505859375
,1236,,,,,,,,,,2092.6708984375,,26.609756469726562,,0.648018479347229,,45.74571990966797
,1237,,,,,,,,,,1949.3883056640625,,27.658931732177734,,0.6077031493186951,,44.15187454223633
,1238,,,,,,,,,,1306.68359375,,20.45018196105957,,0.724491536617279,,36.14807891845703
,1239,,,,,,,,,,2040.5286865234375,,27.4641170501709,,0.7048689126968384,,45.172210693359375
,1240,,,,,,,,,,2283.103271484375,,33.8081169128418,,0.5773566961288452,,47.781829833984375
,1241,,,,,,,,,,1267.818359375,,20.831403732299805,,0.6840132474899292,,35.60643768310547
,1242,,,,,,,,,,1467.614501953125,,21.07646942138672,,0.7264384031295776,,38.30945587158203
,1243,,,,,,,,,,2009.2371826171875,,28.678504943847656,,0.6862477660179138,,44.82451248168945
,1244,,,,,,,,,,1895.099365234375,,27.006423950195312,,0.7386208772659302,,43.532737731933594
,1245,,,,,,,,,,1508.5601806640625,,24.701814651489258,,0.7044458389282227,,38.84019088745117
,1246,,,,,,,,,,1217.96923828125,,19.09531021118164,,0.7500574588775635,,34.8994140625
,1247,,,,,,,,,,1735.370361328125,,27.52310562133789,,0.6758064031600952,,41.65777587890625
,1248,,,,,,,,,,1785.3978271484375,,24.170196533203125,,0.7383868098258972,,42.25396728515625
,1249,,,,,,,,,,1467.4407958984375,,20.513633728027344,,0.7113998532295227,,38.30718994140625
,1250,,,,,,,,,,1682.2618408203125,,24.432193756103516,,0.6947182416915894,,41.01538848876953
,1251,,,,,,,,,,1516.6793212890625,,23.491722106933594,,0.6646608114242554,,38.9445686340332
,1252,,,,,,,,,,1774.4453125,,26.089874267578125,,0.728678286075592,,42.12416458129883
,1253,,,,,,,,,,2476.2890625,,32.72405242919922,,0.6292041540145874,,49.762325286865234
,1254,,,,,,,,,,2207.23779296875,,31.607099533081055,,0.6797316074371338,,46.98125076293945
,1255,,,,,,,,,,2276.03466796875,,32.66920471191406,,0.6420982480049133,,47.70780563354492
,1256,,,,,,,,,,1833.22314453125,,28.275836944580078,,0.6812838912010193,,42.81615447998047
,1257,,,,,,,,,,1493.8311767578125,,25.91525650024414,,0.6749666333198547,,38.65011215209961
,1258,,,,,,,,,,1032.9014892578125,,16.42096519470215,,0.7830122113227844,,32.13878631591797
,1259,,,,,,,,,,2393.583251953125,,31.731719970703125,,0.6572978496551514,,48.924259185791016
,1260,,,,,,,,,,2597.182373046875,,32.21915817260742,,0.5722672939300537,,50.96255874633789
,1261,,,,,,,,,,1242.4412841796875,,20.402299880981445,,0.6966540813446045,,35.2482795715332
,1262,,,,,,,,,,1304.954345703125,,21.174076080322266,,0.6641300320625305,,36.12415313720703
,1263,,,,,,,,,,1308.6190185546875,,22.217689514160156,,0.7205215096473694,,36.17483901977539
,1264,,,,,,,,,,1247.870849609375,,20.943771362304688,,0.7089474201202393,,35.32521438598633
,1265,,,,,,,,,,1615.969970703125,,24.206525802612305,,0.7214709520339966,,40.199127197265625
,1266,,,,,,,,,,1661.1204833984375,,23.689512252807617,,0.7027185559272766,,40.7568473815918
,1267,,,,,,,,,,1193.7913818359375,,19.82352066040039,,0.7042658925056458,,34.55128479003906
,1268,,,,,,,,,,1471.4920654296875,,22.867834091186523,,0.6485446095466614,,38.36003112792969
,1269,,,,,,,,,,1918.0679931640625,,27.17350196838379,,0.6469464302062988,,43.795753479003906
,1270,,,,,,,,,,1792.757080078125,,25.934560775756836,,0.7210963368415833,,42.34096145629883
,1271,,,,,,,,,,1489.5859375,,21.871156692504883,,0.7741401195526123,,38.59515380859375
,1272,,,,,,,,,,1984.8369140625,,30.558664321899414,,0.665229082107544,,44.551509857177734
,1273,,,,,,,,,,1512.6776123046875,,23.762462615966797,,0.6889594197273254,,38.893157958984375
,1274,,,,,,,,,,1504.9652099609375,,21.910978317260742,,0.6422080993652344,,38.793880462646484
,1275,,,,,,,,,,1539.9305419921875,,23.8843936920166,,0.7075309753417969,,39.241947174072266
,1276,,,,,,,,,,1714.459228515625,,23.702058792114258,,0.6674134731292725,,41.406028747558594
,1277,,,,,,,,,,1908.2491455078125,,28.605113983154297,,0.6329283118247986,,43.683509826660156
,1278,,,,,,,,,,1546.0633544921875,,23.68402862548828,,0.7282118201255798,,39.320011138916016
,1279,,,,,,,,,,2025.09375,,31.017131805419922,,0.6499550938606262,,45.001041412353516
,1280,,,,,,,,,,1965.54541015625,,29.251462936401367,,0.6129187345504761,,44.33447265625
,1281,,,,,,,,,,2653.63525390625,,36.121517181396484,,0.6766137480735779,,51.51344680786133
,1282,,,,,,,,,,1484.1474609375,,21.71915626525879,,0.7146549820899963,,38.52463150024414
,1283,,,,,,,,,,1956.9173583984375,,27.443065643310547,,0.7093362808227539,,44.237060546875
,1284,,,,,,,,,,1865.3880615234375,,28.786088943481445,,0.6679103970527649,,43.19013977050781
,1285,,,,,,,,,,1612.98291015625,,23.666889190673828,,0.7539352178573608,,40.16196060180664
,1286,,,,,,,,,,1577.14990234375,,24.98911476135254,,0.6539017558097839,,39.713348388671875
,1287,,,,,,,,,,1794.7364501953125,,28.916378021240234,,0.6912391185760498,,42.36433029174805
,1288,,,,,,,,,,1251.3363037109375,,23.6677188873291,,0.5865727663040161,,35.374229431152344
,1289,,,,,,,,,,1360.15283203125,,21.58669090270996,,0.7268649339675903,,36.8802490234375
,1290,,,,,,,,,,1758.044189453125,,25.773670196533203,,0.6300821304321289,,41.929039001464844
,1291,,,,,,,,,,1963.635986328125,,27.606998443603516,,0.6937427520751953,,44.312931060791016
,1292,,,,,,,,,,1616.864013671875,,24.169296264648438,,0.741344690322876,,40.21024703979492
,1293,,,,,,,,,,2639.401611328125,,32.140907287597656,,0.6523798108100891,,51.37510681152344
,1294,,,,,,,,,,2092.410400390625,,30.487154006958008,,0.6994746923446655,,45.74287414550781
,1295,,,,,,,,,,1796.906005859375,,27.45109748840332,,0.6669331789016724,,42.38992691040039
,1296,,,,,,,,,,1401.980712890625,,23.62746238708496,,0.7043728828430176,,37.44303512573242
,1297,,,,,,,,,,1900.026611328125,,26.54877281188965,,0.7030938863754272,,43.58929443359375
,1298,,,,,,,,,,1831.1578369140625,,28.061931610107422,,0.6691638231277466,,42.792030334472656
,1299,,,,,,,,,,1515.1395263671875,,23.735130310058594,,0.7475560307502747,,38.9247932434082
,1300,,,,,,,,,,2297.046875,,27.947711944580078,,0.6758291721343994,,47.92751693725586
,1301,,,,,,,,,,1693.7130126953125,,26.67129135131836,,0.7274518013000488,,41.154747009277344
,1302,,,,,,,,,,1438.1036376953125,,22.467470169067383,,0.7123928666114807,,37.92233657836914
,1303,,,,,,,,,,1651.9193115234375,,25.461444854736328,,0.7169373631477356,,40.6438102722168
,1304,,,,,,,,,,2414.72998046875,,33.052555084228516,,0.6608069539070129,,49.1399040222168
,1305,,,,,,,,,,2196.715576171875,,32.32334518432617,,0.630182147026062,,46.86913299560547
,1306,,,,,,,,,,1911.9046630859375,,28.243911743164062,,0.6639542579650879,,43.7253303527832
,1307,,,,,,,,,,1795.5355224609375,,24.758926391601562,,0.717771053314209,,42.37376022338867
,1308,,,,,,,,,,2000.6612548828125,,29.367509841918945,,0.5958188772201538,,44.72875213623047
,1309,,,,,,,,,,1485.33740234375,,24.18797492980957,,0.7377852201461792,,38.54007339477539
,1310,,,,,,,,,,1612.319580078125,,24.681127548217773,,0.7166343927383423,,40.1536979675293
,1311,,,,,,,,,,1866.867919921875,,25.711864471435547,,0.6084775924682617,,43.20726776123047
,1312,,,,,,,,,,3407.116943359375,,42.614768981933594,,0.5961611270904541,,58.370513916015625
,1313,,,,,,,,,,1680.1524658203125,,23.79454803466797,,0.6853951215744019,,40.989662170410156
,1314,,,,,,,,,,2472.986328125,,31.53435707092285,,0.7062934041023254,,49.729129791259766
,1315,,,,,,,,,,1671.6953125,,25.465803146362305,,0.7084776759147644,,40.88637161254883
,1316,,,,,,,,,,1506.661865234375,,22.630451202392578,,0.6356900930404663,,38.81574249267578
,1317,,,,,,,,,,1859.056884765625,,28.38498306274414,,0.6429283618927002,,43.116783142089844
,1318,,,,,,,,,,1437.7457275390625,,23.05994987487793,,0.7672194242477417,,37.91761779785156
,1319,,,,,,,,,,2822.41748046875,,32.6505012512207,,0.6806641221046448,,53.12643051147461
,1320,,,,,,,,,,1904.57470703125,,27.11136817932129,,0.5962907075881958,,43.64143371582031
,1321,,,,,,,,,,879.608154296875,,16.98137855529785,,0.6927900314331055,,29.658187866210938
,1322,,,,,,,,,,1887.1837158203125,,24.352766036987305,,0.6877266764640808,,43.44172668457031
,1323,,,,,,,,,,1309.126220703125,,17.72158432006836,,0.6482720375061035,,36.18185043334961
,1324,,,,,,,,,,2259.406982421875,,31.070171356201172,,0.6816902756690979,,47.53321838378906
,1325,,,,,,,,,,2181.364990234375,,29.763290405273438,,0.6378144025802612,,46.70508575439453
,1326,,,,,,,,,,1836.93408203125,,27.15618133544922,,0.6786637306213379,,42.859466552734375
,1327,,,,,,,,,,1897.4979248046875,,26.777873992919922,,0.6873053908348083,,43.560279846191406
,1328,,,,,,,,,,1409.433837890625,,20.4194393157959,,0.7104852199554443,,37.54242706298828
,1329,,,,,,,,,,2658.25146484375,,31.58786392211914,,0.665031909942627,,51.55823516845703
,1330,,,,,,,,,,2335.223876953125,,32.07124328613281,,0.6874771118164062,,48.324153900146484
,1331,,,,,,,,,,1764.79150390625,,25.593473434448242,,0.6669704914093018,,42.009422302246094
,1332,,,,,,,,,,1762.88818359375,,27.012691497802734,,0.6911232471466064,,41.98676300048828
,1333,,,,,,,,,,1868.1192626953125,,29.21784210205078,,0.5793480277061462,,43.221744537353516
,1334,,,,,,,,,,1027.166259765625,,17.761045455932617,,0.7009978890419006,,32.049434661865234
,1335,,,,,,,,,,1271.15771484375,,20.79230308532715,,0.6809825897216797,,35.653297424316406
,1336,,,,,,,,,,1289.4991455078125,,21.96299171447754,,0.7104992866516113,,35.90959548950195
,1337,,,,,,,,,,1170.8336181640625,,20.65663719177246,,0.7682621479034424,,34.217445373535156
,1338,,,,,,,,,,1596.9583740234375,,25.085601806640625,,0.6572592258453369,,39.96195983886719
,1339,,,,,,,,,,3956.126220703125,,37.2737922668457,,0.5551799535751343,,62.897743225097656
,1340,,,,,,,,,,1128.2059326171875,,16.899459838867188,,0.6338455677032471,,33.588775634765625
,1341,,,,,,,,,,1502.2169189453125,,24.670133590698242,,0.6210682392120361,,38.758445739746094
,1342,,,,,,,,,,1835.572021484375,,27.80288314819336,,0.625909686088562,,42.84357452392578
,1343,,,,,,,,,,2036.201171875,,31.309297561645508,,0.6456335783004761,,45.12428665161133
,1344,,,,,,,,,,1640.24609375,,27.577003479003906,,0.6449650526046753,,40.49995040893555
,1345,,,,,,,,,,1498.853271484375,,24.21901512145996,,0.7637255191802979,,38.71502685546875
,1346,,,,,,,,,,1163.490966796875,,19.856531143188477,,0.7108244895935059,,34.1099853515625
,1347,,,,,,,,,,1270.937744140625,,19.680850982666016,,0.7769395709037781,,35.65021514892578
,1348,,,,,,,,,,1998.7176513671875,,29.732406616210938,,0.7057402729988098,,44.7070198059082
,1349,,,,,,,,,,1613.2088623046875,,24.5428466796875,,0.7407470345497131,,40.164772033691406
,1350,,,,,,,,,,1370.782958984375,,21.985450744628906,,0.6619054079055786,,37.024085998535156
,1351,,,,,,,,,,2001.517822265625,,29.727664947509766,,0.6852192878723145,,44.73832702636719
,1352,,,,,,,,,,1759.50830078125,,25.488052368164062,,0.6687849760055542,,41.946495056152344
,1353,,,,,,,,,,1750.6334228515625,,26.1585750579834,,0.6272122859954834,,41.840572357177734
,1354,,,,,,,,,,1606.7559814453125,,24.042701721191406,,0.6873762011528015,,40.0843620300293
,1355,,,,,,,,,,1392.7117919921875,,20.241775512695312,,0.6772271394729614,,37.319053649902344
,1356,,,,,,,,,,1454.9339599609375,,23.0141658782959,,0.7629520893096924,,38.14359664916992
,1357,,,,,,,,,,2153.9404296875,,29.685680389404297,,0.6551651358604431,,46.41056823730469
,1358,,,,,,,,,,1954.248046875,,26.130765914916992,,0.7166528105735779,,44.206878662109375
,1359,,,,,,,,,,2027.81103515625,,30.040395736694336,,0.6620930433273315,,45.03122329711914
,1360,,,,,,,,,,2132.203125,,29.0543212890625,,0.6672263145446777,,46.175785064697266
,1361,,,,,,,,,,1129.473388671875,,18.19838523864746,,0.7180920839309692,,33.60763931274414
,1362,,,,,,,,,,1740.68603515625,,24.85089683532715,,0.7113214731216431,,41.72153091430664
,1363,,,,,,,,,,2454.691650390625,,33.233917236328125,,0.5916111469268799,,49.54484176635742
,1364,,,,,,,,,,1537.2662353515625,,22.434131622314453,,0.6500163078308105,,39.20798873901367
,1365,,,,,,,,,,1919.8145751953125,,25.739641189575195,,0.6757937669754028,,43.81568908691406
,1366,,,,,,,,,,1708.59326171875,,25.548316955566406,,0.6185295581817627,,41.33513259887695
,1367,,,,,,,,,,2357.775146484375,,32.397850036621094,,0.6295885443687439,,48.55692672729492
,1368,,,,,,,,,,1837.492431640625,,28.542213439941406,,0.6750338077545166,,42.86598205566406
,1369,,,,,,,,,,2300.749267578125,,31.705642700195312,,0.7096561789512634,,47.96612548828125
,1370,,,,,,,,,,1963.696044921875,,29.163480758666992,,0.642456591129303,,44.3136100769043
,1371,,,,,,,,,,1679.887451171875,,23.55720329284668,,0.7430102825164795,,40.98643112182617
,1372,,,,,,,,,,1618.224853515625,,22.366737365722656,,0.6877842545509338,,40.22716522216797
,1373,,,,,,,,,,1507.9178466796875,,24.275426864624023,,0.6526933908462524,,38.83191680908203
,1374,,,,,,,,,,1814.4302978515625,,26.21285629272461,,0.6738463640213013,,42.59613037109375
,1375,,,,,,,,,,2455.109375,,33.62043380737305,,0.6472667455673218,,49.5490608215332
,1376,,,,,,,,,,1432.1558837890625,,23.8448486328125,,0.5762615203857422,,37.843833923339844
,1377,,,,,,,,,,1742.4117431640625,,25.901718139648438,,0.7237502336502075,,41.74220275878906
,1378,,,,,,,,,,1512.0379638671875,,23.052392959594727,,0.6252518892288208,,38.88493347167969
,1379,,,,,,,,,,2157.2724609375,,30.923397064208984,,0.656086802482605,,46.44644546508789
,1380,,,,,,,,,,1437.9293212890625,,23.74417495727539,,0.6709066033363342,,37.920040130615234
,1381,,,,,,,,,,1393.86962890625,,22.223064422607422,,0.7170436382293701,,37.334564208984375
,1382,,,,,,,,,,1916.7008056640625,,25.728944778442383,,0.7345423698425293,,43.7801399230957
,1383,,,,,,,,,,1729.0408935546875,,26.772417068481445,,0.6946357488632202,,41.58173751831055
,1384,,,,,,,,,,1722.476318359375,,25.040428161621094,,0.7326502799987793,,41.50272750854492
,1385,,,,,,,,,,939.882568359375,,16.689151763916016,,0.8026857376098633,,30.65750503540039
8,4157,,,,,,,,,1785.3026123046875,,26.011314392089844,,0.6808741092681885,,41.95463562011719,
8,4157,1767.7276611328125,,26.39307975769043,,0.6702603101730347,,41.74361801147461,,,,,,,,,
9,4199,,1348.23974609375,,22.63857078552246,,0.7256117463111877,,36.7183837890625,,,,,,,,
9,4249,,1385.1885986328125,,24.579910278320312,,0.5889140367507935,,37.21812057495117,,,,,,,,
9,4299,,1279.0897216796875,,21.08791732788086,,0.6497634649276733,,35.764366149902344,,,,,,,,
9,4349,,2377.375732421875,,31.17734718322754,,0.6227402687072754,,48.758338928222656,,,,,,,,
9,4399,,1552.8985595703125,,22.67974853515625,,0.6854027509689331,,39.40683364868164,,,,,,,,
9,4449,,2822.109375,,32.060218811035156,,0.614797830581665,,53.12352752685547,,,,,,,,
9,4499,,1629.162841796875,,24.329378128051758,,0.6223617196083069,,40.36288833618164,,,,,,,,
9,4549,,2161.985107421875,,29.036394119262695,,0.6635202169418335,,46.49715042114258,,,,,,,,
9,4599,,1384.8148193359375,,22.12964630126953,,0.7498806715011597,,37.21310043334961,,,,,,,,
,1386,,,,,,,,,,2351.003662109375,,27.9293155670166,,0.6967612504959106,,48.48714828491211
,1387,,,,,,,,,,1879.498779296875,,24.794994354248047,,0.7209792137145996,,43.353187561035156
,1388,,,,,,,,,,2129.554443359375,,29.54637908935547,,0.6717614531517029,,46.1470947265625
,1389,,,,,,,,,,2201.70068359375,,30.226579666137695,,0.6514585018157959,,46.92228317260742
,1390,,,,,,,,,,2154.41748046875,,27.04606819152832,,0.6376329660415649,,46.41570281982422
,1391,,,,,,,,,,1953.180419921875,,27.83176040649414,,0.6069400310516357,,44.194801330566406
,1392,,,,,,,,,,1327.05517578125,,20.680599212646484,,0.7201962471008301,,36.428768157958984
,1393,,,,,,,,,,1972.539794921875,,27.270069122314453,,0.7147024869918823,,44.41328430175781
,1394,,,,,,,,,,2374.700927734375,,34.921607971191406,,0.5604002475738525,,48.73090744018555
,1395,,,,,,,,,,1270.994140625,,21.055849075317383,,0.683221697807312,,35.651004791259766
,1396,,,,,,,,,,1436.7366943359375,,20.58669090270996,,0.7321940064430237,,37.9043083190918
,1397,,,,,,,,,,1922.83154296875,,28.025205612182617,,0.6997404098510742,,43.850101470947266
,1398,,,,,,,,,,1851.281982421875,,26.6082763671875,,0.7446643114089966,,43.026527404785156
,1399,,,,,,,,,,1557.6500244140625,,25.01463508605957,,0.6948282718658447,,39.46707534790039
,1400,,,,,,,,,,1250.341552734375,,19.531999588012695,,0.7434142827987671,,35.36016845703125
,1401,,,,,,,,,,1744.9678955078125,,27.546924591064453,,0.6740134954452515,,41.7728157043457
,1402,,,,,,,,,,1800.6171875,,24.256879806518555,,0.736156702041626,,42.43368148803711
,1403,,,,,,,,,,1435.4805908203125,,20.651586532592773,,0.7176854610443115,,37.887733459472656
,1404,,,,,,,,,,1707.18408203125,,24.91094970703125,,0.6901955604553223,,41.318084716796875
,1405,,,,,,,,,,1487.670166015625,,23.142086029052734,,0.6710748672485352,,38.57032775878906
,1406,,,,,,,,,,1729.256591796875,,25.928375244140625,,0.7355878353118896,,41.58433151245117
,1407,,,,,,,,,,2410.79052734375,,32.44451904296875,,0.639011800289154,,49.09980010986328
,1408,,,,,,,,,,2250.461181640625,,32.13512420654297,,0.6734600067138672,,47.43902587890625
,1409,,,,,,,,,,2422.084716796875,,33.968414306640625,,0.6191321611404419,,49.21467971801758
,1410,,,,,,,,,,1837.442626953125,,28.645660400390625,,0.6805503368377686,,42.86540222167969
,1411,,,,,,,,,,1512.1497802734375,,26.065399169921875,,0.6709808111190796,,38.88637161254883
,1412,,,,,,,,,,1031.3162841796875,,16.48231315612793,,0.7833452224731445,,32.11411666870117
,1413,,,,,,,,,,2389.489013671875,,31.7930908203125,,0.6578840613365173,,48.88240051269531
,1414,,,,,,,,,,2529.668212890625,,32.06129455566406,,0.5833863019943237,,50.295806884765625
,1415,,,,,,,,,,1234.0106201171875,,20.513439178466797,,0.6987124681472778,,35.12848663330078
,1416,,,,,,,,,,1263.1654052734375,,20.822519302368164,,0.6748856902122498,,35.541038513183594
,1417,,,,,,,,,,1350.853271484375,,22.788188934326172,,0.7115016579627991,,36.75395584106445
,1418,,,,,,,,,,1263.7894287109375,,21.65740394592285,,0.7052346467971802,,35.5498161315918
,1419,,,,,,,,,,1693.0972900390625,,25.094186782836914,,0.7081772089004517,,41.14726257324219
,1420,,,,,,,,,,1636.326171875,,23.689769744873047,,0.7071558833122253,,40.45153045654297
,1421,,,,,,,,,,1213.615966796875,,19.983434677124023,,0.6993548274040222,,34.83699035644531
,1422,,,,,,,,,,1510.716552734375,,23.548734664916992,,0.6391761302947998,,38.86793899536133
,1423,,,,,,,,,,1881.444580078125,,27.387746810913086,,0.6536876559257507,,43.3756217956543
,1424,,,,,,,,,,1834.1395263671875,,26.45956802368164,,0.7146583795547485,,42.82685470581055
,1425,,,,,,,,,,1492.0556640625,,22.141422271728516,,0.7737656235694885,,38.62713623046875
,1426,,,,,,,,,,1950.4298095703125,,30.644489288330078,,0.6710323095321655,,44.16366958618164
,1427,,,,,,,,,,1570.6141357421875,,24.29701805114746,,0.6770463585853577,,39.63097381591797
,1428,,,,,,,,,,1461.4310302734375,,21.75214195251465,,0.6525579690933228,,38.228668212890625
,1429,,,,,,,,,,1546.0513916015625,,24.290512084960938,,0.7063684463500977,,39.31985855102539
,1430,,,,,,,,,,1628.205810546875,,23.373971939086914,,0.6841456890106201,,40.35103225708008
,1431,,,,,,,,,,1810.5184326171875,,27.9326114654541,,0.6517277956008911,,42.55018615722656
,1432,,,,,,,,,,1527.1116943359375,,23.45425033569336,,0.7315434217453003,,39.078277587890625
,1433,,,,,,,,,,2098.77001953125,,31.89239501953125,,0.6372199058532715,,45.81233596801758
,1434,,,,,,,,,,1977.5341796875,,29.613901138305664,,0.6105577349662781,,44.46947479248047
,1435,,,,,,,,,,2688.96630859375,,36.21022415161133,,0.6723081469535828,,51.85523986816406
,1436,,,,,,,,,,1439.329833984375,,21.405611038208008,,0.7232717275619507,,37.938499450683594
,1437,,,,,,,,,,1722.967529296875,,25.96621322631836,,0.7440851926803589,,41.508644104003906
,1438,,,,,,,,,,1881.441650390625,,28.877756118774414,,0.6650524139404297,,43.37559127807617
,1439,,,,,,,,,,1598.389892578125,,23.567052841186523,,0.7561613917350769,,39.9798698425293
,1440,,,,,,,,,,1566.1160888671875,,25.262187957763672,,0.6563230752944946,,39.57418441772461
,1441,,,,,,,,,,1849.8233642578125,,29.825702667236328,,0.681762158870697,,43.00957107543945
,1442,,,,,,,,,,1339.8026123046875,,24.791784286499023,,0.5573444366455078,,36.60331344604492
,1443,,,,,,,,,,1265.7298583984375,,21.01129722595215,,0.745826244354248,,35.57709884643555
,1444,,,,,,,,,,1757.00341796875,,25.73695945739746,,0.6303011178970337,,41.9166259765625
,1445,,,,,,,,,,1948.4718017578125,,27.716672897338867,,0.6961078643798828,,44.14149856567383
,1446,,,,,,,,,,1558.6806640625,,23.709182739257812,,0.7506524920463562,,39.48012924194336
,1447,,,,,,,,,,2608.991943359375,,32.2978515625,,0.6563849449157715,,51.07829284667969
,1448,,,,,,,,,,2115.9521484375,,30.63103675842285,,0.6960934996604919,,45.999481201171875
,1449,,,,,,,,,,1822.5367431640625,,27.641178131103516,,0.6621823310852051,,42.69117736816406
,1450,,,,,,,,,,1394.2786865234375,,23.846277236938477,,0.7059969902038574,,37.34004211425781
,1451,,,,,,,,,,1861.243896484375,,26.364505767822266,,0.7091542482376099,,43.14213562011719
,1452,,,,,,,,,,1803.3653564453125,,28.039966583251953,,0.6741850972175598,,42.46604919433594
,1453,,,,,,,,,,1490.438720703125,,23.233850479125977,,0.751671552658081,,38.606197357177734
,1454,,,,,,,,,,2261.36572265625,,28.02383804321289,,0.680864691734314,,47.5538215637207
,1455,,,,,,,,,,1767.16748046875,,27.24761390686035,,0.7156317234039307,,42.03769302368164
,1456,,,,,,,,,,1502.504150390625,,23.0018367767334,,0.6995133757591248,,38.762149810791016
,1457,,,,,,,,,,1750.4727783203125,,26.7058162689209,,0.700049877166748,,41.838653564453125
,1458,,,,,,,,,,2329.9248046875,,32.756019592285156,,0.6727193593978882,,48.26929473876953
,1459,,,,,,,,,,2154.126220703125,,31.924686431884766,,0.6373520493507385,,46.412567138671875
,1460,,,,,,,,,,1884.1361083984375,,27.936553955078125,,0.6688350439071655,,43.40663528442383
,1461,,,,,,,,,,1750.30615234375,,24.919538497924805,,0.7248803973197937,,41.83666229248047
,1462,,,,,,,,,,1998.7188720703125,,29.84627914428711,,0.5962112545967102,,44.707035064697266
,1463,,,,,,,,,,1476.656494140625,,24.11750602722168,,0.7393177151679993,,38.42729187011719
,1464,,,,,,,,,,1606.4608154296875,,24.676372528076172,,0.7176640629768372,,40.0806770324707
,1465,,,,,,,,,,1796.115234375,,25.275493621826172,,0.6233159303665161,,42.38059997558594
,1466,,,,,,,,,,3369.391845703125,,42.30337142944336,,0.6006325483322144,,58.04646682739258
,1467,,,,,,,,,,1656.4136962890625,,23.688203811645508,,0.6898401379585266,,40.69906234741211
,1468,,,,,,,,,,2452.667236328125,,31.152099609375,,0.7087066173553467,,49.524410247802734
,1469,,,,,,,,,,1634.9549560546875,,25.015642166137695,,0.7148847579956055,,40.43457794189453
,1470,,,,,,,,,,1493.2164306640625,,22.547107696533203,,0.63894122838974,,38.64215850830078
,1471,,,,,,,,,,1888.42919921875,,28.397090911865234,,0.6372867822647095,,43.456058502197266
,1472,,,,,,,,,,1533.818359375,,23.93181037902832,,0.7516646385192871,,39.16399383544922
,1473,,,,,,,,,,2952.366943359375,,34.10935592651367,,0.6659613251686096,,54.33568572998047
,1474,,,,,,,,,,1896.3463134765625,,27.092723846435547,,0.5980348587036133,,43.54705810546875
,1475,,,,,,,,,,890.0810546875,,17.198078155517578,,0.6891322731971741,,29.834226608276367
,1476,,,,,,,,,,1975.4417724609375,,24.81084632873535,,0.6731225252151489,,44.44594192504883
,1477,,,,,,,,,,1248.27001953125,,17.4823055267334,,0.6646224856376648,,35.33086395263672
,1478,,,,,,,,,,2114.78173828125,,29.89293098449707,,0.7020653486251831,,45.98675537109375
,1479,,,,,,,,,,2235.411865234375,,30.390201568603516,,0.6288406848907471,,47.28014373779297
,1480,,,,,,,,,,1826.020263671875,,27.15856170654297,,0.6805728673934937,,42.731956481933594
,1481,,,,,,,,,,1929.1390380859375,,27.04106330871582,,0.6820911765098572,,43.921966552734375
,1482,,,,,,,,,,1358.4964599609375,,20.10124969482422,,0.720948338508606,,36.8577880859375
,1483,,,,,,,,,,2614.707763671875,,31.44192123413086,,0.6705188751220703,,51.134212493896484
,1484,,,,,,,,,,2410.669189453125,,32.55683517456055,,0.6773803234100342,,49.098567962646484
,1485,,,,,,,,,,1779.7010498046875,,25.743289947509766,,0.6641570329666138,,42.18650436401367
,1486,,,,,,,,,,1703.71728515625,,26.692058563232422,,0.7014906406402588,,41.2761116027832
,1487,,,,,,,,,,1780.99951171875,,28.574447631835938,,0.5989651679992676,,42.20188903808594
,1488,,,,,,,,,,1047.9859619140625,,17.895061492919922,,0.6949374079704285,,32.37261199951172
,1489,,,,,,,,,,1333.8453369140625,,21.162334442138672,,0.6652501225471497,,36.521846771240234
,1490,,,,,,,,,,1299.6236572265625,,22.03783416748047,,0.7082263231277466,,36.05029296875
,1491,,,,,,,,,,1211.9012451171875,,21.233369827270508,,0.7601338028907776,,34.81237030029297
,1492,,,,,,,,,,1633.6663818359375,,25.525390625,,0.6493809223175049,,40.41864013671875
,1493,,,,,,,,,,4007.736083984375,,37.88052749633789,,0.5493770837783813,,63.30668258666992
,1494,,,,,,,,,,1114.0126953125,,16.978229522705078,,0.638451874256134,,33.3768310546875
,1495,,,,,,,,,,1440.9503173828125,,24.397563934326172,,0.636522650718689,,37.95985412597656
,1496,,,,,,,,,,1750.175048828125,,27.29924201965332,,0.6433136463165283,,41.8350944519043
,1497,,,,,,,,,,2007.111328125,,31.050386428833008,,0.6506961584091187,,44.80079650878906
,1498,,,,,,,,,,1556.2188720703125,,26.966529846191406,,0.6631529331207275,,39.44894027709961
,1499,,,,,,,,,,1483.8109130859375,,24.204174041748047,,0.7660967111587524,,38.520267486572266
,1500,,,,,,,,,,1186.103759765625,,20.213603973388672,,0.7052042484283447,,34.439857482910156
,1501,,,,,,,,,,1299.90380859375,,19.971303939819336,,0.7718558311462402,,36.05418014526367
,1502,,,,,,,,,,2053.764404296875,,30.00860595703125,,0.697636067867279,,45.318477630615234
,1503,,,,,,,,,,1640.3194580078125,,24.841909408569336,,0.736390233039856,,40.500858306884766
,1504,,,,,,,,,,1392.4610595703125,,22.35720443725586,,0.656558632850647,,37.31569290161133
,1505,,,,,,,,,,1974.3350830078125,,29.471466064453125,,0.6894943714141846,,44.43349075317383
,1506,,,,,,,,,,1831.581298828125,,25.75740623474121,,0.655217707157135,,42.79697799682617
,1507,,,,,,,,,,1708.86865234375,,26.1151065826416,,0.6361058950424194,,41.338462829589844
,1508,,,,,,,,,,1631.4560546875,,24.183015823364258,,0.6825703382492065,,40.39128875732422
,1509,,,,,,,,,,1396.572998046875,,20.84891128540039,,0.6763322353363037,,37.370750427246094
,1510,,,,,,,,,,1482.118408203125,,23.465497970581055,,0.7585229873657227,,38.498291015625
,1511,,,,,,,,,,2097.219970703125,,29.568016052246094,,0.6642458438873291,,45.795413970947266
,1512,,,,,,,,,,1813.7257080078125,,24.898910522460938,,0.7370271682739258,,42.587860107421875
,1513,,,,,,,,,,1917.00634765625,,29.41923713684082,,0.680557131767273,,43.78363037109375
,1514,,,,,,,,,,2094.12060546875,,29.25229263305664,,0.6731698513031006,,45.76156234741211
,1515,,,,,,,,,,1133.4581298828125,,18.280855178833008,,0.7170975208282471,,33.6668701171875
,1516,,,,,,,,,,1700.8717041015625,,24.73436737060547,,0.7179243564605713,,41.24162673950195
,1517,,,,,,,,,,2371.801513671875,,32.75682067871094,,0.6054016351699829,,48.701141357421875
,1518,,,,,,,,,,1484.78515625,,22.19468116760254,,0.6619645357131958,,38.53291320800781
,1519,,,,,,,,,,1851.408935546875,,25.348472595214844,,0.6873456239700317,,43.02799987792969
,1520,,,,,,,,,,1724.6376953125,,25.731645584106445,,0.6149473786354065,,41.52875900268555
,1521,,,,,,,,,,2298.808349609375,,32.18428039550781,,0.6388523578643799,,47.94588851928711
,1522,,,,,,,,,,1861.298095703125,,28.79395294189453,,0.6708236336708069,,43.142765045166016
,1523,,,,,,,,,,2415.607666015625,,32.49715805053711,,0.6951615810394287,,49.14883041381836
,1524,,,,,,,,,,1851.484130859375,,28.44403648376465,,0.6628877520561218,,43.02887725830078
,1525,,,,,,,,,,1694.7703857421875,,23.494722366333008,,0.7407335042953491,,41.16758728027344
,1526,,,,,,,,,,1646.733642578125,,22.748905181884766,,0.682283878326416,,40.57996368408203
,1527,,,,,,,,,,1529.899169921875,,24.377588272094727,,0.6476305723190308,,39.11392593383789
,1528,,,,,,,,,,1845.8905029296875,,26.568527221679688,,0.6681911945343018,,42.963829040527344
,1529,,,,,,,,,,2453.1298828125,,33.557579040527344,,0.6475511789321899,,49.52907943725586
,1530,,,,,,,,,,1366.2923583984375,,23.259536743164062,,0.5957489013671875,,36.9633903503418
,1531,,,,,,,,,,1732.2430419921875,,26.019161224365234,,0.7253624200820923,,41.62022399902344
,1532,,,,,,,,,,1509.6883544921875,,23.25481414794922,,0.6258342266082764,,38.85470962524414
,1533,,,,,,,,,,2145.3232421875,,31.13926124572754,,0.6579917669296265,,46.31763458251953
,1534,,,,,,,,,,1432.882568359375,,23.93437385559082,,0.6720616817474365,,37.85343551635742
,1535,,,,,,,,,,1391.8270263671875,,22.50201988220215,,0.7174582481384277,,37.30719757080078
,1536,,,,,,,,,,1914.250732421875,,25.567115783691406,,0.7348816394805908,,43.75215148925781
,1537,,,,,,,,,,1699.793212890625,,26.485851287841797,,0.6998012065887451,,41.22854995727539
,1538,,,,,,,,,,1674.60986328125,,24.637739181518555,,0.7400797605514526,,40.9219970703125
,1539,,,,,,,,,,978.6004638671875,,17.2003231048584,,0.794557511806488,,31.282590866088867
9,4619,,,,,,,,,1778.695556640625,,26.086143493652344,,0.6820247173309326,,41.87949752807617,
9,4619,1755.2330322265625,,26.214296340942383,,0.6729887127876282,,41.605377197265625,,,,,,,,,
10,4649,,1495.3826904296875,,24.32636833190918,,0.6650950908660889,,38.67018127441406,,,,,,,,
10,4699,,2093.571533203125,,27.956443786621094,,0.6756500005722046,,45.75556182861328,,,,,,,,
10,4749,,2546.399169921875,,31.658557891845703,,0.6714773178100586,,50.461856842041016,,,,,,,,
10,4799,,1361.247314453125,,20.66518783569336,,0.7332240343093872,,36.895084381103516,,,,,,,,
10,4849,,2017.0009765625,,28.59009552001953,,0.595032811164856,,44.911033630371094,,,,,,,,
10,4899,,1572.17626953125,,24.398056030273438,,0.6695246696472168,,39.65067672729492,,,,,,,,
10,4949,,1315.1007080078125,,23.415761947631836,,0.7529574036598206,,36.26431655883789,,,,,,,,
10,4999,,1137.706298828125,,19.019590377807617,,0.7002901434898376,,33.72990036010742,,,,,,,,
10,5049,,1543.2362060546875,,24.256717681884766,,0.7068453431129456,,39.2840461730957,,,,,,,,
,1540,,,,,,,,,,2335.799560546875,,28.026159286499023,,0.6987223625183105,,48.330108642578125
,1541,,,,,,,,,,1900.506103515625,,25.163442611694336,,0.7178605794906616,,43.59479522705078
,1542,,,,,,,,,,2146.3935546875,,29.727445602416992,,0.6691659688949585,,46.329185485839844
,1543,,,,,,,,,,2239.72412109375,,30.762540817260742,,0.6454391479492188,,47.32572555541992
,1544,,,,,,,,,,2044.812744140625,,26.67720603942871,,0.6560681462287903,,45.2196044921875
,1545,,,,,,,,,,1927.3304443359375,,28.345224380493164,,0.6121420860290527,,43.901371002197266
,1546,,,,,,,,,,1334.4976806640625,,20.884952545166016,,0.7186270952224731,,36.53077697753906
,1547,,,,,,,,,,2014.1533203125,,27.58650016784668,,0.7086837291717529,,44.87931823730469
,1548,,,,,,,,,,2346.142822265625,,35.05647277832031,,0.5656869411468506,,48.4370002746582
,1549,,,,,,,,,,1311.35205078125,,21.796329498291016,,0.6731630563735962,,36.21259689331055
,1550,,,,,,,,,,1497.6002197265625,,21.334308624267578,,0.7208490967750549,,38.6988410949707
,1551,,,,,,,,,,1940.39501953125,,28.445709228515625,,0.6969978213310242,,44.0499153137207
,1552,,,,,,,,,,1883.783447265625,,27.23257827758789,,0.740181565284729,,43.4025764465332
,1553,,,,,,,,,,1488.893310546875,,24.71141242980957,,0.708298921585083,,38.586181640625
,1554,,,,,,,,,,1318.6990966796875,,20.041399002075195,,0.7293864488601685,,36.31389617919922
,1555,,,,,,,,,,1748.492431640625,,27.724689483642578,,0.673354983329773,,41.814979553222656
,1556,,,,,,,,,,1792.81298828125,,24.16678237915039,,0.7373002767562866,,42.34162139892578
,1557,,,,,,,,,,1423.0672607421875,,20.64788246154785,,0.720126748085022,,37.72356033325195
,1558,,,,,,,,,,1735.5103759765625,,25.476552963256836,,0.685055136680603,,41.65945816040039
,1559,,,,,,,,,,1496.74853515625,,23.19162368774414,,0.6690675616264343,,38.687835693359375
,1560,,,,,,,,,,1792.4052734375,,26.274120330810547,,0.7259321212768555,,42.33680725097656
,1561,,,,,,,,,,2453.650634765625,,32.91699981689453,,0.6325939893722534,,49.53433609008789
,1562,,,,,,,,,,2215.332275390625,,32.06248474121094,,0.6785571575164795,,47.067317962646484
,1563,,,,,,,,,,2476.531982421875,,34.71709060668945,,0.61057049036026,,49.764766693115234
,1564,,,,,,,,,,1797.6304931640625,,28.307880401611328,,0.687471866607666,,42.39847183227539
,1565,,,,,,,,,,1531.8787841796875,,26.25486183166504,,0.666688084602356,,39.13922119140625
,1566,,,,,,,,,,1003.063720703125,,16.47461700439453,,0.7892804145812988,,31.671180725097656
,1567,,,,,,,,,,2334.291015625,,31.879852294921875,,0.6657870411872864,,48.31450271606445
,1568,,,,,,,,,,2517.2568359375,,32.432891845703125,,0.5854302644729614,,50.172271728515625
,1569,,,,,,,,,,1217.6614990234375,,20.418161392211914,,0.7027041912078857,,34.8950080871582
,1570,,,,,,,,,,1276.655517578125,,20.942466735839844,,0.6714136004447937,,35.730316162109375
,1571,,,,,,,,,,1339.58837890625,,22.767101287841797,,0.7139074802398682,,36.60038757324219
,1572,,,,,,,,,,1270.3502197265625,,21.781232833862305,,0.7037043571472168,,35.641971588134766
,1573,,,,,,,,,,1621.4061279296875,,24.685993194580078,,0.7205339670181274,,40.26668930053711
,1574,,,,,,,,,,1614.216064453125,,23.880884170532227,,0.7111127972602844,,40.17730712890625
,1575,,,,,,,,,,1224.0933837890625,,19.990005493164062,,0.6967592835426331,,34.98704528808594
,1576,,,,,,,,,,1553.47119140625,,23.9887638092041,,0.6289644837379456,,39.414100646972656
,1577,,,,,,,,,,1937.2154541015625,,27.96324348449707,,0.6434220671653748,,44.01380920410156
,1578,,,,,,,,,,1908.3836669921875,,27.461563110351562,,0.7031080722808838,,43.68505096435547
,1579,,,,,,,,,,1477.945068359375,,22.15143585205078,,0.7759051322937012,,38.44404983520508
,1580,,,,,,,,,,2033.9739990234375,,31.3963680267334,,0.6569414138793945,,45.0995979309082
,1581,,,,,,,,,,1640.022216796875,,25.189090728759766,,0.6627745628356934,,40.49718475341797
,1582,,,,,,,,,,1531.308349609375,,22.610675811767578,,0.635945200920105,,39.131935119628906
,1583,,,,,,,,,,1535.1142578125,,24.215906143188477,,0.70844566822052,,39.18053436279297
,1584,,,,,,,,,,1669.24365234375,,23.584077835083008,,0.6761848330497742,,40.85637664794922
,1585,,,,,,,,,,1888.8135986328125,,28.747652053833008,,0.6366669535636902,,43.46048355102539
,1586,,,,,,,,,,1536.4140625,,23.955181121826172,,0.7299081087112427,,39.19711685180664
,1587,,,,,,,,,,2111.505615234375,,32.20404052734375,,0.6350184679031372,,45.95112228393555
,1588,,,,,,,,,,1944.3729248046875,,29.58943748474121,,0.6170883178710938,,44.09504318237305
,1589,,,,,,,,,,2682.85400390625,,36.69536209106445,,0.6730530261993408,,51.79627227783203
,1590,,,,,,,,,,1439.1046142578125,,21.487165451049805,,0.7233150005340576,,37.93553161621094
,1591,,,,,,,,,,1829.2564697265625,,26.78257179260254,,0.7282979488372803,,42.76980972290039
,1592,,,,,,,,,,1912.4617919921875,,29.32537078857422,,0.6595300436019897,,43.73170471191406
,1593,,,,,,,,,,1636.9744873046875,,23.930694580078125,,0.750275194644928,,40.45954132080078
,1594,,,,,,,,,,1570.83447265625,,25.208314895629883,,0.6552876234054565,,39.63375473022461
,1595,,,,,,,,,,1843.176513671875,,29.888704299926758,,0.6829056739807129,,42.93223190307617
,1596,,,,,,,,,,1369.4068603515625,,25.095619201660156,,0.5475635528564453,,37.005496978759766
,1597,,,,,,,,,,1266.911376953125,,21.2214412689209,,0.745589017868042,,35.59370040893555
,1598,,,,,,,,,,1750.3553466796875,,25.97557830810547,,0.6317000389099121,,41.837249755859375
,1599,,,,,,,,,,1937.19873046875,,27.728322982788086,,0.6978660821914673,,44.01361846923828
,1600,,,,,,,,,,1575.4932861328125,,24.298925399780273,,0.7479629516601562,,39.69248580932617
,1601,,,,,,,,,,2595.557861328125,,32.420597076416016,,0.6581542491912842,,50.946617126464844
,1602,,,,,,,,,,2102.623291015625,,30.77814483642578,,0.6980078816413879,,45.8543701171875
,1603,,,,,,,,,,1853.65869140625,,28.037153244018555,,0.6564136743545532,,43.05413818359375
,1604,,,,,,,,,,1388.2750244140625,,23.965412139892578,,0.7072629928588867,,37.25956344604492
,1605,,,,,,,,,,1918.3282470703125,,26.924266815185547,,0.700234055519104,,43.79872512817383
,1606,,,,,,,,,,1908.40478515625,,29.114818572998047,,0.6552075743675232,,43.6852912902832
,1607,,,,,,,,,,1506.8497314453125,,23.794809341430664,,0.7489372491836548,,38.81816101074219
,1608,,,,,,,,,,2267.0703125,,28.410099029541016,,0.6800596117973328,,47.613765716552734
,1609,,,,,,,,,,1786.43310546875,,27.722209930419922,,0.712531566619873,,42.26621627807617
,1610,,,,,,,,,,1434.150390625,,22.892101287841797,,0.7131835222244263,,37.87017822265625
,1611,,,,,,,,,,1731.654296875,,26.729249954223633,,0.7032744884490967,,41.61315155029297
,1612,,,,,,,,,,2360.353515625,,33.23603820800781,,0.6684451103210449,,48.58346939086914
,1613,,,,,,,,,,2185.774658203125,,32.48104476928711,,0.6320240497589111,,46.75226974487305
,1614,,,,,,,,,,1855.983154296875,,28.008455276489258,,0.6737833023071289,,43.08112335205078
,1615,,,,,,,,,,1752.9361572265625,,25.00636863708496,,0.7244670391082764,,41.868080139160156
,1616,,,,,,,,,,2009.4957275390625,,29.967660903930664,,0.5940340757369995,,44.82740020751953
,1617,,,,,,,,,,1489.120849609375,,24.327978134155273,,0.7371172904968262,,38.58913040161133
,1618,,,,,,,,,,1628.515625,,25.115976333618164,,0.7137879133224487,,40.3548698425293
,1619,,,,,,,,,,1768.623779296875,,25.440488815307617,,0.6290815472602844,,42.05500793457031
,1620,,,,,,,,,,3440.578857421875,,43.17722702026367,,0.5921949148178101,,58.65644836425781
,1621,,,,,,,,,,1662.0198974609375,,23.89847755432129,,0.6887904405593872,,40.767879486083984
,1622,,,,,,,,,,2430.376708984375,,31.477731704711914,,0.7113540172576904,,49.298851013183594
,1623,,,,,,,,,,1712.83642578125,,26.031272888183594,,0.7013031840324402,,41.38642883300781
,1624,,,,,,,,,,1538.27880859375,,22.88945770263672,,0.6280452013015747,,39.22089767456055
,1625,,,,,,,,,,1829.7005615234375,,28.56597900390625,,0.6485668420791626,,42.77499771118164
,1626,,,,,,,,,,1484.4698486328125,,23.749881744384766,,0.7596544623374939,,38.5288200378418
,1627,,,,,,,,,,2835.650390625,,33.59735107421875,,0.6791669130325317,,53.250823974609375
,1628,,,,,,,,,,1926.5880126953125,,27.963228225708008,,0.5916246175765991,,43.892913818359375
,1629,,,,,,,,,,899.6781005859375,,17.535442352294922,,0.68578040599823,,29.994632720947266
,1630,,,,,,,,,,1905.861328125,,25.08899688720703,,0.684636116027832,,43.65616989135742
,1631,,,,,,,,,,1256.45361328125,,17.671157836914062,,0.6624237298965454,,35.44649124145508
,1632,,,,,,,,,,2325.751220703125,,31.601593017578125,,0.6723435521125793,,48.226043701171875
,1633,,,,,,,,,,2111.822509765625,,29.712779998779297,,0.6493609547615051,,45.95457077026367
,1634,,,,,,,,,,1931.7352294921875,,28.336191177368164,,0.6620801091194153,,43.95151138305664
,1635,,,,,,,,,,1891.4407958984375,,26.992815017700195,,0.6883035898208618,,43.49069595336914
,1636,,,,,,,,,,1354.35107421875,,20.235008239746094,,0.7217998504638672,,36.80150604248047
,1637,,,,,,,,,,2649.848388671875,,32.156219482421875,,0.6660908460617065,,51.47667694091797
,1638,,,,,,,,,,2385.26318359375,,32.676170349121094,,0.6807804107666016,,48.83915710449219
,1639,,,,,,,,,,1762.3807373046875,,25.62782859802246,,0.6674254536628723,,41.98072052001953
,1640,,,,,,,,,,1690.68212890625,,26.60891342163086,,0.7037745118141174,,41.11790466308594
,1641,,,,,,,,,,1929.772705078125,,29.89661979675293,,0.5654653310775757,,43.929176330566406
,1642,,,,,,,,,,1068.3424072265625,,18.237146377563477,,0.6890117526054382,,32.685508728027344
,1643,,,,,,,,,,1302.7169189453125,,21.21620750427246,,0.6730623245239258,,36.093170166015625
,1644,,,,,,,,,,1325.6754150390625,,22.504840850830078,,0.7023775577545166,,36.40982437133789
,1645,,,,,,,,,,1183.69970703125,,21.305559158325195,,0.7657155990600586,,34.404937744140625
,1646,,,,,,,,,,1580.414306640625,,25.29229164123535,,0.6608098745346069,,39.754425048828125
,1647,,,,,,,,,,3893.853759765625,,37.82643127441406,,0.562181830406189,,62.40074920654297
,1648,,,,,,,,,,1107.52783203125,,17.092647552490234,,0.6405565142631531,,33.279541015625
,1649,,,,,,,,,,1480.6229248046875,,25.103818893432617,,0.62651526927948,,38.47886276245117
,1650,,,,,,,,,,1747.578857421875,,27.383880615234375,,0.6438426971435547,,41.804054260253906
,1651,,,,,,,,,,1996.542724609375,,30.96681022644043,,0.6525354385375977,,44.68268966674805
,1652,,,,,,,,,,1598.6402587890625,,27.38347816467285,,0.6539707779884338,,39.98299789428711
,1653,,,,,,,,,,1488.0616455078125,,24.435632705688477,,0.7654266953468323,,38.575401306152344
,1654,,,,,,,,,,1144.831787109375,,19.944087982177734,,0.7154620885848999,,33.83536148071289
,1655,,,,,,,,,,1288.5787353515625,,19.982812881469727,,0.7738434076309204,,35.89677810668945
,1656,,,,,,,,,,2061.58740234375,,30.434932708740234,,0.6964843273162842,,45.40470504760742
,1657,,,,,,,,,,1577.2901611328125,,24.617647171020508,,0.7465194463729858,,39.715110778808594
,1658,,,,,,,,,,1442.5587158203125,,23.069141387939453,,0.6442024111747742,,37.98102951049805
,1659,,,,,,,,,,2033.02880859375,,30.12444496154785,,0.6802635192871094,,45.08911895751953
,1660,,,,,,,,,,1801.3602294921875,,26.018856048583984,,0.6609066128730774,,42.44243240356445
,1661,,,,,,,,,,1718.22265625,,26.24571418762207,,0.6341139674186707,,41.45145034790039
,1662,,,,,,,,,,1661.4427490234375,,24.63821029663086,,0.6767358779907227,,40.760799407958984
,1663,,,,,,,,,,1399.74560546875,,20.79521369934082,,0.6755969524383545,,37.41317367553711
,1664,,,,,,,,,,1471.8551025390625,,23.363332748413086,,0.7601951956748962,,38.36476135253906
,1665,,,,,,,,,,2178.20458984375,,30.316877365112305,,0.6512805819511414,,46.671241760253906
,1666,,,,,,,,,,2091.111572265625,,27.957427978515625,,0.696808934211731,,45.72867202758789
,1667,,,,,,,,,,1935.5587158203125,,29.715133666992188,,0.677465558052063,,43.9949836730957
,1668,,,,,,,,,,2138.577880859375,,29.633731842041016,,0.6662313938140869,,46.2447624206543
,1669,,,,,,,,,,1143.872314453125,,18.4366512298584,,0.7144981622695923,,33.82118225097656
,1670,,,,,,,,,,1713.0042724609375,,24.936180114746094,,0.7159122824668884,,41.38845443725586
,1671,,,,,,,,,,2301.788818359375,,32.34252166748047,,0.6170496940612793,,47.97696304321289
,1672,,,,,,,,,,1469.223876953125,,22.137346267700195,,0.6655073165893555,,38.3304557800293
,1673,,,,,,,,,,1988.36962890625,,26.617280960083008,,0.6642165780067444,,44.59113693237305
,1674,,,,,,,,,,1742.43994140625,,26.05435562133789,,0.6109727621078491,,41.7425422668457
,1675,,,,,,,,,,2477.565185546875,,34.05916976928711,,0.6107692718505859,,49.775146484375
,1676,,,,,,,,,,1880.3804931640625,,28.96446990966797,,0.667448878288269,,43.36335372924805
,1677,,,,,,,,,,2524.995361328125,,33.974647521972656,,0.6813573837280273,,50.249332427978516
,1678,,,,,,,,,,1939.4996337890625,,29.385238647460938,,0.6468621492385864,,44.03974914550781
,1679,,,,,,,,,,1862.1588134765625,,25.30527687072754,,0.7151263356208801,,43.15273666381836
,1680,,,,,,,,,,1643.863525390625,,22.757877349853516,,0.6828376054763794,,40.544586181640625
,1681,,,,,,,,,,1491.6341552734375,,24.312692642211914,,0.6564438343048096,,38.621681213378906
,1682,,,,,,,,,,1810.7178955078125,,26.598081588745117,,0.6745136976242065,,42.55253219604492
,1683,,,,,,,,,,2393.85205078125,,33.41539001464844,,0.6560677886009216,,48.927005767822266
,1684,,,,,,,,,,1401.7783203125,,23.925058364868164,,0.5852494239807129,,37.440330505371094
,1685,,,,,,,,,,1727.2310791015625,,26.118022918701172,,0.7261570692062378,,41.559967041015625
,1686,,,,,,,,,,1536.411865234375,,23.756650924682617,,0.619210958480835,,39.19709014892578
,1687,,,,,,,,,,2156.740234375,,31.331430435180664,,0.6561716198921204,,46.44071578979492
,1688,,,,,,,,,,1432.26904296875,,24.13739013671875,,0.6722021102905273,,37.84532928466797
,1689,,,,,,,,,,1398.682373046875,,22.656341552734375,,0.7160665988922119,,37.398963928222656
,1690,,,,,,,,,,1942.221435546875,,25.75510597229004,,0.7310078144073486,,44.070640563964844
,1691,,,,,,,,,,1767.0482177734375,,27.182273864746094,,0.6879233121871948,,42.03627395629883
,1692,,,,,,,,,,1671.249267578125,,24.90947151184082,,0.7406013607978821,,40.88091278076172
,1693,,,,,,,,,,1079.6820068359375,,18.638233184814453,,0.7733369469642639,,32.858516693115234
10,5081,,,,,,,,,1792.769775390625,,26.419504165649414,,0.6794511675834656,,42.047725677490234,
10,5081,1742.8641357421875,,26.146968841552734,,0.6744265556335449,,41.46651077270508,,,,,,,,,
11,5099,,1320.4617919921875,,21.678936004638672,,0.6470000743865967,,36.338157653808594,,,,,,,,
11,5149,,1299.837890625,,21.112354278564453,,0.7650787830352783,,36.05326461791992,,,,,,,,
11,5199,,2118.7060546875,,29.440414428710938,,0.6542136669158936,,46.02940368652344,,,,,,,,
11,5249,,1575.035400390625,,23.3558349609375,,0.6163108348846436,,39.68671417236328,,,,,,,,
11,5299,,1437.1748046875,,23.656585693359375,,0.6969794034957886,,37.91008758544922,,,,,,,,
11,5349,,1741.7247314453125,,25.538801193237305,,0.6157928705215454,,41.73397445678711,,,,,,,,
11,5399,,994.634765625,,19.53482437133789,,0.652652382850647,,31.537830352783203,,,,,,,,
11,5449,,1363.189453125,,22.403316497802734,,0.5831445455551147,,36.92139434814453,,,,,,,,
11,5499,,1445.19677734375,,22.74759292602539,,0.6448445916175842,,38.015743255615234,,,,,,,,
,1694,,,,,,,,,,2322.43115234375,,27.58256721496582,,0.700446605682373,,48.19160842895508
,1695,,,,,,,,,,1924.25830078125,,25.23200035095215,,0.7143344879150391,,43.86636734008789
,1696,,,,,,,,,,2299.8525390625,,30.468347549438477,,0.645512580871582,,47.9567756652832
,1697,,,,,,,,,,2187.445068359375,,29.579313278198242,,0.653715193271637,,46.7701301574707
,1698,,,,,,,,,,2054.328125,,26.548019409179688,,0.6544676423072815,,45.32469940185547
,1699,,,,,,,,,,1931.9642333984375,,27.898481369018555,,0.6112095713615417,,43.95411682128906
,1700,,,,,,,,,,1322.8092041015625,,20.50290870666504,,0.7210915088653564,,36.370445251464844
,1701,,,,,,,,,,2001.73486328125,,27.249364852905273,,0.7104798555374146,,44.740753173828125
,1702,,,,,,,,,,2302.40185546875,,34.342750549316406,,0.5737841129302979,,47.98335266113281
,1703,,,,,,,,,,1275.913818359375,,20.85835075378418,,0.6819955110549927,,35.71993637084961
,1704,,,,,,,,,,1487.3414306640625,,20.947805404663086,,0.722761332988739,,38.56606674194336
,1705,,,,,,,,,,1979.70361328125,,28.757307052612305,,0.6908595561981201,,44.49386215209961
,1706,,,,,,,,,,1829.4215087890625,,26.820493698120117,,0.7476793527603149,,42.77173614501953
,1707,,,,,,,,,,1439.8372802734375,,24.17441177368164,,0.7179099321365356,,37.945186614990234
,1708,,,,,,,,,,1276.3729248046875,,19.673593521118164,,0.7380722761154175,,35.72636032104492
,1709,,,,,,,,,,1753.0086669921875,,27.745452880859375,,0.6725113391876221,,41.86894607543945
,1710,,,,,,,,,,1894.40966796875,,24.802812576293945,,0.7224133610725403,,43.52481460571289
,1711,,,,,,,,,,1481.8914794921875,,21.154788970947266,,0.7085578441619873,,38.49534225463867
,1712,,,,,,,,,,1627.63427734375,,24.155780792236328,,0.7046315670013428,,40.34394836425781
,1713,,,,,,,,,,1612.5350341796875,,24.428096771240234,,0.6434670686721802,,40.1563835144043
,1714,,,,,,,,,,1741.724853515625,,25.768848419189453,,0.7336813807487488,,41.733978271484375
,1715,,,,,,,,,,2456.71630859375,,33.02494812011719,,0.6321349143981934,,49.56527328491211
,1716,,,,,,,,,,2179.92529296875,,31.65525245666504,,0.6836946606636047,,46.68967056274414
,1717,,,,,,,,,,2334.6064453125,,33.35785675048828,,0.6328879594802856,,48.31776428222656
,1718,,,,,,,,,,1798.2489013671875,,28.17585563659668,,0.6873643398284912,,42.405765533447266
,1719,,,,,,,,,,1499.9395751953125,,26.209630966186523,,0.6736375093460083,,38.72905349731445
,1720,,,,,,,,,,1062.881103515625,,16.740509033203125,,0.7767142057418823,,32.60186004638672
,1721,,,,,,,,,,2389.45263671875,,31.917695999145508,,0.6578892469406128,,48.88202667236328
,1722,,,,,,,,,,2471.144775390625,,32.108760833740234,,0.5930245518684387,,49.710609436035156
,1723,,,,,,,,,,1277.152587890625,,20.832199096679688,,0.6881791949272156,,35.73727035522461
,1724,,,,,,,,,,1312.1199951171875,,21.181684494018555,,0.6622856855392456,,36.22319793701172
,1725,,,,,,,,,,1335.6910400390625,,22.68254280090332,,0.7147397994995117,,36.54710388183594
,1726,,,,,,,,,,1292.420654296875,,21.86605453491211,,0.698556661605835,,35.950252532958984
,1727,,,,,,,,,,1611.358154296875,,24.163585662841797,,0.7222658395767212,,40.141727447509766
,1728,,,,,,,,,,1615.5228271484375,,23.65358543395996,,0.7108789682388306,,40.193565368652344
,1729,,,,,,,,,,1139.61767578125,,19.217220306396484,,0.7176861763000488,,33.75822448730469
,1730,,,,,,,,,,1499.5888671875,,23.43653678894043,,0.6418339014053345,,38.724525451660156
,1731,,,,,,,,,,1886.5413818359375,,27.352853775024414,,0.6527495384216309,,43.43433380126953
,1732,,,,,,,,,,1891.50439453125,,27.117902755737305,,0.7057340145111084,,43.49142837524414
,1733,,,,,,,,,,1508.7957763671875,,22.105504989624023,,0.7712273597717285,,38.84321975708008
,1734,,,,,,,,,,1988.26708984375,,30.861900329589844,,0.664650559425354,,44.589988708496094
,1735,,,,,,,,,,1556.2552490234375,,24.194578170776367,,0.6799988746643066,,39.44940185546875
,1736,,,,,,,,,,1446.989013671875,,21.825298309326172,,0.6559913754463196,,38.039310455322266
,1737,,,,,,,,,,1577.7928466796875,,24.53938865661621,,0.7003400325775146,,39.72144317626953
,1738,,,,,,,,,,1667.2977294921875,,23.602319717407227,,0.6765623092651367,,40.832557678222656
,1739,,,,,,,,,,1871.8839111328125,,28.24466896057129,,0.6399235725402832,,43.26527404785156
,1740,,,,,,,,,,1526.3629150390625,,23.532400131225586,,0.7316750288009644,,39.068695068359375
,1741,,,,,,,,,,2127.07666015625,,31.77419662475586,,0.6323269605636597,,46.120243072509766
,1742,,,,,,,,,,2018.7398681640625,,29.8255615234375,,0.6024429798126221,,44.930389404296875
,1743,,,,,,,,,,2791.70068359375,,37.02916717529297,,0.6597883701324463,,52.8365478515625
,1744,,,,,,,,,,1491.5172119140625,,21.989910125732422,,0.7132380604743958,,38.62016296386719
,1745,,,,,,,,,,1927.8355712890625,,27.33064842224121,,0.7136558294296265,,43.90712356567383
,1746,,,,,,,,,,1871.820068359375,,28.86603355407715,,0.6667653322219849,,43.2645378112793
,1747,,,,,,,,,,1630.6473388671875,,23.77206039428711,,0.7512404322624207,,40.38127517700195
,1748,,,,,,,,,,1540.6270751953125,,24.902591705322266,,0.6619164943695068,,39.250823974609375
,1749,,,,,,,,,,1753.8126220703125,,28.74991226196289,,0.6982795596122742,,41.87854766845703
,1750,,,,,,,,,,1302.4619140625,,24.22475242614746,,0.5696814060211182,,36.08963394165039
,1751,,,,,,,,,,1402.208740234375,,22.050153732299805,,0.7184196710586548,,37.44607925415039
,1752,,,,,,,,,,1706.4110107421875,,25.74024200439453,,0.6409465074539185,,41.3087272644043
,1753,,,,,,,,,,1960.15283203125,,27.590456008911133,,0.6942859888076782,,44.27361297607422
,1754,,,,,,,,,,1596.7515869140625,,24.22696876525879,,0.7445621490478516,,39.959373474121094
,1755,,,,,,,,,,2673.669189453125,,32.68231964111328,,0.6478666663169861,,51.70753479003906
,1756,,,,,,,,,,2120.322265625,,30.976179122924805,,0.6954658627510071,,46.046958923339844
,1757,,,,,,,,,,1827.1414794921875,,28.050506591796875,,0.6613287925720215,,42.74507522583008
,1758,,,,,,,,,,1402.4527587890625,,24.09241485595703,,0.7042733430862427,,37.449337005615234
,1759,,,,,,,,,,1858.132568359375,,26.412853240966797,,0.7096404433250427,,43.10606002807617
,1760,,,,,,,,,,1881.332763671875,,28.925607681274414,,0.660098671913147,,43.374332427978516
,1761,,,,,,,,,,1491.17236328125,,23.52830696105957,,0.7515493035316467,,38.615699768066406
,1762,,,,,,,,,,2295.980712890625,,28.641916275024414,,0.6759796142578125,,47.9163932800293
,1763,,,,,,,,,,1865.5594482421875,,28.335481643676758,,0.6997987031936646,,43.19212341308594
,1764,,,,,,,,,,1463.9127197265625,,23.180564880371094,,0.7072312831878662,,38.261112213134766
,1765,,,,,,,,,,1663.3223876953125,,25.767040252685547,,0.7149834036827087,,40.78384780883789
,1766,,,,,,,,,,2359.09326171875,,32.94454574584961,,0.6686221361160278,,48.57049560546875
,1767,,,,,,,,,,2176.64013671875,,32.083927154541016,,0.6335618495941162,,46.654476165771484
,1768,,,,,,,,,,1902.1776123046875,,28.514421463012695,,0.6656639575958252,,43.61396026611328
,1769,,,,,,,,,,1780.12109375,,25.044261932373047,,0.7201939821243286,,42.19148254394531
,1770,,,,,,,,,,2043.6168212890625,,30.020538330078125,,0.5871407985687256,,45.20637893676758
,1771,,,,,,,,,,1507.186279296875,,24.42300033569336,,0.7339280843734741,,38.8224983215332
,1772,,,,,,,,,,1617.4051513671875,,24.678863525390625,,0.7157405614852905,,40.216976165771484
,1773,,,,,,,,,,1832.373046875,,26.035472869873047,,0.6157119274139404,,42.80622863769531
,1774,,,,,,,,,,3434.134765625,,43.145023345947266,,0.5929586887359619,,58.60149383544922
,1775,,,,,,,,,,1702.969970703125,,23.92081069946289,,0.6811226010322571,,41.26705551147461
,1776,,,,,,,,,,2476.57177734375,,31.51004409790039,,0.7058675289154053,,49.765167236328125
,1777,,,,,,,,,,1774.089111328125,,26.256488800048828,,0.6906214952468872,,42.119937896728516
,1778,,,,,,,,,,1413.4200439453125,,22.08281898498535,,0.6582359075546265,,37.59547805786133
,1779,,,,,,,,,,1973.31298828125,,29.333189010620117,,0.6209830045700073,,44.42198944091797
,1780,,,,,,,,,,1498.5535888671875,,23.592880249023438,,0.7573741674423218,,38.71115493774414
,1781,,,,,,,,,,2913.015380859375,,33.999717712402344,,0.670413613319397,,53.97235870361328
,1782,,,,,,,,,,1938.1920166015625,,27.470069885253906,,0.5891649127006531,,44.02490234375
,1783,,,,,,,,,,903.9551391601562,,17.413909912109375,,0.6842866539955139,,30.065845489501953
,1784,,,,,,,,,,1878.0931396484375,,24.597206115722656,,0.6892309188842773,,43.336971282958984
,1785,,,,,,,,,,1271.8668212890625,,17.716737747192383,,0.6582826375961304,,35.66324234008789
,1786,,,,,,,,,,2307.9541015625,,31.73931312561035,,0.6748508810997009,,48.041168212890625
,1787,,,,,,,,,,2222.233642578125,,30.687786102294922,,0.6310287117958069,,47.14057159423828
,1788,,,,,,,,,,1870.590576171875,,27.674707412719727,,0.6727762222290039,,43.25032424926758
,1789,,,,,,,,,,1875.3868408203125,,26.865985870361328,,0.6909492015838623,,43.30573654174805
,1790,,,,,,,,,,1380.9500732421875,,20.40034294128418,,0.7163361310958862,,37.161136627197266
,1791,,,,,,,,,,2620.72265625,,31.726978302001953,,0.6697609424591064,,51.1929931640625
,1792,,,,,,,,,,2377.071044921875,,32.36745071411133,,0.6818767189979553,,48.75521469116211
,1793,,,,,,,,,,1760.7882080078125,,25.459041595458984,,0.6677259802818298,,41.96174621582031
,1794,,,,,,,,,,1672.008544921875,,26.209104537963867,,0.7070462703704834,,40.890201568603516
,1795,,,,,,,,,,1867.7347412109375,,29.355228424072266,,0.5794346332550049,,43.2172966003418
,1796,,,,,,,,,,1042.2335205078125,,17.84438133239746,,0.6966118812561035,,32.28364181518555
,1797,,,,,,,,,,1274.013671875,,20.955474853515625,,0.6802657842636108,,35.693328857421875
,1798,,,,,,,,,,1365.7564697265625,,22.73839569091797,,0.6933790445327759,,36.95614242553711
,1799,,,,,,,,,,1188.478759765625,,21.240659713745117,,0.7647696733474731,,34.47431945800781
,1800,,,,,,,,,,1575.3475341796875,,24.865915298461914,,0.6618973612785339,,39.69064712524414
,1801,,,,,,,,,,4022.109619140625,,37.88249206542969,,0.5477609038352966,,63.42010498046875
,1802,,,,,,,,,,1149.3570556640625,,17.39282989501953,,0.6269810199737549,,33.90217208862305
,1803,,,,,,,,,,1531.0325927734375,,25.410228729248047,,0.613799512386322,,39.12841033935547
,1804,,,,,,,,,,1819.1324462890625,,28.056791305541992,,0.6292600631713867,,42.65128707885742
,1805,,,,,,,,,,1992.0411376953125,,30.914379119873047,,0.6533188819885254,,44.63228988647461
,1806,,,,,,,,,,1844.877197265625,,29.428585052490234,,0.6006722450256348,,42.95203399658203
,1807,,,,,,,,,,1518.29736328125,,24.57788848876953,,0.7606604099273682,,38.965335845947266
,1808,,,,,,,,,,1164.55419921875,,19.968721389770508,,0.7105602025985718,,34.12556457519531
,1809,,,,,,,,,,1298.9464111328125,,20.022245407104492,,0.7720237970352173,,36.040897369384766
,1810,,,,,,,,,,1996.0048828125,,30.123287200927734,,0.7061396837234497,,44.67667007446289
,1811,,,,,,,,,,1651.1973876953125,,24.991552352905273,,0.7346420288085938,,40.63492965698242
,1812,,,,,,,,,,1335.2525634765625,,22.08283233642578,,0.6706687211990356,,36.541107177734375
,1813,,,,,,,,,,1949.2481689453125,,29.32869529724121,,0.6934398412704468,,44.150291442871094
,1814,,,,,,,,,,1807.046875,,25.863779067993164,,0.6598361730575562,,42.50937271118164
,1815,,,,,,,,,,1802.66015625,,27.03986358642578,,0.616133451461792,,42.45774459838867
,1816,,,,,,,,,,1619.828857421875,,24.237834930419922,,0.6848326325416565,,40.24709701538086
,1817,,,,,,,,,,1416.12646484375,,20.811880111694336,,0.6718005537986755,,37.63145446777344
,1818,,,,,,,,,,1463.597900390625,,23.14033317565918,,0.7615405321121216,,38.256996154785156
,1819,,,,,,,,,,2078.780517578125,,29.49765968322754,,0.6671978235244751,,45.59364700317383
,1820,,,,,,,,,,1829.7294921875,,25.279979705810547,,0.7347068190574646,,42.77533721923828
,1821,,,,,,,,,,1989.186279296875,,29.886613845825195,,0.6685292720794678,,44.60029602050781
,1822,,,,,,,,,,2171.838623046875,,29.806398391723633,,0.6610404253005981,,46.60299301147461
,1823,,,,,,,,,,1149.6259765625,,18.46826171875,,0.7130621671676636,,33.90613555908203
,1824,,,,,,,,,,1708.2237548828125,,24.68819808959961,,0.7167050838470459,,41.33066177368164
,1825,,,,,,,,,,2530.662109375,,33.89133834838867,,0.5789718627929688,,50.305686950683594
,1826,,,,,,,,,,1538.04345703125,,22.937284469604492,,0.6498394012451172,,39.2178955078125
,1827,,,,,,,,,,1945.1519775390625,,26.376976013183594,,0.6715148687362671,,44.103878021240234
,1828,,,,,,,,,,1685.6854248046875,,25.240394592285156,,0.6236441135406494,,41.057098388671875
,1829,,,,,,,,,,2272.275390625,,32.094364166259766,,0.643020749092102,,47.66838836669922
,1830,,,,,,,,,,1834.8424072265625,,28.8204402923584,,0.6755024194717407,,42.835060119628906
,1831,,,,,,,,,,2445.1240234375,,33.12468719482422,,0.691436767578125,,49.44819641113281
,1832,,,,,,,,,,1978.8238525390625,,29.585922241210938,,0.6397022008895874,,44.48397445678711
,1833,,,,,,,,,,1733.4112548828125,,24.041866302490234,,0.734822154045105,,41.634254455566406
,1834,,,,,,,,,,1590.7906494140625,,22.393041610717773,,0.6930773258209229,,39.88471603393555
,1835,,,,,,,,,,1567.6119384765625,,24.92357063293457,,0.6389445066452026,,39.59307861328125
,1836,,,,,,,,,,1808.4630126953125,,26.448944091796875,,0.6749190092086792,,42.52602767944336
,1837,,,,,,,,,,2453.00537109375,,33.60182571411133,,0.6475690007209778,,49.527828216552734
,1838,,,,,,,,,,1465.0841064453125,,24.052587509155273,,0.5665189027786255,,38.27641677856445
,1839,,,,,,,,,,1754.612548828125,,26.282333374023438,,0.721815824508667,,41.88809585571289
,1840,,,,,,,,,,1549.786376953125,,23.725862503051758,,0.6158962249755859,,39.36732482910156
,1841,,,,,,,,,,2126.575439453125,,31.052513122558594,,0.6609805226325989,,46.114803314208984
,1842,,,,,,,,,,1438.772216796875,,24.175689697265625,,0.6707137227058411,,37.93115234375
,1843,,,,,,,,,,1448.9166259765625,,23.072010040283203,,0.7058690786361694,,38.06463623046875
,1844,,,,,,,,,,1915.7606201171875,,25.797895431518555,,0.7346725463867188,,43.76940155029297
,1845,,,,,,,,,,1771.253662109375,,27.26685905456543,,0.6871806383132935,,42.086265563964844
,1846,,,,,,,,,,1788.1656494140625,,25.605077743530273,,0.7224544286727905,,42.28670883178711
,1847,,,,,,,,,,962.5341796875,,17.0087890625,,0.7979303598403931,,31.024734497070312
11,5543,,,,,,,,,1795.6510009765625,,26.289703369140625,,0.6789504885673523,,42.07868957519531,
11,5543,1747.9595947265625,,26.187475204467773,,0.6748855113983154,,41.514244079589844,,,,,,,,,
12,5549,,1864.2857666015625,,28.181421279907227,,0.5520914793014526,,43.17737579345703,,,,,,,,
12,5599,,1863.172607421875,,28.297103881835938,,0.6757084131240845,,43.164485931396484,,,,,,,,
12,5649,,1854.7440185546875,,24.630083084106445,,0.7138659954071045,,43.06673812866211,,,,,,,,
12,5699,,1558.1947021484375,,26.268985748291016,,0.7221194505691528,,39.473976135253906,,,,,,,,
12,5749,,1518.4510498046875,,22.856714248657227,,0.676996111869812,,38.967308044433594,,,,,,,,
12,5799,,2073.494873046875,,29.565200805664062,,0.6629695892333984,,45.53564453125,,,,,,,,
12,5849,,2050.450439453125,,26.753759384155273,,0.6488250494003296,,45.281898498535156,,,,,,,,
12,5899,,1076.701416015625,,19.51129913330078,,0.7215967178344727,,32.81312942504883,,,,,,,,
12,5949,,1551.7652587890625,,26.628978729248047,,0.6699495315551758,,39.392452239990234,,,,,,,,
12,5999,,2005.265380859375,,26.49027442932129,,0.7294063568115234,,44.780189514160156,,,,,,,,
,1848,,,,,,,,,,2384.6533203125,,28.175376892089844,,0.6924210786819458,,48.83291244506836
,1849,,,,,,,,,,1850.5709228515625,,24.67296028137207,,0.7252737283706665,,43.01826477050781
,1850,,,,,,,,,,2177.734619140625,,29.9450626373291,,0.6643352508544922,,46.666202545166016
,1851,,,,,,,,,,2231.64404296875,,30.49567222595215,,0.6467182636260986,,47.24028396606445
,1852,,,,,,,,,,2146.729736328125,,26.947444915771484,,0.6389259696006775,,46.33281326293945
,1853,,,,,,,,,,1943.520751953125,,28.495952606201172,,0.6088839173316956,,44.08538055419922
,1854,,,,,,,,,,1337.2279052734375,,20.695404052734375,,0.7180514335632324,,36.5681266784668
,1855,,,,,,,,,,1986.822265625,,27.500036239624023,,0.7126367092132568,,44.57378387451172
,1856,,,,,,,,,,2320.08984375,,34.54085922241211,,0.5705097913742065,,48.16731262207031
,1857,,,,,,,,,,1300.38720703125,,21.433048248291016,,0.6758958697319031,,36.060882568359375
,1858,,,,,,,,,,1587.33837890625,,22.01275062561035,,0.7041220664978027,,39.84141540527344
,1859,,,,,,,,,,1939.1614990234375,,28.341455459594727,,0.6971904039382935,,44.035911560058594
,1860,,,,,,,,,,1870.47412109375,,27.019794464111328,,0.7420172691345215,,43.24898147583008
,1861,,,,,,,,,,1506.7203369140625,,24.786561965942383,,0.7048062682151794,,38.816497802734375
,1862,,,,,,,,,,1355.9439697265625,,20.19332504272461,,0.7217433452606201,,36.823143005371094
,1863,,,,,,,,,,1771.3990478515625,,27.708974838256836,,0.6690757274627686,,42.08799362182617
,1864,,,,,,,,,,1771.5152587890625,,23.8690242767334,,0.7404209971427917,,42.08937072753906
,1865,,,,,,,,,,1405.6419677734375,,20.602283477783203,,0.7235537767410278,,37.49189376831055
,1866,,,,,,,,,,1686.4935302734375,,24.950117111206055,,0.6939502954483032,,41.06694030761719
,1867,,,,,,,,,,1457.1737060546875,,22.907793045043945,,0.6778175830841064,,38.172943115234375
,1868,,,,,,,,,,1748.5460205078125,,25.866905212402344,,0.7326383590698242,,41.81562042236328
,1869,,,,,,,,,,2398.75,,32.36981201171875,,0.6408147215843201,,48.97703552246094
,1870,,,,,,,,,,2201.647705078125,,31.679691314697266,,0.6805427670478821,,46.92171859741211
,1871,,,,,,,,,,2302.8173828125,,33.232826232910156,,0.6378867626190186,,47.98767852783203
,1872,,,,,,,,,,1965.251220703125,,29.611480712890625,,0.6583300828933716,,44.331153869628906
,1873,,,,,,,,,,1500.0989990234375,,25.69886589050293,,0.6736028790473938,,38.731109619140625
,1874,,,,,,,,,,989.9591674804688,,16.169740676879883,,0.7920333743095398,,31.4636173248291
,1875,,,,,,,,,,2231.430419921875,,30.903610229492188,,0.6805141568183899,,47.23801803588867
,1876,,,,,,,,,,2559.416748046875,,32.584110260009766,,0.5784869194030762,,50.59067916870117
,1877,,,,,,,,,,1239.8765869140625,,20.547428131103516,,0.6972802877426147,,35.21187973022461
,1878,,,,,,,,,,1278.539794921875,,20.788827896118164,,0.6709285974502563,,35.756675720214844
,1879,,,,,,,,,,1350.8502197265625,,22.8712215423584,,0.7115023136138916,,36.75391387939453
,1880,,,,,,,,,,1242.41748046875,,21.741840362548828,,0.7102193832397461,,35.24794387817383
,1881,,,,,,,,,,1594.4464111328125,,24.55335235595703,,0.7251807451248169,,39.930519104003906
,1882,,,,,,,,,,1554.3394775390625,,23.28864097595215,,0.7218285799026489,,39.425113677978516
,1883,,,,,,,,,,1211.66845703125,,19.988126754760742,,0.6998372673988342,,34.80902862548828
,1884,,,,,,,,,,1471.9267578125,,23.228851318359375,,0.6484407782554626,,38.36569595336914
,1885,,,,,,,,,,1866.6802978515625,,27.55447769165039,,0.6564052700996399,,43.20509719848633
,1886,,,,,,,,,,1886.3616943359375,,26.93409538269043,,0.7065340280532837,,43.43226623535156
,1887,,,,,,,,,,1490.996826171875,,22.377729415893555,,0.7739261388778687,,38.613426208496094
,1888,,,,,,,,,,1951.440185546875,,30.531715393066406,,0.6708618998527527,,44.17510986328125
,1889,,,,,,,,,,1549.6121826171875,,24.0988712310791,,0.6813648343086243,,39.3651123046875
,1890,,,,,,,,,,1489.3035888671875,,22.500802993774414,,0.6459314823150635,,38.591495513916016
,1891,,,,,,,,,,1574.9034423828125,,24.677438735961914,,0.7008887529373169,,39.685054779052734
,1892,,,,,,,,,,1559.07763671875,,23.088220596313477,,0.6975558400154114,,39.48515701293945
,1893,,,,,,,,,,1843.701904296875,,28.327402114868164,,0.6453446745872498,,42.93834686279297
,1894,,,,,,,,,,1552.6129150390625,,23.845468521118164,,0.7270604372024536,,39.4032096862793
,1895,,,,,,,,,,2080.7138671875,,31.948406219482422,,0.6403409242630005,,45.61484146118164
,1896,,,,,,,,,,1957.9683837890625,,29.58208656311035,,0.6144108772277832,,44.24893569946289
,1897,,,,,,,,,,2721.583740234375,,36.49537658691406,,0.6683331727981567,,52.168800354003906
,1898,,,,,,,,,,1405.911865234375,,21.18684196472168,,0.7296966910362244,,37.49549102783203
,1899,,,,,,,,,,1762.1219482421875,,26.14430809020996,,0.7382695078849792,,41.97763442993164
,1900,,,,,,,,,,1833.907470703125,,28.391637802124023,,0.6735148429870605,,42.82414627075195
,1901,,,,,,,,,,1585.4283447265625,,23.353986740112305,,0.7581387162208557,,39.81743621826172
,1902,,,,,,,,,,1572.994140625,,24.973209381103516,,0.6548137664794922,,39.66099166870117
,1903,,,,,,,,,,1846.874755859375,,30.029136657714844,,0.6822694540023804,,42.97528076171875
,1904,,,,,,,,,,1403.2391357421875,,25.04963493347168,,0.5363857746124268,,37.45983123779297
,1905,,,,,,,,,,1282.199462890625,,21.266746520996094,,0.7425189018249512,,35.80781555175781
,1906,,,,,,,,,,1745.2659912109375,,25.780385971069336,,0.6327708959579468,,41.77638244628906
,1907,,,,,,,,,,1901.9022216796875,,27.516748428344727,,0.7033710479736328,,43.61080551147461
,1908,,,,,,,,,,1512.5191650390625,,23.430580139160156,,0.7580370903015137,,38.891117095947266
,1909,,,,,,,,,,2547.189208984375,,31.749582290649414,,0.6645245552062988,,50.46968460083008
,1910,,,,,,,,,,2125.105224609375,,30.69510269165039,,0.6947789192199707,,46.09886169433594
,1911,,,,,,,,,,1794.27392578125,,27.37096405029297,,0.6674209833145142,,42.35887145996094
,1912,,,,,,,,,,1402.072509765625,,24.0373592376709,,0.7043535709381104,,37.44425964355469
,1913,,,,,,,,,,1868.6502685546875,,26.588380813598633,,0.7079969048500061,,43.22788619995117
,1914,,,,,,,,,,1835.703857421875,,28.554134368896484,,0.6683424711227417,,42.845115661621094
,1915,,,,,,,,,,1451.122314453125,,23.127004623413086,,0.758222222328186,,38.093597412109375
,1916,,,,,,,,,,2248.420654296875,,28.13062858581543,,0.6826915740966797,,47.41751480102539
,1917,,,,,,,,,,1809.2698974609375,,28.082366943359375,,0.7088567018508911,,42.53551483154297
,1918,,,,,,,,,,1465.8724365234375,,22.628089904785156,,0.706839382648468,,38.286712646484375
,1919,,,,,,,,,,1752.305419921875,,26.647062301635742,,0.6997358202934265,,41.86054611206055
,1920,,,,,,,,,,2308.919189453125,,32.725894927978516,,0.6756700277328491,,48.05121612548828
,1921,,,,,,,,,,2166.963134765625,,31.94611358642578,,0.6351909637451172,,46.55065155029297
,1922,,,,,,,,,,1851.527587890625,,27.66214370727539,,0.6745665073394775,,43.029380798339844
,1923,,,,,,,,,,1776.5975341796875,,25.28031349182129,,0.7207478284835815,,42.14970397949219
,1924,,,,,,,,,,1954.60888671875,,29.494888305664062,,0.6051225066184998,,44.210960388183594
,1925,,,,,,,,,,1483.8048095703125,,24.117557525634766,,0.7380558252334595,,38.52018737792969
,1926,,,,,,,,,,1731.7230224609375,,26.038494110107422,,0.6956491470336914,,41.613975524902344
,1927,,,,,,,,,,1734.9764404296875,,25.00057029724121,,0.6361380815505981,,41.65304946899414
,1928,,,,,,,,,,3277.24658203125,,41.966026306152344,,0.6115543842315674,,57.24724197387695
,1929,,,,,,,,,,1672.4820556640625,,23.71856117248535,,0.6868314146995544,,40.89598846435547
,1930,,,,,,,,,,2490.365966796875,,31.491806030273438,,0.7042292952537537,,49.903568267822266
,1931,,,,,,,,,,1701.16552734375,,25.981826782226562,,0.7033384442329407,,41.24518966674805
,1932,,,,,,,,,,1439.1317138671875,,22.223270416259766,,0.6520189046859741,,37.935890197753906
,1933,,,,,,,,,,1863.4765625,,28.5378360748291,,0.6420794725418091,,43.16800308227539
,1934,,,,,,,,,,1575.3277587890625,,24.237730026245117,,0.7449439764022827,,39.690399169921875
,1935,,,,,,,,,,2829.718017578125,,33.229576110839844,,0.6798381805419922,,53.19509506225586
,1936,,,,,,,,,,1927.3994140625,,27.757665634155273,,0.5914525985717773,,43.902156829833984
,1937,,,,,,,,,,917.995361328125,,17.436416625976562,,0.6793829798698425,,30.298437118530273
,1938,,,,,,,,,,1939.8245849609375,,24.897525787353516,,0.6790161728858948,,44.04343795776367
,1939,,,,,,,,,,1288.70654296875,,17.823801040649414,,0.6537582278251648,,35.8985595703125
,1940,,,,,,,,,,2173.724853515625,,30.72119140625,,0.6937613487243652,,46.62322235107422
,1941,,,,,,,,,,2217.264892578125,,30.452116012573242,,0.6318536996841431,,47.08784103393555
,1942,,,,,,,,,,1822.5093994140625,,27.281230926513672,,0.6811870336532593,,42.69085693359375
,1943,,,,,,,,,,1903.134521484375,,27.08662986755371,,0.6863765716552734,,43.62493133544922
,1944,,,,,,,,,,1344.947998046875,,20.346113204956055,,0.7237313985824585,,36.67353439331055
,1945,,,,,,,,,,2598.59716796875,,31.645051956176758,,0.6725490093231201,,50.976436614990234
,1946,,,,,,,,,,2410.216064453125,,32.69112777709961,,0.6774409413337708,,49.09395217895508
,1947,,,,,,,,,,1727.4091796875,,25.386554718017578,,0.6740248203277588,,41.56211471557617
,1948,,,,,,,,,,1660.35888671875,,26.174531936645508,,0.7090874910354614,,40.747501373291016
,1949,,,,,,,,,,1923.220458984375,,29.855642318725586,,0.5669406652450562,,43.85453796386719
,1950,,,,,,,,,,1104.8692626953125,,18.33835792541504,,0.6783790588378906,,33.23957061767578
,1951,,,,,,,,,,1297.462646484375,,21.11922264099121,,0.674380898475647,,36.02030944824219
,1952,,,,,,,,,,1334.8038330078125,,22.195266723632812,,0.7003281116485596,,36.53496551513672
,1953,,,,,,,,,,1214.75,,21.34016227722168,,0.7595699429512024,,34.85326385498047
,1954,,,,,,,,,,1626.939453125,,25.59519386291504,,0.6508246660232544,,40.33533477783203
,1955,,,,,,,,,,4006.250732421875,,38.9375114440918,,0.549544095993042,,63.29494857788086
,1956,,,,,,,,,,1213.2103271484375,,17.87587547302246,,0.6062577366828918,,34.83116912841797
,1957,,,,,,,,,,1418.5697021484375,,24.187164306640625,,0.6421681046485901,,37.66390609741211
,1958,,,,,,,,,,1759.35595703125,,27.247486114501953,,0.6414425373077393,,41.94467544555664
,1959,,,,,,,,,,1992.1181640625,,30.928390502929688,,0.6533055305480957,,44.63315200805664
,1960,,,,,,,,,,1534.149169921875,,26.936521530151367,,0.667930006980896,,39.168216705322266
,1961,,,,,,,,,,1532.920166015625,,24.78844451904297,,0.7583553194999695,,39.152523040771484
,1962,,,,,,,,,,1239.1829833984375,,20.799833297729492,,0.6920119524002075,,35.202030181884766
,1963,,,,,,,,,,1296.7894287109375,,20.03681182861328,,0.7724024057388306,,36.010963439941406
,1964,,,,,,,,,,2022.649169921875,,30.082365036010742,,0.7022169828414917,,44.973873138427734
,1965,,,,,,,,,,1617.9769287109375,,24.542049407958984,,0.7399808168411255,,40.224082946777344
,1966,,,,,,,,,,1417.037841796875,,22.767333984375,,0.6504969596862793,,37.64356231689453
,1967,,,,,,,,,,1997.0965576171875,,30.176958084106445,,0.6859146356582642,,44.68888473510742
,1968,,,,,,,,,,1849.448974609375,,26.13709259033203,,0.6518542766571045,,43.005218505859375
,1969,,,,,,,,,,1714.9925537109375,,26.250667572021484,,0.6348018646240234,,41.41246795654297
,1970,,,,,,,,,,1691.8125,,24.945463180541992,,0.6708269119262695,,41.131649017333984
,1971,,,,,,,,,,1388.143798828125,,20.54893684387207,,0.6782857775688171,,37.2578010559082
,1972,,,,,,,,,,1550.5777587890625,,23.862590789794922,,0.7473691701889038,,39.377376556396484
,1973,,,,,,,,,,2197.483154296875,,30.43663215637207,,0.6481941938400269,,46.8773193359375
,1974,,,,,,,,,,1789.073974609375,,25.008623123168945,,0.7406014800071716,,42.297447204589844
,1975,,,,,,,,,,1879.864501953125,,29.34148406982422,,0.6867462992668152,,43.35740280151367
,1976,,,,,,,,,,2153.151123046875,,29.84436798095703,,0.6639569997787476,,46.402061462402344
,1977,,,,,,,,,,1183.73291015625,,18.750568389892578,,0.7045493125915527,,34.405418395996094
,1978,,,,,,,,,,1708.667236328125,,24.72976303100586,,0.7166315317153931,,41.336029052734375
,1979,,,,,,,,,,2258.813232421875,,31.924589157104492,,0.6241995692253113,,47.526973724365234
,1980,,,,,,,,,,1476.9609375,,22.43425750732422,,0.6637458801269531,,38.43124771118164
,1981,,,,,,,,,,1832.1158447265625,,25.267292022705078,,0.6906037330627441,,42.80322265625
,1982,,,,,,,,,,1768.8876953125,,26.195680618286133,,0.6050678491592407,,42.05814743041992
,1983,,,,,,,,,,2294.6689453125,,32.29826354980469,,0.6395026445388794,,47.90270233154297
,1984,,,,,,,,,,1868.0167236328125,,28.78595733642578,,0.6696354150772095,,43.220558166503906
,1985,,,,,,,,,,2495.03759765625,,33.191524505615234,,0.6851378679275513,,49.95035171508789
,1986,,,,,,,,,,1992.648681640625,,29.51824188232422,,0.6371849775314331,,44.639095306396484
,1987,,,,,,,,,,1686.5234375,,23.685956954956055,,0.741995096206665,,41.06730270385742
,1988,,,,,,,,,,1673.2784423828125,,23.152067184448242,,0.6771623492240906,,40.905723571777344
,1989,,,,,,,,,,1473.5369873046875,,24.099184036254883,,0.6606119871139526,,38.38667678833008
,1990,,,,,,,,,,1784.6107177734375,,26.42514419555664,,0.6792066097259521,,42.244651794433594
,1991,,,,,,,,,,2395.357177734375,,33.29388427734375,,0.6558515429496765,,48.942386627197266
,1992,,,,,,,,,,1357.541748046875,,23.315927505493164,,0.5983378887176514,,36.84483337402344
,1993,,,,,,,,,,1723.665771484375,,26.087787628173828,,0.7267223000526428,,41.517051696777344
,1994,,,,,,,,,,1524.6015625,,23.430557250976562,,0.6221380233764648,,39.046146392822266
,1995,,,,,,,,,,2118.06689453125,,30.907344818115234,,0.6623369455337524,,46.0224609375
,1996,,,,,,,,,,1465.573486328125,,24.61684226989746,,0.6645798087120056,,38.28281021118164
,1997,,,,,,,,,,1408.056396484375,,22.666244506835938,,0.7141637206077576,,37.524078369140625
,1998,,,,,,,,,,1905.5782470703125,,25.3928165435791,,0.7360827922821045,,43.65292739868164
,1999,,,,,,,,,,1742.6507568359375,,27.034666061401367,,0.6922321319580078,,41.74506759643555
,2000,,,,,,,,,,1691.1583251953125,,25.16071319580078,,0.737511157989502,,41.123695373535156
,2001,,,,,,,,,,977.0065307617188,,17.2774715423584,,0.7948921322822571,,31.257102966308594
12,6005,,,,,,,,,1779.94873046875,,26.21084976196289,,0.6814112067222595,,41.90787124633789,
12,6005,1718.4107666015625,,25.864948272705078,,0.6785921454429626,,41.15953826904297,,,,,,,,,
13,6049,,1801.580810546875,,27.614927291870117,,0.6648348569869995,,42.44503402709961,,,,,,,,
13,6099,,2072.7060546875,,29.09834098815918,,0.6918416023254395,,45.526981353759766,,,,,,,,
13,6149,,2069.682373046875,,29.124073028564453,,0.638217031955719,,45.49375915527344,,,,,,,,
13,6199,,1923.697021484375,,26.021259307861328,,0.6022458076477051,,43.85997009277344,,,,,,,,
13,6249,,1745.9893798828125,,26.212764739990234,,0.5722871422767639,,41.785037994384766,,,,,,,,
13,6299,,1622.7818603515625,,26.3892879486084,,0.7007339000701904,,40.28376388549805,,,,,,,,
13,6349,,2128.647216796875,,30.458175659179688,,0.7069962024688721,,46.13726806640625,,,,,,,,
13,6399,,2021.9775390625,,29.26837730407715,,0.7368021011352539,,44.96640396118164,,,,,,,,
13,6449,,1132.4144287109375,,20.189699172973633,,0.7487819194793701,,33.6513671875,,,,,,,,
,2002,,,,,,,,,,2267.79541015625,,27.7984561920166,,0.7074936628341675,,47.621376037597656
,2003,,,,,,,,,,1860.1627197265625,,25.030813217163086,,0.7238497734069824,,43.12960433959961
,2004,,,,,,,,,,2131.496337890625,,29.58735466003418,,0.6714621782302856,,46.16813278198242
,2005,,,,,,,,,,2211.174072265625,,30.21489906311035,,0.6499587297439575,,47.02312088012695
,2006,,,,,,,,,,2023.896728515625,,26.265644073486328,,0.6595861911773682,,44.98773956298828
,2007,,,,,,,,,,1919.376708984375,,27.722681045532227,,0.6137427091598511,,43.810691833496094
,2008,,,,,,,,,,1277.0894775390625,,20.534643173217773,,0.7307313084602356,,35.73638916015625
,2009,,,,,,,,,,1981.006103515625,,27.311105728149414,,0.7134779691696167,,44.50849151611328
,2010,,,,,,,,,,2242.5205078125,,33.810272216796875,,0.5848692655563354,,47.35525894165039
,2011,,,,,,,,,,1284.955322265625,,21.567028045654297,,0.6797420382499695,,35.846275329589844
,2012,,,,,,,,,,1438.848876953125,,20.84667205810547,,0.7318003177642822,,37.93216323852539
,2013,,,,,,,,,,1903.728515625,,28.139543533325195,,0.702723503112793,,43.631736755371094
,2014,,,,,,,,,,1882.86865234375,,27.317428588867188,,0.7403077483177185,,43.392032623291016
,2015,,,,,,,,,,1482.7115478515625,,24.69500732421875,,0.7095100283622742,,38.50599670410156
,2016,,,,,,,,,,1295.904541015625,,20.020517349243164,,0.7340641617774963,,35.99867248535156
,2017,,,,,,,,,,1718.8594970703125,,27.715641021728516,,0.6788909435272217,,41.45913314819336
,2018,,,,,,,,,,1777.315185546875,,24.098299026489258,,0.7395711541175842,,42.1582145690918
,2019,,,,,,,,,,1446.412109375,,20.581071853637695,,0.7155355215072632,,38.03172302246094
,2020,,,,,,,,,,1666.756103515625,,24.434873580932617,,0.697532057762146,,40.825923919677734
,2021,,,,,,,,,,1491.04931640625,,23.529369354248047,,0.6703276634216309,,38.61410903930664
,2022,,,,,,,,,,1784.841796875,,26.351125717163086,,0.7270885705947876,,42.24738693237305
,2023,,,,,,,,,,2306.96044921875,,31.704662322998047,,0.6545591354370117,,48.030826568603516
,2024,,,,,,,,,,2182.697998046875,,31.551128387451172,,0.6832923293113708,,46.71935272216797
,2025,,,,,,,,,,2329.876708984375,,33.38605880737305,,0.633631706237793,,48.268795013427734
,2026,,,,,,,,,,1806.2032470703125,,28.14022445678711,,0.6859814524650574,,42.49945068359375
,2027,,,,,,,,,,1437.72900390625,,25.665729522705078,,0.68717360496521,,37.917396545410156
,2028,,,,,,,,,,984.8043823242188,,16.710582733154297,,0.7931162118911743,,31.381593704223633
,2029,,,,,,,,,,2369.3642578125,,31.679866790771484,,0.6607654094696045,,48.676116943359375
,2030,,,,,,,,,,2562.4404296875,,32.236732482910156,,0.5779889822006226,,50.62055206298828
,2031,,,,,,,,,,1229.8416748046875,,20.685184478759766,,0.6997302770614624,,35.06909942626953
,2032,,,,,,,,,,1241.717529296875,,20.846885681152344,,0.6804059743881226,,35.238014221191406
,2033,,,,,,,,,,1268.80322265625,,21.89345932006836,,0.7290248870849609,,35.620262145996094
,2034,,,,,,,,,,1288.3126220703125,,21.384544372558594,,0.6995148062705994,,35.893070220947266
,2035,,,,,,,,,,1570.9315185546875,,23.98926544189453,,0.7292337417602539,,39.63497543334961
,2036,,,,,,,,,,1567.2119140625,,23.545177459716797,,0.7195248603820801,,39.58802795410156
,2037,,,,,,,,,,1141.4749755859375,,19.60849380493164,,0.7172260880470276,,33.78572082519531
,2038,,,,,,,,,,1530.6375732421875,,23.67351531982422,,0.6344181299209595,,39.12336349487305
,2039,,,,,,,,,,1854.7930908203125,,27.211788177490234,,0.6585932970046997,,43.06731033325195
,2040,,,,,,,,,,1837.0467529296875,,26.561866760253906,,0.7142060995101929,,42.860782623291016
,2041,,,,,,,,,,1435.58642578125,,21.755176544189453,,0.7823278307914734,,37.88913345336914
,2042,,,,,,,,,,1975.7239990234375,,30.73554801940918,,0.6667661070823669,,44.44911575317383
,2043,,,,,,,,,,1538.376708984375,,24.220096588134766,,0.6836751103401184,,39.222145080566406
,2044,,,,,,,,,,1410.961181640625,,21.626253128051758,,0.6645566821098328,,37.56276321411133
,2045,,,,,,,,,,1501.29052734375,,23.83740234375,,0.7148696184158325,,38.746490478515625
,2046,,,,,,,,,,1629.69677734375,,23.44851303100586,,0.6838564872741699,,40.369503021240234
,2047,,,,,,,,,,1815.9210205078125,,27.99061393737793,,0.6506885886192322,,42.613624572753906
,2048,,,,,,,,,,1509.4122314453125,,23.70233154296875,,0.7346548438072205,,38.85115432739258
,2049,,,,,,,,,,1974.2210693359375,,30.983064651489258,,0.6587486267089844,,44.43220901489258
,2050,,,,,,,,,,1929.757568359375,,29.35151481628418,,0.6199665069580078,,43.92900466918945
,2051,,,,,,,,,,2741.50830078125,,36.842071533203125,,0.6659051179885864,,52.359413146972656
,2052,,,,,,,,,,1454.5152587890625,,21.67461395263672,,0.7203521132469177,,38.13810729980469
,2053,,,,,,,,,,1861.9588623046875,,27.003650665283203,,0.7234405875205994,,43.150421142578125
,2054,,,,,,,,,,1818.1182861328125,,28.741596221923828,,0.6763256788253784,,42.63939666748047
,2055,,,,,,,,,,1602.72314453125,,23.76526641845703,,0.7555003762245178,,40.03402328491211
,2056,,,,,,,,,,1531.4881591796875,,24.90890121459961,,0.6639220714569092,,39.13423156738281
,2057,,,,,,,,,,1797.008056640625,,29.255062103271484,,0.6908483505249023,,42.39113235473633
,2058,,,,,,,,,,1287.591064453125,,24.495328903198242,,0.5745945572853088,,35.883018493652344
,2059,,,,,,,,,,1260.8695068359375,,21.155933380126953,,0.7468022704124451,,35.508724212646484
,2060,,,,,,,,,,1714.8094482421875,,25.757740020751953,,0.6391793489456177,,41.41025924682617
,2061,,,,,,,,,,1922.151611328125,,27.4229679107666,,0.700212836265564,,43.842350006103516
,2062,,,,,,,,,,1590.2603759765625,,24.58662223815918,,0.7456005811691284,,39.87806701660156
,2063,,,,,,,,,,2568.6220703125,,31.94550132751465,,0.6617017984390259,,50.681575775146484
,2064,,,,,,,,,,2120.836181640625,,30.764219284057617,,0.6953920125961304,,46.05253601074219
,2065,,,,,,,,,,1754.128173828125,,27.178510665893555,,0.674862265586853,,41.8823127746582
,2066,,,,,,,,,,1373.78369140625,,23.76043701171875,,0.7103186845779419,,37.06459045410156
,2067,,,,,,,,,,1859.5765380859375,,26.405311584472656,,0.7094148397445679,,43.122806549072266
,2068,,,,,,,,,,1792.3275146484375,,27.95865821838379,,0.6761792898178101,,42.33588790893555
,2069,,,,,,,,,,1472.3856201171875,,23.51092529296875,,0.7546794414520264,,38.37167739868164
,2070,,,,,,,,,,2229.13232421875,,28.02846336364746,,0.6854135990142822,,47.213687896728516
,2071,,,,,,,,,,1778.5548095703125,,27.279199600219727,,0.713799238204956,,42.172916412353516
,2072,,,,,,,,,,1441.42822265625,,22.463237762451172,,0.7117279767990112,,37.96614456176758
,2073,,,,,,,,,,1679.0633544921875,,26.081785202026367,,0.712286114692688,,40.976375579833984
,2074,,,,,,,,,,2268.5712890625,,32.29841613769531,,0.6813375949859619,,47.629520416259766
,2075,,,,,,,,,,2140.376708984375,,32.081443786621094,,0.6396667957305908,,46.26420593261719
,2076,,,,,,,,,,1871.7440185546875,,27.969751358032227,,0.6710131168365479,,43.26365661621094
,2077,,,,,,,,,,1746.17919921875,,24.896636962890625,,0.7255290746688843,,41.78730773925781
,2078,,,,,,,,,,1930.9761962890625,,29.228954315185547,,0.6098968982696533,,43.942874908447266
,2079,,,,,,,,,,1404.5670166015625,,23.600017547607422,,0.7520440816879272,,37.47755432128906
,2080,,,,,,,,,,1605.3577880859375,,24.816804885864258,,0.7178578972816467,,40.066917419433594
,2081,,,,,,,,,,1761.6942138671875,,25.104787826538086,,0.6305347681045532,,41.97254180908203
,2082,,,,,,,,,,3310.9326171875,,42.470619201660156,,0.6075615882873535,,57.540706634521484
,2083,,,,,,,,,,1645.0865478515625,,23.694175720214844,,0.6919611692428589,,40.55966567993164
,2084,,,,,,,,,,2429.21630859375,,31.38138198852539,,0.7114918231964111,,49.28708267211914
,2085,,,,,,,,,,1664.6846923828125,,25.280546188354492,,0.7097002267837524,,40.8005485534668
,2086,,,,,,,,,,1452.055908203125,,22.45555305480957,,0.6488938331604004,,38.10585021972656
,2087,,,,,,,,,,1809.5028076171875,,28.22540855407715,,0.6524462699890137,,42.53824996948242
,2088,,,,,,,,,,1489.658447265625,,23.792720794677734,,0.7588143944740295,,38.596092224121094
,2089,,,,,,,,,,2800.613037109375,,33.15082931518555,,0.6831311583518982,,52.92081832885742
,2090,,,,,,,,,,1927.133056640625,,27.43162727355957,,0.5915091037750244,,43.89912414550781
,2091,,,,,,,,,,896.765380859375,,17.532886505126953,,0.6867977380752563,,29.946041107177734
,2092,,,,,,,,,,1879.1900634765625,,24.404512405395508,,0.6890493631362915,,43.34962463378906
,2093,,,,,,,,,,1258.0157470703125,,17.79794692993164,,0.6620040535926819,,35.4685173034668
,2094,,,,,,,,,,2168.23291015625,,30.56073570251465,,0.6945350170135498,,46.56428909301758
,2095,,,,,,,,,,2235.34033203125,,30.433128356933594,,0.6288524866104126,,47.27938461303711
,2096,,,,,,,,,,1844.55078125,,27.48263168334961,,0.6773313283920288,,42.94823455810547
,2097,,,,,,,,,,1870.0235595703125,,26.889455795288086,,0.6918330192565918,,43.243770599365234
,2098,,,,,,,,,,1346.3414306640625,,20.047651290893555,,0.7234451770782471,,36.69252395629883
,2099,,,,,,,,,,2630.78466796875,,31.676176071166992,,0.6684930324554443,,51.291175842285156
,2100,,,,,,,,,,2371.549072265625,,32.46551513671875,,0.6826157569885254,,48.698551177978516
,2101,,,,,,,,,,1736.059814453125,,25.404428482055664,,0.6723924279212952,,41.66604995727539
,2102,,,,,,,,,,1656.952392578125,,26.461772918701172,,0.7096843123435974,,40.70568084716797
,2103,,,,,,,,,,1885.16357421875,,29.456228256225586,,0.5755101442337036,,43.4184684753418
,2104,,,,,,,,,,1069.7498779296875,,18.302688598632812,,0.688602089881897,,32.707027435302734
,2105,,,,,,,,,,1271.4395751953125,,21.079919815063477,,0.6809118390083313,,35.65725326538086
,2106,,,,,,,,,,1321.86962890625,,22.391008377075195,,0.703231930732727,,36.35752487182617
,2107,,,,,,,,,,1212.4586181640625,,21.3829288482666,,0.7600234746932983,,34.820377349853516
,2108,,,,,,,,,,1573.2169189453125,,25.143264770507812,,0.662354588508606,,39.66379928588867
,2109,,,,,,,,,,3963.2587890625,,37.912960052490234,,0.5543780326843262,,62.95441818237305
,2110,,,,,,,,,,1136.605224609375,,17.41856575012207,,0.6311196088790894,,33.71357727050781
,2111,,,,,,,,,,1461.8895263671875,,24.64360237121582,,0.631240725517273,,38.23466491699219
,2112,,,,,,,,,,1769.1373291015625,,27.660402297973633,,0.6394490599632263,,42.06111526489258
,2113,,,,,,,,,,1953.1737060546875,,30.754854202270508,,0.6600831747055054,,44.194725036621094
,2114,,,,,,,,,,1644.7017822265625,,27.732511520385742,,0.6440006494522095,,40.55492401123047
,2115,,,,,,,,,,1476.126220703125,,24.245115280151367,,0.7673081159591675,,38.420387268066406
,2116,,,,,,,,,,1171.1961669921875,,20.122854232788086,,0.7089094519615173,,34.22274398803711
,2117,,,,,,,,,,1247.0997314453125,,19.800737380981445,,0.7811233401298523,,35.314300537109375
,2118,,,,,,,,,,1984.02392578125,,29.96329689025879,,0.7079035639762878,,44.54238510131836
,2119,,,,,,,,,,1616.3485107421875,,24.831321716308594,,0.7402424812316895,,40.20383834838867
,2120,,,,,,,,,,1355.9658203125,,22.0922794342041,,0.6655599474906921,,36.82344055175781
,2121,,,,,,,,,,1925.61767578125,,29.05743408203125,,0.6971561908721924,,43.881858825683594
,2122,,,,,,,,,,1815.08544921875,,26.13327980041504,,0.6583229303359985,,42.603816986083984
,2123,,,,,,,,,,1705.020263671875,,26.144020080566406,,0.6369253396987915,,41.29188919067383
,2124,,,,,,,,,,1624.6688232421875,,24.524621963500977,,0.6838909387588501,,40.30717849731445
,2125,,,,,,,,,,1358.56884765625,,20.38262176513672,,0.6851400136947632,,36.858768463134766
,2126,,,,,,,,,,1474.0982666015625,,23.39142417907715,,0.7598296999931335,,38.393985748291016
,2127,,,,,,,,,,2077.6064453125,,29.45784568786621,,0.6673858165740967,,45.58076858520508
,2128,,,,,,,,,,1755.5325927734375,,24.972335815429688,,0.7454646825790405,,41.89907455444336
,2129,,,,,,,,,,1873.063232421875,,29.123340606689453,,0.6878796219825745,,43.278900146484375
,2130,,,,,,,,,,2131.490478515625,,29.698116302490234,,0.6673375368118286,,46.16807174682617
,2131,,,,,,,,,,1146.2567138671875,,18.51731300354004,,0.7139030694961548,,33.856414794921875
,2132,,,,,,,,,,1714.9744873046875,,24.877548217773438,,0.7155855894088745,,41.41225051879883
,2133,,,,,,,,,,2380.93505859375,,32.90484619140625,,0.6038820743560791,,48.79482650756836
,2134,,,,,,,,,,1499.4622802734375,,22.592716217041016,,0.6586230397224426,,38.72289276123047
,2135,,,,,,,,,,1897.0655517578125,,25.898426055908203,,0.6796354055404663,,43.55531692504883
,2136,,,,,,,,,,1691.0206298828125,,25.438859939575195,,0.6224529147148132,,41.12202072143555
,2137,,,,,,,,,,2281.762451171875,,32.27653884887695,,0.6415302753448486,,47.76779556274414
,2138,,,,,,,,,,1832.62109375,,28.74669647216797,,0.6758952736854553,,42.80912399291992
,2139,,,,,,,,,,2355.348388671875,,32.32948303222656,,0.7027660608291626,,48.53193283081055
,2140,,,,,,,,,,2007.5701904296875,,29.663162231445312,,0.6344680786132812,,44.8059196472168
,2141,,,,,,,,,,1607.861572265625,,22.986778259277344,,0.7540287971496582,,40.098148345947266
,2142,,,,,,,,,,1639.091796875,,22.657569885253906,,0.6837582588195801,,40.48569869995117
,2143,,,,,,,,,,1534.848876953125,,24.743515014648438,,0.6464905738830566,,39.177146911621094
,2144,,,,,,,,,,1749.2742919921875,,26.268476486206055,,0.685558557510376,,41.82432556152344
,2145,,,,,,,,,,2410.40185546875,,33.46966552734375,,0.653689980506897,,49.09584426879883
,2146,,,,,,,,,,1346.2630615234375,,23.409656524658203,,0.6016750335693359,,36.69145584106445
,2147,,,,,,,,,,1718.1158447265625,,26.303367614746094,,0.7276022434234619,,41.45016098022461
,2148,,,,,,,,,,1506.6490478515625,,23.327959060668945,,0.626587450504303,,38.81557846069336
,2149,,,,,,,,,,2065.34765625,,30.494848251342773,,0.6707414388656616,,45.44609451293945
,2150,,,,,,,,,,1404.9554443359375,,23.828998565673828,,0.6784532070159912,,37.48273468017578
,2151,,,,,,,,,,1370.6995849609375,,22.4047794342041,,0.7217471599578857,,37.0229606628418
,2152,,,,,,,,,,1884.6258544921875,,25.331689834594727,,0.7389845848083496,,43.41227722167969
,2153,,,,,,,,,,1714.951171875,,26.780200958251953,,0.6971241235733032,,41.41196823120117
,2154,,,,,,,,,,1634.4044189453125,,24.657421112060547,,0.7463201284408569,,40.42776870727539
,2155,,,,,,,,,,935.2464599609375,,16.94438362121582,,0.8036590218544006,,30.581798553466797
13,6467,,,,,,,,,1756.589599609375,,26.05631446838379,,0.6858873963356018,,41.61981201171875,
13,6467,1731.676025390625,,26.00769805908203,,0.6783074140548706,,41.307655334472656,,,,,,,,,
14,6499,,1584.1954345703125,,26.753952026367188,,0.6709221601486206,,39.80195236206055,,,,,,,,
14,6549,,1556.3231201171875,,23.517934799194336,,0.7294354438781738,,39.45026397705078,,,,,,,,
14,6599,,2355.48291015625,,34.05953598022461,,0.6120690107345581,,48.53331756591797,,,,,,,,
14,6649,,1476.5584716796875,,24.008878707885742,,0.7545210719108582,,38.42601013183594,,,,,,,,
14,6699,,1837.4815673828125,,25.7159423828125,,0.6870771646499634,,42.8658561706543,,,,,,,,
14,6749,,2196.1455078125,,34.05461502075195,,0.5129972696304321,,46.86305236816406,,,,,,,,
14,6799,,1434.3553466796875,,24.065977096557617,,0.7869862914085388,,37.87288284301758,,,,,,,,
14,6849,,1388.0682373046875,,22.980134963989258,,0.7299253344535828,,37.25678634643555,,,,,,,,
14,6899,,1771.5892333984375,,26.083446502685547,,0.6078482270240784,,42.090248107910156,,,,,,,,
,2156,,,,,,,,,,2340.6298828125,,27.5267391204834,,0.6980993747711182,,48.38005828857422
,2157,,,,,,,,,,1881.9825439453125,,24.51310920715332,,0.720610499382019,,43.3818244934082
,2158,,,,,,,,,,2279.671630859375,,30.587596893310547,,0.6486231684684753,,47.745906829833984
,2159,,,,,,,,,,2202.563232421875,,29.826030731201172,,0.6513218879699707,,46.93147277832031
,2160,,,,,,,,,,1999.512451171875,,26.09988784790039,,0.663687527179718,,44.71590805053711
,2161,,,,,,,,,,1936.180908203125,,27.854738235473633,,0.6103609800338745,,44.00205612182617
,2162,,,,,,,,,,1336.7974853515625,,20.34800148010254,,0.7181421518325806,,36.56224060058594
,2163,,,,,,,,,,2010.8841552734375,,27.408803939819336,,0.7091565132141113,,44.8428840637207
,2164,,,,,,,,,,2256.725830078125,,33.764976501464844,,0.5822396278381348,,47.505008697509766
,2165,,,,,,,,,,1367.3216552734375,,22.293960571289062,,0.6592133045196533,,36.97731399536133
,2166,,,,,,,,,,2114.986328125,,24.952754974365234,,0.6057690382003784,,45.98897933959961
,2167,,,,,,,,,,1932.1783447265625,,28.1177978515625,,0.698280930519104,,43.95655059814453
,2168,,,,,,,,,,1832.501220703125,,26.567739486694336,,0.7472546100616455,,42.80772399902344
,2169,,,,,,,,,,1442.6944580078125,,23.91750144958496,,0.7173501253128052,,37.982818603515625
,2170,,,,,,,,,,1285.6591796875,,19.69791603088379,,0.7361665964126587,,35.85608673095703
,2171,,,,,,,,,,1711.9615478515625,,27.364662170410156,,0.6801795959472656,,41.375858306884766
,2172,,,,,,,,,,1763.41064453125,,23.550962448120117,,0.7416085600852966,,41.992984771728516
,2173,,,,,,,,,,1460.6990966796875,,20.540908813476562,,0.7127257585525513,,38.219093322753906
,2174,,,,,,,,,,1632.456298828125,,23.78803253173828,,0.7037564516067505,,40.40366744995117
,2175,,,,,,,,,,1675.8018798828125,,24.411876678466797,,0.6294786930084229,,40.93655776977539
,2176,,,,,,,,,,1788.6842041015625,,25.983537673950195,,0.7265011072158813,,42.29283905029297
,2177,,,,,,,,,,2378.4951171875,,31.984312057495117,,0.6438477039337158,,48.76981735229492
,2178,,,,,,,,,,2223.614501953125,,31.586456298828125,,0.6773554086685181,,47.15522003173828
,2179,,,,,,,,,,2379.649169921875,,33.45949935913086,,0.625805139541626,,48.781646728515625
,2180,,,,,,,,,,1810.8497314453125,,28.354013442993164,,0.6851736307144165,,42.5540771484375
,2181,,,,,,,,,,1476.88427734375,,25.80594253540039,,0.6786539554595947,,38.43025207519531
,2182,,,,,,,,,,1013.0693359375,,16.134172439575195,,0.7871784567832947,,31.828750610351562
,2183,,,,,,,,,,2504.397705078125,,32.411739349365234,,0.641431987285614,,50.0439567565918
,2184,,,,,,,,,,2567.013916015625,,32.496524810791016,,0.5772356986999512,,50.66571044921875
,2185,,,,,,,,,,1259.5015869140625,,20.444080352783203,,0.6924887895584106,,35.48945617675781
,2186,,,,,,,,,,1322.96484375,,21.122556686401367,,0.6594944596290588,,36.37258529663086
,2187,,,,,,,,,,1308.0574951171875,,22.14824676513672,,0.7206414341926575,,36.167076110839844
,2188,,,,,,,,,,1185.588134765625,,20.48723030090332,,0.7234742641448975,,34.432369232177734
,2189,,,,,,,,,,1719.364013671875,,25.0103702545166,,0.7036498785018921,,41.465213775634766
,2190,,,,,,,,,,1580.1319580078125,,23.415884017944336,,0.7172126173973083,,39.75087356567383
,2191,,,,,,,,,,1177.45849609375,,19.350566864013672,,0.7083119750022888,,34.31411361694336
,2192,,,,,,,,,,1540.010986328125,,23.55671501159668,,0.6321793794631958,,39.24297332763672
,2193,,,,,,,,,,1952.2061767578125,,27.926721572875977,,0.6406627297401428,,44.18377685546875
,2194,,,,,,,,,,1865.712646484375,,26.50755500793457,,0.7097464799880981,,43.19389724731445
,2195,,,,,,,,,,1465.6201171875,,21.6778621673584,,0.777773916721344,,38.283416748046875
,2196,,,,,,,,,,1993.882568359375,,30.74114418029785,,0.663703441619873,,44.65291213989258
,2197,,,,,,,,,,1653.2569580078125,,24.542207717895508,,0.6600531339645386,,40.66026306152344
,2198,,,,,,,,,,1430.2020263671875,,21.65984344482422,,0.6599823236465454,,37.81801223754883
,2199,,,,,,,,,,1621.7340087890625,,24.739870071411133,,0.6919945478439331,,40.27075958251953
,2200,,,,,,,,,,1691.8187255859375,,23.43628692626953,,0.6718055009841919,,41.1317253112793
,2201,,,,,,,,,,1841.9080810546875,,27.926395416259766,,0.6456897258758545,,42.91745376586914
,2202,,,,,,,,,,1529.47705078125,,23.41130828857422,,0.7311276197433472,,39.10852813720703
,2203,,,,,,,,,,2005.8016357421875,,30.997255325317383,,0.653289794921875,,44.78617858886719
,2204,,,,,,,,,,2016.271728515625,,29.68134307861328,,0.6029289960861206,,44.902915954589844
,2205,,,,,,,,,,2815.187744140625,,36.93623733520508,,0.656926155090332,,53.05834197998047
,2206,,,,,,,,,,1431.1351318359375,,21.260128021240234,,0.7248471975326538,,37.830345153808594
,2207,,,,,,,,,,1895.201171875,,26.97768211364746,,0.7185031175613403,,43.533905029296875
,2208,,,,,,,,,,1901.7879638671875,,28.927547454833984,,0.6614302396774292,,43.609493255615234
,2209,,,,,,,,,,1713.28271484375,,24.385540008544922,,0.7386342287063599,,41.39181900024414
,2210,,,,,,,,,,1544.4091796875,,24.679079055786133,,0.6610865592956543,,39.298973083496094
,2211,,,,,,,,,,1744.9559326171875,,28.769046783447266,,0.6998032331466675,,41.77267074584961
,2212,,,,,,,,,,1262.0162353515625,,23.768051147460938,,0.583044171333313,,35.52486801147461
,2213,,,,,,,,,,1284.3973388671875,,21.041879653930664,,0.7420775890350342,,35.8384895324707
,2214,,,,,,,,,,1813.8048095703125,,26.291231155395508,,0.6183493137359619,,42.58878707885742
,2215,,,,,,,,,,1951.13427734375,,27.535810470581055,,0.6956925988197327,,44.17164611816406
,2216,,,,,,,,,,1578.5318603515625,,23.418298721313477,,0.7474768161773682,,39.730743408203125
,2217,,,,,,,,,,2545.23193359375,,31.626628875732422,,0.6647824048995972,,50.45029067993164
,2218,,,,,,,,,,2088.28271484375,,30.45069122314453,,0.7000675797462463,,45.697731018066406
,2219,,,,,,,,,,1782.3001708984375,,27.270845413208008,,0.6696404218673706,,42.2172966003418
,2220,,,,,,,,,,1362.8568115234375,,23.14563751220703,,0.7126227617263794,,36.91688919067383
,2221,,,,,,,,,,1859.9132080078125,,26.201387405395508,,0.7093622088432312,,43.126708984375
,2222,,,,,,,,,,1891.468994140625,,28.753759384155273,,0.6582673788070679,,43.49102020263672
,2223,,,,,,,,,,1513.7083740234375,,23.395246505737305,,0.747794508934021,,38.90640640258789
,2224,,,,,,,,,,2237.8671875,,27.873394012451172,,0.6841809749603271,,47.30610275268555
,2225,,,,,,,,,,1976.2308349609375,,29.915151596069336,,0.6819897294044495,,44.45481872558594
,2226,,,,,,,,,,1535.0791015625,,23.125534057617188,,0.6929987072944641,,39.180084228515625
,2227,,,,,,,,,,1680.395263671875,,25.660411834716797,,0.712057888507843,,40.99262619018555
,2228,,,,,,,,,,2370.870849609375,,32.81926345825195,,0.6669677495956421,,48.691585540771484
,2229,,,,,,,,,,2178.296630859375,,32.11711120605469,,0.6332830190658569,,46.67222595214844
,2230,,,,,,,,,,1871.589111328125,,27.77567481994629,,0.6710403561592102,,43.26186752319336
,2231,,,,,,,,,,1778.05029296875,,24.657373428344727,,0.720519483089447,,42.166934967041016
,2232,,,,,,,,,,2035.3028564453125,,29.87114906311035,,0.5888204574584961,,45.11433029174805
,2233,,,,,,,,,,1437.3172607421875,,23.547929763793945,,0.7462624907493591,,37.91196823120117
,2234,,,,,,,,,,1666.805908203125,,25.050376892089844,,0.7070583701133728,,40.826534271240234
,2235,,,,,,,,,,1773.271240234375,,25.138822555541992,,0.6281068325042725,,42.110225677490234
,2236,,,,,,,,,,3485.509033203125,,43.4711799621582,,0.586869478225708,,59.03820037841797
,2237,,,,,,,,,,1680.521484375,,23.816143035888672,,0.6853260397911072,,40.994163513183594
,2238,,,,,,,,,,2505.743896484375,,32.031436920166016,,0.7024029493331909,,50.05740737915039
,2239,,,,,,,,,,1723.081787109375,,26.117481231689453,,0.6995165348052979,,41.5100212097168
,2240,,,,,,,,,,1490.3590087890625,,22.411272048950195,,0.6396321654319763,,38.605167388916016
,2241,,,,,,,,,,1835.2347412109375,,28.039106369018555,,0.6475038528442383,,42.83964157104492
,2242,,,,,,,,,,1565.5362548828125,,24.05475425720215,,0.746529221534729,,39.566856384277344
,2243,,,,,,,,,,2886.4140625,,33.615684509277344,,0.6734234094619751,,53.72535705566406
,2244,,,,,,,,,,2082.81689453125,,29.208772659301758,,0.558509111404419,,45.63788986206055
,2245,,,,,,,,,,975.9592895507812,,18.266326904296875,,0.6591386198997498,,31.240346908569336
,2246,,,,,,,,,,1936.722412109375,,24.80923843383789,,0.6795294880867004,,44.00820541381836
,2247,,,,,,,,,,1208.0108642578125,,17.366064071655273,,0.6754390001296997,,34.75645065307617
,2248,,,,,,,,,,2276.837646484375,,31.165775299072266,,0.6792346239089966,,47.71622085571289
,2249,,,,,,,,,,2234.729248046875,,30.351091384887695,,0.6289539933204651,,47.27292251586914
,2250,,,,,,,,,,1878.384033203125,,27.489501953125,,0.6714128851890564,,43.340328216552734
,2251,,,,,,,,,,1853.9189453125,,26.233150482177734,,0.6944869756698608,,43.057159423828125
,2252,,,,,,,,,,1418.4400634765625,,20.715253829956055,,0.7086352109909058,,37.66218185424805
,2253,,,,,,,,,,2650.627197265625,,31.831466674804688,,0.6659926772117615,,51.4842414855957
,2254,,,,,,,,,,2378.643310546875,,32.1150016784668,,0.6816663146018982,,48.77133560180664
,2255,,,,,,,,,,1819.5982666015625,,25.713428497314453,,0.6566280722618103,,42.6567497253418
,2256,,,,,,,,,,1793.62548828125,,27.108257293701172,,0.6857377290725708,,42.351219177246094
,2257,,,,,,,,,,1870.7530517578125,,29.190963745117188,,0.5787550210952759,,43.252201080322266
,2258,,,,,,,,,,1044.22509765625,,17.74445915222168,,0.6960321664810181,,32.31447219848633
,2259,,,,,,,,,,1310.523193359375,,20.789011001586914,,0.6711031198501587,,36.201148986816406
,2260,,,,,,,,,,1452.21826171875,,22.676158905029297,,0.6739678382873535,,38.10798263549805
,2261,,,,,,,,,,1266.894287109375,,21.5810604095459,,0.749249279499054,,35.59346008300781
,2262,,,,,,,,,,1611.47412109375,,24.86872673034668,,0.6541438102722168,,40.14316940307617
,2263,,,,,,,,,,4000.267333984375,,37.54290008544922,,0.550216794013977,,63.24766540527344
,2264,,,,,,,,,,1070.776123046875,,16.29832649230957,,0.652484118938446,,32.72271728515625
,2265,,,,,,,,,,1495.1666259765625,,24.626564025878906,,0.6228466033935547,,38.66738510131836
,2266,,,,,,,,,,1829.4278564453125,,27.99860382080078,,0.6271618604660034,,42.771812438964844
,2267,,,,,,,,,,1944.220947265625,,30.53689193725586,,0.6616412401199341,,44.09332275390625
,2268,,,,,,,,,,1784.9810791015625,,28.85771942138672,,0.61363685131073,,42.24903869628906
,2269,,,,,,,,,,1511.5218505859375,,24.24633026123047,,0.7617285251617432,,38.878292083740234
,2270,,,,,,,,,,1178.94970703125,,20.311952590942383,,0.7069823741912842,,34.335838317871094
,2271,,,,,,,,,,1339.90087890625,,20.148609161376953,,0.7648359537124634,,36.60465621948242
,2272,,,,,,,,,,2062.78125,,30.459699630737305,,0.6963085532188416,,45.417850494384766
,2273,,,,,,,,,,1572.96630859375,,24.201005935668945,,0.7472143173217773,,39.660640716552734
,2274,,,,,,,,,,1352.5638427734375,,21.90925407409668,,0.6663990020751953,,36.777217864990234
,2275,,,,,,,,,,2370.18359375,,32.73117446899414,,0.6272388696670532,,48.68452835083008
,2276,,,,,,,,,,1757.4005126953125,,25.49028205871582,,0.6691817045211792,,41.92136001586914
,2277,,,,,,,,,,1810.727783203125,,26.98675537109375,,0.6144155263900757,,42.55264663696289
,2278,,,,,,,,,,1649.4664306640625,,24.103822708129883,,0.6790660619735718,,40.61362075805664
,2279,,,,,,,,,,1402.4434814453125,,20.29043960571289,,0.6749716997146606,,37.44921112060547
,2280,,,,,,,,,,1391.8079833984375,,22.371240615844727,,0.7732369899749756,,37.306941986083984
,2281,,,,,,,,,,2290.81494140625,,30.383651733398438,,0.6332522630691528,,47.862457275390625
,2282,,,,,,,,,,1948.598388671875,,26.17595100402832,,0.7174719572067261,,44.14292907714844
,2283,,,,,,,,,,1952.8045654296875,,29.520633697509766,,0.6745917797088623,,44.190547943115234
,2284,,,,,,,,,,2066.727783203125,,28.8557071685791,,0.6774450540542603,,45.461280822753906
,2285,,,,,,,,,,1141.284423828125,,18.169618606567383,,0.715144157409668,,33.782901763916016
,2286,,,,,,,,,,1650.8876953125,,24.112537384033203,,0.726213812828064,,40.63111877441406
,2287,,,,,,,,,,2505.742919921875,,33.522544860839844,,0.5831177234649658,,50.05739212036133
,2288,,,,,,,,,,1579.566650390625,,23.010398864746094,,0.6403859853744507,,39.7437629699707
,2289,,,,,,,,,,2007.6011962890625,,26.68659210205078,,0.6609688997268677,,44.8062629699707
,2290,,,,,,,,,,1726.5347900390625,,25.579469680786133,,0.6145238280296326,,41.55159378051758
,2291,,,,,,,,,,2332.59326171875,,32.45467758178711,,0.6335446834564209,,48.29692840576172
,2292,,,,,,,,,,1819.3994140625,,28.390275955200195,,0.6782335638999939,,42.6544189453125
,2293,,,,,,,,,,2393.9833984375,,32.393428802490234,,0.6978904604911804,,48.928348541259766
,2294,,,,,,,,,,1923.98095703125,,28.758787155151367,,0.6496877670288086,,43.86320877075195
,2295,,,,,,,,,,1799.9693603515625,,24.45223045349121,,0.7246401309967041,,42.42604446411133
,2296,,,,,,,,,,1613.17041015625,,22.47129249572754,,0.688759446144104,,40.16429138183594
,2297,,,,,,,,,,1641.2679443359375,,25.16449737548828,,0.6219799518585205,,40.51256561279297
,2298,,,,,,,,,,1878.701171875,,26.847314834594727,,0.6622933149337769,,43.34398651123047
,2299,,,,,,,,,,2632.484619140625,,34.1694221496582,,0.621782660484314,,51.30774688720703
,2300,,,,,,,,,,1481.3370361328125,,24.087295532226562,,0.5617101192474365,,38.48814010620117
,2301,,,,,,,,,,1754.01708984375,,25.789304733276367,,0.7219102382659912,,41.880985260009766
,2302,,,,,,,,,,1515.5877685546875,,23.105743408203125,,0.6243720054626465,,38.9305534362793
,2303,,,,,,,,,,2129.1708984375,,30.73019790649414,,0.6605666875839233,,46.142940521240234
,2304,,,,,,,,,,1491.4130859375,,24.294157028198242,,0.6586660146713257,,38.61881637573242
,2305,,,,,,,,,,1530.591064453125,,24.09248924255371,,0.6892890930175781,,39.12276840209961
,2306,,,,,,,,,,1924.326904296875,,25.6615047454834,,0.7334861755371094,,43.867149353027344
,2307,,,,,,,,,,1697.514892578125,,26.218719482421875,,0.700203537940979,,41.20090866088867
,2308,,,,,,,,,,1752.354248046875,,25.13402557373047,,0.7280128002166748,,41.86112976074219
,2309,,,,,,,,,,1014.2783813476562,,17.57339859008789,,0.7870674729347229,,31.84773826599121
14,6929,,,,,,,,,1808.093505859375,,26.19723892211914,,0.6766631603240967,,42.222206115722656,
14,6929,1706.76025390625,,25.819887161254883,,0.681335985660553,,41.02031326293945,,,,,,,,,
15,6949,,2802.166748046875,,35.218666076660156,,0.6523869633674622,,52.93549728393555,,,,,,,,
15,6999,,1829.4808349609375,,29.768943786621094,,0.6729575991630554,,42.772430419921875,,,,,,,,
15,7049,,2231.5947265625,,33.426692962646484,,0.6323169469833374,,47.2397575378418,,,,,,,,
15,7099,,1656.1727294921875,,24.468610763549805,,0.5898292064666748,,40.696102142333984,,,,,,,,
15,7149,,2002.625732421875,,28.524391174316406,,0.6381642818450928,,44.75070571899414,,,,,,,,
15,7199,,2287.097412109375,,33.76837921142578,,0.6849273443222046,,47.8236083984375,,,,,,,,
15,7249,,1781.729736328125,,24.995162963867188,,0.724250316619873,,42.210540771484375,,,,,,,,
15,7299,,1520.6829833984375,,22.854278564453125,,0.6860974431037903,,38.99593734741211,,,,,,,,
15,7349,,2271.033935546875,,31.659029006958008,,0.6278564929962158,,47.65536880493164,,,,,,,,
,2310,,,,,,,,,,2488.344482421875,,28.235321044921875,,0.6790466904640198,,49.88330841064453
,2311,,,,,,,,,,1880.019287109375,,24.597347259521484,,0.7209019660949707,,43.359188079833984
,2312,,,,,,,,,,2297.19921875,,30.359548568725586,,0.6459215879440308,,47.92910385131836
,2313,,,,,,,,,,2289.068359375,,30.442148208618164,,0.6376277208328247,,47.844207763671875
,2314,,,,,,,,,,2066.524658203125,,26.153207778930664,,0.6524162292480469,,45.45904541015625
,2315,,,,,,,,,,1951.773193359375,,27.065128326416016,,0.6072232127189636,,44.17887496948242
,2316,,,,,,,,,,1324.3778076171875,,20.279386520385742,,0.7207608222961426,,36.39200210571289
,2317,,,,,,,,,,2051.064697265625,,27.23783302307129,,0.7033450603485107,,45.28868103027344
,2318,,,,,,,,,,2439.496337890625,,34.51844787597656,,0.5484054684638977,,49.39126205444336
,2319,,,,,,,,,,1283.6202392578125,,21.023855209350586,,0.6800748109817505,,35.8276481628418
,2320,,,,,,,,,,1577.627685546875,,21.18752098083496,,0.7059321403503418,,39.7193603515625
,2321,,,,,,,,,,2139.93310546875,,29.265281677246094,,0.6658389568328857,,46.2594108581543
,2322,,,,,,,,,,1802.3626708984375,,26.345441818237305,,0.7514114379882812,,42.45424270629883
,2323,,,,,,,,,,1427.6396484375,,23.745698928833008,,0.7202996015548706,,37.784122467041016
,2324,,,,,,,,,,1224.1766357421875,,19.042634963989258,,0.7487836480140686,,34.98823547363281
,2325,,,,,,,,,,1731.4844970703125,,27.364795684814453,,0.6765323877334595,,41.61111068725586
,2326,,,,,,,,,,1939.35302734375,,24.825258255004883,,0.7158278226852417,,44.0380859375
,2327,,,,,,,,,,1484.0556640625,,20.48621940612793,,0.708132266998291,,38.523441314697266
,2328,,,,,,,,,,1546.57470703125,,22.87668228149414,,0.719341516494751,,39.326515197753906
,2329,,,,,,,,,,1539.496826171875,,23.374181747436523,,0.6596158742904663,,39.23642349243164
,2330,,,,,,,,,,1849.287353515625,,26.179834365844727,,0.7172345519065857,,43.00334167480469
,2331,,,,,,,,,,2513.3701171875,,32.571807861328125,,0.6236516833305359,,50.133522033691406
,2332,,,,,,,,,,2154.958740234375,,30.56894302368164,,0.6873172521591187,,46.421531677246094
,2333,,,,,,,,,,2359.74658203125,,32.557373046875,,0.6289347410202026,,48.57722091674805
,2334,,,,,,,,,,1836.2027587890625,,28.165481567382812,,0.6807658672332764,,42.85093688964844
,2335,,,,,,,,,,1516.408203125,,26.088470458984375,,0.6700541973114014,,38.94108581542969
,2336,,,,,,,,,,1083.701416015625,,16.94277000427246,,0.7723403573036194,,32.919620513916016
,2337,,,,,,,,,,2378.591796875,,31.775184631347656,,0.659444272518158,,48.770809173583984
,2338,,,,,,,,,,2638.729248046875,,32.539512634277344,,0.565424919128418,,51.36856460571289
,2339,,,,,,,,,,1262.73193359375,,20.263444900512695,,0.6917001008987427,,35.53493881225586
,2340,,,,,,,,,,1331.173095703125,,21.344959259033203,,0.6573818325996399,,36.48524475097656
,2341,,,,,,,,,,1274.9183349609375,,21.76116180419922,,0.7277188897132874,,35.705997467041016
,2342,,,,,,,,,,1207.63916015625,,20.948034286499023,,0.7183310985565186,,34.751102447509766
,2343,,,,,,,,,,1689.317626953125,,24.586292266845703,,0.7088286876678467,,41.10131072998047
,2344,,,,,,,,,,1557.763671875,,23.08765411376953,,0.7212157249450684,,39.4685173034668
,2345,,,,,,,,,,1129.3018798828125,,19.298992156982422,,0.7202416658401489,,33.60508728027344
,2346,,,,,,,,,,1417.9752197265625,,22.694490432739258,,0.6613267064094543,,37.65601348876953
,2347,,,,,,,,,,1845.3800048828125,,26.417545318603516,,0.6603259444236755,,42.9578857421875
,2348,,,,,,,,,,1852.72412109375,,26.397193908691406,,0.7117671370506287,,43.04328155517578
,2349,,,,,,,,,,1512.095703125,,21.860544204711914,,0.7707270383834839,,38.88567352294922
,2350,,,,,,,,,,2034.875244140625,,30.660541534423828,,0.6567894220352173,,45.109588623046875
,2351,,,,,,,,,,1606.8577880859375,,24.144147872924805,,0.669593870639801,,40.085628509521484
,2352,,,,,,,,,,1413.7740478515625,,21.12009048461914,,0.6638879776000977,,37.60018539428711
,2353,,,,,,,,,,1584.5517578125,,24.05001449584961,,0.6990563273429871,,39.806427001953125
,2354,,,,,,,,,,1755.9912109375,,24.115337371826172,,0.6593567132949829,,41.90454864501953
,2355,,,,,,,,,,1746.279541015625,,26.811927795410156,,0.6640848517417908,,41.788509368896484
,2356,,,,,,,,,,1594.0545654296875,,23.764015197753906,,0.7197752594947815,,39.92561340332031
,2357,,,,,,,,,,2244.05712890625,,31.75404167175293,,0.612106442451477,,47.37147903442383
,2358,,,,,,,,,,2052.56396484375,,29.852886199951172,,0.5957818627357483,,45.305233001708984
,2359,,,,,,,,,,2979.041259765625,,37.33652877807617,,0.6369580626487732,,54.58059310913086
,2360,,,,,,,,,,1480.7672119140625,,21.50672149658203,,0.7153048515319824,,38.48073959350586
,2361,,,,,,,,,,1966.760009765625,,27.37830352783203,,0.7078742980957031,,44.348167419433594
,2362,,,,,,,,,,1843.9130859375,,28.673494338989258,,0.6717334985733032,,42.9408073425293
,2363,,,,,,,,,,1561.0892333984375,,23.114381790161133,,0.7618517279624939,,39.5106201171875
,2364,,,,,,,,,,1515.35400390625,,24.516103744506836,,0.6674625873565674,,38.927547454833984
,2365,,,,,,,,,,1761.2880859375,,28.652973175048828,,0.6969934701919556,,41.96770477294922
,2366,,,,,,,,,,1175.72900390625,,22.756526947021484,,0.6115524768829346,,34.28890609741211
,2367,,,,,,,,,,1386.3292236328125,,22.028135299682617,,0.7216084599494934,,37.23344039916992
,2368,,,,,,,,,,1669.2330322265625,,24.96457290649414,,0.6487692594528198,,40.85625076293945
,2369,,,,,,,,,,2229.3017578125,,29.080913543701172,,0.6523083448410034,,47.21548080444336
,2370,,,,,,,,,,1625.286376953125,,23.885101318359375,,0.739997386932373,,40.31483840942383
,2371,,,,,,,,,,2780.973388671875,,32.62434768676758,,0.6337342262268066,,52.73493576049805
,2372,,,,,,,,,,2164.93994140625,,30.904071807861328,,0.6890575885772705,,46.52891540527344
,2373,,,,,,,,,,1864.3331298828125,,28.088106155395508,,0.6544351577758789,,43.17792510986328
,2374,,,,,,,,,,1490.600830078125,,24.07320213317871,,0.6856861114501953,,38.60830307006836
,2375,,,,,,,,,,1803.8824462890625,,25.698753356933594,,0.7181178331375122,,42.472137451171875
,2376,,,,,,,,,,1798.16357421875,,27.993383407592773,,0.6751248836517334,,42.40475845336914
,2377,,,,,,,,,,1489.657958984375,,22.85066032409668,,0.751801609992981,,38.59608840942383
,2378,,,,,,,,,,2273.83203125,,27.72518539428711,,0.6791054010391235,,47.684715270996094
,2379,,,,,,,,,,1924.88916015625,,28.443408966064453,,0.6902514696121216,,43.873558044433594
,2380,,,,,,,,,,1364.7738037109375,,22.4434871673584,,0.7270581722259521,,36.94284439086914
,2381,,,,,,,,,,1576.6966552734375,,24.636594772338867,,0.7298270463943481,,39.7076416015625
,2382,,,,,,,,,,2391.62255859375,,32.80903244018555,,0.6640528440475464,,48.90421676635742
,2383,,,,,,,,,,2246.81494140625,,32.57624053955078,,0.6217479109764099,,47.40058135986328
,2384,,,,,,,,,,1934.0870361328125,,28.295358657836914,,0.66005539894104,,43.97825622558594
,2385,,,,,,,,,,1761.7550048828125,,24.59270668029785,,0.7230808138847351,,41.9732666015625
,2386,,,,,,,,,,2025.869873046875,,29.345033645629883,,0.5907261371612549,,45.00966262817383
,2387,,,,,,,,,,1542.361083984375,,24.64655303955078,,0.7277184724807739,,39.27290725708008
,2388,,,,,,,,,,1679.2249755859375,,24.95406723022461,,0.7048757076263428,,40.97834777832031
,2389,,,,,,,,,,1890.290771484375,,25.815950393676758,,0.6035653352737427,,43.477474212646484
,2390,,,,,,,,,,3647.5478515625,,43.75241470336914,,0.567663311958313,,60.39493179321289
,2391,,,,,,,,,,1700.6278076171875,,23.974348068237305,,0.6815611124038696,,41.238670349121094
,2392,,,,,,,,,,2681.45263671875,,31.8564395904541,,0.6815347075462341,,51.782745361328125
,2393,,,,,,,,,,1705.9039306640625,,25.549510955810547,,0.7025121450424194,,41.302589416503906
,2394,,,,,,,,,,1312.894775390625,,21.382198333740234,,0.6825428605079651,,36.233890533447266
,2395,,,,,,,,,,2006.9578857421875,,29.45012855529785,,0.614520788192749,,44.7990837097168
,2396,,,,,,,,,,1568.690185546875,,23.639739990234375,,0.746018648147583,,39.606693267822266
,2397,,,,,,,,,,3102.17431640625,,33.911216735839844,,0.6490117311477661,,55.697166442871094
,2398,,,,,,,,,,1861.298828125,,26.293102264404297,,0.6054638624191284,,43.14277267456055
,2399,,,,,,,,,,920.3585815429688,,17.948287963867188,,0.6785576343536377,,30.337411880493164
,2400,,,,,,,,,,1957.3092041015625,,23.926021575927734,,0.6761229634284973,,44.241485595703125
,2401,,,,,,,,,,1230.2347412109375,,17.345510482788086,,0.6694680452346802,,35.074703216552734
,2402,,,,,,,,,,2279.705078125,,30.755966186523438,,0.678830623626709,,47.74625778198242
,2403,,,,,,,,,,2291.841552734375,,30.67038917541504,,0.6194713115692139,,47.8731803894043
,2404,,,,,,,,,,1834.0595703125,,27.105213165283203,,0.6791665554046631,,42.82592010498047
,2405,,,,,,,,,,1849.36279296875,,26.256317138671875,,0.6952377557754517,,43.00421905517578
,2406,,,,,,,,,,1504.9168701171875,,20.92976951599121,,0.6908718347549438,,38.79325485229492
,2407,,,,,,,,,,2755.62646484375,,32.17179870605469,,0.652761697769165,,52.49406051635742
,2408,,,,,,,,,,2434.007080078125,,32.28923797607422,,0.6742569804191589,,49.33565902709961
,2409,,,,,,,,,,1818.990234375,,25.74517822265625,,0.6567428112030029,,42.64962387084961
,2410,,,,,,,,,,1753.650146484375,,26.87420082092285,,0.692741870880127,,41.87660598754883
,2411,,,,,,,,,,1759.3837890625,,28.273168563842773,,0.603832483291626,,41.94500732421875
,2412,,,,,,,,,,1021.2922973632812,,17.709989547729492,,0.7027077674865723,,31.957664489746094
,2413,,,,,,,,,,1261.37841796875,,21.057252883911133,,0.6834368705749512,,35.51588821411133
,2414,,,,,,,,,,1437.8160400390625,,23.405256271362305,,0.6772012710571289,,37.91854476928711
,2415,,,,,,,,,,1245.383544921875,,21.334699630737305,,0.7535067796707153,,35.28999328613281
,2416,,,,,,,,,,1637.52001953125,,25.119421005249023,,0.6485538482666016,,40.46628189086914
,2417,,,,,,,,,,3890.603271484375,,36.61212158203125,,0.5625472664833069,,62.374698638916016
,2418,,,,,,,,,,1098.14501953125,,16.711484909057617,,0.643601655960083,,33.13827133178711
,2419,,,,,,,,,,1496.2916259765625,,24.671123504638672,,0.6225628852844238,,38.68193054199219
,2420,,,,,,,,,,1895.5350341796875,,28.505800247192383,,0.6136891841888428,,43.537742614746094
,2421,,,,,,,,,,2074.04736328125,,31.449748992919922,,0.6390470862388611,,45.541709899902344
,2422,,,,,,,,,,1789.2275390625,,29.067365646362305,,0.6127177476882935,,42.29926300048828
,2423,,,,,,,,,,1574.217529296875,,24.959604263305664,,0.7518453598022461,,39.67641067504883
,2424,,,,,,,,,,1111.2642822265625,,19.366455078125,,0.7238049507141113,,33.33563232421875
,2425,,,,,,,,,,1453.81494140625,,21.081735610961914,,0.744843065738678,,38.12892532348633
,2426,,,,,,,,,,2092.400390625,,30.732065200805664,,0.6919479370117188,,45.74276351928711
,2427,,,,,,,,,,1870.0325927734375,,26.181896209716797,,0.6994738578796387,,43.243873596191406
,2428,,,,,,,,,,1311.6522216796875,,21.183225631713867,,0.6764895915985107,,36.216739654541016
,2429,,,,,,,,,,1911.6744384765625,,28.644384384155273,,0.699349045753479,,43.72269821166992
,2430,,,,,,,,,,1905.6849365234375,,25.605775833129883,,0.641268253326416,,43.654151916503906
,2431,,,,,,,,,,1855.3751220703125,,27.172883987426758,,0.6049081087112427,,43.074066162109375
,2432,,,,,,,,,,1601.8614501953125,,23.667957305908203,,0.6883285045623779,,40.02326202392578
,2433,,,,,,,,,,1391.95263671875,,20.026905059814453,,0.6774030327796936,,37.30887985229492
,2434,,,,,,,,,,1496.8551025390625,,23.25417137145996,,0.7561219930648804,,38.689212799072266
,2435,,,,,,,,,,2141.264404296875,,29.03786849975586,,0.6571944952011108,,46.273799896240234
,2436,,,,,,,,,,1802.251220703125,,24.75301170349121,,0.7386909127235413,,42.45292663574219
,2437,,,,,,,,,,2030.223876953125,,30.04561996459961,,0.6616909503936768,,45.058006286621094
,2438,,,,,,,,,,2091.96337890625,,28.2703800201416,,0.6735065579414368,,45.73798751831055
,2439,,,,,,,,,,1136.9111328125,,18.165884017944336,,0.7162356376647949,,33.71811294555664
,2440,,,,,,,,,,1727.2010498046875,,24.8575439453125,,0.7135578989982605,,41.559608459472656
,2441,,,,,,,,,,2576.87255859375,,34.03800964355469,,0.5712838172912598,,50.76290512084961
,2442,,,,,,,,,,1530.6668701171875,,22.238100051879883,,0.6515188217163086,,39.123741149902344
,2443,,,,,,,,,,2017.9530029296875,,26.47260093688965,,0.6592206954956055,,44.921630859375
,2444,,,,,,,,,,1682.141357421875,,25.013202667236328,,0.624435305595398,,41.013919830322266
,2445,,,,,,,,,,2159.701171875,,30.798776626586914,,0.6607064008712769,,46.47258377075195
,2446,,,,,,,,,,1735.1453857421875,,27.524335861206055,,0.6931341290473938,,41.65507507324219
,2447,,,,,,,,,,2596.8115234375,,32.76792907714844,,0.6722944974899292,,50.958919525146484
,2448,,,,,,,,,,1891.4246826171875,,28.409320831298828,,0.655615508556366,,43.49051284790039
,2449,,,,,,,,,,1727.3387451171875,,23.32091522216797,,0.7357511520385742,,41.56126403808594
,2450,,,,,,,,,,1622.7667236328125,,22.264814376831055,,0.686907947063446,,40.28357696533203
,2451,,,,,,,,,,1519.826171875,,24.21155548095703,,0.6499506235122681,,38.984947204589844
,2452,,,,,,,,,,1869.2694091796875,,26.58620834350586,,0.6639887094497681,,43.235050201416016
,2453,,,,,,,,,,2551.722412109375,,33.77617263793945,,0.6333860158920288,,50.51457595825195
,2454,,,,,,,,,,1384.5338134765625,,23.271921157836914,,0.5903517007827759,,37.20932388305664
,2455,,,,,,,,,,1863.350830078125,,27.07925796508789,,0.7045760154724121,,43.16654586791992
,2456,,,,,,,,,,1459.5946044921875,,22.624326705932617,,0.6382495760917664,,38.20463943481445
,2457,,,,,,,,,,2150.953369140625,,30.696752548217773,,0.6570941805839539,,46.37837219238281
,2458,,,,,,,,,,1507.851806640625,,24.29383659362793,,0.654903769493103,,38.8310661315918
,2459,,,,,,,,,,1445.04345703125,,22.769887924194336,,0.7066552639007568,,38.013729095458984
,2460,,,,,,,,,,1942.365234375,,25.931806564331055,,0.7309879064559937,,44.07227325439453
,2461,,,,,,,,,,1706.8492431640625,,26.51253890991211,,0.6985549926757812,,41.31403350830078
,2462,,,,,,,,,,1856.9599609375,,26.062686920166016,,0.7117767333984375,,43.09245681762695
,2463,,,,,,,,,,973.6240234375,,16.486818313598633,,0.7956022024154663,,31.20294952392578
15,7391,,,,,,,,,1814.5579833984375,,26.04839515686035,,0.6767362952232361,,42.265777587890625,
15,7391,1676.5235595703125,,25.559429168701172,,0.6859118342399597,,40.67091369628906,,,,,,,,,
16,7399,,1585.579833984375,,24.897626876831055,,0.7024522423744202,,39.819339752197266,,,,,,,,
16,7449,,2206.719482421875,,30.843111038208008,,0.6992830038070679,,46.97573471069336,,,,,,,,
16,7499,,1568.2708740234375,,23.75824546813965,,0.6851017475128174,,39.60139846801758,,,,,,,,
16,7549,,1419.3887939453125,,23.151561737060547,,0.7735315561294556,,37.674774169921875,,,,,,,,
16,7599,,1581.9024658203125,,25.772565841674805,,0.5408883094787598,,39.77313995361328,,,,,,,,
16,7649,,1822.906494140625,,27.24129295349121,,0.5521312355995178,,42.69551086425781,,,,,,,,
16,7699,,1698.8341064453125,,27.0169734954834,,0.6979818344116211,,41.216915130615234,,,,,,,,
16,7749,,1401.56689453125,,22.291751861572266,,0.7059047222137451,,37.437503814697266,,,,,,,,
16,7799,,2248.435546875,,28.389795303344727,,0.6371328830718994,,47.41767120361328,,,,,,,,
16,7849,,1734.3349609375,,27.38232421875,,0.6735818386077881,,41.645347595214844,,,,,,,,
,2464,,,,,,,,,,2361.19775390625,,27.894241333007812,,0.6954464316368103,,48.59215545654297
,2465,,,,,,,,,,1858.2103271484375,,24.615015029907227,,0.7241395711898804,,43.106964111328125
,2466,,,,,,,,,,2117.778564453125,,29.52079200744629,,0.6735765933990479,,46.019325256347656
,2467,,,,,,,,,,2163.994873046875,,29.708637237548828,,0.6574274897575378,,46.518760681152344
,2468,,,,,,,,,,1983.114501953125,,25.899349212646484,,0.6664456129074097,,44.53217315673828
,2469,,,,,,,,,,1856.6373291015625,,27.023216247558594,,0.6263684630393982,,43.088714599609375
,2470,,,,,,,,,,1275.8984375,,19.921161651611328,,0.7309824228286743,,35.71971893310547
,2471,,,,,,,,,,1976.3260498046875,,26.951059341430664,,0.714154839515686,,44.45589065551758
,2472,,,,,,,,,,2223.822998046875,,33.56293869018555,,0.5883305072784424,,47.15742874145508
,2473,,,,,,,,,,1264.4683837890625,,20.541053771972656,,0.6848481893539429,,35.559364318847656
,2474,,,,,,,,,,1497.96728515625,,20.6373348236084,,0.7207807302474976,,38.703582763671875
,2475,,,,,,,,,,1915.1876220703125,,28.050098419189453,,0.7009340524673462,,43.762855529785156
,2476,,,,,,,,,,1816.72021484375,,26.43975257873535,,0.7494311928749084,,42.62300109863281
,2477,,,,,,,,,,1393.1636962890625,,23.58490753173828,,0.7270541191101074,,37.32510757446289
,2478,,,,,,,,,,1271.4796142578125,,19.381065368652344,,0.7390764355659485,,35.657814025878906
,2479,,,,,,,,,,1702.7147216796875,,27.337757110595703,,0.6819069981575012,,41.26396560668945
,2480,,,,,,,,,,1738.4200439453125,,23.425155639648438,,0.7452704310417175,,41.694366455078125
,2481,,,,,,,,,,1436.3365478515625,,20.146305084228516,,0.7175171375274658,,37.89903259277344
,2482,,,,,,,,,,1618.7713623046875,,23.92018699645996,,0.7062399387359619,,40.23395919799805
,2483,,,,,,,,,,1541.3492431640625,,23.713451385498047,,0.6592063307762146,,39.2600212097168
,2484,,,,,,,,,,1796.0888671875,,26.060096740722656,,0.725368857383728,,42.38029098510742
,2485,,,,,,,,,,2297.0185546875,,31.272443771362305,,0.6560478210449219,,47.927223205566406
,2486,,,,,,,,,,2161.93701171875,,31.179927825927734,,0.6863047480583191,,46.49663543701172
,2487,,,,,,,,,,2345.191650390625,,33.23405456542969,,0.6312234997749329,,48.42717742919922
,2488,,,,,,,,,,1794.982177734375,,28.101600646972656,,0.6879322528839111,,42.36722946166992
,2489,,,,,,,,,,1472.2886962890625,,25.696203231811523,,0.6796539425849915,,38.37041091918945
,2490,,,,,,,,,,978.7888793945312,,15.958406448364258,,0.7943799495697021,,31.285602569580078
,2491,,,,,,,,,,2310.891357421875,,31.270580291748047,,0.6691372990608215,,48.07173156738281
,2492,,,,,,,,,,2504.776611328125,,31.852495193481445,,0.587485671043396,,50.04774475097656
,2493,,,,,,,,,,1245.6812744140625,,20.27322769165039,,0.6958630084991455,,35.29420852661133
,2494,,,,,,,,,,1264.9725341796875,,20.698904037475586,,0.6744205951690674,,35.56645584106445
,2495,,,,,,,,,,1287.4345703125,,21.820878982543945,,0.7250458002090454,,35.88084030151367
,2496,,,,,,,,,,1143.0628662109375,,20.03154754638672,,0.7333927750587463,,33.80921173095703
,2497,,,,,,,,,,1675.1314697265625,,24.771120071411133,,0.7112738490104675,,40.92837142944336
,2498,,,,,,,,,,1535.7763671875,,22.934118270874023,,0.7251507043838501,,39.18898391723633
,2499,,,,,,,,,,1166.0521240234375,,19.247249603271484,,0.7111376523971558,,34.14750671386719
,2500,,,,,,,,,,1501.5283203125,,23.02458953857422,,0.6413706541061401,,38.74955749511719
,2501,,,,,,,,,,1836.09423828125,,26.511486053466797,,0.6620351076126099,,42.84967041015625
,2502,,,,,,,,,,1799.90576171875,,26.19301414489746,,0.719984233379364,,42.425296783447266
,2503,,,,,,,,,,1448.8790283203125,,21.269052505493164,,0.7803122997283936,,38.06414031982422
,2504,,,,,,,,,,1957.8328857421875,,30.322742462158203,,0.6697837114334106,,44.24740219116211
,2505,,,,,,,,,,1559.46484375,,24.064151763916016,,0.6793389320373535,,39.49005889892578
,2506,,,,,,,,,,1419.26220703125,,21.273117065429688,,0.6625832319259644,,37.673095703125
,2507,,,,,,,,,,1522.205078125,,23.873390197753906,,0.7108974456787109,,39.015445709228516
,2508,,,,,,,,,,1628.567138671875,,22.956863403320312,,0.6840755939483643,,40.35551071166992
,2509,,,,,,,,,,1786.312744140625,,27.608633041381836,,0.6563840508460999,,42.264793395996094
,2510,,,,,,,,,,1534.7835693359375,,23.613292694091797,,0.7301947474479675,,39.17631149291992
,2511,,,,,,,,,,2010.4188232421875,,31.180587768554688,,0.6524916887283325,,44.83769226074219
,2512,,,,,,,,,,1949.1497802734375,,29.193876266479492,,0.616147518157959,,44.14917755126953
,2513,,,,,,,,,,2691.20068359375,,36.112403869628906,,0.672035813331604,,51.87678527832031
,2514,,,,,,,,,,1411.6583251953125,,21.097639083862305,,0.7285919189453125,,37.57204055786133
,2515,,,,,,,,,,1862.5799560546875,,26.44655990600586,,0.7233483791351318,,43.15761947631836
,2516,,,,,,,,,,1851.9952392578125,,28.72336196899414,,0.6702946424484253,,43.03481674194336
,2517,,,,,,,,,,1630.4097900390625,,23.567562103271484,,0.7512766718864441,,40.378334045410156
,2518,,,,,,,,,,1562.8446044921875,,24.724184036254883,,0.6570410132408142,,39.53282928466797
,2519,,,,,,,,,,1765.65673828125,,28.998144149780273,,0.6962419152259827,,42.019718170166016
,2520,,,,,,,,,,1265.8111572265625,,23.659725189208984,,0.5817903876304626,,35.57823944091797
,2521,,,,,,,,,,1213.6483154296875,,20.5109920501709,,0.7562848329544067,,34.83745574951172
,2522,,,,,,,,,,1745.6265869140625,,25.57109832763672,,0.6326949596405029,,41.780696868896484
,2523,,,,,,,,,,1936.56298828125,,27.498151779174805,,0.6979652047157288,,44.00639724731445
,2524,,,,,,,,,,1562.3961181640625,,23.429534912109375,,0.750058114528656,,39.527156829833984
,2525,,,,,,,,,,2505.337890625,,31.301252365112305,,0.6700365543365479,,50.053348541259766
,2526,,,,,,,,,,2081.835693359375,,30.387256622314453,,0.700993537902832,,45.627140045166016
,2527,,,,,,,,,,1766.831787109375,,27.14079475402832,,0.6725075244903564,,42.03369903564453
,2528,,,,,,,,,,1388.384521484375,,23.52309226989746,,0.7072398662567139,,37.26103210449219
,2529,,,,,,,,,,1826.9102783203125,,26.062335968017578,,0.7145193815231323,,42.74237060546875
,2530,,,,,,,,,,1805.83740234375,,27.853574752807617,,0.6737384796142578,,42.49514389038086
,2531,,,,,,,,,,1480.1541748046875,,23.250980377197266,,0.753385066986084,,38.47277069091797
,2532,,,,,,,,,,2191.023193359375,,27.399465560913086,,0.6907917857170105,,46.80836486816406
,2533,,,,,,,,,,1742.424072265625,,26.947782516479492,,0.7196133136749268,,41.74235534667969
,2534,,,,,,,,,,1399.60986328125,,22.171226501464844,,0.7200912237167358,,37.41135787963867
,2535,,,,,,,,,,1648.8377685546875,,25.355159759521484,,0.7174654006958008,,40.60588455200195
,2536,,,,,,,,,,2289.081298828125,,32.146018981933594,,0.6784566044807434,,47.84434509277344
,2537,,,,,,,,,,2126.6806640625,,31.750385284423828,,0.641972541809082,,46.11594772338867
,2538,,,,,,,,,,1865.1546630859375,,27.779783248901367,,0.6721712946891785,,43.187435150146484
,2539,,,,,,,,,,1713.4415283203125,,24.263086318969727,,0.7306749224662781,,41.39373779296875
,2540,,,,,,,,,,1908.4656982421875,,28.64979362487793,,0.6144445538520813,,43.68598937988281
,2541,,,,,,,,,,1398.5347900390625,,23.311904907226562,,0.7531089782714844,,37.39699172973633
,2542,,,,,,,,,,1597.0897216796875,,24.672353744506836,,0.719310998916626,,39.96360397338867
,2543,,,,,,,,,,1750.25341796875,,24.66710662841797,,0.6329342126846313,,41.836029052734375
,2544,,,,,,,,,,3296.104736328125,,41.761375427246094,,0.6093191504478455,,57.41171646118164
,2545,,,,,,,,,,1660.8828125,,23.77783203125,,0.6890033483505249,,40.753929138183594
,2546,,,,,,,,,,2388.215576171875,,30.51982307434082,,0.7163612842559814,,48.8693733215332
,2547,,,,,,,,,,1621.243896484375,,24.919958114624023,,0.7172757387161255,,40.264671325683594
,2548,,,,,,,,,,1443.2421875,,22.04512596130371,,0.6510249376296997,,37.990028381347656
,2549,,,,,,,,,,1762.8291015625,,27.509204864501953,,0.661410927772522,,41.98605728149414
,2550,,,,,,,,,,1423.1365966796875,,22.870868682861328,,0.7695847153663635,,37.724483489990234
,2551,,,,,,,,,,2803.428955078125,,32.94123458862305,,0.6828125715255737,,52.947418212890625
,2552,,,,,,,,,,1889.499267578125,,26.870805740356445,,0.599486231803894,,43.4683723449707
,2553,,,,,,,,,,865.7149658203125,,16.666982650756836,,0.6976423263549805,,29.42303466796875
,2554,,,,,,,,,,1852.714111328125,,24.118282318115234,,0.6934304237365723,,43.04316329956055
,2555,,,,,,,,,,1255.2550048828125,,17.403301239013672,,0.6627457737922668,,35.42958068847656
,2556,,,,,,,,,,2210.652587890625,,30.8406925201416,,0.6885588765144348,,47.017578125
,2557,,,,,,,,,,2138.603515625,,29.593219757080078,,0.6449143886566162,,46.24503707885742
,2558,,,,,,,,,,1817.0262451171875,,26.908634185791016,,0.6821462512016296,,42.626590728759766
,2559,,,,,,,,,,1809.6024169921875,,26.01804542541504,,0.7017899751663208,,42.539424896240234
,2560,,,,,,,,,,1379.7535400390625,,20.072933197021484,,0.7165819406509399,,37.14503479003906
,2561,,,,,,,,,,2618.448974609375,,31.492786407470703,,0.6700474619865417,,51.17078399658203
,2562,,,,,,,,,,2347.904052734375,,32.11012649536133,,0.6857801675796509,,48.455177307128906
,2563,,,,,,,,,,1753.2509765625,,25.390972137451172,,0.669148325920105,,41.87184143066406
,2564,,,,,,,,,,1637.567138671875,,25.880680084228516,,0.7130808234214783,,40.46686553955078
,2565,,,,,,,,,,1859.7916259765625,,29.008224487304688,,0.5812232494354248,,43.125301361083984
,2566,,,,,,,,,,1034.82275390625,,17.67177391052246,,0.6987691521644592,,32.16865921020508
,2567,,,,,,,,,,1258.051513671875,,20.454126358032227,,0.6842718124389648,,35.46902084350586
,2568,,,,,,,,,,1298.4598388671875,,21.997913360595703,,0.7084875702857971,,36.034149169921875
,2569,,,,,,,,,,1203.5992431640625,,20.804616928100586,,0.7617769837379456,,34.692928314208984
,2570,,,,,,,,,,1565.0677490234375,,24.8292293548584,,0.664103627204895,,39.560935974121094
,2571,,,,,,,,,,3862.035888671875,,37.3281135559082,,0.5657593011856079,,62.14527893066406
,2572,,,,,,,,,,1079.461669921875,,16.300914764404297,,0.6496652364730835,,32.85516357421875
,2573,,,,,,,,,,1442.2266845703125,,24.070621490478516,,0.6362006664276123,,37.97665786743164
,2574,,,,,,,,,,1774.4046630859375,,27.505571365356445,,0.6383755803108215,,42.12368392944336
,2575,,,,,,,,,,1926.8839111328125,,30.321199417114258,,0.6646584272384644,,43.89628601074219
,2576,,,,,,,,,,1642.3138427734375,,27.533893585205078,,0.6445175409317017,,40.525474548339844
,2577,,,,,,,,,,1473.78076171875,,23.854248046875,,0.767677903175354,,38.38985061645508
,2578,,,,,,,,,,1157.1229248046875,,20.022268295288086,,0.7124072313308716,,34.016510009765625
,2579,,,,,,,,,,1324.009521484375,,20.045137405395508,,0.7676250338554382,,36.386940002441406
,2580,,,,,,,,,,1967.2119140625,,29.597415924072266,,0.7103787064552307,,44.35326385498047
,2581,,,,,,,,,,1522.6373291015625,,24.02568817138672,,0.7553024888038635,,39.0209846496582
,2582,,,,,,,,,,1335.297607421875,,21.65717315673828,,0.6706576347351074,,36.541725158691406
,2583,,,,,,,,,,1879.1417236328125,,28.424579620361328,,0.7044655084609985,,43.34906768798828
,2584,,,,,,,,,,1695.9908447265625,,24.95663833618164,,0.6807416677474976,,41.18240737915039
,2585,,,,,,,,,,1726.480712890625,,26.26125717163086,,0.6323554515838623,,41.550941467285156
,2586,,,,,,,,,,1651.635986328125,,24.31936264038086,,0.6786439418792725,,40.640323638916016
,2587,,,,,,,,,,1354.281982421875,,19.892539978027344,,0.6861335039138794,,36.80057144165039
,2588,,,,,,,,,,1389.0267333984375,,22.283105850219727,,0.7736901640892029,,37.26964569091797
,2589,,,,,,,,,,2115.214111328125,,29.351083755493164,,0.6613650321960449,,45.991458892822266
,2590,,,,,,,,,,1949.1322021484375,,26.37051010131836,,0.7173945903778076,,44.14897918701172
,2591,,,,,,,,,,1898.78515625,,29.01350975036621,,0.6835933923721313,,43.575050354003906
,2592,,,,,,,,,,2090.137939453125,,28.889352798461914,,0.6737914681434631,,45.71802520751953
,2593,,,,,,,,,,1142.81201171875,,18.224607467651367,,0.714762806892395,,33.805503845214844
,2594,,,,,,,,,,1684.680419921875,,24.236778259277344,,0.7206095457077026,,41.044857025146484
,2595,,,,,,,,,,2313.147216796875,,32.33011245727539,,0.6151599884033203,,48.09518814086914
,2596,,,,,,,,,,1505.7208251953125,,22.060571670532227,,0.6571981906890869,,38.803619384765625
,2597,,,,,,,,,,1958.1649169921875,,26.099403381347656,,0.669317364692688,,44.251155853271484
,2598,,,,,,,,,,1706.1717529296875,,25.401506423950195,,0.6190701723098755,,41.30583190917969
,2599,,,,,,,,,,2257.595703125,,31.793794631958008,,0.6453269720077515,,47.514163970947266
,2600,,,,,,,,,,1774.3082275390625,,28.006681442260742,,0.6862081289291382,,42.12253952026367
,2601,,,,,,,,,,2437.709228515625,,32.63491439819336,,0.6923724412918091,,49.37316131591797
,2602,,,,,,,,,,1936.6668701171875,,28.73880386352539,,0.6473779678344727,,44.00757598876953
,2603,,,,,,,,,,1714.1385498046875,,23.851354598999023,,0.7377705574035645,,41.40215301513672
,2604,,,,,,,,,,1580.288818359375,,22.149227142333984,,0.6951035261154175,,39.752845764160156
,2605,,,,,,,,,,1500.998291015625,,24.36359214782715,,0.6542870998382568,,38.74271774291992
,2606,,,,,,,,,,1829.0360107421875,,26.277517318725586,,0.6712208986282349,,42.76723098754883
,2607,,,,,,,,,,2375.618408203125,,32.86808395385742,,0.6586874723434448,,48.74031448364258
,2608,,,,,,,,,,1360.0462646484375,,23.3621826171875,,0.5975968837738037,,36.87880325317383
,2609,,,,,,,,,,1724.8995361328125,,25.85051918029785,,0.72652667760849,,41.53190994262695
,2610,,,,,,,,,,1515.0482177734375,,23.105911254882812,,0.6245057582855225,,38.923622131347656
,2611,,,,,,,,,,2052.21337890625,,30.251567840576172,,0.6728353500366211,,45.301361083984375
,2612,,,,,,,,,,1437.2149658203125,,23.746992111206055,,0.6710700988769531,,37.91061782836914
,2613,,,,,,,,,,1410.779296875,,22.42437171936035,,0.7136109471321106,,37.560340881347656
,2614,,,,,,,,,,1881.80517578125,,25.17158317565918,,0.7393752336502075,,43.37977981567383
,2615,,,,,,,,,,1667.3170166015625,,26.10537338256836,,0.7055367231369019,,40.832794189453125
,2616,,,,,,,,,,1674.9461669921875,,24.600515365600586,,0.7400275468826294,,40.92610549926758
,2617,,,,,,,,,,1007.1760864257812,,17.502321243286133,,0.7885584831237793,,31.736038208007812
16,7853,,,,,,,,,1746.882568359375,,25.69118309020996,,0.6876928210258484,,41.507503509521484,
16,7853,1685.4373779296875,,25.574522018432617,,0.6851805448532104,,40.7613525390625,,,,,,,,,
17,7899,,1520.984375,,25.167945861816406,,0.6311546564102173,,38.99980163574219,,,,,,,,
17,7949,,1906.6480712890625,,28.952241897583008,,0.6627994775772095,,43.66518020629883,,,,,,,,
17,7999,,1772.64404296875,,29.523984909057617,,0.6361531019210815,,42.102779388427734,,,,,,,,
17,8049,,1724.477294921875,,25.6325740814209,,0.7315513491630554,,41.526824951171875,,,,,,,,
17,8099,,1513.536865234375,,22.705080032348633,,0.770632266998291,,38.90420150756836,,,,,,,,
17,8149,,1177.464599609375,,20.295150756835938,,0.6915054321289062,,34.314205169677734,,,,,,,,
17,8199,,2974.265625,,34.68098068237305,,0.6329101324081421,,54.536827087402344,,,,,,,,
17,8249,,1381.4808349609375,,20.395355224609375,,0.7439241409301758,,37.168277740478516,,,,,,,,
17,8299,,1385.8131103515625,,23.254451751708984,,0.7830941081047058,,37.22650909423828,,,,,,,,
,2618,,,,,,,,,,2260.99169921875,,27.737377166748047,,0.7083712816238403,,47.54988479614258
,2619,,,,,,,,,,1785.58740234375,,24.208505630493164,,0.734920859336853,,42.25621032714844
,2620,,,,,,,,,,2041.910400390625,,29.047990798950195,,0.6852704286575317,,45.187503814697266
,2621,,,,,,,,,,2183.448486328125,,30.132144927978516,,0.6543478965759277,,46.727386474609375
,2622,,,,,,,,,,1976.3980712890625,,26.34047508239746,,0.6675752997398376,,44.45669937133789
,2623,,,,,,,,,,1919.1844482421875,,27.809757232666016,,0.6137813925743103,,43.808494567871094
,2624,,,,,,,,,,1356.516845703125,,20.780595779418945,,0.7139843702316284,,36.83092498779297
,2625,,,,,,,,,,1948.6785888671875,,26.836576461791992,,0.7181535959243774,,44.14384078979492
,2626,,,,,,,,,,2263.695068359375,,33.99498748779297,,0.5809494256973267,,47.57830810546875
,2627,,,,,,,,,,1206.337890625,,20.210786819458008,,0.6993364095687866,,34.73237609863281
,2628,,,,,,,,,,1442.940673828125,,20.207637786865234,,0.7310376167297363,,37.98605728149414
,2629,,,,,,,,,,1795.035888671875,,27.082883834838867,,0.7196963429450989,,42.367862701416016
,2630,,,,,,,,,,1825.45849609375,,26.637439727783203,,0.7482259273529053,,42.72538375854492
,2631,,,,,,,,,,1473.435546875,,24.42415428161621,,0.7113273739814758,,38.38535690307617
,2632,,,,,,,,,,1267.4683837890625,,19.48322296142578,,0.7398996353149414,,35.60152053833008
,2633,,,,,,,,,,1704.6470947265625,,27.47233772277832,,0.6815459728240967,,41.28737258911133
,2634,,,,,,,,,,1703.9593505859375,,23.224056243896484,,0.7503199577331543,,41.2790412902832
,2635,,,,,,,,,,1344.3060302734375,,19.394372940063477,,0.7356166839599609,,36.66477584838867
,2636,,,,,,,,,,1694.1064453125,,24.98406982421875,,0.6925687789916992,,41.15952682495117
,2637,,,,,,,,,,1400.8023681640625,,22.406620025634766,,0.6902813911437988,,37.42729568481445
,2638,,,,,,,,,,1729.4742431640625,,25.82500457763672,,0.735554575920105,,41.58694839477539
,2639,,,,,,,,,,2157.54248046875,,30.280170440673828,,0.6769327521324158,,46.4493522644043
,2640,,,,,,,,,,2156.134765625,,31.22203254699707,,0.6871466636657715,,46.43419647216797
,2641,,,,,,,,,,2281.9501953125,,32.868961334228516,,0.6411680579185486,,47.7697639465332
,2642,,,,,,,,,,1813.2781982421875,,28.1052188873291,,0.6847514510154724,,42.582603454589844
,2643,,,,,,,,,,1468.5228271484375,,25.512264251708984,,0.6804733276367188,,38.321311950683594
,2644,,,,,,,,,,947.3306884765625,,15.711274147033691,,0.8009885549545288,,30.778738021850586
,2645,,,,,,,,,,2220.380615234375,,30.64569854736328,,0.6820962429046631,,47.120914459228516
,2646,,,,,,,,,,2567.925048828125,,32.17246627807617,,0.5770857334136963,,50.67469787597656
,2647,,,,,,,,,,1205.4901123046875,,20.209630966186523,,0.7056758403778076,,34.72016906738281
,2648,,,,,,,,,,1255.228515625,,20.729843139648438,,0.6769284605979919,,35.42920684814453
,2649,,,,,,,,,,1257.3721923828125,,21.69776153564453,,0.7314661741256714,,35.45944595336914
,2650,,,,,,,,,,1195.882080078125,,20.993370056152344,,0.7210732698440552,,34.58152770996094
,2651,,,,,,,,,,1605.8837890625,,24.595298767089844,,0.7232093811035156,,40.07347869873047
,2652,,,,,,,,,,1493.3729248046875,,22.8808536529541,,0.7327394485473633,,38.64418411254883
,2653,,,,,,,,,,1181.0167236328125,,19.620817184448242,,0.7074304819107056,,34.36592483520508
,2654,,,,,,,,,,1508.8656005859375,,23.379148483276367,,0.6396182179450989,,38.844120025634766
,2655,,,,,,,,,,1802.15625,,26.599056243896484,,0.6682820320129395,,42.451812744140625
,2656,,,,,,,,,,1798.4658203125,,26.302865982055664,,0.7202082276344299,,42.408321380615234
,2657,,,,,,,,,,1429.9998779296875,,21.566747665405273,,0.7831748723983765,,37.815338134765625
,2658,,,,,,,,,,1850.4000244140625,,29.663808822631836,,0.6879037618637085,,43.016273498535156
,2659,,,,,,,,,,1540.4093017578125,,24.091716766357422,,0.6832571625709534,,39.248046875
,2660,,,,,,,,,,1437.06591796875,,21.639326095581055,,0.6583505272865295,,37.908653259277344
,2661,,,,,,,,,,1483.3336181640625,,23.526309967041016,,0.7182800769805908,,38.514068603515625
,2662,,,,,,,,,,1566.5498046875,,22.782629013061523,,0.6961063146591187,,39.57966232299805
,2663,,,,,,,,,,1762.5294189453125,,27.68299674987793,,0.660959005355835,,41.98249053955078
,2664,,,,,,,,,,1473.6292724609375,,23.15611457824707,,0.7409452795982361,,38.38787841796875
,2665,,,,,,,,,,1977.468505859375,,31.12458038330078,,0.6581872701644897,,44.46873474121094
,2666,,,,,,,,,,1886.2734375,,28.9858341217041,,0.6285300254821777,,43.43124771118164
,2667,,,,,,,,,,2671.454345703125,,35.8673210144043,,0.6744422316551208,,51.68611526489258
,2668,,,,,,,,,,1358.413818359375,,20.664295196533203,,0.7388287782669067,,36.856666564941406
,2669,,,,,,,,,,1666.5164794921875,,25.39512062072754,,0.7524698972702026,,40.82299041748047
,2670,,,,,,,,,,1835.4940185546875,,28.64105987548828,,0.67323237657547,,42.84266662597656
,2671,,,,,,,,,,1570.7659912109375,,23.25217628479004,,0.7603754997253418,,39.63288879394531
,2672,,,,,,,,,,1526.016357421875,,24.753829956054688,,0.6651228070259094,,39.06425857543945
,2673,,,,,,,,,,1875.8060302734375,,30.328489303588867,,0.6772921681404114,,43.310577392578125
,2674,,,,,,,,,,1306.3587646484375,,24.15019416809082,,0.5683939456939697,,36.143585205078125
,2675,,,,,,,,,,1202.223388671875,,20.59914207458496,,0.7585791349411011,,34.673095703125
,2676,,,,,,,,,,1693.30419921875,,25.32084846496582,,0.6437044143676758,,41.1497802734375
,2677,,,,,,,,,,1887.591064453125,,27.406558990478516,,0.7056030631065369,,43.446414947509766
,2678,,,,,,,,,,1491.5218505859375,,22.92592430114746,,0.7613961696624756,,38.62022399902344
,2679,,,,,,,,,,2429.752197265625,,30.936866760253906,,0.6799914836883545,,49.29251480102539
,2680,,,,,,,,,,2085.053466796875,,30.44276237487793,,0.7005313634872437,,45.662384033203125
,2681,,,,,,,,,,1758.837890625,,26.97941017150879,,0.6739892959594727,,41.938499450683594
,2682,,,,,,,,,,1322.267822265625,,22.962282180786133,,0.7211815118789673,,36.36300277709961
,2683,,,,,,,,,,1848.3614501953125,,26.17987632751465,,0.7111673355102539,,42.99257278442383
,2684,,,,,,,,,,1756.94140625,,27.698110580444336,,0.6825724840164185,,41.91588592529297
,2685,,,,,,,,,,1445.2288818359375,,23.071191787719727,,0.7592041492462158,,38.01616668701172
,2686,,,,,,,,,,2154.371826171875,,27.15964126586914,,0.6959642171859741,,46.41521453857422
,2687,,,,,,,,,,1702.7889404296875,,26.30134391784668,,0.7259913682937622,,41.264862060546875
,2688,,,,,,,,,,1467.306396484375,,22.588462829589844,,0.7065526247024536,,38.30543518066406
,2689,,,,,,,,,,1711.9080810546875,,26.119850158691406,,0.7066580653190613,,41.37520980834961
,2690,,,,,,,,,,2248.2041015625,,32.0401725769043,,0.6841985583305359,,47.41522979736328
,2691,,,,,,,,,,2085.307373046875,,31.39348030090332,,0.6489377021789551,,45.66516876220703
,2692,,,,,,,,,,1852.189453125,,27.36079978942871,,0.674450159072876,,43.037071228027344
,2693,,,,,,,,,,1698.3951416015625,,24.29758644104004,,0.7330399751663208,,41.21158981323242
,2694,,,,,,,,,,1888.3609619140625,,28.770763397216797,,0.6185061931610107,,43.45527648925781
,2695,,,,,,,,,,1362.3968505859375,,23.00628089904785,,0.759488582611084,,36.91066360473633
,2696,,,,,,,,,,1604.4638671875,,24.800134658813477,,0.7180150151252747,,40.05575942993164
,2697,,,,,,,,,,1702.8543701171875,,24.331064224243164,,0.6428747773170471,,41.26565933227539
,2698,,,,,,,,,,3218.45556640625,,41.49694061279297,,0.6185227632522583,,56.73143768310547
,2699,,,,,,,,,,1624.794677734375,,23.5130672454834,,0.6957607269287109,,40.308738708496094
,2700,,,,,,,,,,2384.98779296875,,30.4929256439209,,0.7167446613311768,,48.83633804321289
,2701,,,,,,,,,,1616.6591796875,,24.682706832885742,,0.7180752754211426,,40.207698822021484
,2702,,,,,,,,,,1405.49609375,,21.761428833007812,,0.6601519584655762,,37.48994827270508
,2703,,,,,,,,,,1764.9091796875,,27.528493881225586,,0.6610114574432373,,42.01082229614258
,2704,,,,,,,,,,1467.5699462890625,,23.52521324157715,,0.762390673160553,,38.308876037597656
,2705,,,,,,,,,,2730.838134765625,,32.61644744873047,,0.6910256743431091,,52.257423400878906
,2706,,,,,,,,,,1873.503662109375,,27.057260513305664,,0.6028767824172974,,43.28398895263672
,2707,,,,,,,,,,884.4803466796875,,16.91017723083496,,0.6910883188247681,,29.74021339416504
,2708,,,,,,,,,,1848.315185546875,,23.876008987426758,,0.6941583156585693,,42.992034912109375
,2709,,,,,,,,,,1205.0150146484375,,17.178911209106445,,0.6762439608573914,,34.71332550048828
,2710,,,,,,,,,,2038.6026611328125,,29.21158218383789,,0.7127976417541504,,45.15088653564453
,2711,,,,,,,,,,2108.506103515625,,29.527099609375,,0.649911642074585,,45.91847229003906
,2712,,,,,,,,,,1820.9068603515625,,27.09344482421875,,0.6814674139022827,,42.67208480834961
,2713,,,,,,,,,,1856.3668212890625,,26.38890266418457,,0.6940835118293762,,43.085575103759766
,2714,,,,,,,,,,1275.4200439453125,,19.345844268798828,,0.7380132675170898,,35.71302032470703
,2715,,,,,,,,,,2482.859619140625,,30.622949600219727,,0.6871331930160522,,49.82830047607422
,2716,,,,,,,,,,2338.2001953125,,32.073875427246094,,0.6870788335800171,,48.35493850708008
,2717,,,,,,,,,,1751.7347412109375,,25.593996047973633,,0.6694344282150269,,41.85373306274414
,2718,,,,,,,,,,1619.14990234375,,25.7770938873291,,0.7163077592849731,,40.23866271972656
,2719,,,,,,,,,,1813.109130859375,,28.944416046142578,,0.5917348861694336,,42.58061981201172
,2720,,,,,,,,,,1087.3741455078125,,18.14360809326172,,0.6834717988967896,,32.9753532409668
,2721,,,,,,,,,,1245.2398681640625,,20.465557098388672,,0.6874870657920837,,35.28795623779297
,2722,,,,,,,,,,1299.25439453125,,21.970205307006836,,0.7083091735839844,,36.045169830322266
,2723,,,,,,,,,,1183.579833984375,,20.860816955566406,,0.7657393217086792,,34.403194427490234
,2724,,,,,,,,,,1559.3038330078125,,24.914175033569336,,0.6653406620025635,,39.48802185058594
,2725,,,,,,,,,,3748.01025390625,,37.2712516784668,,0.5785801410675049,,61.22099685668945
,2726,,,,,,,,,,1096.6279296875,,16.56888198852539,,0.6440940499305725,,33.11537170410156
,2727,,,,,,,,,,1388.5396728515625,,23.636507034301758,,0.6497430801391602,,37.26311492919922
,2728,,,,,,,,,,1711.023681640625,,26.996078491210938,,0.6512926816940308,,41.364524841308594
,2729,,,,,,,,,,1936.2838134765625,,30.377975463867188,,0.663022518157959,,44.00322341918945
,2730,,,,,,,,,,1484.677978515625,,26.280071258544922,,0.6786381602287292,,38.53152084350586
,2731,,,,,,,,,,1443.8155517578125,,23.741374969482422,,0.7724014520645142,,37.99757385253906
,2732,,,,,,,,,,1195.4766845703125,,20.227373123168945,,0.7028747200965881,,34.57566452026367
,2733,,,,,,,,,,1252.5225830078125,,19.6790714263916,,0.7801715731620789,,35.390995025634766
,2734,,,,,,,,,,1979.41064453125,,29.44633674621582,,0.7085827589035034,,44.49056625366211
,2735,,,,,,,,,,1548.134033203125,,24.164615631103516,,0.7512049674987793,,39.34633255004883
,2736,,,,,,,,,,1322.9906005859375,,21.641281127929688,,0.673693060874939,,36.3729362487793
,2737,,,,,,,,,,1869.144775390625,,28.425046920776367,,0.7060377597808838,,43.233604431152344
,2738,,,,,,,,,,1751.7076416015625,,25.35885238647461,,0.6702533960342407,,41.8534049987793
,2739,,,,,,,,,,1648.259033203125,,25.59305191040039,,0.6490123271942139,,40.5987548828125
,2740,,,,,,,,,,1609.6767578125,,24.074857711791992,,0.6868079304695129,,40.12077713012695
,2741,,,,,,,,,,1343.2686767578125,,19.90325164794922,,0.6886860132217407,,36.65062713623047
,2742,,,,,,,,,,1442.5433349609375,,22.968706130981445,,0.7649708390235901,,37.98082733154297
,2743,,,,,,,,,,2108.007080078125,,29.44304656982422,,0.6625188589096069,,45.91304016113281
,2744,,,,,,,,,,1738.8192138671875,,24.487207412719727,,0.7478879690170288,,41.69915008544922
,2745,,,,,,,,,,1787.141845703125,,28.25218391418457,,0.7021971940994263,,42.274600982666016
,2746,,,,,,,,,,1986.4560546875,,28.152624130249023,,0.6899731159210205,,44.56967544555664
,2747,,,,,,,,,,1127.1171875,,18.272418975830078,,0.7186801433563232,,33.572566986083984
,2748,,,,,,,,,,1669.4814453125,,24.40593147277832,,0.7231302261352539,,40.85928726196289
,2749,,,,,,,,,,2203.17919921875,,31.564258575439453,,0.6334554553031921,,46.93803405761719
,2750,,,,,,,,,,1438.9178466796875,,21.53363800048828,,0.6724069714546204,,37.93307113647461
,2751,,,,,,,,,,1799.73095703125,,24.72573471069336,,0.6960726976394653,,42.42323303222656
,2752,,,,,,,,,,1745.9241943359375,,25.804126739501953,,0.6101948022842407,,41.78425598144531
,2753,,,,,,,,,,2198.228515625,,31.289775848388672,,0.6546536684036255,,46.88526916503906
,2754,,,,,,,,,,1806.8995361328125,,28.384782791137695,,0.6804442405700684,,42.50764083862305
,2755,,,,,,,,,,2195.153564453125,,30.61983871459961,,0.7229818105697632,,46.85246658325195
,2756,,,,,,,,,,1883.3778076171875,,28.572174072265625,,0.6570806503295898,,43.39789962768555
,2757,,,,,,,,,,1585.6697998046875,,22.932016372680664,,0.7574237585067749,,39.82046890258789
,2758,,,,,,,,,,1589.6312255859375,,22.338138580322266,,0.6933010220527649,,39.87017822265625
,2759,,,,,,,,,,1466.221435546875,,23.954492568969727,,0.6622970104217529,,38.2912712097168
,2760,,,,,,,,,,1748.7381591796875,,25.925642013549805,,0.685654878616333,,41.81791687011719
,2761,,,,,,,,,,2338.2177734375,,32.659976959228516,,0.6640609502792358,,48.35512161254883
,2762,,,,,,,,,,1326.618896484375,,23.245065689086914,,0.6074872016906738,,36.42277908325195
,2763,,,,,,,,,,1698.6595458984375,,25.5782470703125,,0.7306869029998779,,41.21479797363281
,2764,,,,,,,,,,1546.2889404296875,,23.36995506286621,,0.6167629957199097,,39.322879791259766
,2765,,,,,,,,,,2029.83251953125,,30.129655838012695,,0.676403284072876,,45.05366134643555
,2766,,,,,,,,,,1434.1448974609375,,23.96976089477539,,0.6717727184295654,,37.8701057434082
,2767,,,,,,,,,,1328.7037353515625,,21.687803268432617,,0.7302723526954651,,36.45138931274414
,2768,,,,,,,,,,1836.976806640625,,24.96028709411621,,0.7455838918685913,,42.85996627807617
,2769,,,,,,,,,,1701.40478515625,,26.534780502319336,,0.6995165348052979,,41.24808883666992
,2770,,,,,,,,,,1562.2840576171875,,23.770915985107422,,0.7575141191482544,,39.52573776245117
,2771,,,,,,,,,,908.0567626953125,,16.45482635498047,,0.8093671202659607,,30.13397979736328
17,8315,,,,,,,,,1715.1143798828125,,25.551652908325195,,0.6928932666778564,,41.13780212402344,
17,8315,1660.6748046875,,25.320838928222656,,0.6895387172698975,,40.486305236816406,,,,,,,,,
18,8349,,1635.4654541015625,,25.332006454467773,,0.6812820434570312,,40.440887451171875,,,,,,,,
18,8399,,1504.8314208984375,,24.373472213745117,,0.6983479261398315,,38.79215621948242,,,,,,,,
18,8449,,2068.434814453125,,26.7036190032959,,0.5933024883270264,,45.48004913330078,,,,,,,,
18,8499,,1989.4952392578125,,31.16611099243164,,0.6799800395965576,,44.603759765625,,,,,,,,
18,8549,,1156.6795654296875,,18.949254989624023,,0.7484843730926514,,34.00999450683594,,,,,,,,
18,8599,,1916.574951171875,,29.886981964111328,,0.6698557138442993,,43.77870559692383,,,,,,,,
18,8649,,1817.1981201171875,,27.306474685668945,,0.6778671741485596,,42.62860870361328,,,,,,,,
18,8699,,1060.2916259765625,,19.331926345825195,,0.8052181005477905,,32.56211853027344,,,,,,,,
18,8749,,1793.5501708984375,,28.30624008178711,,0.7041614055633545,,42.35032653808594,,,,,,,,
,2772,,,,,,,,,,2363.827392578125,,27.949308395385742,,0.6951072216033936,,48.61920928955078
,2773,,,,,,,,,,1808.184814453125,,24.531795501708984,,0.7315661311149597,,42.52275466918945
,2774,,,,,,,,,,2094.6318359375,,29.396669387817383,,0.6771442890167236,,45.767147064208984
,2775,,,,,,,,,,2195.410888671875,,29.96651268005371,,0.652454137802124,,46.8552131652832
,2776,,,,,,,,,,2006.4813232421875,,26.22279930114746,,0.66251540184021,,44.793766021728516
,2777,,,,,,,,,,1885.291015625,,27.20930290222168,,0.6206021308898926,,43.41993713378906
,2778,,,,,,,,,,1351.5167236328125,,20.701112747192383,,0.7150386571884155,,36.76298141479492
,2779,,,,,,,,,,1957.0123291015625,,26.711349487304688,,0.7169482707977295,,44.23813247680664
,2780,,,,,,,,,,2276.6708984375,,33.79056167602539,,0.5785473585128784,,47.714473724365234
,2781,,,,,,,,,,1217.1546630859375,,20.44451332092285,,0.6966404914855957,,34.88774490356445
,2782,,,,,,,,,,1510.0977783203125,,20.933181762695312,,0.7185195684432983,,38.85997772216797
,2783,,,,,,,,,,1925.7613525390625,,28.05325698852539,,0.6992829442024231,,43.88349914550781
,2784,,,,,,,,,,1787.470947265625,,26.299884796142578,,0.7534653544425964,,42.27849197387695
,2785,,,,,,,,,,1357.690673828125,,23.305992126464844,,0.7340039014816284,,36.84685516357422
,2786,,,,,,,,,,1236.37841796875,,19.32658576965332,,0.7462796568870544,,35.162174224853516
,2787,,,,,,,,,,1648.8824462890625,,26.977073669433594,,0.6919636726379395,,40.6064338684082
,2788,,,,,,,,,,1813.5538330078125,,23.898942947387695,,0.734261155128479,,42.58584213256836
,2789,,,,,,,,,,1400.577880859375,,20.002765655517578,,0.7245497107505798,,37.424293518066406
,2790,,,,,,,,,,1583.6907958984375,,23.586273193359375,,0.7126060128211975,,39.79561233520508
,2791,,,,,,,,,,1438.359130859375,,22.794492721557617,,0.6819775104522705,,37.92570495605469
,2792,,,,,,,,,,1706.7049560546875,,25.4796199798584,,0.7390360832214355,,41.312286376953125
,2793,,,,,,,,,,2274.21484375,,31.153892517089844,,0.6594624519348145,,47.68872833251953
,2794,,,,,,,,,,2093.97509765625,,30.420143127441406,,0.696165919303894,,45.75997543334961
,2795,,,,,,,,,,2262.712646484375,,32.465599060058594,,0.644193172454834,,47.56797790527344
,2796,,,,,,,,,,1760.034423828125,,27.71630096435547,,0.6940081119537354,,41.952762603759766
,2797,,,,,,,,,,1454.3646240234375,,25.70478057861328,,0.68355393409729,,38.136131286621094
,2798,,,,,,,,,,1006.9722900390625,,16.506376266479492,,0.788459300994873,,31.73282814025879
,2799,,,,,,,,,,2194.920654296875,,30.67005729675293,,0.6857414245605469,,46.849979400634766
,2800,,,,,,,,,,2495.161376953125,,31.552762985229492,,0.5890692472457886,,49.95159149169922
,2801,,,,,,,,,,1206.7410888671875,,20.177753448486328,,0.7053704261779785,,34.73817825317383
,2802,,,,,,,,,,1248.630615234375,,20.809633255004883,,0.6786266565322876,,35.335968017578125
,2803,,,,,,,,,,1229.7449951171875,,21.322072982788086,,0.7373664379119873,,35.067718505859375
,2804,,,,,,,,,,1145.657470703125,,20.69540786743164,,0.7327876091003418,,33.84756088256836
,2805,,,,,,,,,,1622.9393310546875,,24.5181941986084,,0.7202696800231934,,40.28572082519531
,2806,,,,,,,,,,1498.2923583984375,,22.860074996948242,,0.7318589687347412,,38.70778274536133
,2807,,,,,,,,,,1130.4423828125,,19.402698516845703,,0.7199591398239136,,33.62205123901367
,2808,,,,,,,,,,1440.1214599609375,,22.835596084594727,,0.6560372710227966,,37.94893264770508
,2809,,,,,,,,,,1793.6761474609375,,26.480566024780273,,0.6698429584503174,,42.35181427001953
,2810,,,,,,,,,,1809.975341796875,,26.341659545898438,,0.7184176445007324,,42.54380416870117
,2811,,,,,,,,,,1450.0172119140625,,21.58045196533203,,0.7801397442817688,,38.0790901184082
,2812,,,,,,,,,,1930.8134765625,,30.34391975402832,,0.6743409037590027,,43.94102096557617
,2813,,,,,,,,,,1513.695556640625,,23.623952865600586,,0.688750147819519,,38.90624237060547
,2814,,,,,,,,,,1368.283447265625,,20.955989837646484,,0.6747029423713684,,36.99031448364258
,2815,,,,,,,,,,1511.414306640625,,23.769651412963867,,0.7129468321800232,,38.876914978027344
,2816,,,,,,,,,,1597.0948486328125,,23.080219268798828,,0.6901808977127075,,39.96366882324219
,2817,,,,,,,,,,1706.8369140625,,26.976272583007812,,0.6716721057891846,,41.313880920410156
,2818,,,,,,,,,,1510.5728759765625,,23.416067123413086,,0.7344508171081543,,38.8660888671875
,2819,,,,,,,,,,2063.892822265625,,31.32367706298828,,0.6432485580444336,,45.430084228515625
,2820,,,,,,,,,,1890.9190673828125,,28.84394645690918,,0.6276150941848755,,43.48469924926758
,2821,,,,,,,,,,2769.543212890625,,36.33974075317383,,0.662488579750061,,52.62644958496094
,2822,,,,,,,,,,1393.819091796875,,21.25164794921875,,0.732021689414978,,37.333885192871094
,2823,,,,,,,,,,1815.989501953125,,26.328123092651367,,0.7302684783935547,,42.61442947387695
,2824,,,,,,,,,,1800.4842529296875,,28.44023323059082,,0.6794650554656982,,42.43211364746094
,2825,,,,,,,,,,1549.7562255859375,,23.173582077026367,,0.7635805606842041,,39.366943359375
,2826,,,,,,,,,,1481.3084716796875,,24.434926986694336,,0.6749337315559387,,38.487770080566406
,2827,,,,,,,,,,1762.3975830078125,,29.099077224731445,,0.6968026161193848,,41.980918884277344
,2828,,,,,,,,,,1196.4468994140625,,23.346351623535156,,0.6047075390815735,,34.58969497680664
,2829,,,,,,,,,,1253.480224609375,,21.098756790161133,,0.7482861280441284,,35.40452194213867
,2830,,,,,,,,,,1661.2069091796875,,25.05562973022461,,0.6504580974578857,,40.75790786743164
,2831,,,,,,,,,,2009.5037841796875,,28.03740882873535,,0.6865890026092529,,44.827491760253906
,2832,,,,,,,,,,1523.060546875,,23.29364776611328,,0.7563507556915283,,39.02640914916992
,2833,,,,,,,,,,2602.7490234375,,31.89732551574707,,0.6572071313858032,,51.01714324951172
,2834,,,,,,,,,,2050.2080078125,,30.09760856628418,,0.7055361270904541,,45.27922439575195
,2835,,,,,,,,,,1755.235107421875,,27.24954605102539,,0.6746571063995361,,41.89552688598633
,2836,,,,,,,,,,1389.0517578125,,23.6075382232666,,0.707099199295044,,37.26998519897461
,2837,,,,,,,,,,1783.4525146484375,,25.688772201538086,,0.7213102579116821,,42.23094177246094
,2838,,,,,,,,,,1696.5006103515625,,27.166778564453125,,0.6934924125671387,,41.188594818115234
,2839,,,,,,,,,,1434.998779296875,,22.73763084411621,,0.7609086036682129,,37.88137435913086
,2840,,,,,,,,,,2178.798095703125,,27.27010726928711,,0.6925170421600342,,46.67759704589844
,2841,,,,,,,,,,1738.3275146484375,,27.156896591186523,,0.7202725410461426,,41.69325637817383
,2842,,,,,,,,,,1348.75048828125,,21.73084259033203,,0.7302626371383667,,36.725337982177734
,2843,,,,,,,,,,1607.8883056640625,,25.246089935302734,,0.7244822382926941,,40.09848403930664
,2844,,,,,,,,,,2273.380126953125,,32.28857421875,,0.6806621551513672,,47.67997360229492
,2845,,,,,,,,,,2105.52197265625,,31.496458053588867,,0.6455346345901489,,45.88596725463867
,2846,,,,,,,,,,1833.1005859375,,27.5777530670166,,0.6778053045272827,,42.81472396850586
,2847,,,,,,,,,,1710.2864990234375,,24.247013092041016,,0.7311708331108093,,41.35560989379883
,2848,,,,,,,,,,1901.7694091796875,,28.805803298950195,,0.6157974004745483,,43.60927963256836
,2849,,,,,,,,,,1372.928466796875,,23.17896842956543,,0.75762939453125,,37.05305099487305
,2850,,,,,,,,,,1573.370849609375,,24.409786224365234,,0.7234796285629272,,39.66573715209961
,2851,,,,,,,,,,1749.3414306640625,,24.758968353271484,,0.6331254243850708,,41.825130462646484
,2852,,,,,,,,,,3375.4462890625,,42.41518783569336,,0.5999149680137634,,58.09859085083008
,2853,,,,,,,,,,1644.0545654296875,,23.72500228881836,,0.6921544075012207,,40.54694366455078
,2854,,,,,,,,,,2440.320556640625,,30.638742446899414,,0.7101730108261108,,49.399600982666016
,2855,,,,,,,,,,1588.594482421875,,24.81787872314453,,0.7229694128036499,,39.857177734375
,2856,,,,,,,,,,1311.6785888671875,,21.26900291442871,,0.6828369498252869,,36.217105865478516
,2857,,,,,,,,,,1818.0889892578125,,28.133024215698242,,0.6507971286773682,,42.63905334472656
,2858,,,,,,,,,,1488.373779296875,,23.508087158203125,,0.7590223550796509,,38.57944869995117
,2859,,,,,,,,,,2952.678955078125,,33.63032531738281,,0.6659259796142578,,54.338558197021484
,2860,,,,,,,,,,1812.964111328125,,26.272390365600586,,0.6157092452049255,,42.57891845703125
,2861,,,,,,,,,,879.044921875,,17.126028060913086,,0.6929867267608643,,29.648691177368164
,2862,,,,,,,,,,1874.789306640625,,23.865243911743164,,0.6897776126861572,,43.29883575439453
,2863,,,,,,,,,,1245.8065185546875,,17.537914276123047,,0.6652843356132507,,35.29598617553711
,2864,,,,,,,,,,2139.665771484375,,29.967411041259766,,0.6985596418380737,,46.25652313232422
,2865,,,,,,,,,,2135.228271484375,,29.777843475341797,,0.6454747915267944,,46.20853042602539
,2866,,,,,,,,,,1764.4393310546875,,26.48365020751953,,0.6913453340530396,,42.00522994995117
,2867,,,,,,,,,,1762.8421630859375,,25.875579833984375,,0.7094957828521729,,41.98621368408203
,2868,,,,,,,,,,1365.4761962890625,,20.1777400970459,,0.7195146083831787,,36.95235061645508
,2869,,,,,,,,,,2574.044921875,,30.852174758911133,,0.6756428480148315,,50.73504638671875
,2870,,,,,,,,,,2343.594482421875,,31.91433334350586,,0.6863569021224976,,48.41068649291992
,2871,,,,,,,,,,1735.306640625,,25.32476234436035,,0.6725345849990845,,41.657012939453125
,2872,,,,,,,,,,1652.213134765625,,26.296911239624023,,0.7105146646499634,,40.64742660522461
,2873,,,,,,,,,,1711.9404296875,,28.137710571289062,,0.614515483379364,,41.3755989074707
,2874,,,,,,,,,,1021.9740600585938,,17.717655181884766,,0.7025092840194702,,31.96832847595215
,2875,,,,,,,,,,1203.16015625,,20.21685218811035,,0.6980476379394531,,34.68659591674805
,2876,,,,,,,,,,1333.6827392578125,,22.54848861694336,,0.700579822063446,,36.519622802734375
,2877,,,,,,,,,,1176.219482421875,,20.716938018798828,,0.7671961188316345,,34.29605484008789
,2878,,,,,,,,,,1530.600341796875,,24.587221145629883,,0.6715010404586792,,39.122886657714844
,2879,,,,,,,,,,3754.658935546875,,36.45428466796875,,0.5778325796127319,,61.275272369384766
,2880,,,,,,,,,,1050.1116943359375,,16.281816482543945,,0.6591906547546387,,32.405426025390625
,2881,,,,,,,,,,1408.30810546875,,24.10695457458496,,0.644756555557251,,37.52743148803711
,2882,,,,,,,,,,1792.21826171875,,27.842533111572266,,0.634745180606842,,42.334598541259766
,2883,,,,,,,,,,1936.7823486328125,,30.512805938720703,,0.662935733795166,,44.008888244628906
,2884,,,,,,,,,,1608.3477783203125,,27.36031150817871,,0.651869535446167,,40.104209899902344
,2885,,,,,,,,,,1462.3626708984375,,23.945411682128906,,0.7694777846336365,,38.24085235595703
,2886,,,,,,,,,,1123.9830322265625,,19.76001739501953,,0.7206438779830933,,33.525856018066406
,2887,,,,,,,,,,1348.35302734375,,20.577001571655273,,0.7633525133132935,,36.71992874145508
,2888,,,,,,,,,,1961.6954345703125,,29.787193298339844,,0.7111908197402954,,44.29103088378906
,2889,,,,,,,,,,1610.41455078125,,24.80194091796875,,0.7411961555480957,,40.12997055053711
,2890,,,,,,,,,,1282.8779296875,,21.20380210876465,,0.683586597442627,,35.817283630371094
,2891,,,,,,,,,,1825.831787109375,,28.125707626342773,,0.7128496170043945,,42.72975158691406
,2892,,,,,,,,,,1728.0908203125,,24.972169876098633,,0.674699068069458,,41.5703125
,2893,,,,,,,,,,1700.020751953125,,26.09107780456543,,0.6379899978637695,,41.23130798339844
,2894,,,,,,,,,,1550.3663330078125,,23.51511001586914,,0.698347806930542,,39.374691009521484
,2895,,,,,,,,,,1360.1033935546875,,20.152027130126953,,0.6847844123840332,,36.879581451416016
,2896,,,,,,,,,,1411.8909912109375,,22.68155860900879,,0.7699649333953857,,37.575138092041016
,2897,,,,,,,,,,2049.820068359375,,28.815771102905273,,0.6718342900276184,,45.274940490722656
,2898,,,,,,,,,,1739.0040283203125,,24.432994842529297,,0.7478611469268799,,41.70136642456055
,2899,,,,,,,,,,1912.817626953125,,29.236509323120117,,0.6812551021575928,,43.73577117919922
,2900,,,,,,,,,,2045.8375244140625,,28.287254333496094,,0.6807054281234741,,45.23093795776367
,2901,,,,,,,,,,1107.31494140625,,18.123008728027344,,0.7236226797103882,,33.27634048461914
,2902,,,,,,,,,,1654.5972900390625,,24.399192810058594,,0.7255985736846924,,40.67674255371094
,2903,,,,,,,,,,2340.948974609375,,32.69126510620117,,0.6105345487594604,,48.38335418701172
,2904,,,,,,,,,,1465.75146484375,,21.922466278076172,,0.6662979125976562,,38.285133361816406
,2905,,,,,,,,,,1848.966796875,,25.252763748168945,,0.6877580881118774,,42.99961471557617
,2906,,,,,,,,,,1682.8712158203125,,25.332134246826172,,0.624272346496582,,41.0228157043457
,2907,,,,,,,,,,2125.105712890625,,30.558425903320312,,0.6661413908004761,,46.09886932373047
,2908,,,,,,,,,,1708.0623779296875,,27.41788101196289,,0.6979238986968994,,41.328712463378906
,2909,,,,,,,,,,2391.44189453125,,31.840877532958984,,0.6982111930847168,,48.90237045288086
,2910,,,,,,,,,,1868.7227783203125,,28.276988983154297,,0.6597490310668945,,43.22872543334961
,2911,,,,,,,,,,1632.4547119140625,,22.90394401550293,,0.7502665519714355,,40.403648376464844
,2912,,,,,,,,,,1587.6234130859375,,22.157428741455078,,0.6936883926391602,,39.844993591308594
,2913,,,,,,,,,,1466.1165771484375,,23.96192169189453,,0.6623210906982422,,38.28990173339844
,2914,,,,,,,,,,1807.0550537109375,,26.274391174316406,,0.6751720905303955,,42.50947189331055
,2915,,,,,,,,,,2417.186279296875,,32.944366455078125,,0.652715265750885,,49.16489028930664
,2916,,,,,,,,,,1337.6376953125,,23.19965171813965,,0.6042270660400391,,36.57373046875
,2917,,,,,,,,,,1742.73193359375,,26.399887084960938,,0.7236994504928589,,41.74604034423828
,2918,,,,,,,,,,1490.0499267578125,,23.024211883544922,,0.6307014226913452,,38.601165771484375
,2919,,,,,,,,,,2027.6588134765625,,30.043458938598633,,0.6767498254776001,,45.02953338623047
,2920,,,,,,,,,,1410.015380859375,,23.816173553466797,,0.6772952079772949,,37.5501708984375
,2921,,,,,,,,,,1354.317626953125,,22.199249267578125,,0.7250726819038391,,36.801055908203125
,2922,,,,,,,,,,1859.320068359375,,25.325458526611328,,0.7424893975257874,,43.119834899902344
,2923,,,,,,,,,,1627.0087890625,,25.803977966308594,,0.7126555442810059,,40.33619689941406
,2924,,,,,,,,,,1683.2454833984375,,24.65412712097168,,0.7387393712997437,,41.027374267578125
,2925,,,,,,,,,,918.4769897460938,,16.429738998413086,,0.8071795701980591,,30.306385040283203
18,8777,,,,,,,,,1723.390625,,25.58026123046875,,0.6923860907554626,,41.212623596191406,
18,8777,1665.12548828125,,25.42211151123047,,0.6890437006950378,,40.52064514160156,,,,,,,,,
19,8799,,2029.0257568359375,,29.428499221801758,,0.6706713438034058,,45.044708251953125,,,,,,,,
19,8849,,1571.408203125,,22.419170379638672,,0.6414741277694702,,39.6409912109375,,,,,,,,
19,8899,,890.9239501953125,,17.186748504638672,,0.6998574733734131,,29.84834861755371,,,,,,,,
19,8949,,1457.2550048828125,,22.65854835510254,,0.7457200288772583,,38.17401123046875,,,,,,,,
19,8999,,1522.12548828125,,24.828781127929688,,0.6902509927749634,,39.01442337036133,,,,,,,,
19,9049,,1216.190673828125,,21.305599212646484,,0.8028976321220398,,34.873924255371094,,,,,,,,
19,9099,,1789.2481689453125,,26.266645431518555,,0.7296978235244751,,42.29950714111328,,,,,,,,
19,9149,,1327.206298828125,,23.19438362121582,,0.662575364112854,,36.430843353271484,,,,,,,,
19,9199,,1655.996826171875,,24.357261657714844,,0.7053400278091431,,40.693939208984375,,,,,,,,
,2926,,,,,,,,,,2199.908447265625,,27.556428909301758,,0.716249942779541,,46.90318298339844
,2927,,,,,,,,,,1830.9591064453125,,24.695987701416016,,0.7281851768493652,,42.789710998535156
,2928,,,,,,,,,,2044.4779052734375,,29.34653091430664,,0.6848747134208679,,45.21590042114258
,2929,,,,,,,,,,2157.635986328125,,30.097280502319336,,0.6584341526031494,,46.45035934448242
,2930,,,,,,,,,,1989.1510009765625,,26.46871566772461,,0.6654303073883057,,44.59989929199219
,2931,,,,,,,,,,1895.724609375,,27.669761657714844,,0.6185024976730347,,43.5399169921875
,2932,,,,,,,,,,1413.92626953125,,21.450788497924805,,0.7018798589706421,,37.602210998535156
,2933,,,,,,,,,,1953.3599853515625,,27.074369430541992,,0.717476487159729,,44.19683074951172
,2934,,,,,,,,,,2241.7080078125,,33.784202575683594,,0.5850196480751038,,47.3466796875
,2935,,,,,,,,,,1222.0924072265625,,20.820798873901367,,0.6954097747802734,,34.958438873291016
,2936,,,,,,,,,,1404.181396484375,,20.486177444458008,,0.7382622957229614,,37.472408294677734
,2937,,,,,,,,,,1796.4451904296875,,27.23856544494629,,0.7194762825965881,,42.384490966796875
,2938,,,,,,,,,,1792.8494873046875,,26.65536880493164,,0.7527235150337219,,42.3420524597168
,2939,,,,,,,,,,1334.998779296875,,23.31998062133789,,0.7384496331214905,,36.537635803222656
,2940,,,,,,,,,,1206.068603515625,,19.465816497802734,,0.7524995803833008,,34.72849655151367
,2941,,,,,,,,,,1628.2896728515625,,27.002197265625,,0.6958107352256775,,40.352073669433594
,2942,,,,,,,,,,1774.799072265625,,23.703018188476562,,0.73993980884552,,42.12836456298828
,2943,,,,,,,,,,1363.187255859375,,19.968334197998047,,0.7319033145904541,,36.92136764526367
,2944,,,,,,,,,,1706.623046875,,24.943614959716797,,0.6902973651885986,,41.31129455566406
,2945,,,,,,,,,,1460.5106201171875,,23.13262176513672,,0.6770797967910767,,38.21662902832031
,2946,,,,,,,,,,1701.7037353515625,,25.677349090576172,,0.7398008108139038,,41.251712799072266
,2947,,,,,,,,,,2197.037841796875,,30.85019302368164,,0.6710188388824463,,46.8725700378418
,2948,,,,,,,,,,2092.635986328125,,30.92474937438965,,0.6963602304458618,,45.745338439941406
,2949,,,,,,,,,,2353.589599609375,,33.51358413696289,,0.6299029588699341,,48.51380920410156
,2950,,,,,,,,,,1712.3751220703125,,27.537357330322266,,0.7022939920425415,,41.38085174560547
,2951,,,,,,,,,,1461.2191162109375,,25.85926055908203,,0.6820625066757202,,38.225894927978516
,2952,,,,,,,,,,992.4117431640625,,16.48175048828125,,0.7915180921554565,,31.502567291259766
,2953,,,,,,,,,,2282.43359375,,31.433443069458008,,0.6732118129730225,,47.77482223510742
,2954,,,,,,,,,,2441.6435546875,,31.297405242919922,,0.5978831052780151,,49.41299057006836
,2955,,,,,,,,,,1214.348388671875,,20.39651870727539,,0.7035130262374878,,34.847503662109375
,2956,,,,,,,,,,1253.3001708984375,,21.179662704467773,,0.6774247884750366,,35.401981353759766
,2957,,,,,,,,,,1265.0809326171875,,22.10194206237793,,0.7298198342323303,,35.56797790527344
,2958,,,,,,,,,,1250.131591796875,,21.668615341186523,,0.7084201574325562,,35.357200622558594
,2959,,,,,,,,,,1576.9681396484375,,24.411869049072266,,0.7281932830810547,,39.711055755615234
,2960,,,,,,,,,,1509.4700927734375,,23.252580642700195,,0.7298585772514343,,38.85190200805664
,2961,,,,,,,,,,1119.767822265625,,19.529085159301758,,0.7226034998893738,,33.46293258666992
,2962,,,,,,,,,,1471.259765625,,23.401521682739258,,0.6486001014709473,,38.35700607299805
,2963,,,,,,,,,,1808.6279296875,,27.195030212402344,,0.6670907735824585,,42.52796936035156
,2964,,,,,,,,,,1842.091064453125,,26.882423400878906,,0.7134213447570801,,42.91958999633789
,2965,,,,,,,,,,1467.3116455078125,,21.75003433227539,,0.7775174379348755,,38.305503845214844
,2966,,,,,,,,,,1949.904296875,,30.372129440307617,,0.6711210012435913,,44.157718658447266
,2967,,,,,,,,,,1571.8499755859375,,24.246015548706055,,0.6767922639846802,,39.64656448364258
,2968,,,,,,,,,,1359.14599609375,,21.2492618560791,,0.6768752932548523,,36.86659622192383
,2969,,,,,,,,,,1523.431640625,,24.413902282714844,,0.7106645107269287,,39.03116226196289
,2970,,,,,,,,,,1576.0880126953125,,23.16320037841797,,0.6942560076713562,,39.699974060058594
,2971,,,,,,,,,,1724.78955078125,,27.456783294677734,,0.668218731880188,,41.53058624267578
,2972,,,,,,,,,,1469.525634765625,,23.264202117919922,,0.7416666746139526,,38.33439254760742
,2973,,,,,,,,,,2020.96337890625,,31.162168502807617,,0.6506690382957458,,44.95512771606445
,2974,,,,,,,,,,1832.88427734375,,28.71990203857422,,0.6390441060066223,,42.812198638916016
,2975,,,,,,,,,,2741.631591796875,,36.34762191772461,,0.665890097618103,,52.36058807373047
,2976,,,,,,,,,,1382.6136474609375,,21.041810989379883,,0.7341760396957397,,37.18351364135742
,2977,,,,,,,,,,1853.5396728515625,,26.77100944519043,,0.7246911525726318,,43.05275344848633
,2978,,,,,,,,,,1804.148681640625,,28.767864227294922,,0.6788126826286316,,42.47527313232422
,2979,,,,,,,,,,1577.7159423828125,,23.756559371948242,,0.7593152523040771,,39.72047424316406
,2980,,,,,,,,,,1435.7578125,,24.171051025390625,,0.684929609298706,,37.891395568847656
,2981,,,,,,,,,,1795.797119140625,,29.38144302368164,,0.6910566687583923,,42.37684631347656
,2982,,,,,,,,,,1240.065185546875,,24.0783634185791,,0.5902965664863586,,35.21455764770508
,2983,,,,,,,,,,1240.9715576171875,,21.055959701538086,,0.7507979869842529,,35.2274284362793
,2984,,,,,,,,,,1596.8570556640625,,24.820920944213867,,0.6639982461929321,,39.960697174072266
,2985,,,,,,,,,,1889.724609375,,27.628925323486328,,0.7052702903747559,,43.47096252441406
,2986,,,,,,,,,,1591.3240966796875,,24.0625,,0.7454304099082947,,39.89140319824219
,2987,,,,,,,,,,2572.178955078125,,32.15473937988281,,0.6612333059310913,,50.716651916503906
,2988,,,,,,,,,,2165.89404296875,,31.05756187438965,,0.6889204978942871,,46.53916549682617
,2989,,,,,,,,,,1778.7115478515625,,27.740550994873047,,0.670305609703064,,42.174774169921875
,2990,,,,,,,,,,1392.900146484375,,23.8853759765625,,0.706287682056427,,37.32157897949219
,2991,,,,,,,,,,1802.662353515625,,26.082340240478516,,0.7183084487915039,,42.45777130126953
,2992,,,,,,,,,,1707.1998291015625,,27.31911277770996,,0.6915593147277832,,41.318275451660156
,2993,,,,,,,,,,1443.2208251953125,,22.933673858642578,,0.7595387101173401,,37.98974609375
,2994,,,,,,,,,,2132.66650390625,,27.57549285888672,,0.699027419090271,,46.18080139160156
,2995,,,,,,,,,,1770.772216796875,,27.472476959228516,,0.7150516510009766,,42.080543518066406
,2996,,,,,,,,,,1398.758544921875,,22.457841873168945,,0.7202615141868591,,37.39998245239258
,2997,,,,,,,,,,1703.8570556640625,,26.510173797607422,,0.7080376148223877,,41.27780532836914
,2998,,,,,,,,,,2285.93994140625,,32.689453125,,0.6788978576660156,,47.811500549316406
,2999,,,,,,,,,,2174.9443359375,,32.185916900634766,,0.6338473558425903,,46.63630294799805
,3000,,,,,,,,,,1794.713134765625,,27.34638786315918,,0.6845524311065674,,42.36405563354492
,3001,,,,,,,,,,1700.8436279296875,,24.60449981689453,,0.7326551079750061,,41.24128723144531
,3002,,,,,,,,,,1929.17724609375,,29.409021377563477,,0.6102603673934937,,43.92239761352539
,3003,,,,,,,,,,1347.845947265625,,23.10623550415039,,0.762057363986969,,36.71302032470703
,3004,,,,,,,,,,1532.2674560546875,,24.301061630249023,,0.730703592300415,,39.144187927246094
,3005,,,,,,,,,,1746.7366943359375,,25.10220718383789,,0.633671760559082,,41.79397964477539
,3006,,,,,,,,,,3361.70654296875,,42.531211853027344,,0.6015434861183167,,57.980228424072266
,3007,,,,,,,,,,1607.308837890625,,23.395998001098633,,0.6990349292755127,,40.09125518798828
,3008,,,,,,,,,,2341.737060546875,,31.107452392578125,,0.7218813896179199,,48.39149856567383
,3009,,,,,,,,,,1633.8682861328125,,25.33189582824707,,0.7150741815567017,,40.421138763427734
,3010,,,,,,,,,,1299.9683837890625,,21.292081832885742,,0.6856684684753418,,36.05507278442383
,3011,,,,,,,,,,1802.330322265625,,28.166282653808594,,0.6538238525390625,,42.453861236572266
,3012,,,,,,,,,,1438.121337890625,,23.289714813232422,,0.767158567905426,,37.922569274902344
,3013,,,,,,,,,,2919.8134765625,,34.21586990356445,,0.6696444749832153,,54.035301208496094
,3014,,,,,,,,,,1798.9029541015625,,26.61189842224121,,0.618689775466919,,42.413475036621094
,3015,,,,,,,,,,911.0886840820312,,17.833179473876953,,0.6817951798439026,,30.184246063232422
,3016,,,,,,,,,,1877.1727294921875,,24.219552993774414,,0.6893832087516785,,43.326351165771484
,3017,,,,,,,,,,1132.239990234375,,17.135194778442383,,0.6957967281341553,,33.648773193359375
,3018,,,,,,,,,,2096.61572265625,,29.72648048400879,,0.7046246528625488,,45.788818359375
,3019,,,,,,,,,,2053.93896484375,,29.660892486572266,,0.6589717864990234,,45.320404052734375
,3020,,,,,,,,,,1765.1683349609375,,26.75617027282715,,0.6912177801132202,,42.0139045715332
,3021,,,,,,,,,,1836.0736083984375,,26.69063949584961,,0.6974277496337891,,42.849430084228516
,3022,,,,,,,,,,1291.124267578125,,19.990488052368164,,0.7347874641418457,,35.93221664428711
,3023,,,,,,,,,,2496.177734375,,30.783613204956055,,0.6854549646377563,,49.961761474609375
,3024,,,,,,,,,,2349.94970703125,,32.11463165283203,,0.6855063438415527,,48.476280212402344
,3025,,,,,,,,,,1736.58447265625,,25.758190155029297,,0.6722934246063232,,41.67234802246094
,3026,,,,,,,,,,1594.64111328125,,25.899227142333984,,0.7206019163131714,,39.93295669555664
,3027,,,,,,,,,,1775.3245849609375,,29.03890037536621,,0.6002429723739624,,42.13459777832031
,3028,,,,,,,,,,1034.0498046875,,18.045656204223633,,0.6989941596984863,,32.15664291381836
,3029,,,,,,,,,,1211.7318115234375,,20.63828468322754,,0.6958964467048645,,34.8099365234375
,3030,,,,,,,,,,1330.5732421875,,22.579883575439453,,0.7012779116630554,,36.47702407836914
,3031,,,,,,,,,,1184.1702880859375,,20.954668045043945,,0.7656224370002747,,34.411773681640625
,3032,,,,,,,,,,1508.4100341796875,,24.546314239501953,,0.6762635707855225,,38.838253021240234
,3033,,,,,,,,,,3645.99462890625,,35.67205810546875,,0.5900506377220154,,60.3820686340332
,3034,,,,,,,,,,1036.5794677734375,,16.579317092895508,,0.6635825634002686,,32.195953369140625
,3035,,,,,,,,,,1405.5689697265625,,24.404521942138672,,0.6454474925994873,,37.49092102050781
,3036,,,,,,,,,,1780.608642578125,,28.176973342895508,,0.6371111869812012,,42.19725799560547
,3037,,,,,,,,,,1865.4688720703125,,30.078197479248047,,0.6753466725349426,,43.19107437133789
,3038,,,,,,,,,,1656.3536376953125,,27.91574478149414,,0.6414785385131836,,40.698326110839844
,3039,,,,,,,,,,1425.3179931640625,,23.92314338684082,,0.7753174304962158,,37.75338363647461
,3040,,,,,,,,,,1098.86279296875,,19.6854248046875,,0.7268872261047363,,33.14910125732422
,3041,,,,,,,,,,1279.2098388671875,,20.198572158813477,,0.7754877805709839,,35.76604461669922
,3042,,,,,,,,,,2009.6627197265625,,29.877321243286133,,0.7041288614273071,,44.829261779785156
,3043,,,,,,,,,,1561.279296875,,24.561199188232422,,0.7490924596786499,,39.51302719116211
,3044,,,,,,,,,,1309.856201171875,,21.72614860534668,,0.6769325733184814,,36.19193649291992
,3045,,,,,,,,,,1937.8333740234375,,29.3994197845459,,0.695235013961792,,44.02082824707031
,3046,,,,,,,,,,1714.0601806640625,,25.151018142700195,,0.6773402690887451,,41.40121078491211
,3047,,,,,,,,,,1698.97265625,,26.439159393310547,,0.6382131576538086,,41.218597412109375
,3048,,,,,,,,,,1548.2283935546875,,23.784229278564453,,0.6987638473510742,,39.347530364990234
,3049,,,,,,,,,,1346.6055908203125,,20.600297927856445,,0.6879125833511353,,36.69612503051758
,3050,,,,,,,,,,1350.3260498046875,,22.238597869873047,,0.7799955606460571,,36.74678421020508
,3051,,,,,,,,,,2107.1484375,,29.490114212036133,,0.662656307220459,,45.9036865234375
,3052,,,,,,,,,,1754.4072265625,,24.79923439025879,,0.7456278204917908,,41.885643005371094
,3053,,,,,,,,,,1857.764892578125,,29.091123580932617,,0.6904288530349731,,43.1017951965332
,3054,,,,,,,,,,1955.3310546875,,28.007362365722656,,0.6948307752609253,,44.2191276550293
,3055,,,,,,,,,,1100.1561279296875,,18.30202293395996,,0.7254093885421753,,33.168601989746094
,3056,,,,,,,,,,1623.4296875,,24.339967727661133,,0.7307674884796143,,40.291805267333984
,3057,,,,,,,,,,2290.179931640625,,32.58993911743164,,0.6189810633659363,,47.8558235168457
,3058,,,,,,,,,,1438.62109375,,22.011537551879883,,0.6724745035171509,,37.92915725708008
,3059,,,,,,,,,,1854.5772705078125,,25.628515243530273,,0.6868106126785278,,43.06480407714844
,3060,,,,,,,,,,1695.3685302734375,,25.490760803222656,,0.6214821338653564,,41.17485427856445
,3061,,,,,,,,,,2205.920166015625,,31.592098236083984,,0.653445303440094,,46.967220306396484
,3062,,,,,,,,,,1706.3985595703125,,27.670339584350586,,0.6982181072235107,,41.30857849121094
,3063,,,,,,,,,,2151.1083984375,,30.6121883392334,,0.7285401821136475,,46.380043029785156
,3064,,,,,,,,,,1951.5919189453125,,29.478839874267578,,0.644660472869873,,44.17682647705078
,3065,,,,,,,,,,1614.28076171875,,23.009410858154297,,0.7530468106269836,,40.1781120300293
,3066,,,,,,,,,,1516.67724609375,,21.89719581604004,,0.7073765397071838,,38.944541931152344
,3067,,,,,,,,,,1478.9139404296875,,24.034900665283203,,0.6593736410140991,,38.45664978027344
,3068,,,,,,,,,,1831.1800537109375,,26.733285903930664,,0.6708354949951172,,42.79228973388672
,3069,,,,,,,,,,2445.200927734375,,33.431156158447266,,0.6486903429031372,,49.448974609375
,3070,,,,,,,,,,1301.425537109375,,22.788084030151367,,0.6149412989616394,,36.07527542114258
,3071,,,,,,,,,,1726.337646484375,,26.240060806274414,,0.7262986898422241,,41.549217224121094
,3072,,,,,,,,,,1521.5828857421875,,23.46601104736328,,0.6228861808776855,,39.00747299194336
,3073,,,,,,,,,,2078.3681640625,,30.75292205810547,,0.6686657667160034,,45.5891227722168
,3074,,,,,,,,,,1422.002685546875,,24.20870018005371,,0.6745517253875732,,37.709449768066406
,3075,,,,,,,,,,1359.165771484375,,22.42462158203125,,0.7240885496139526,,36.86686706542969
,3076,,,,,,,,,,1861.2213134765625,,25.455747604370117,,0.7422261238098145,,43.14187240600586
,3077,,,,,,,,,,1695.3712158203125,,26.603107452392578,,0.7005821466445923,,41.174888610839844
,3078,,,,,,,,,,1608.8863525390625,,24.312440872192383,,0.7502808570861816,,40.110923767089844
,3079,,,,,,,,,,927.2213134765625,,16.680171966552734,,0.8053438067436218,,30.45030975341797
19,9239,,,,,,,,,1716.4093017578125,,25.79374885559082,,0.6933123469352722,,41.1364860534668,
19,9239,1666.5050048828125,,25.468156814575195,,0.6885200142860413,,40.54694747924805,,,,,,,,,
20,9249,,1944.291015625,,29.30345344543457,,0.6331655979156494,,44.0941162109375,,,,,,,,
20,9299,,2009.9063720703125,,29.00896644592285,,0.5790340900421143,,44.83197784423828,,,,,,,,
20,9349,,1783.72705078125,,27.362367630004883,,0.7053989171981812,,42.23419189453125,,,,,,,,
20,9399,,1213.397216796875,,23.7027530670166,,0.6694260239601135,,34.8338508605957,,,,,,,,
20,9449,,1777.25634765625,,24.809478759765625,,0.6702558994293213,,42.15751647949219,,,,,,,,
20,9499,,1783.671875,,25.673084259033203,,0.6633822321891785,,42.23353958129883,,,,,,,,
20,9549,,2159.0166015625,,30.068822860717773,,0.6609445214271545,,46.46521759033203,,,,,,,,
20,9599,,1857.4625244140625,,29.615070343017578,,0.6300581097602844,,43.098289489746094,,,,,,,,
20,9649,,1841.4776611328125,,22.751663208007812,,0.6477164626121521,,42.91244125366211,,,,,,,,
20,9699,,1528.685546875,,22.510007858276367,,0.723324179649353,,39.09840774536133,,,,,,,,
,3080,,,,,,,,,,2304.851318359375,,27.638568878173828,,0.7027141451835632,,48.00886535644531
,3081,,,,,,,,,,1849.369140625,,24.505189895629883,,0.7254520654678345,,43.004295349121094
,3082,,,,,,,,,,2141.90185546875,,29.50007438659668,,0.6698583364486694,,46.28068542480469
,3083,,,,,,,,,,2166.925537109375,,29.642553329467773,,0.656963586807251,,46.55024719238281
,3084,,,,,,,,,,1938.8804931640625,,25.33111572265625,,0.6738856434822083,,44.03272247314453
,3085,,,,,,,,,,1874.7027587890625,,27.066204071044922,,0.6227329969406128,,43.29783630371094
,3086,,,,,,,,,,1359.71142578125,,20.362550735473633,,0.7133108377456665,,36.874263763427734
,3087,,,,,,,,,,1901.788818359375,,26.199609756469727,,0.7249355316162109,,43.609500885009766
,3088,,,,,,,,,,2218.705078125,,33.49750518798828,,0.5892779231071472,,47.10313415527344
,3089,,,,,,,,,,1222.10595703125,,20.094682693481445,,0.695406436920166,,34.95863342285156
,3090,,,,,,,,,,1493.2962646484375,,20.458744049072266,,0.7216513752937317,,38.643192291259766
,3091,,,,,,,,,,1870.09326171875,,27.864526748657227,,0.7079757452011108,,43.24457550048828
,3092,,,,,,,,,,1779.96630859375,,25.950693130493164,,0.7545003890991211,,42.18964767456055
,3093,,,,,,,,,,1364.8994140625,,23.16720199584961,,0.7325915694236755,,36.94454574584961
,3094,,,,,,,,,,1256.58251953125,,19.210264205932617,,0.7421334981918335,,35.448307037353516
,3095,,,,,,,,,,1701.552978515625,,27.27838134765625,,0.6821240186691284,,41.24988555908203
,3096,,,,,,,,,,1761.868408203125,,23.37045669555664,,0.7418345212936401,,41.97461700439453
,3097,,,,,,,,,,1393.3717041015625,,19.731847763061523,,0.7259669303894043,,37.32789611816406
,3098,,,,,,,,,,1594.9415283203125,,23.64249038696289,,0.7105643153190613,,39.93672180175781
,3099,,,,,,,,,,1440.7684326171875,,22.63153076171875,,0.6814448237419128,,37.957454681396484
,3100,,,,,,,,,,1808.72900390625,,26.110368728637695,,0.7234361171722412,,42.52915573120117
,3101,,,,,,,,,,2239.672119140625,,30.7548885345459,,0.6646348237991333,,47.325172424316406
,3102,,,,,,,,,,2072.762451171875,,30.20538902282715,,0.6992439031600952,,45.5275993347168
,3103,,,,,,,,,,2298.572998046875,,32.662723541259766,,0.6385542154312134,,47.94343185424805
,3104,,,,,,,,,,1766.91259765625,,27.629728317260742,,0.6928123235702515,,42.03466033935547
,3105,,,,,,,,,,1420.4873046875,,25.160879135131836,,0.6909250617027283,,37.68935012817383
,3106,,,,,,,,,,1003.0528564453125,,16.005821228027344,,0.7892826795578003,,31.671009063720703
,3107,,,,,,,,,,2215.66455078125,,30.65315818786621,,0.6827714443206787,,47.07084655761719
,3108,,,,,,,,,,2522.35791015625,,31.569963455200195,,0.5845901966094971,,50.223079681396484
,3109,,,,,,,,,,1196.10302734375,,19.82643699645996,,0.7079676985740662,,34.584720611572266
,3110,,,,,,,,,,1270.746826171875,,20.75832748413086,,0.672934353351593,,35.64753723144531
,3111,,,,,,,,,,1289.302734375,,21.80415916442871,,0.7246468663215637,,35.9068603515625
,3112,,,,,,,,,,1183.9085693359375,,20.703920364379883,,0.7238659858703613,,34.40797424316406
,3113,,,,,,,,,,1618.4896240234375,,24.316503524780273,,0.7210366725921631,,40.2304573059082
,3114,,,,,,,,,,1507.8162841796875,,22.751911163330078,,0.7301545143127441,,38.83061218261719
,3115,,,,,,,,,,1124.541748046875,,18.828418731689453,,0.7214208841323853,,33.53418731689453
,3116,,,,,,,,,,1438.034912109375,,22.444080352783203,,0.6565356254577637,,37.92143249511719
,3117,,,,,,,,,,1795.3323974609375,,26.163127899169922,,0.6695380806922913,,42.37136459350586
,3118,,,,,,,,,,1790.5369873046875,,25.808916091918945,,0.7214417457580566,,42.314735412597656
,3119,,,,,,,,,,1460.678955078125,,21.249914169311523,,0.7785231471061707,,38.21883010864258
,3120,,,,,,,,,,1852.3367919921875,,29.349092483520508,,0.6875771284103394,,43.038780212402344
,3121,,,,,,,,,,1525.0074462890625,,23.743810653686523,,0.6864241361618042,,39.05134201049805
,3122,,,,,,,,,,1350.080322265625,,20.577865600585938,,0.6790305376052856,,36.74344253540039
,3123,,,,,,,,,,1494.429443359375,,23.53450584411621,,0.7161726951599121,,38.65785217285156
,3124,,,,,,,,,,1641.440673828125,,22.978374481201172,,0.6815782785415649,,40.51469802856445
,3125,,,,,,,,,,1759.1820068359375,,27.243000030517578,,0.6616029143333435,,41.942604064941406
,3126,,,,,,,,,,1500.14892578125,,23.277759552001953,,0.7362833023071289,,38.731754302978516
,3127,,,,,,,,,,2006.7349853515625,,30.742040634155273,,0.6531285047531128,,44.79659652709961
,3128,,,,,,,,,,1883.72021484375,,28.664701461791992,,0.6290328502655029,,43.40184783935547
,3129,,,,,,,,,,2712.58056640625,,36.1392707824707,,0.6694303750991821,,52.08243942260742
,3130,,,,,,,,,,1380.102294921875,,20.79392433166504,,0.7346588969230652,,37.14972686767578
,3131,,,,,,,,,,1807.7823486328125,,25.99694061279297,,0.731487512588501,,42.51802444458008
,3132,,,,,,,,,,1807.1558837890625,,28.236587524414062,,0.678277313709259,,42.510658264160156
,3133,,,,,,,,,,1573.4732666015625,,23.121417999267578,,0.7599624991416931,,39.667030334472656
,3134,,,,,,,,,,1514.7213134765625,,24.301828384399414,,0.667601466178894,,38.9194221496582
,3135,,,,,,,,,,1725.9215087890625,,28.5469913482666,,0.7030778527259827,,41.544212341308594
,3136,,,,,,,,,,1250.5943603515625,,23.525373458862305,,0.5868178606033325,,35.36374282836914
,3137,,,,,,,,,,1313.3389892578125,,21.25419044494629,,0.7362657785415649,,36.240020751953125
,3138,,,,,,,,,,1638.164306640625,,24.59722328186035,,0.6553065776824951,,40.4742431640625
,3139,,,,,,,,,,1950.69970703125,,27.34203338623047,,0.6957603693008423,,44.166725158691406
,3140,,,,,,,,,,1527.7830810546875,,22.987506866455078,,0.755595326423645,,39.08686447143555
,3141,,,,,,,,,,2517.6455078125,,31.321197509765625,,0.6684156656265259,,50.176143646240234
,3142,,,,,,,,,,2047.848876953125,,30.04972267150879,,0.7058749198913574,,45.2531623840332
,3143,,,,,,,,,,1734.2535400390625,,27.036815643310547,,0.678546130657196,,41.644371032714844
,3144,,,,,,,,,,1386.4189453125,,23.424970626831055,,0.7076543569564819,,37.23464584350586
,3145,,,,,,,,,,1729.0557861328125,,25.07978057861328,,0.7298104763031006,,41.58191680908203
,3146,,,,,,,,,,1747.334228515625,,27.212736129760742,,0.6843082904815674,,41.80112838745117
,3147,,,,,,,,,,1441.1832275390625,,22.689788818359375,,0.7598782181739807,,37.96291732788086
,3148,,,,,,,,,,2201.760498046875,,27.427230834960938,,0.6892764568328857,,46.92292022705078
,3149,,,,,,,,,,1804.4085693359375,,27.5159854888916,,0.7096389532089233,,42.478328704833984
,3150,,,,,,,,,,1355.6583251953125,,21.329967498779297,,0.7288811206817627,,36.81926727294922
,3151,,,,,,,,,,1602.4306640625,,24.990102767944336,,0.72541743516922,,40.030372619628906
,3152,,,,,,,,,,2219.770751953125,,31.82421112060547,,0.6881925463676453,,47.114444732666016
,3153,,,,,,,,,,2128.304443359375,,31.65857696533203,,0.6416991949081421,,46.133548736572266
,3154,,,,,,,,,,1790.6163330078125,,26.973806381225586,,0.6852725148200989,,42.315673828125
,3155,,,,,,,,,,1717.7564697265625,,24.115758895874023,,0.7299966812133789,,41.44582748413086
,3156,,,,,,,,,,1909.805908203125,,28.632226943969727,,0.6141737699508667,,43.701324462890625
,3157,,,,,,,,,,1386.0303955078125,,23.025619506835938,,0.755316436290741,,37.22943115234375
,3158,,,,,,,,,,1592.7943115234375,,24.518829345703125,,0.7200659513473511,,39.909828186035156
,3159,,,,,,,,,,1740.85205078125,,24.407718658447266,,0.6349058151245117,,41.7235221862793
,3160,,,,,,,,,,3284.72021484375,,41.668453216552734,,0.6106685400009155,,57.312477111816406
,3161,,,,,,,,,,1631.007568359375,,23.34157943725586,,0.6945973634719849,,40.38573455810547
,3162,,,,,,,,,,2378.387451171875,,30.381025314331055,,0.7175285816192627,,48.768714904785156
,3163,,,,,,,,,,1637.7203369140625,,24.84187126159668,,0.714402437210083,,40.46875762939453
,3164,,,,,,,,,,1323.4620361328125,,21.124046325683594,,0.6799877285957336,,36.37942123413086
,3165,,,,,,,,,,1795.963623046875,,27.790348052978516,,0.6550467014312744,,42.37881088256836
,3166,,,,,,,,,,1428.9462890625,,22.902198791503906,,0.7686440944671631,,37.80140686035156
,3167,,,,,,,,,,2765.109375,,32.455162048339844,,0.6871480941772461,,52.58430862426758
,3168,,,,,,,,,,1796.6978759765625,,25.800804138183594,,0.6191571950912476,,42.387474060058594
,3169,,,,,,,,,,870.7128295898438,,16.588462829589844,,0.6958967447280884,,29.507843017578125
,3170,,,,,,,,,,1773.9117431640625,,23.509204864501953,,0.7064698934555054,,42.11783218383789
,3171,,,,,,,,,,1291.6463623046875,,17.453853607177734,,0.6529684066772461,,35.939483642578125
,3172,,,,,,,,,,2122.391357421875,,29.98190689086914,,0.7009932994842529,,46.069419860839844
,3173,,,,,,,,,,2083.953125,,29.104291915893555,,0.6539883017539978,,45.65033721923828
,3174,,,,,,,,,,1799.1331787109375,,26.785654067993164,,0.6852762699127197,,42.41619110107422
,3175,,,,,,,,,,1792.646484375,,25.759435653686523,,0.7045842409133911,,42.339656829833984
,3176,,,,,,,,,,1349.611328125,,19.774450302124023,,0.7227734923362732,,36.737056732177734
,3177,,,,,,,,,,2523.193603515625,,30.709470748901367,,0.6820507049560547,,50.23139953613281
,3178,,,,,,,,,,2321.67626953125,,31.680891036987305,,0.6892901659011841,,48.18377685546875
,3179,,,,,,,,,,1736.3408203125,,25.080371856689453,,0.6723393797874451,,41.6694221496582
,3180,,,,,,,,,,1594.0858154296875,,25.455886840820312,,0.7206991910934448,,39.926002502441406
,3181,,,,,,,,,,1858.1898193359375,,29.21514129638672,,0.5815838575363159,,43.106727600097656
,3182,,,,,,,,,,1042.0067138671875,,17.639589309692383,,0.6966779232025146,,32.280128479003906
,3183,,,,,,,,,,1255.624267578125,,20.358640670776367,,0.6848809719085693,,35.43478775024414
,3184,,,,,,,,,,1304.1259765625,,21.983484268188477,,0.7072154879570007,,36.11268615722656
,3185,,,,,,,,,,1182.702392578125,,20.38677406311035,,0.7659130096435547,,34.39044189453125
,3186,,,,,,,,,,1512.8824462890625,,24.23518180847168,,0.6753036975860596,,38.89578628540039
,3187,,,,,,,,,,3842.587646484375,,36.80769729614258,,0.5679460763931274,,61.98860549926758
,3188,,,,,,,,,,1062.938232421875,,16.068374633789062,,0.6550278663635254,,32.60273361206055
,3189,,,,,,,,,,1452.7535400390625,,24.195722579956055,,0.6335452795028687,,38.11500549316406
,3190,,,,,,,,,,1759.8355712890625,,27.385786056518555,,0.6413447856903076,,41.95039367675781
,3191,,,,,,,,,,1898.1868896484375,,30.02855110168457,,0.6696526408195496,,43.56818771362305
,3192,,,,,,,,,,1640.590087890625,,27.33481788635254,,0.6448906660079956,,40.50419998168945
,3193,,,,,,,,,,1461.7855224609375,,23.871496200561523,,0.7695687413215637,,38.23330307006836
,3194,,,,,,,,,,1190.9566650390625,,19.99310874938965,,0.7039981484413147,,34.51023864746094
,3195,,,,,,,,,,1313.1376953125,,20.017826080322266,,0.7695331573486328,,36.23724365234375
,3196,,,,,,,,,,1931.614501953125,,29.13913917541504,,0.7156195044517517,,43.950138092041016
,3197,,,,,,,,,,1487.371826171875,,23.614473342895508,,0.760969877243042,,38.56645965576172
,3198,,,,,,,,,,1272.30810546875,,20.917835235595703,,0.686193585395813,,35.669429779052734
,3199,,,,,,,,,,1844.4775390625,,27.98920440673828,,0.7099171876907349,,42.94738006591797
,3200,,,,,,,,,,1701.5596923828125,,24.904735565185547,,0.679693341255188,,41.24996566772461
,3201,,,,,,,,,,1694.1634521484375,,25.90525245666504,,0.6392372846603394,,41.16021728515625
,3202,,,,,,,,,,1586.5098876953125,,23.713748931884766,,0.6913154125213623,,39.831016540527344
,3203,,,,,,,,,,1365.7445068359375,,19.909242630004883,,0.6834770441055298,,36.95598220825195
,3204,,,,,,,,,,1380.4111328125,,22.126710891723633,,0.7750938534736633,,37.15388488769531
,3205,,,,,,,,,,2064.91650390625,,28.954021453857422,,0.6694174408912659,,45.44135284423828
,3206,,,,,,,,,,1791.36181640625,,24.94474983215332,,0.7402697801589966,,42.32448196411133
,3207,,,,,,,,,,1853.6756591796875,,28.720369338989258,,0.6911102533340454,,43.0543327331543
,3208,,,,,,,,,,1998.0260009765625,,27.908472061157227,,0.6881674528121948,,44.699283599853516
,3209,,,,,,,,,,1109.462158203125,,17.781917572021484,,0.7230867147445679,,33.308589935302734
,3210,,,,,,,,,,1647.5074462890625,,23.858684539794922,,0.7267744541168213,,40.589500427246094
,3211,,,,,,,,,,2298.49462890625,,32.06455612182617,,0.617597758769989,,47.94261932373047
,3212,,,,,,,,,,1483.796875,,21.656465530395508,,0.6621895432472229,,38.520084381103516
,3213,,,,,,,,,,1932.143798828125,,25.783172607421875,,0.6737116575241089,,43.95615768432617
,3214,,,,,,,,,,1681.82763671875,,25.03986930847168,,0.6245054006576538,,41.010093688964844
,3215,,,,,,,,,,2179.9912109375,,31.06917953491211,,0.657518744468689,,46.69037628173828
,3216,,,,,,,,,,1701.979736328125,,27.217199325561523,,0.6989995837211609,,41.25505828857422
,3217,,,,,,,,,,2334.04931640625,,31.720458984375,,0.7054538726806641,,48.3120002746582
,3218,,,,,,,,,,1883.0545654296875,,28.28815460205078,,0.6571395397186279,,43.3941764831543
,3219,,,,,,,,,,1646.7774658203125,,23.19287109375,,0.7480754852294922,,40.58050537109375
,3220,,,,,,,,,,1559.8209228515625,,21.860694885253906,,0.6990525126457214,,39.49456787109375
,3221,,,,,,,,,,1476.7330322265625,,23.969568252563477,,0.6598759293556213,,38.42828369140625
,3222,,,,,,,,,,1787.1602783203125,,25.95902442932129,,0.6787483096122742,,42.274818420410156
,3223,,,,,,,,,,2389.34326171875,,32.749874114990234,,0.6567155122756958,,48.88091278076172
,3224,,,,,,,,,,1384.1893310546875,,23.373802185058594,,0.5904536247253418,,37.20469665527344
,3225,,,,,,,,,,1709.8070068359375,,25.716161727905273,,0.728919506072998,,41.34981155395508
,3226,,,,,,,,,,1495.183837890625,,22.722497940063477,,0.629429042339325,,38.667606353759766
,3227,,,,,,,,,,2028.8138427734375,,29.82623863220215,,0.6765657067298889,,45.042354583740234
,3228,,,,,,,,,,1442.294921875,,23.76438331604004,,0.6699074506759644,,37.97755813598633
,3229,,,,,,,,,,1388.8134765625,,22.161684036254883,,0.7180700302124023,,37.266788482666016
,3230,,,,,,,,,,1878.2608642578125,,24.973833084106445,,0.7398661375045776,,43.338905334472656
,3231,,,,,,,,,,1657.6484375,,25.903053283691406,,0.7072442770004272,,40.714229583740234
,3232,,,,,,,,,,1697.5601806640625,,24.645549774169922,,0.7365175485610962,,41.20145797729492
,3233,,,,,,,,,,905.0965576171875,,16.122150421142578,,0.8099885582923889,,30.084823608398438
20,9701,,,,,,,,,1720.030029296875,,25.36969757080078,,0.6924100518226624,,41.18930435180664,
20,9701,1665.465576171875,,25.378856658935547,,0.6891285181045532,,40.53428649902344,,,,,,,,,
21,9749,,1317.78173828125,,22.024202346801758,,0.7402071952819824,,36.30126190185547,,,,,,,,
21,9799,,1186.8271484375,,21.23882484436035,,0.6716920137405396,,34.45035934448242,,,,,,,,
21,9849,,1905.5906982421875,,29.138526916503906,,0.7239640951156616,,43.653072357177734,,,,,,,,
21,9899,,1094.445068359375,,20.222606658935547,,0.6912621259689331,,33.0823974609375,,,,,,,,
21,9949,,1351.4212646484375,,22.871034622192383,,0.6482495069503784,,36.761680603027344,,,,,,,,
21,9999,,1503.1002197265625,,23.500165939331055,,0.7651323080062866,,38.76983642578125,,,,,,,,
21,10049,,1027.9326171875,,16.31328773498535,,0.7430399656295776,,32.0613899230957,,,,,,,,
21,10099,,1608.627197265625,,24.3089542388916,,0.6942693591117859,,40.107696533203125,,,,,,,,
21,10149,,773.6898803710938,,15.022932052612305,,0.7763450741767883,,27.81528091430664,,,,,,,,
,3234,,,,,,,,,,2268.1708984375,,27.416872024536133,,0.7074452638626099,,47.62531661987305
,3235,,,,,,,,,,1831.75341796875,,24.369272232055664,,0.7280672788619995,,42.798988342285156
,3236,,,,,,,,,,2135.757080078125,,29.678421020507812,,0.6708054542541504,,46.21425247192383
,3237,,,,,,,,,,2173.990478515625,,29.41205596923828,,0.6558451652526855,,46.62607192993164
,3238,,,,,,,,,,1942.9805908203125,,25.2200984954834,,0.673196017742157,,44.079254150390625
,3239,,,,,,,,,,1923.4576416015625,,27.23444938659668,,0.6129214763641357,,43.85723876953125
,3240,,,,,,,,,,1272.283447265625,,19.7872371673584,,0.731744647026062,,35.66908264160156
,3241,,,,,,,,,,1965.72412109375,,26.729759216308594,,0.7156882286071777,,44.33648681640625
,3242,,,,,,,,,,2213.097900390625,,33.253448486328125,,0.5903159379959106,,47.043575286865234
,3243,,,,,,,,,,1238.361083984375,,20.61847686767578,,0.6913550496101379,,35.19035339355469
,3244,,,,,,,,,,1523.478271484375,,21.07869529724121,,0.7160254716873169,,39.031761169433594
,3245,,,,,,,,,,1905.3033447265625,,27.841659545898438,,0.7024775743484497,,43.6497802734375
,3246,,,,,,,,,,1770.3350830078125,,26.10017204284668,,0.7558287978172302,,42.07535171508789
,3247,,,,,,,,,,1344.8013916015625,,23.147235870361328,,0.7365291118621826,,36.67153549194336
,3248,,,,,,,,,,1231.25439453125,,19.154037475585938,,0.7473311424255371,,35.0892333984375
,3249,,,,,,,,,,1660.2554931640625,,27.010522842407227,,0.6898390054702759,,40.74623107910156
,3250,,,,,,,,,,1784.884521484375,,23.528291702270508,,0.7384620308876038,,42.24789047241211
,3251,,,,,,,,,,1432.287353515625,,20.116167068481445,,0.718313455581665,,37.8455696105957
,3252,,,,,,,,,,1561.329345703125,,23.175952911376953,,0.7166639566421509,,39.5136604309082
,3253,,,,,,,,,,1476.7620849609375,,23.249902725219727,,0.673486590385437,,38.42866134643555
,3254,,,,,,,,,,1696.0562744140625,,25.198360443115234,,0.7406643629074097,,41.183204650878906
,3255,,,,,,,,,,2239.3857421875,,30.332828521728516,,0.6646777391433716,,47.322147369384766
,3256,,,,,,,,,,2112.2802734375,,30.48250389099121,,0.6935098767280579,,45.95954895019531
,3257,,,,,,,,,,2246.30126953125,,32.187374114990234,,0.6467738151550293,,47.39515686035156
,3258,,,,,,,,,,1767.9644775390625,,27.79488754272461,,0.6926294565200806,,42.04716873168945
,3259,,,,,,,,,,1427.9730224609375,,25.32630157470703,,0.689296305179596,,37.78852844238281
,3260,,,,,,,,,,990.865966796875,,16.044260025024414,,0.7918428182601929,,31.478025436401367
,3261,,,,,,,,,,2279.27587890625,,31.116561889648438,,0.673663854598999,,47.741764068603516
,3262,,,,,,,,,,2522.189453125,,31.677791595458984,,0.5846179723739624,,50.221405029296875
,3263,,,,,,,,,,1224.8984375,,20.1119327545166,,0.7009372115135193,,34.99855041503906
,3264,,,,,,,,,,1270.745361328125,,20.977489471435547,,0.6729347705841064,,35.647518157958984
,3265,,,,,,,,,,1230.5306396484375,,21.29636001586914,,0.7371986508369446,,35.07891845703125
,3266,,,,,,,,,,1144.732666015625,,20.0490779876709,,0.7330033183097839,,33.83389663696289
,3267,,,,,,,,,,1587.67626953125,,23.857114791870117,,0.7263476848602295,,39.84565353393555
,3268,,,,,,,,,,1517.995849609375,,22.82904624938965,,0.7283327579498291,,38.96146774291992
,3269,,,,,,,,,,1098.7923583984375,,18.972244262695312,,0.7277997136116028,,33.14803695678711
,3270,,,,,,,,,,1464.3568115234375,,22.565500259399414,,0.6502488255500793,,38.26691436767578
,3271,,,,,,,,,,1814.6005859375,,26.414466857910156,,0.6659914255142212,,42.59812927246094
,3272,,,,,,,,,,1789.44580078125,,25.944826126098633,,0.721611499786377,,42.301841735839844
,3273,,,,,,,,,,1494.5040283203125,,21.555940628051758,,0.7733943462371826,,38.658817291259766
,3274,,,,,,,,,,1941.052490234375,,29.731552124023438,,0.6726139783859253,,44.057376861572266
,3275,,,,,,,,,,1502.56787109375,,23.419708251953125,,0.6910382509231567,,38.762969970703125
,3276,,,,,,,,,,1384.655517578125,,20.78472137451172,,0.6708105802536011,,37.210960388183594
,3277,,,,,,,,,,1515.1182861328125,,23.82817268371582,,0.712243378162384,,38.92451858520508
,3278,,,,,,,,,,1596.0252685546875,,22.801990509033203,,0.6903883814811707,,39.950286865234375
,3279,,,,,,,,,,1703.2359619140625,,26.621625900268555,,0.6723647117614746,,41.27027893066406
,3280,,,,,,,,,,1524.1195068359375,,23.233617782592773,,0.7320693731307983,,39.039974212646484
,3281,,,,,,,,,,2010.1043701171875,,30.590709686279297,,0.6525460481643677,,44.83418655395508
,3282,,,,,,,,,,1885.7078857421875,,28.70330810546875,,0.6286413669586182,,43.424739837646484
,3283,,,,,,,,,,2706.493408203125,,36.02704620361328,,0.6701722145080566,,52.02396774291992
,3284,,,,,,,,,,1403.447021484375,,21.2521915435791,,0.7301706075668335,,37.462608337402344
,3285,,,,,,,,,,1910.8616943359375,,26.927146911621094,,0.7161769866943359,,43.71340560913086
,3286,,,,,,,,,,1790.2005615234375,,28.263540267944336,,0.6812958121299744,,42.31076431274414
,3287,,,,,,,,,,1543.8023681640625,,22.885169982910156,,0.7644888758659363,,39.29125213623047
,3288,,,,,,,,,,1495.819091796875,,24.164657592773438,,0.671749472618103,,38.675819396972656
,3289,,,,,,,,,,1732.623046875,,28.533161163330078,,0.7019249200820923,,41.62479019165039
,3290,,,,,,,,,,1161.132080078125,,22.6820011138916,,0.616375207901001,,34.07538604736328
,3291,,,,,,,,,,1275.532470703125,,21.02462387084961,,0.743857741355896,,35.714595794677734
,3292,,,,,,,,,,1679.9046630859375,,25.15263557434082,,0.6465238332748413,,40.98664093017578
,3293,,,,,,,,,,1972.4107666015625,,27.6948299407959,,0.6923742294311523,,44.41183090209961
,3294,,,,,,,,,,1515.5177001953125,,23.00177764892578,,0.7575574517250061,,38.929649353027344
,3295,,,,,,,,,,2546.82373046875,,31.343578338623047,,0.6645727157592773,,50.466064453125
,3296,,,,,,,,,,2045.803955078125,,29.972755432128906,,0.7061686515808105,,45.23056411743164
,3297,,,,,,,,,,1755.955078125,,27.265981674194336,,0.6745235919952393,,41.904117584228516
,3298,,,,,,,,,,1384.8463134765625,,23.33926010131836,,0.7079859375953674,,37.213523864746094
,3299,,,,,,,,,,1712.7080078125,,24.931241989135742,,0.732365071773529,,41.3848762512207
,3300,,,,,,,,,,1676.4117431640625,,26.839797973632812,,0.6971218585968018,,40.94400405883789
,3301,,,,,,,,,,1444.1412353515625,,22.85915184020996,,0.759385347366333,,38.00185775756836
,3302,,,,,,,,,,2210.777587890625,,27.452392578125,,0.6880039572715759,,47.01890563964844
,3303,,,,,,,,,,1733.4423828125,,26.829246520996094,,0.7210586667060852,,41.63462829589844
,3304,,,,,,,,,,1341.16357421875,,21.5299072265625,,0.731779932975769,,36.62189865112305
,3305,,,,,,,,,,1581.7862548828125,,24.688339233398438,,0.7289549112319946,,39.77167510986328
,3306,,,,,,,,,,2309.097412109375,,32.35487747192383,,0.6756449937820435,,48.053070068359375
,3307,,,,,,,,,,2169.4755859375,,32.04975891113281,,0.634768009185791,,46.57762908935547
,3308,,,,,,,,,,1825.943603515625,,27.360910415649414,,0.6790632009506226,,42.73106002807617
,3309,,,,,,,,,,1748.9024658203125,,24.283937454223633,,0.7251009941101074,,41.819881439208984
,3310,,,,,,,,,,1942.390869140625,,28.887475967407227,,0.6075908541679382,,44.07256317138672
,3311,,,,,,,,,,1398.773193359375,,22.83000373840332,,0.753066897392273,,37.400177001953125
,3312,,,,,,,,,,1522.356689453125,,23.970388412475586,,0.7324453592300415,,39.017391204833984
,3313,,,,,,,,,,1796.60791015625,,25.01161766052246,,0.6232126951217651,,42.38641357421875
,3314,,,,,,,,,,3317.505615234375,,41.82752990722656,,0.6067825555801392,,57.59779357910156
,3315,,,,,,,,,,1652.085693359375,,23.457399368286133,,0.6906505823135376,,40.64585876464844
,3316,,,,,,,,,,2462.992431640625,,30.903369903564453,,0.7074803709983826,,49.628543853759766
,3317,,,,,,,,,,1631.92626953125,,24.93565559387207,,0.7154128551483154,,40.3971061706543
,3318,,,,,,,,,,1302.294677734375,,20.97736167907715,,0.6851059794425964,,36.087318420410156
,3319,,,,,,,,,,1829.6553955078125,,28.100757598876953,,0.6485755443572998,,42.774471282958984
,3320,,,,,,,,,,1424.6988525390625,,22.898210525512695,,0.7693317532539368,,37.745182037353516
,3321,,,,,,,,,,2889.1865234375,,33.10550308227539,,0.6731097102165222,,53.75115203857422
,3322,,,,,,,,,,1816.2139892578125,,26.327299118041992,,0.6150203943252563,,42.6170654296875
,3323,,,,,,,,,,896.105712890625,,17.32183074951172,,0.6870281100273132,,29.93502426147461
,3324,,,,,,,,,,1800.45654296875,,23.538204193115234,,0.7020775079727173,,42.431785583496094
,3325,,,,,,,,,,1209.6025390625,,17.196348190307617,,0.675011396408081,,34.77933883666992
,3326,,,,,,,,,,2128.72705078125,,29.784269332885742,,0.7001007795333862,,46.138126373291016
,3327,,,,,,,,,,2161.172607421875,,30.047176361083984,,0.6411670446395874,,46.4884147644043
,3328,,,,,,,,,,1772.2305908203125,,26.47288703918457,,0.6899824142456055,,42.097869873046875
,3329,,,,,,,,,,1759.9217529296875,,25.72124671936035,,0.7099770307540894,,41.951419830322266
,3330,,,,,,,,,,1381.961669921875,,20.037050247192383,,0.7161283493041992,,37.17474365234375
,3331,,,,,,,,,,2541.782958984375,,30.635540008544922,,0.6797082424163818,,50.416099548339844
,3332,,,,,,,,,,2284.923583984375,,31.368824005126953,,0.6942088007926941,,47.800872802734375
,3333,,,,,,,,,,1717.3514404296875,,25.233980178833008,,0.6759228706359863,,41.440940856933594
,3334,,,,,,,,,,1686.0079345703125,,26.35236167907715,,0.7045934796333313,,41.06102752685547
,3335,,,,,,,,,,1752.67578125,,28.34252166748047,,0.6053429245948792,,41.86497116088867
,3336,,,,,,,,,,1008.8936767578125,,17.41640281677246,,0.7063169479370117,,31.763086318969727
,3337,,,,,,,,,,1239.2252197265625,,20.44083023071289,,0.6889965534210205,,35.20262908935547
,3338,,,,,,,,,,1332.6844482421875,,22.31344223022461,,0.7008039951324463,,36.505950927734375
,3339,,,,,,,,,,1174.5289306640625,,20.431835174560547,,0.7675307393074036,,34.271400451660156
,3340,,,,,,,,,,1517.15966796875,,24.330673217773438,,0.674385666847229,,38.95073318481445
,3341,,,,,,,,,,3841.98388671875,,36.074073791503906,,0.5680139064788818,,61.98373794555664
,3342,,,,,,,,,,1036.8729248046875,,15.80231761932373,,0.6634873151779175,,32.20051193237305
,3343,,,,,,,,,,1468.0784912109375,,24.29825782775879,,0.6296795606613159,,38.315513610839844
,3344,,,,,,,,,,1831.4454345703125,,28.13579559326172,,0.6267507076263428,,42.79539108276367
,3345,,,,,,,,,,1952.72265625,,30.618362426757812,,0.6601616144180298,,44.18962097167969
,3346,,,,,,,,,,1622.53466796875,,27.39186668395996,,0.6487987041473389,,40.28070068359375
,3347,,,,,,,,,,1479.6141357421875,,24.03508186340332,,0.7667583227157593,,38.46575164794922
,3348,,,,,,,,,,1109.9906005859375,,19.629243850708008,,0.7241215705871582,,33.31652069091797
,3349,,,,,,,,,,1321.1419677734375,,20.087324142456055,,0.7681282758712769,,36.34751510620117
,3350,,,,,,,,,,1936.203857421875,,29.505023956298828,,0.7149438261985779,,44.002315521240234
,3351,,,,,,,,,,1549.20947265625,,24.250646591186523,,0.7510321140289307,,39.3599967956543
,3352,,,,,,,,,,1302.6444091796875,,21.16021156311035,,0.6787112951278687,,36.092166900634766
,3353,,,,,,,,,,1892.25146484375,,28.800050735473633,,0.7024037837982178,,43.50001525878906
,3354,,,,,,,,,,1662.8392333984375,,24.669294357299805,,0.686982274055481,,40.777923583984375
,3355,,,,,,,,,,1682.7916259765625,,25.957748413085938,,0.6416587829589844,,41.02184295654297
,3356,,,,,,,,,,1587.1429443359375,,23.852684020996094,,0.6911922693252563,,39.83896255493164
,3357,,,,,,,,,,1385.78564453125,,19.97194480895996,,0.6788322925567627,,37.226139068603516
,3358,,,,,,,,,,1360.8543701171875,,22.001501083374023,,0.7782801389694214,,36.8897590637207
,3359,,,,,,,,,,1979.5562744140625,,28.519609451293945,,0.683083176612854,,44.49220275878906
,3360,,,,,,,,,,1828.8023681640625,,24.899961471557617,,0.7348412275314331,,42.76449966430664
,3361,,,,,,,,,,1904.8951416015625,,28.952560424804688,,0.6825752854347229,,43.645103454589844
,3362,,,,,,,,,,2031.3331298828125,,28.02426528930664,,0.6829691529273987,,45.070316314697266
,3363,,,,,,,,,,1105.6220703125,,17.96639060974121,,0.7240451574325562,,33.25089645385742
,3364,,,,,,,,,,1659.8133544921875,,24.000242233276367,,0.7247335910797119,,40.740806579589844
,3365,,,,,,,,,,2418.90234375,,33.1265983581543,,0.5975654125213623,,49.182334899902344
,3366,,,,,,,,,,1517.07275390625,,22.05529022216797,,0.654613733291626,,38.94961929321289
,3367,,,,,,,,,,1864.5948486328125,,25.22865867614746,,0.6851189136505127,,43.18095397949219
,3368,,,,,,,,,,1620.297119140625,,24.450510025024414,,0.6382430791854858,,40.25291442871094
,3369,,,,,,,,,,2156.052490234375,,30.784332275390625,,0.661279559135437,,46.433311462402344
,3370,,,,,,,,,,1694.953369140625,,27.26283836364746,,0.7002422213554382,,41.1698112487793
,3371,,,,,,,,,,2305.201416015625,,30.92730712890625,,0.7090943455696106,,48.01251220703125
,3372,,,,,,,,,,1874.5018310546875,,28.30758285522461,,0.6586967706680298,,43.29551696777344
,3373,,,,,,,,,,1594.0872802734375,,22.532522201538086,,0.7561360001564026,,39.926021575927734
,3374,,,,,,,,,,1556.2529296875,,21.81525993347168,,0.6997409462928772,,39.449371337890625
,3375,,,,,,,,,,1522.8670654296875,,24.16861343383789,,0.6492502689361572,,39.023929595947266
,3376,,,,,,,,,,1838.6474609375,,26.355382919311523,,0.6694931983947754,,42.87945556640625
,3377,,,,,,,,,,2452.098876953125,,33.24355697631836,,0.647699236869812,,49.518672943115234
,3378,,,,,,,,,,1398.054931640625,,23.51541519165039,,0.5863511562347412,,37.39057159423828
,3379,,,,,,,,,,1746.58251953125,,25.937715530395508,,0.7230889797210693,,41.79213333129883
,3380,,,,,,,,,,1493.3646240234375,,22.75884437561035,,0.629879891872406,,38.64407730102539
,3381,,,,,,,,,,2009.103759765625,,29.825225830078125,,0.6797078847885132,,44.823028564453125
,3382,,,,,,,,,,1412.576171875,,23.665212631225586,,0.6767090559005737,,37.58425521850586
,3383,,,,,,,,,,1386.069580078125,,22.26102066040039,,0.7186270356178284,,37.22995376586914
,3384,,,,,,,,,,1850.9150390625,,25.0531063079834,,0.7436534762382507,,43.02226257324219
,3385,,,,,,,,,,1611.362548828125,,25.616100311279297,,0.715418815612793,,40.141780853271484
,3386,,,,,,,,,,1692.3277587890625,,24.780675888061523,,0.7373297214508057,,41.13791275024414
,3387,,,,,,,,,,860.5986328125,,15.618879318237305,,0.8193302154541016,,29.335962295532227
21,10163,,,,,,,,,1722.6796875,,25.414579391479492,,0.6923015713691711,,41.20515441894531,
21,10163,1654.5865478515625,,25.23900032043457,,0.6897779107093811,,40.396488189697266,,,,,,,,,
22,10199,,1331.0823974609375,,22.092336654663086,,0.7558819651603699,,36.48400115966797,,,,,,,,
22,10249,,1539.3216552734375,,23.487110137939453,,0.7147162556648254,,39.234188079833984,,,,,,,,
22,10299,,2270.508544921875,,30.525108337402344,,0.6951220035552979,,47.64985275268555,,,,,,,,
22,10349,,1639.210693359375,,24.82740020751953,,0.6432719826698303,,40.48716735839844,,,,,,,,
22,10399,,971.3123779296875,,17.979312896728516,,0.762848436832428,,31.165884017944336,,,,,,,,
22,10449,,1959.710205078125,,29.6108341217041,,0.6283673048019409,,44.26861572265625,,,,,,,,
22,10499,,1290.94873046875,,21.456928253173828,,0.7520482540130615,,35.92977523803711,,,,,,,,
22,10549,,1235.8485107421875,,20.451631546020508,,0.7724430561065674,,35.15463638305664,,,,,,,,
22,10599,,1827.2142333984375,,27.89904022216797,,0.713967502117157,,42.74592590332031,,,,,,,,
,3388,,,,,,,,,,2432.47021484375,,27.98843002319336,,0.686253547668457,,49.3200798034668
,3389,,,,,,,,,,1929.07666015625,,24.952598571777344,,0.7136191129684448,,43.92125701904297
,3390,,,,,,,,,,2330.947021484375,,30.605735778808594,,0.6407198905944824,,48.27988052368164
,3391,,,,,,,,,,2299.434814453125,,30.21505355834961,,0.6359865665435791,,47.952423095703125
,3392,,,,,,,,,,1998.4967041015625,,24.961809158325195,,0.6638584136962891,,44.70454788208008
,3393,,,,,,,,,,1914.5428466796875,,26.516740798950195,,0.6147154569625854,,43.755489349365234
,3394,,,,,,,,,,1358.81591796875,,20.05906867980957,,0.7134996652603149,,36.86212158203125
,3395,,,,,,,,,,2025.96484375,,26.72981834411621,,0.7069753408432007,,45.010719299316406
,3396,,,,,,,,,,2404.77685546875,,34.25416564941406,,0.5548326969146729,,49.03852462768555
,3397,,,,,,,,,,1219.14453125,,19.48992156982422,,0.6961445808410645,,34.91625213623047
,3398,,,,,,,,,,1578.49658203125,,20.490198135375977,,0.7057701349258423,,39.73029708862305
,3399,,,,,,,,,,2063.074951171875,,28.502004623413086,,0.6778407096862793,,45.421085357666016
,3400,,,,,,,,,,1777.2828369140625,,25.604873657226562,,0.7548705339431763,,42.157833099365234
,3401,,,,,,,,,,1354.9893798828125,,22.826242446899414,,0.7345330715179443,,36.8101806640625
,3402,,,,,,,,,,1286.5216064453125,,19.166872024536133,,0.7359896898269653,,35.86811065673828
,3403,,,,,,,,,,1665.7196044921875,,26.66107940673828,,0.6888182163238525,,40.813228607177734
,3404,,,,,,,,,,1964.2662353515625,,24.725936889648438,,0.7121773362159729,,44.32004165649414
,3405,,,,,,,,,,1457.3636474609375,,19.970176696777344,,0.7133817672729492,,38.17543029785156
,3406,,,,,,,,,,1466.50439453125,,22.321407318115234,,0.7338719367980957,,38.29496383666992
,3407,,,,,,,,,,1463.3272705078125,,22.635942459106445,,0.6764570474624634,,38.25345993041992
,3408,,,,,,,,,,1780.0308837890625,,25.595409393310547,,0.7278242111206055,,42.19041061401367
,3409,,,,,,,,,,2336.47705078125,,30.808551788330078,,0.650139331817627,,48.337120056152344
,3410,,,,,,,,,,2115.232421875,,29.96050262451172,,0.6930815577507019,,45.99165725708008
,3411,,,,,,,,,,2315.19970703125,,32.02434158325195,,0.6359395980834961,,48.11652374267578
,3412,,,,,,,,,,1895.9342041015625,,28.344711303710938,,0.6703811883926392,,43.542327880859375
,3413,,,,,,,,,,1527.9508056640625,,25.767236709594727,,0.6675427556037903,,39.08900833129883
,3414,,,,,,,,,,1082.009521484375,,16.42635154724121,,0.772695779800415,,32.89391326904297
,3415,,,,,,,,,,2300.4794921875,,31.01048469543457,,0.6706280708312988,,47.963314056396484
,3416,,,,,,,,,,2687.64501953125,,32.224002838134766,,0.5573688745498657,,51.84250259399414
,3417,,,,,,,,,,1269.2442626953125,,20.19120979309082,,0.6901100873947144,,35.6264533996582
,3418,,,,,,,,,,1341.6673583984375,,21.09454917907715,,0.6546807885169983,,36.628780364990234
,3419,,,,,,,,,,1278.927490234375,,21.508628845214844,,0.7268626689910889,,35.7620964050293
,3420,,,,,,,,,,1194.8614501953125,,20.528030395507812,,0.7213113307952881,,34.566768646240234
,3421,,,,,,,,,,1616.56005859375,,23.886123657226562,,0.721369206905365,,40.20646667480469
,3422,,,,,,,,,,1519.572021484375,,22.485916137695312,,0.728050708770752,,38.981689453125
,3423,,,,,,,,,,1111.8187255859375,,18.688060760498047,,0.7245727181434631,,33.34394454956055
,3424,,,,,,,,,,1433.7542724609375,,22.17985725402832,,0.6575579643249512,,37.86494827270508
,3425,,,,,,,,,,1796.792236328125,,25.760656356811523,,0.6692693829536438,,42.388587951660156
,3426,,,,,,,,,,1866.5347900390625,,26.012819290161133,,0.7096185684204102,,43.20341110229492
,3427,,,,,,,,,,1608.5216064453125,,21.98175048828125,,0.7561063766479492,,40.106380462646484
,3428,,,,,,,,,,2076.23681640625,,30.323396682739258,,0.649813175201416,,45.56574249267578
,3429,,,,,,,,,,1512.543701171875,,23.1568660736084,,0.6889869570732117,,38.89143371582031
,3430,,,,,,,,,,1347.2279052734375,,19.96609115600586,,0.67970871925354,,36.70460510253906
,3431,,,,,,,,,,1585.946044921875,,23.875141143798828,,0.69879150390625,,39.823936462402344
,3432,,,,,,,,,,1664.0303955078125,,23.15192985534668,,0.6771961450576782,,40.79253005981445
,3433,,,,,,,,,,1771.3582763671875,,26.845787048339844,,0.6592607498168945,,42.08750915527344
,3434,,,,,,,,,,1575.4315185546875,,23.58551788330078,,0.7230490446090698,,39.691707611083984
,3435,,,,,,,,,,2239.51171875,,31.6613712310791,,0.6128921508789062,,47.32347869873047
,3436,,,,,,,,,,2002.526123046875,,29.35963249206543,,0.6056360006332397,,44.74959182739258
,3437,,,,,,,,,,2948.07275390625,,37.10322189331055,,0.6407320499420166,,54.2961540222168
,3438,,,,,,,,,,1458.116943359375,,21.170333862304688,,0.719659686088562,,38.18529510498047
,3439,,,,,,,,,,1964.538818359375,,26.861425399780273,,0.7082042694091797,,44.323116302490234
,3440,,,,,,,,,,1828.5556640625,,28.046810150146484,,0.6744675636291504,,42.76161575317383
,3441,,,,,,,,,,1545.4864501953125,,22.80500030517578,,0.7642319202423096,,39.31267547607422
,3442,,,,,,,,,,1491.30224609375,,23.785852432250977,,0.672740638256073,,38.61738204956055
,3443,,,,,,,,,,1778.5010986328125,,28.71493148803711,,0.6940321922302246,,42.17227554321289
,3444,,,,,,,,,,1151.130126953125,,21.8564395904541,,0.6196796894073486,,33.92831039428711
,3445,,,,,,,,,,1401.8829345703125,,21.599632263183594,,0.7184851169586182,,37.44172668457031
,3446,,,,,,,,,,1667.409423828125,,24.80855369567871,,0.6491529941558838,,40.83392333984375
,3447,,,,,,,,,,2174.5078125,,28.489269256591797,,0.6608542799949646,,46.63161849975586
,3448,,,,,,,,,,1555.876220703125,,22.807449340820312,,0.7511011362075806,,39.44459533691406
,3449,,,,,,,,,,2736.583251953125,,32.356163024902344,,0.6395806074142456,,52.31236267089844
,3450,,,,,,,,,,2134.3291015625,,30.48262596130371,,0.6934541463851929,,46.19879913330078
,3451,,,,,,,,,,1840.3572998046875,,27.600732803344727,,0.6588791608810425,,42.899383544921875
,3452,,,,,,,,,,1477.2041015625,,23.982627868652344,,0.6885110139846802,,38.43441390991211
,3453,,,,,,,,,,1753.996337890625,,25.137821197509766,,0.7259131669998169,,41.880741119384766
,3454,,,,,,,,,,1691.736328125,,26.598222732543945,,0.6943531632423401,,41.13072204589844
,3455,,,,,,,,,,1503.728271484375,,22.763025283813477,,0.7494572997093201,,38.77793502807617
,3456,,,,,,,,,,2242.939697265625,,27.23301887512207,,0.6834650635719299,,47.359683990478516
,3457,,,,,,,,,,1844.3453369140625,,27.653587341308594,,0.7032123804092407,,42.94584274291992
,3458,,,,,,,,,,1364.1605224609375,,21.181976318359375,,0.7271807789802551,,36.93454360961914
,3459,,,,,,,,,,1563.6148681640625,,23.888803482055664,,0.732068657875061,,39.542572021484375
,3460,,,,,,,,,,2304.805908203125,,31.925094604492188,,0.6762478351593018,,48.008392333984375
,3461,,,,,,,,,,2329.67333984375,,32.709781646728516,,0.60779869556427,,48.26668930053711
,3462,,,,,,,,,,1858.5775146484375,,27.393041610717773,,0.6733273267745972,,43.11122131347656
,3463,,,,,,,,,,1760.2401123046875,,24.1949462890625,,0.7233189344406128,,41.95521545410156
,3464,,,,,,,,,,1995.5435791015625,,28.694725036621094,,0.596852719783783,,44.6715087890625
,3465,,,,,,,,,,1445.47314453125,,22.99070167541504,,0.7448226809501648,,38.019378662109375
,3466,,,,,,,,,,1661.76513671875,,24.750791549682617,,0.7079442739486694,,40.76475524902344
,3467,,,,,,,,,,1892.151611328125,,25.24517250061035,,0.6031750440597534,,43.498870849609375
,3468,,,,,,,,,,3606.551513671875,,43.51104736328125,,0.5725225210189819,,60.05457305908203
,3469,,,,,,,,,,1736.5740966796875,,23.935400009155273,,0.6748303174972534,,41.67222213745117
,3470,,,,,,,,,,2565.786865234375,,31.093017578125,,0.6952718496322632,,50.65359878540039
,3471,,,,,,,,,,1713.7906494140625,,25.251903533935547,,0.7011367678642273,,41.397953033447266
,3472,,,,,,,,,,1262.830322265625,,20.51128578186035,,0.6946484446525574,,35.53632354736328
,3473,,,,,,,,,,1961.6890869140625,,28.789215087890625,,0.6232156753540039,,44.290958404541016
,3474,,,,,,,,,,1458.1317138671875,,22.67324447631836,,0.7639187574386597,,38.185489654541016
,3475,,,,,,,,,,2962.270263671875,,33.01253890991211,,0.664840817451477,,54.42674255371094
,3476,,,,,,,,,,1796.482666015625,,25.173229217529297,,0.6192027926445007,,42.38493728637695
,3477,,,,,,,,,,933.9241943359375,,16.876853942871094,,0.6738197207450867,,30.56017303466797
,3478,,,,,,,,,,1940.4444580078125,,23.70359992980957,,0.6789135932922363,,44.05047607421875
,3479,,,,,,,,,,1329.572265625,,17.765241622924805,,0.6427786350250244,,36.46330261230469
,3480,,,,,,,,,,2278.1337890625,,30.71236801147461,,0.6790519952774048,,47.729801177978516
,3481,,,,,,,,,,2252.320556640625,,30.204845428466797,,0.6260331869125366,,47.4586181640625
,3482,,,,,,,,,,1821.405517578125,,26.677371978759766,,0.6813801527023315,,42.67792892456055
,3483,,,,,,,,,,1767.89453125,,25.432270050048828,,0.7086631059646606,,42.04634094238281
,3484,,,,,,,,,,1437.39599609375,,20.30177116394043,,0.7047414779663086,,37.91300582885742
,3485,,,,,,,,,,2678.5546875,,31.403818130493164,,0.6624734997749329,,51.754756927490234
,3486,,,,,,,,,,2476.052001953125,,32.187278747558594,,0.6686301231384277,,49.759944915771484
,3487,,,,,,,,,,1798.70458984375,,25.434532165527344,,0.6605708599090576,,42.41114044189453
,3488,,,,,,,,,,1750.40966796875,,26.543962478637695,,0.6933096051216125,,41.83789825439453
,3489,,,,,,,,,,1797.4835205078125,,28.069101333618164,,0.5952533483505249,,42.3967399597168
,3490,,,,,,,,,,1033.9549560546875,,17.513641357421875,,0.6990218162536621,,32.15516662597656
,3491,,,,,,,,,,1225.9306640625,,19.962505340576172,,0.6923330426216125,,35.0132942199707
,3492,,,,,,,,,,1483.8587646484375,,23.280149459838867,,0.6668643355369568,,38.52088928222656
,3493,,,,,,,,,,1252.9407958984375,,20.96206283569336,,0.7520110011100769,,35.39690399169922
,3494,,,,,,,,,,1572.024169921875,,24.41414451599121,,0.662610650062561,,39.64875793457031
,3495,,,,,,,,,,3945.68994140625,,36.857994079589844,,0.5563534498214722,,62.81472396850586
,3496,,,,,,,,,,1040.119140625,,15.411445617675781,,0.6624337434768677,,32.250877380371094
,3497,,,,,,,,,,1465.1160888671875,,23.934242248535156,,0.6304268836975098,,38.27683639526367
,3498,,,,,,,,,,1886.513427734375,,27.962493896484375,,0.6155277490615845,,43.43401336669922
,3499,,,,,,,,,,1964.5296630859375,,30.479923248291016,,0.658106803894043,,44.32301330566406
,3500,,,,,,,,,,1712.07275390625,,27.82927703857422,,0.6294180154800415,,41.377201080322266
,3501,,,,,,,,,,1564.8870849609375,,24.620189666748047,,0.7533161640167236,,39.558650970458984
,3502,,,,,,,,,,1186.973388671875,,20.029895782470703,,0.7049881219863892,,34.45248031616211
,3503,,,,,,,,,,1474.78857421875,,20.98517608642578,,0.7411620616912842,,38.40297317504883
,3504,,,,,,,,,,2004.49365234375,,29.798444747924805,,0.7048898935317993,,44.77157211303711
,3505,,,,,,,,,,1667.0849609375,,24.74115562438965,,0.7320888042449951,,40.829952239990234
,3506,,,,,,,,,,1286.887939453125,,20.75299835205078,,0.6825975179672241,,35.87321853637695
,3507,,,,,,,,,,1814.1700439453125,,27.390417098999023,,0.7146836519241333,,42.593074798583984
,3508,,,,,,,,,,1830.2310791015625,,25.104970932006836,,0.655471920967102,,42.78120040893555
,3509,,,,,,,,,,1747.95166015625,,26.28007698059082,,0.6277833580970764,,41.80851364135742
,3510,,,,,,,,,,1551.3541259765625,,23.185102462768555,,0.6981556415557861,,39.38723373413086
,3511,,,,,,,,,,1403.3251953125,,19.512109756469727,,0.6747673749923706,,37.46098327636719
,3512,,,,,,,,,,1464.670654296875,,22.75377655029297,,0.7613657116889954,,38.27101516723633
,3513,,,,,,,,,,2091.104248046875,,28.49725341796875,,0.6652249097824097,,45.72859191894531
,3514,,,,,,,,,,1831.255126953125,,24.540555953979492,,0.7344856262207031,,42.79316711425781
,3515,,,,,,,,,,2002.8331298828125,,29.5140380859375,,0.6662552356719971,,44.75302505493164
,3516,,,,,,,,,,2070.618896484375,,27.878442764282227,,0.6768378019332886,,45.50405502319336
,3517,,,,,,,,,,1098.047607421875,,17.587495803833008,,0.725935697555542,,33.136802673339844
,3518,,,,,,,,,,1704.77197265625,,24.31967544555664,,0.7172775268554688,,41.28888702392578
,3519,,,,,,,,,,2487.05224609375,,33.263301849365234,,0.586227297782898,,49.87035369873047
,3520,,,,,,,,,,1530.37744140625,,21.880451202392578,,0.6515846848487854,,39.12004089355469
,3521,,,,,,,,,,1941.954833984375,,25.67369270324707,,0.6720548272132874,,44.0676155090332
,3522,,,,,,,,,,1692.7098388671875,,24.926448822021484,,0.6220757961273193,,41.142555236816406
,3523,,,,,,,,,,2098.237548828125,,29.951589584350586,,0.6703624725341797,,45.806522369384766
,3524,,,,,,,,,,1702.6064453125,,26.863054275512695,,0.6988887786865234,,41.26265335083008
,3525,,,,,,,,,,2521.3623046875,,32.26542282104492,,0.6818158626556396,,50.21316909790039
,3526,,,,,,,,,,1916.9991455078125,,28.120145797729492,,0.6509590148925781,,43.78355026245117
,3527,,,,,,,,,,1707.15234375,,23.070110321044922,,0.7388392686843872,,41.31769943237305
,3528,,,,,,,,,,1584.241455078125,,21.93444061279297,,0.6943409442901611,,39.80253219604492
,3529,,,,,,,,,,1443.236328125,,23.35671615600586,,0.6675909757614136,,37.989952087402344
,3530,,,,,,,,,,1893.686767578125,,26.397306442260742,,0.6595996022224426,,43.516510009765625
,3531,,,,,,,,,,2553.634521484375,,33.5103645324707,,0.6331113576889038,,50.53350067138672
,3532,,,,,,,,,,1451.635986328125,,23.55006217956543,,0.5704978704452515,,38.100341796875
,3533,,,,,,,,,,1862.0772705078125,,26.66136932373047,,0.7047779560089111,,43.151790618896484
,3534,,,,,,,,,,1505.9356689453125,,22.744836807250977,,0.6267642974853516,,38.80638885498047
,3535,,,,,,,,,,2055.212646484375,,29.52423095703125,,0.6723572015762329,,45.33445358276367
,3536,,,,,,,,,,1568.92529296875,,24.71744728088379,,0.6409261226654053,,39.60966110229492
,3537,,,,,,,,,,1418.3514404296875,,22.340816497802734,,0.712073802947998,,37.661006927490234
,3538,,,,,,,,,,1912.362548828125,,25.318805694580078,,0.7351431846618652,,43.730567932128906
,3539,,,,,,,,,,1663.145263671875,,25.73558235168457,,0.7062734961509705,,40.781681060791016
,3540,,,,,,,,,,1871.2725830078125,,25.69772720336914,,0.7095552682876587,,43.258209228515625
,3541,,,,,,,,,,949.8299560546875,,16.063146591186523,,0.8005974292755127,,30.819311141967773
22,10625,,,,,,,,,1788.6895751953125,,25.54034996032715,,0.6810896396636963,,41.9693717956543,
22,10625,1660.7220458984375,,25.309864044189453,,0.6928396224975586,,40.48512268066406,,,,,,,,,
23,10649,,1782.359130859375,,25.55362319946289,,0.7347425222396851,,42.21799850463867,,,,,,,,
23,10699,,2006.072998046875,,25.73988151550293,,0.7243969440460205,,44.789207458496094,,,,,,,,
23,10749,,1091.7991943359375,,19.807422637939453,,0.6150553822517395,,33.04238510131836,,,,,,,,
23,10799,,1585.275634765625,,24.240598678588867,,0.7116587162017822,,39.815521240234375,,,,,,,,
23,10849,,918.5049438476562,,20.06788444519043,,0.6954008340835571,,30.306846618652344,,,,,,,,
23,10899,,1492.6654052734375,,24.20953941345215,,0.7157148122787476,,38.63502883911133,,,,,,,,
23,10949,,1647.21875,,26.447601318359375,,0.729226291179657,,40.585941314697266,,,,,,,,
23,10999,,1722.17578125,,24.4333438873291,,0.6468999981880188,,41.499107360839844,,,,,,,,
23,11049,,1532.77978515625,,23.85661506652832,,0.7586438655853271,,39.15073013305664,,,,,,,,
,3542,,,,,,,,,,2260.63037109375,,27.313127517700195,,0.7084178924560547,,47.546085357666016
,3543,,,,,,,,,,1781.986328125,,24.002765655517578,,0.7354553937911987,,42.21358108520508
,3544,,,,,,,,,,2107.42626953125,,29.34088706970215,,0.6751722097396851,,45.90671157836914
,3545,,,,,,,,,,2187.849853515625,,29.862531661987305,,0.6536511182785034,,46.77445602416992
,3546,,,,,,,,,,1960.25634765625,,25.373525619506836,,0.6702902913093567,,44.274784088134766
,3547,,,,,,,,,,1844.91650390625,,26.907760620117188,,0.62872713804245,,42.952491760253906
,3548,,,,,,,,,,1338.5640869140625,,20.36932373046875,,0.7177696824073792,,36.58639144897461
,3549,,,,,,,,,,1968.84423828125,,26.7849178314209,,0.7152369618415833,,44.37166213989258
,3550,,,,,,,,,,2198.791259765625,,33.29150390625,,0.5929642915725708,,46.891273498535156
,3551,,,,,,,,,,1204.585205078125,,20.220598220825195,,0.6997732520103455,,34.70713424682617
,3552,,,,,,,,,,1419.4749755859375,,20.09817123413086,,0.735411524772644,,37.67591857910156
,3553,,,,,,,,,,1850.2911376953125,,27.445947647094727,,0.7110679745674133,,43.015010833740234
,3554,,,,,,,,,,1743.3299560546875,,25.727388381958008,,0.7595534324645996,,41.753204345703125
,3555,,,,,,,,,,1361.109130859375,,23.20014762878418,,0.7333341836929321,,36.893211364746094
,3556,,,,,,,,,,1212.0029296875,,19.027177810668945,,0.7512817978858948,,34.8138313293457
,3557,,,,,,,,,,1688.2728271484375,,27.26300048828125,,0.6846050024032593,,41.08859634399414
,3558,,,,,,,,,,1710.26806640625,,23.07513999938965,,0.749395489692688,,41.35538864135742
,3559,,,,,,,,,,1379.0572509765625,,19.818456649780273,,0.7287821769714355,,37.135658264160156
,3560,,,,,,,,,,1588.9095458984375,,23.549503326416016,,0.7116589546203613,,39.86112976074219
,3561,,,,,,,,,,1439.5599365234375,,22.807031631469727,,0.6817120313644409,,37.941532135009766
,3562,,,,,,,,,,1692.748046875,,25.324087142944336,,0.7411701679229736,,41.14302062988281
,3563,,,,,,,,,,2187.908935546875,,30.23843765258789,,0.6723857522010803,,46.775089263916016
,3564,,,,,,,,,,2046.466064453125,,29.9064998626709,,0.7030594348907471,,45.237884521484375
,3565,,,,,,,,,,2277.122802734375,,32.531410217285156,,0.6419271230697632,,47.719207763671875
,3566,,,,,,,,,,1745.49951171875,,27.693864822387695,,0.6965351104736328,,41.7791748046875
,3567,,,,,,,,,,1428.17236328125,,25.322572708129883,,0.6892529129981995,,37.791168212890625
,3568,,,,,,,,,,956.2706909179688,,15.78552532196045,,0.799110472202301,,30.923627853393555
,3569,,,,,,,,,,2163.5283203125,,30.407846450805664,,0.6902360916137695,,46.51374435424805
,3570,,,,,,,,,,2436.781494140625,,31.16562271118164,,0.5986838340759277,,49.363765716552734
,3571,,,,,,,,,,1199.08837890625,,19.912189483642578,,0.7072387933731079,,34.62785720825195
,3572,,,,,,,,,,1243.8443603515625,,20.58493423461914,,0.6798585653305054,,35.2681770324707
,3573,,,,,,,,,,1247.447509765625,,21.47412109375,,0.733585774898529,,35.31922149658203
,3574,,,,,,,,,,1131.9755859375,,20.4102783203125,,0.7359787225723267,,33.64484405517578
,3575,,,,,,,,,,1539.1170654296875,,23.538604736328125,,0.7347173690795898,,39.23158264160156
,3576,,,,,,,,,,1514.9044189453125,,22.817432403564453,,0.7288860082626343,,38.921775817871094
,3577,,,,,,,,,,1114.2120361328125,,19.000856399536133,,0.7239798307418823,,33.379817962646484
,3578,,,,,,,,,,1369.0848388671875,,22.07433319091797,,0.6730038523674011,,37.00114822387695
,3579,,,,,,,,,,1776.4049072265625,,26.204992294311523,,0.6730220317840576,,42.14741897583008
,3580,,,,,,,,,,1787.1446533203125,,25.789098739624023,,0.721969485282898,,42.274635314941406
,3581,,,,,,,,,,1487.8291015625,,21.43844223022461,,0.7744064331054688,,38.5723876953125
,3582,,,,,,,,,,1949.4429931640625,,29.930822372436523,,0.6711987853050232,,44.152496337890625
,3583,,,,,,,,,,1451.773681640625,,23.07232093811035,,0.7014826536178589,,38.10214614868164
,3584,,,,,,,,,,1376.360107421875,,20.778799057006836,,0.6727827787399292,,37.099327087402344
,3585,,,,,,,,,,1490.2708740234375,,23.566511154174805,,0.716962456703186,,38.604026794433594
,3586,,,,,,,,,,1535.6435546875,,22.445833206176758,,0.7021018266677856,,39.187286376953125
,3587,,,,,,,,,,1719.328369140625,,26.872249603271484,,0.6692692041397095,,41.46478271484375
,3588,,,,,,,,,,1499.5430908203125,,23.204439163208008,,0.7363897562026978,,38.723934173583984
,3589,,,,,,,,,,1908.8238525390625,,30.150257110595703,,0.6700527667999268,,43.690086364746094
,3590,,,,,,,,,,1849.0616455078125,,28.46208381652832,,0.6358582377433777,,43.00071716308594
,3591,,,,,,,,,,2689.333251953125,,36.29347610473633,,0.6722633838653564,,51.85878372192383
,3592,,,,,,,,,,1385.5260009765625,,21.06350326538086,,0.7336161136627197,,37.222652435302734
,3593,,,,,,,,,,1775.22412109375,,25.810726165771484,,0.7363234162330627,,42.13340759277344
,3594,,,,,,,,,,1792.9754638671875,,28.344871520996094,,0.6808018088340759,,42.343544006347656
,3595,,,,,,,,,,1525.6966552734375,,22.68830680847168,,0.7672509551048279,,39.06016540527344
,3596,,,,,,,,,,1478.5072021484375,,24.16646385192871,,0.6755484342575073,,38.45136260986328
,3597,,,,,,,,,,1696.6295166015625,,27.99224281311035,,0.7081171274185181,,41.190162658691406
,3598,,,,,,,,,,1163.192138671875,,22.633358001708984,,0.615694522857666,,34.1056022644043
,3599,,,,,,,,,,1279.804443359375,,21.062822341918945,,0.7429999113082886,,35.77435302734375
,3600,,,,,,,,,,1668.4810791015625,,25.114601135253906,,0.6489275097846985,,40.8470458984375
,3601,,,,,,,,,,1848.7286376953125,,26.841331481933594,,0.7116641998291016,,42.99684524536133
,3602,,,,,,,,,,1498.189697265625,,22.90567398071289,,0.7603294849395752,,38.70645523071289
,3603,,,,,,,,,,2541.819091796875,,31.47184944152832,,0.6652318239212036,,50.41645812988281
,3604,,,,,,,,,,2049.232177734375,,29.914640426635742,,0.705676257610321,,45.2684440612793
,3605,,,,,,,,,,1765.304931640625,,27.326980590820312,,0.67279052734375,,42.015533447265625
,3606,,,,,,,,,,1378.191650390625,,23.34191131591797,,0.7093892097473145,,37.12400436401367
,3607,,,,,,,,,,1747.9573974609375,,25.39504051208496,,0.7268568873405457,,41.8085823059082
,3608,,,,,,,,,,1580.82421875,,25.991317749023438,,0.7143917083740234,,39.759578704833984
,3609,,,,,,,,,,1449.1683349609375,,22.89716339111328,,0.7585477828979492,,38.06794357299805
,3610,,,,,,,,,,2186.606689453125,,27.28485870361328,,0.6914150714874268,,46.76116943359375
,3611,,,,,,,,,,1668.145263671875,,26.436279296875,,0.7315660715103149,,40.842933654785156
,3612,,,,,,,,,,1334.4486083984375,,21.238845825195312,,0.7331228852272034,,36.53010559082031
,3613,,,,,,,,,,1636.89697265625,,25.49093246459961,,0.7195115089416504,,40.45858383178711
,3614,,,,,,,,,,2315.75048828125,,32.53235626220703,,0.6747103929519653,,48.12224578857422
,3615,,,,,,,,,,2139.10791015625,,31.849008560180664,,0.6398804187774658,,46.250492095947266
,3616,,,,,,,,,,1822.5072021484375,,27.28080940246582,,0.6796672344207764,,42.690834045410156
,3617,,,,,,,,,,1726.2142333984375,,24.064502716064453,,0.7286672592163086,,41.547733306884766
,3618,,,,,,,,,,1886.582763671875,,28.3530330657959,,0.618865430355072,,43.434810638427734
,3619,,,,,,,,,,1340.5445556640625,,22.450424194335938,,0.7633463144302368,,36.61344909667969
,3620,,,,,,,,,,1487.8807373046875,,23.779630661010742,,0.7385045289993286,,38.573055267333984
,3621,,,,,,,,,,1721.69970703125,,24.50981903076172,,0.6389225125312805,,41.493370056152344
,3622,,,,,,,,,,3296.805908203125,,41.675819396972656,,0.6092360019683838,,57.41781997680664
,3623,,,,,,,,,,1623.97216796875,,23.365222930908203,,0.6959147453308105,,40.29853820800781
,3624,,,,,,,,,,2433.164794921875,,30.83293914794922,,0.7110228538513184,,49.32712173461914
,3625,,,,,,,,,,1596.0322265625,,24.640697479248047,,0.7216723561286926,,39.95037078857422
,3626,,,,,,,,,,1360.7119140625,,21.62354278564453,,0.67098069190979,,36.8878288269043
,3627,,,,,,,,,,1774.88671875,,27.619342803955078,,0.659095048904419,,42.1294059753418
,3628,,,,,,,,,,1440.4063720703125,,23.106842041015625,,0.7667886018753052,,37.95268630981445
,3629,,,,,,,,,,2789.6689453125,,32.453025817871094,,0.6843693852424622,,52.817317962646484
,3630,,,,,,,,,,1785.4307861328125,,25.909215927124023,,0.6215454339981079,,42.25436019897461
,3631,,,,,,,,,,899.0440673828125,,17.10007095336914,,0.6860018968582153,,29.98406410217285
,3632,,,,,,,,,,1776.3135986328125,,23.342748641967773,,0.7060724496841431,,42.14633560180664
,3633,,,,,,,,,,1232.8487548828125,,17.215131759643555,,0.6687657833099365,,35.11194610595703
,3634,,,,,,,,,,2101.55078125,,29.76466941833496,,0.7039294242858887,,45.84267044067383
,3635,,,,,,,,,,2081.165283203125,,29.472444534301758,,0.6544511318206787,,45.61979293823242
,3636,,,,,,,,,,1739.8638916015625,,26.40921974182129,,0.6956443190574646,,41.71167755126953
,3637,,,,,,,,,,1766.1971435546875,,25.74467658996582,,0.7089428901672363,,42.02614974975586
,3638,,,,,,,,,,1366.732421875,,20.110097885131836,,0.7192566394805908,,36.96934127807617
,3639,,,,,,,,,,2466.880615234375,,30.236345291137695,,0.6891466975212097,,49.667701721191406
,3640,,,,,,,,,,2263.46484375,,31.234378814697266,,0.6970806121826172,,47.57588577270508
,3641,,,,,,,,,,1725.1949462890625,,25.322669982910156,,0.674442708492279,,41.53546905517578
,3642,,,,,,,,,,1636.5950927734375,,25.92510223388672,,0.7132511138916016,,40.45485305786133
,3643,,,,,,,,,,1825.4652099609375,,29.11774253845215,,0.5889526605606079,,42.7254638671875
,3644,,,,,,,,,,1023.3099365234375,,17.57733726501465,,0.7021204233169556,,31.989215850830078
,3645,,,,,,,,,,1241.69580078125,,20.388248443603516,,0.6883765459060669,,35.23770523071289
,3646,,,,,,,,,,1300.468017578125,,22.035356521606445,,0.7080367803573608,,36.06200408935547
,3647,,,,,,,,,,1213.4967041015625,,20.728792190551758,,0.7598180174827576,,34.83528137207031
,3648,,,,,,,,,,1513.501708984375,,24.349496841430664,,0.6751707792282104,,38.90374755859375
,3649,,,,,,,,,,3841.300048828125,,36.42081832885742,,0.5680907964706421,,61.97822189331055
,3650,,,,,,,,,,1046.343505859375,,15.919597625732422,,0.6604136228561401,,32.347232818603516
,3651,,,,,,,,,,1441.0362548828125,,24.249549865722656,,0.6365009546279907,,37.96098327636719
,3652,,,,,,,,,,1790.4486083984375,,27.750486373901367,,0.6351058483123779,,42.31369400024414
,3653,,,,,,,,,,1897.767822265625,,30.197858810424805,,0.6697255969047546,,43.563377380371094
,3654,,,,,,,,,,1553.51904296875,,26.798328399658203,,0.6637373566627502,,39.41470718383789
,3655,,,,,,,,,,1459.8453369140625,,23.874792098999023,,0.769874632358551,,38.207923889160156
,3656,,,,,,,,,,1119.3802490234375,,19.462646484375,,0.7217878103256226,,33.4571418762207
,3657,,,,,,,,,,1306.38232421875,,20.01170539855957,,0.7707187533378601,,36.1439094543457
,3658,,,,,,,,,,1938.8612060546875,,29.364437103271484,,0.714552640914917,,44.032501220703125
,3659,,,,,,,,,,1504.1748046875,,23.807172775268555,,0.7582695484161377,,38.78369140625
,3660,,,,,,,,,,1270.3348388671875,,20.969823837280273,,0.6866803169250488,,35.64175796508789
,3661,,,,,,,,,,1779.7767333984375,,27.72060775756836,,0.7200927734375,,42.18739700317383
,3662,,,,,,,,,,1560.3292236328125,,23.897079467773438,,0.7062790393829346,,39.50100326538086
,3663,,,,,,,,,,1608.3551025390625,,25.266939163208008,,0.6575096845626831,,40.10430145263672
,3664,,,,,,,,,,1551.196533203125,,23.404380798339844,,0.6981862783432007,,39.385231018066406
,3665,,,,,,,,,,1371.791259765625,,20.06116485595703,,0.6820756196975708,,37.03770065307617
,3666,,,,,,,,,,1380.6455078125,,22.24180793762207,,0.7750556468963623,,37.15703582763672
,3667,,,,,,,,,,2029.7384033203125,,28.910673141479492,,0.6750492453575134,,45.05261993408203
,3668,,,,,,,,,,1829.283447265625,,24.88150978088379,,0.7347714900970459,,42.77012252807617
,3669,,,,,,,,,,1864.0458984375,,28.649700164794922,,0.6893821954727173,,43.174598693847656
,3670,,,,,,,,,,1996.3343505859375,,28.013383865356445,,0.688431441783905,,44.68035888671875
,3671,,,,,,,,,,1131.17236328125,,18.216350555419922,,0.7176679968833923,,33.632904052734375
,3672,,,,,,,,,,1651.8470458984375,,24.149459838867188,,0.7260547280311584,,40.642921447753906
,3673,,,,,,,,,,2288.6962890625,,32.336631774902344,,0.6192278861999512,,47.8403205871582
,3674,,,,,,,,,,1478.023193359375,,21.509037017822266,,0.6635040044784546,,38.445068359375
,3675,,,,,,,,,,1757.4342041015625,,24.26254653930664,,0.703215479850769,,41.9217643737793
,3676,,,,,,,,,,1624.359619140625,,24.462980270385742,,0.637336015701294,,40.3033447265625
,3677,,,,,,,,,,2094.83447265625,,30.355520248413086,,0.6708971261978149,,45.76935958862305
,3678,,,,,,,,,,1653.8406982421875,,26.95363426208496,,0.707513153553009,,40.66743850708008
,3679,,,,,,,,,,2247.878662109375,,30.806337356567383,,0.7163282036781311,,47.411800384521484
,3680,,,,,,,,,,1880.654541015625,,28.357440948486328,,0.6575765013694763,,43.366512298583984
,3681,,,,,,,,,,1626.2093505859375,,22.877906799316406,,0.7512219548225403,,40.32628631591797
,3682,,,,,,,,,,1564.4283447265625,,21.894437789916992,,0.6981635689735413,,39.5528564453125
,3683,,,,,,,,,,1423.2442626953125,,23.54315185546875,,0.672195553779602,,37.72591018676758
,3684,,,,,,,,,,1843.8026123046875,,26.441539764404297,,0.6685665249824524,,42.93952560424805
,3685,,,,,,,,,,2381.8359375,,32.78718566894531,,0.657794177532196,,48.80405807495117
,3686,,,,,,,,,,1341.5364990234375,,23.190488815307617,,0.6030734777450562,,36.626991271972656
,3687,,,,,,,,,,1752.603271484375,,26.28476905822754,,0.7221344113349915,,41.864105224609375
,3688,,,,,,,,,,1493.5418701171875,,22.80936622619629,,0.6298359632492065,,38.64636993408203
,3689,,,,,,,,,,1930.303466796875,,29.030628204345703,,0.6922702789306641,,43.935218811035156
,3690,,,,,,,,,,1418.281982421875,,23.77635955810547,,0.6754032373428345,,37.66008377075195
,3691,,,,,,,,,,1329.9752197265625,,21.711658477783203,,0.7300142049789429,,36.46882629394531
,3692,,,,,,,,,,1858.099853515625,,25.037986755371094,,0.7426583766937256,,43.105682373046875
,3693,,,,,,,,,,1611.2578125,,25.78339385986328,,0.7154372930526733,,40.14047622680664
,3694,,,,,,,,,,1658.2288818359375,,24.392641067504883,,0.7426222562789917,,40.72135543823242
,3695,,,,,,,,,,890.9864501953125,,15.964594841003418,,0.8129507303237915,,29.849395751953125
23,11087,,,,,,,,,1698.0760498046875,,25.263286590576172,,0.6965643167495728,,40.91789627075195,
23,11087,1632.5491943359375,,25.06279754638672,,0.6952265501022339,,40.12934112548828,,,,,,,,,
24,11099,,1855.4263916015625,,27.020938873291016,,0.7201409339904785,,43.07466125488281,,,,,,,,
24,11149,,1491.2578125,,21.062646865844727,,0.7349372506141663,,38.6168098449707,,,,,,,,
24,11199,,2616.8642578125,,33.23649978637695,,0.6841387748718262,,51.155296325683594,,,,,,,,
24,11249,,1042.1956787109375,,19.02374267578125,,0.6915727257728577,,32.283058166503906,,,,,,,,
24,11299,,1022.7022094726562,,18.391887664794922,,0.7715077996253967,,31.97971534729004,,,,,,,,
24,11349,,1890.467529296875,,26.639467239379883,,0.6994917392730713,,43.47950744628906,,,,,,,,
24,11399,,1519.318603515625,,24.14539909362793,,0.7778902053833008,,38.97843933105469,,,,,,,,
24,11449,,2386.896240234375,,29.5982723236084,,0.6058796048164368,,48.855873107910156,,,,,,,,
24,11499,,2563.98876953125,,32.906005859375,,0.6716997623443604,,50.63584518432617,,,,,,,,
24,11549,,895.1970825195312,,16.79757308959961,,0.8756896257400513,,29.919843673706055,,,,,,,,
,3696,,,,,,,,,,2254.697998046875,,27.672773361206055,,0.7091830968856812,,47.48366165161133
,3697,,,,,,,,,,1798.507080078125,,24.321523666381836,,0.7330028414726257,,42.408809661865234
,3698,,,,,,,,,,2120.680419921875,,29.711620330810547,,0.6731292605400085,,46.050846099853516
,3699,,,,,,,,,,2125.1923828125,,29.606523513793945,,0.6635701656341553,,46.09981155395508
,3700,,,,,,,,,,1895.6722412109375,,25.149282455444336,,0.6811531782150269,,43.5393180847168
,3701,,,,,,,,,,1848.7152099609375,,27.174686431884766,,0.6279627084732056,,42.99668884277344
,3702,,,,,,,,,,1292.074462890625,,20.23905372619629,,0.7275718450546265,,35.945438385009766
,3703,,,,,,,,,,1923.3682861328125,,26.627588272094727,,0.7218143939971924,,43.85622024536133
,3704,,,,,,,,,,2172.891357421875,,33.35087585449219,,0.5977588295936584,,46.61428451538086
,3705,,,,,,,,,,1265.2352294921875,,21.63971710205078,,0.6846570372581482,,35.57014465332031
,3706,,,,,,,,,,1490.8023681640625,,21.127592086791992,,0.722116231918335,,38.61090850830078
,3707,,,,,,,,,,1860.7100830078125,,27.679840087890625,,0.7094410061836243,,43.135948181152344
,3708,,,,,,,,,,1765.2559814453125,,26.499160766601562,,0.7565293312072754,,42.014949798583984
,3709,,,,,,,,,,1323.898193359375,,23.007610321044922,,0.7406244277954102,,36.38541030883789
,3710,,,,,,,,,,1213.8192138671875,,19.250097274780273,,0.7509090900421143,,34.83990478515625
,3711,,,,,,,,,,1635.1346435546875,,26.993244171142578,,0.694532036781311,,40.436798095703125
,3712,,,,,,,,,,1692.81298828125,,23.20060920715332,,0.7519531846046448,,41.1438102722168
,3713,,,,,,,,,,1387.3975830078125,,20.16490364074707,,0.7271418571472168,,37.24778747558594
,3714,,,,,,,,,,1595.3331298828125,,23.942224502563477,,0.710493266582489,,39.941619873046875
,3715,,,,,,,,,,1408.3057861328125,,22.68199920654297,,0.6886223554611206,,37.527400970458984
,3716,,,,,,,,,,1707.6009521484375,,25.621187210083008,,0.7388991117477417,,41.32312774658203
,3717,,,,,,,,,,2161.3466796875,,30.141263961791992,,0.6763631105422974,,46.49028396606445
,3718,,,,,,,,,,2026.110595703125,,30.09177017211914,,0.7060130834579468,,45.01233673095703
,3719,,,,,,,,,,2219.247802734375,,32.311607360839844,,0.6510279178619385,,47.108890533447266
,3720,,,,,,,,,,1708.4405517578125,,27.34615707397461,,0.7029780149459839,,41.33328628540039
,3721,,,,,,,,,,1458.7071533203125,,25.558578491210938,,0.6826090812683105,,38.193023681640625
,3722,,,,,,,,,,968.0606079101562,,15.996633529663086,,0.7966337203979492,,31.11367416381836
,3723,,,,,,,,,,2239.071044921875,,30.954416275024414,,0.6794202327728271,,47.318824768066406
,3724,,,,,,,,,,2513.61865234375,,31.500505447387695,,0.5860294699668884,,50.13600158691406
,3725,,,,,,,,,,1196.0579833984375,,20.051921844482422,,0.7079787254333496,,34.58407211303711
,3726,,,,,,,,,,1220.4794921875,,20.726104736328125,,0.6858721971511841,,34.93536376953125
,3727,,,,,,,,,,1213.936767578125,,21.425941467285156,,0.740742564201355,,34.84159469604492
,3728,,,,,,,,,,1217.6180419921875,,21.165943145751953,,0.7160035967826843,,34.89438247680664
,3729,,,,,,,,,,1572.3223876953125,,24.092538833618164,,0.7289940118789673,,39.65251922607422
,3730,,,,,,,,,,1453.00341796875,,22.718303680419922,,0.7399641275405884,,38.118282318115234
,3731,,,,,,,,,,1099.02978515625,,19.184019088745117,,0.7277408838272095,,33.15161895751953
,3732,,,,,,,,,,1461.8480224609375,,23.19639015197754,,0.6508480310440063,,38.23412322998047
,3733,,,,,,,,,,1756.76025390625,,26.439199447631836,,0.6766379475593567,,41.91372299194336
,3734,,,,,,,,,,1758.829345703125,,25.88946533203125,,0.7263745665550232,,41.93840026855469
,3735,,,,,,,,,,1483.468994140625,,21.62464141845703,,0.7750675678253174,,38.51582717895508
,3736,,,,,,,,,,1870.131591796875,,29.35538101196289,,0.6845757961273193,,43.245018005371094
,3737,,,,,,,,,,1515.17724609375,,23.73377227783203,,0.6884454488754272,,38.92527770996094
,3738,,,,,,,,,,1340.416015625,,20.958572387695312,,0.6813281774520874,,36.611690521240234
,3739,,,,,,,,,,1464.3984375,,23.521696090698242,,0.7218762636184692,,38.267459869384766
,3740,,,,,,,,,,1592.5242919921875,,22.99313735961914,,0.6910675764083862,,39.90644454956055
,3741,,,,,,,,,,1710.868896484375,,27.174814224243164,,0.6708964705467224,,41.362648010253906
,3742,,,,,,,,,,1485.89306640625,,23.28339385986328,,0.7387893795967102,,38.54728317260742
,3743,,,,,,,,,,1963.776123046875,,30.51847267150879,,0.660554051399231,,44.31451416015625
,3744,,,,,,,,,,1829.69873046875,,28.55944061279297,,0.6396714448928833,,42.77497863769531
,3745,,,,,,,,,,2627.9794921875,,35.816627502441406,,0.679740309715271,,51.26382064819336
,3746,,,,,,,,,,1368.863525390625,,21.162761688232422,,0.7368196845054626,,36.9981575012207
,3747,,,,,,,,,,1838.571533203125,,26.452577590942383,,0.7269143462181091,,42.87856674194336
,3748,,,,,,,,,,1807.848388671875,,28.651029586791992,,0.6781539916992188,,42.518798828125
,3749,,,,,,,,,,1522.379638671875,,22.989818572998047,,0.7677569389343262,,39.01768493652344
,3750,,,,,,,,,,1470.4935302734375,,24.226669311523438,,0.6773070096969604,,38.347015380859375
,3751,,,,,,,,,,1711.8916015625,,28.441913604736328,,0.7054915428161621,,41.3750114440918
,3752,,,,,,,,,,1204.6236572265625,,23.437829971313477,,0.6020060777664185,,34.70768737792969
,3753,,,,,,,,,,1231.4869384765625,,20.9240779876709,,0.7527026534080505,,35.09254837036133
,3754,,,,,,,,,,1609.6309814453125,,24.78994369506836,,0.6613104343414307,,40.12020492553711
,3755,,,,,,,,,,1887.7593994140625,,27.66950798034668,,0.7055768370628357,,43.4483528137207
,3756,,,,,,,,,,1524.768798828125,,23.649240493774414,,0.7560775279998779,,39.04828643798828
,3757,,,,,,,,,,2566.75732421875,,31.92242431640625,,0.6619473695755005,,50.66317367553711
,3758,,,,,,,,,,2034.973388671875,,30.12269401550293,,0.7077242136001587,,45.110679626464844
,3759,,,,,,,,,,1767.037353515625,,27.43402862548828,,0.6724694967269897,,42.0361442565918
,3760,,,,,,,,,,1373.7806396484375,,23.597900390625,,0.7103192806243896,,37.06454849243164
,3761,,,,,,,,,,1713.7899169921875,,25.179298400878906,,0.732196033000946,,41.397945404052734
,3762,,,,,,,,,,1656.1800537109375,,26.83852195739746,,0.7007771730422974,,40.696189880371094
,3763,,,,,,,,,,1398.6796875,,22.58024024963379,,0.7669599056243896,,37.39892578125
,3764,,,,,,,,,,2166.69482421875,,27.48812484741211,,0.6942251324653625,,46.547767639160156
,3765,,,,,,,,,,1823.1485595703125,,28.049701690673828,,0.7066233158111572,,42.69834518432617
,3766,,,,,,,,,,1331.245849609375,,21.638965606689453,,0.7337634563446045,,36.48624038696289
,3767,,,,,,,,,,1632.096435546875,,25.67296028137207,,0.7203340530395508,,40.39921188354492
,3768,,,,,,,,,,2210.129150390625,,31.739877700805664,,0.6895468831062317,,47.01201248168945
,3769,,,,,,,,,,2116.70654296875,,31.6339054107666,,0.6436517238616943,,46.0076789855957
,3770,,,,,,,,,,1810.1004638671875,,27.354581832885742,,0.6818479299545288,,42.5452766418457
,3771,,,,,,,,,,1685.0916748046875,,24.31730842590332,,0.735131025314331,,41.049869537353516
,3772,,,,,,,,,,1913.5528564453125,,28.783720016479492,,0.6134167909622192,,43.74417495727539
,3773,,,,,,,,,,1364.995849609375,,23.117849349975586,,0.759029746055603,,36.94585037231445
,3774,,,,,,,,,,1507.015625,,24.099109649658203,,0.7351415753364563,,38.82029724121094
,3775,,,,,,,,,,1729.779296875,,25.078664779663086,,0.6372280716896057,,41.59061813354492
,3776,,,,,,,,,,3215.343505859375,,41.288063049316406,,0.6188915967941284,,56.70399856567383
,3777,,,,,,,,,,1618.19482421875,,23.39016342163086,,0.6969965696334839,,40.22679138183594
,3778,,,,,,,,,,2347.759521484375,,31.182079315185547,,0.7211661338806152,,48.45368576049805
,3779,,,,,,,,,,1602.8134765625,,24.954341888427734,,0.7204897403717041,,40.035152435302734
,3780,,,,,,,,,,1306.4891357421875,,21.3602352142334,,0.6840917468070984,,36.145389556884766
,3781,,,,,,,,,,1763.527099609375,,27.803892135620117,,0.6612768769264221,,41.99436950683594
,3782,,,,,,,,,,1374.629638671875,,22.636659622192383,,0.7774382829666138,,37.07599639892578
,3783,,,,,,,,,,2689.139404296875,,32.25969314575195,,0.6957435607910156,,51.85691452026367
,3784,,,,,,,,,,1787.1934814453125,,26.354949951171875,,0.6211718320846558,,42.275211334228516
,3785,,,,,,,,,,864.3842163085938,,17.18348503112793,,0.698107123374939,,29.40041160583496
,3786,,,,,,,,,,1745.20166015625,,23.488739013671875,,0.7112205028533936,,41.77560806274414
,3787,,,,,,,,,,1203.1693115234375,,17.115894317626953,,0.6767398715019226,,34.686729431152344
,3788,,,,,,,,,,2073.6826171875,,29.740610122680664,,0.7078554630279541,,45.53770446777344
,3789,,,,,,,,,,2053.343017578125,,29.467206954956055,,0.6590706706047058,,45.3138313293457
,3790,,,,,,,,,,1751.0498046875,,26.797090530395508,,0.6936875581741333,,41.84554672241211
,3791,,,,,,,,,,1795.8558349609375,,26.137065887451172,,0.7040553092956543,,42.377540588378906
,3792,,,,,,,,,,1339.3829345703125,,20.200841903686523,,0.7248744964599609,,36.59757995605469
,3793,,,,,,,,,,2476.4306640625,,31.057044982910156,,0.6879433393478394,,49.76374816894531
,3794,,,,,,,,,,2302.42041015625,,31.73419189453125,,0.6918672323226929,,47.983543395996094
,3795,,,,,,,,,,1711.4420166015625,,25.348188400268555,,0.6770379543304443,,41.36957931518555
,3796,,,,,,,,,,1563.751220703125,,25.241024017333984,,0.7260141372680664,,39.54429626464844
,3797,,,,,,,,,,1835.496337890625,,29.613218307495117,,0.5866938829421997,,42.84269332885742
,3798,,,,,,,,,,1039.041015625,,17.920873641967773,,0.6975412368774414,,32.23415756225586
,3799,,,,,,,,,,1235.588134765625,,20.540771484375,,0.6899093389511108,,35.15093231201172
,3800,,,,,,,,,,1296.9061279296875,,21.991477966308594,,0.7088364362716675,,36.0125846862793
,3801,,,,,,,,,,1209.3897705078125,,21.567975997924805,,0.7606308460235596,,34.776283264160156
,3802,,,,,,,,,,1482.287841796875,,24.14772605895996,,0.6818698644638062,,38.500492095947266
,3803,,,,,,,,,,3663.637451171875,,35.62617111206055,,0.5880669355392456,,60.52798843383789
,3804,,,,,,,,,,1010.9112548828125,,15.950889587402344,,0.6719130277633667,,31.794832229614258
,3805,,,,,,,,,,1394.7635498046875,,24.045982360839844,,0.6481732130050659,,37.346534729003906
,3806,,,,,,,,,,1757.28466796875,,27.71053695678711,,0.6418646574020386,,41.919979095458984
,3807,,,,,,,,,,1857.7860107421875,,29.954099655151367,,0.6766837239265442,,43.10204315185547
,3808,,,,,,,,,,1616.76171875,,27.707399368286133,,0.6500483155250549,,40.20897674560547
,3809,,,,,,,,,,1416.633056640625,,23.83880043029785,,0.776686429977417,,37.638187408447266
,3810,,,,,,,,,,1106.3828125,,19.67926597595215,,0.7250182032585144,,33.262332916259766
,3811,,,,,,,,,,1315.4910888671875,,20.265708923339844,,0.7691200971603394,,36.26969909667969
,3812,,,,,,,,,,1895.956298828125,,29.24883460998535,,0.720869243144989,,43.542579650878906
,3813,,,,,,,,,,1474.6270751953125,,23.833492279052734,,0.763018012046814,,38.400875091552734
,3814,,,,,,,,,,1270.2041015625,,21.223312377929688,,0.6867125034332275,,35.639923095703125
,3815,,,,,,,,,,1875.958740234375,,28.84372901916504,,0.7049660682678223,,43.312339782714844
,3816,,,,,,,,,,1626.6229248046875,,24.910648345947266,,0.6937996745109558,,40.33141326904297
,3817,,,,,,,,,,1663.8994140625,,26.049583435058594,,0.6456818580627441,,40.790924072265625
,3818,,,,,,,,,,1582.9638671875,,24.019289016723633,,0.6920053958892822,,39.78647994995117
,3819,,,,,,,,,,1356.1927490234375,,20.078073501586914,,0.685690701007843,,36.82652282714844
,3820,,,,,,,,,,1326.9088134765625,,21.846147537231445,,0.7838108539581299,,36.4267578125
,3821,,,,,,,,,,1980.3267822265625,,28.733320236206055,,0.682959794998169,,44.50086212158203
,3822,,,,,,,,,,1716.3892822265625,,24.27068519592285,,0.7511400580406189,,41.42932891845703
,3823,,,,,,,,,,1865.9095458984375,,28.76059341430664,,0.6890716552734375,,43.19617462158203
,3824,,,,,,,,,,1980.282470703125,,28.141624450683594,,0.6909366846084595,,44.5003662109375
,3825,,,,,,,,,,1108.2659912109375,,18.264720916748047,,0.723385214805603,,33.29063034057617
,3826,,,,,,,,,,1636.97119140625,,24.226499557495117,,0.7285217642784119,,40.45949935913086
,3827,,,,,,,,,,2258.884033203125,,32.10614013671875,,0.6241877675056458,,47.52771759033203
,3828,,,,,,,,,,1435.2579345703125,,21.74976921081543,,0.6732401847839355,,37.88479995727539
,3829,,,,,,,,,,1846.3594970703125,,25.414112091064453,,0.6881983280181885,,42.96928405761719
,3830,,,,,,,,,,1670.6590576171875,,25.061771392822266,,0.6269989013671875,,40.87369918823242
,3831,,,,,,,,,,2137.809326171875,,31.091472625732422,,0.6641455888748169,,46.2364501953125
,3832,,,,,,,,,,1677.6171875,,27.306066513061523,,0.7033082246780396,,40.95872497558594
,3833,,,,,,,,,,2210.1484375,,30.877864837646484,,0.7210896015167236,,47.01221466064453
,3834,,,,,,,,,,1885.433837890625,,28.52290153503418,,0.6567063331604004,,43.42158126831055
,3835,,,,,,,,,,1594.2344970703125,,22.98975372314453,,0.7561134696006775,,39.9278678894043
,3836,,,,,,,,,,1542.1356201171875,,21.99538803100586,,0.7024646997451782,,39.27003479003906
,3837,,,,,,,,,,1441.248779296875,,23.71276092529297,,0.6680487394332886,,37.963783264160156
,3838,,,,,,,,,,1746.784912109375,,25.856388092041016,,0.6860060095787048,,41.7945556640625
,3839,,,,,,,,,,2387.38134765625,,32.90602493286133,,0.6569974422454834,,48.860836029052734
,3840,,,,,,,,,,1305.320068359375,,22.926555633544922,,0.6137889623641968,,36.129215240478516
,3841,,,,,,,,,,1706.8062744140625,,25.989524841308594,,0.7293952703475952,,41.31351089477539
,3842,,,,,,,,,,1467.4041748046875,,22.907764434814453,,0.6363140344619751,,38.30671310424805
,3843,,,,,,,,,,2005.905029296875,,30.127880096435547,,0.6802178621292114,,44.787330627441406
,3844,,,,,,,,,,1445.2451171875,,24.471010208129883,,0.6692323088645935,,38.016380310058594
,3845,,,,,,,,,,1395.285888671875,,23.056549072265625,,0.7167561054229736,,37.35352325439453
,3846,,,,,,,,,,1844.7911376953125,,25.131290435791016,,0.7445015907287598,,42.95103073120117
,3847,,,,,,,,,,1608.0516357421875,,25.861417770385742,,0.7160035371780396,,40.100521087646484
,3848,,,,,,,,,,1613.32177734375,,24.560016632080078,,0.7495924234390259,,40.166175842285156
,3849,,,,,,,,,,866.762451171875,,15.904206275939941,,0.8180361986160278,,29.44083023071289
24,11549,,,,,,,,,1690.7203369140625,,25.46564483642578,,0.6976648569107056,,40.83601379394531,
24,11549,1647.0888671875,,25.159194946289062,,0.6926940679550171,,40.29330062866211,,,,,,,,,
25,11599,,2228.871826171875,,30.31536865234375,,0.724474310874939,,47.21092987060547,,,,,,,,
25,11649,,1836.638916015625,,29.79619789123535,,0.6653380393981934,,42.85602569580078,,,,,,,,
25,11699,,1156.6090087890625,,20.16097640991211,,0.7144986391067505,,34.00895309448242,,,,,,,,
25,11749,,1764.293701171875,,27.897336959838867,,0.6832788586616516,,42.00349426269531,,,,,,,,
25,11799,,1279.4423828125,,21.052141189575195,,0.7834072113037109,,35.76929473876953,,,,,,,,
25,11849,,2349.87548828125,,33.6079216003418,,0.5724490880966187,,48.47551727294922,,,,,,,,
25,11899,,1413.638671875,,24.778409957885742,,0.750874400138855,,37.598388671875,,,,,,,,
25,11949,,1847.9378662109375,,27.821252822875977,,0.5310978889465332,,42.987648010253906,,,,,,,,
25,11999,,1946.3851318359375,,28.958171844482422,,0.7071186304092407,,44.117855072021484,,,,,,,,
,3850,,,,,,,,,,2238.19482421875,,27.47763442993164,,0.7113116979598999,,47.30956268310547
,3851,,,,,,,,,,1780.1220703125,,24.178651809692383,,0.7357321977615356,,42.19149398803711
,3852,,,,,,,,,,2015.9725341796875,,29.024188995361328,,0.6892684102058411,,44.89958190917969
,3853,,,,,,,,,,2172.042236328125,,29.936542510986328,,0.6561535596847534,,46.60517501831055
,3854,,,,,,,,,,1929.5194091796875,,24.85662841796875,,0.675460159778595,,43.92629623413086
,3855,,,,,,,,,,1865.3414306640625,,26.990800857543945,,0.6246168613433838,,43.189598083496094
,3856,,,,,,,,,,1374.28955078125,,20.84142303466797,,0.7102371454238892,,37.071414947509766
,3857,,,,,,,,,,1939.5338134765625,,26.709001541137695,,0.7194762229919434,,44.040138244628906
,3858,,,,,,,,,,2236.728515625,,33.93186950683594,,0.5859414339065552,,47.2940673828125
,3859,,,,,,,,,,1217.213623046875,,20.707523345947266,,0.6966257691383362,,34.888587951660156
,3860,,,,,,,,,,1470.5587158203125,,20.69850730895996,,0.7258896231651306,,38.34786605834961
,3861,,,,,,,,,,1826.1060791015625,,27.272478103637695,,0.7148445844650269,,42.73296356201172
,3862,,,,,,,,,,1757.2489013671875,,26.22605323791504,,0.7576336860656738,,41.919551849365234
,3863,,,,,,,,,,1349.5296630859375,,23.311538696289062,,0.7356027364730835,,36.73594665527344
,3864,,,,,,,,,,1245.8695068359375,,19.28598403930664,,0.744331955909729,,35.296875
,3865,,,,,,,,,,1625.3531494140625,,26.922439575195312,,0.6963592767715454,,40.315670013427734
,3866,,,,,,,,,,1712.21484375,,23.186349868774414,,0.749110221862793,,41.3789176940918
,3867,,,,,,,,,,1365.8758544921875,,19.607219696044922,,0.7313745021820068,,36.95775604248047
,3868,,,,,,,,,,1575.408203125,,23.974885940551758,,0.7141090631484985,,39.69141387939453
,3869,,,,,,,,,,1397.7039794921875,,22.414697647094727,,0.6909664273262024,,37.38587951660156
,3870,,,,,,,,,,1650.0230712890625,,25.164812088012695,,0.7477030754089355,,40.62047576904297
,3871,,,,,,,,,,2092.02685546875,,29.2983341217041,,0.6867429614067078,,45.73868179321289
,3872,,,,,,,,,,2087.309814453125,,30.552019119262695,,0.6971330642700195,,45.68708419799805
,3873,,,,,,,,,,2309.757080078125,,32.91360092163086,,0.6367955207824707,,48.059932708740234
,3874,,,,,,,,,,1710.1588134765625,,27.216161727905273,,0.7026792764663696,,41.35406494140625
,3875,,,,,,,,,,1465.4024658203125,,25.68872833251953,,0.6811522245407104,,38.280574798583984
,3876,,,,,,,,,,988.54296875,,15.958776473999023,,0.7923308610916138,,31.441102981567383
,3877,,,,,,,,,,2218.636962890625,,30.849599838256836,,0.6823458671569824,,47.10240936279297
,3878,,,,,,,,,,2709.361083984375,,31.84119987487793,,0.5537924766540527,,52.0515251159668
,3879,,,,,,,,,,1180.2177734375,,20.070280075073242,,0.711846113204956,,34.35429763793945
,3880,,,,,,,,,,1236.4542236328125,,20.754934310913086,,0.6817606687545776,,35.16324996948242
,3881,,,,,,,,,,1216.1611328125,,21.293615341186523,,0.7402675151824951,,34.87350082397461
,3882,,,,,,,,,,1131.3470458984375,,20.27630043029785,,0.7361253499984741,,33.635501861572266
,3883,,,,,,,,,,1619.79833984375,,24.81443977355957,,0.7208110690116882,,40.24671936035156
,3884,,,,,,,,,,1476.8486328125,,22.905296325683594,,0.7356966733932495,,38.42979049682617
,3885,,,,,,,,,,1135.0997314453125,,19.559412002563477,,0.7188053727149963,,33.69124221801758
,3886,,,,,,,,,,1501.6085205078125,,23.36032485961914,,0.6413515210151672,,38.75059509277344
,3887,,,,,,,,,,1785.158203125,,26.562301635742188,,0.6714107990264893,,42.25113296508789
,3888,,,,,,,,,,1790.5506591796875,,26.19271469116211,,0.7214395999908447,,42.31489944458008
,3889,,,,,,,,,,1421.9708251953125,,21.28268051147461,,0.7843922972679138,,37.70902633666992
,3890,,,,,,,,,,1877.4339599609375,,29.454635620117188,,0.6833441257476807,,43.32936477661133
,3891,,,,,,,,,,1529.604736328125,,23.771991729736328,,0.6854788064956665,,39.11016082763672
,3892,,,,,,,,,,1362.195068359375,,20.844816207885742,,0.6761504411697388,,36.907928466796875
,3893,,,,,,,,,,1469.7108154296875,,23.369304656982422,,0.7208672761917114,,38.33681106567383
,3894,,,,,,,,,,1573.8583984375,,22.880088806152344,,0.6946885585784912,,39.67188262939453
,3895,,,,,,,,,,1783.45751953125,,27.81435203552246,,0.6569333076477051,,42.23100280761719
,3896,,,,,,,,,,1505.3470458984375,,23.411088943481445,,0.7353694438934326,,38.79880142211914
,3897,,,,,,,,,,1975.6358642578125,,30.97123146057129,,0.658504068851471,,44.448123931884766
,3898,,,,,,,,,,1817.370849609375,,28.377397537231445,,0.6420992612838745,,42.63063430786133
,3899,,,,,,,,,,2641.948486328125,,35.7195930480957,,0.6780380010604858,,51.39988708496094
,3900,,,,,,,,,,1345.6563720703125,,20.720829010009766,,0.7412815093994141,,36.683189392089844
,3901,,,,,,,,,,1725.131103515625,,25.756317138671875,,0.74376380443573,,41.53469467163086
,3902,,,,,,,,,,1810.2542724609375,,28.721450805664062,,0.6777257323265076,,42.54708480834961
,3903,,,,,,,,,,1525.167236328125,,23.095096588134766,,0.7673317193984985,,39.05339050292969
,3904,,,,,,,,,,1452.48681640625,,24.316926956176758,,0.6812585592269897,,38.11150360107422
,3905,,,,,,,,,,1743.46044921875,,28.962984085083008,,0.7000604867935181,,41.754764556884766
,3906,,,,,,,,,,1234.5853271484375,,23.680532455444336,,0.5921070575714111,,35.13666534423828
,3907,,,,,,,,,,1212.3173828125,,20.80666732788086,,0.7565521001815796,,34.8183479309082
,3908,,,,,,,,,,1650.9234619140625,,25.069887161254883,,0.652621865272522,,40.63155746459961
,3909,,,,,,,,,,1976.8475341796875,,28.07769203186035,,0.6916822195053101,,44.461753845214844
,3910,,,,,,,,,,1440.4085693359375,,22.45652198791504,,0.769572913646698,,37.95271301269531
,3911,,,,,,,,,,2548.010498046875,,31.413196563720703,,0.6644164323806763,,50.477821350097656
,3912,,,,,,,,,,2025.2989501953125,,30.00131607055664,,0.7091137170791626,,45.00332260131836
,3913,,,,,,,,,,1747.2169189453125,,27.110769271850586,,0.6761432886123657,,41.79972457885742
,3914,,,,,,,,,,1299.6922607421875,,22.87574577331543,,0.7259418368339539,,36.051246643066406
,3915,,,,,,,,,,1728.980224609375,,25.225311279296875,,0.7298222780227661,,41.58100891113281
,3916,,,,,,,,,,1648.5772705078125,,26.667844772338867,,0.7021507024765015,,40.6026725769043
,3917,,,,,,,,,,1395.17236328125,,22.441444396972656,,0.7675442695617676,,37.35200500488281
,3918,,,,,,,,,,2163.75927734375,,27.05782127380371,,0.6946394443511963,,46.51622772216797
,3919,,,,,,,,,,1733.3294677734375,,26.995162963867188,,0.7210768461227417,,41.63327407836914
,3920,,,,,,,,,,1375.6390380859375,,21.875473022460938,,0.7248852252960205,,37.08960723876953
,3921,,,,,,,,,,1572.4859619140625,,24.81162452697754,,0.7305485606193542,,39.65458297729492
,3922,,,,,,,,,,2191.484619140625,,31.72093391418457,,0.6921658515930176,,46.81329345703125
,3923,,,,,,,,,,2145.08837890625,,31.71009063720703,,0.6388735771179199,,46.31509780883789
,3924,,,,,,,,,,1770.519775390625,,26.90999984741211,,0.6888047456741333,,42.077545166015625
,3925,,,,,,,,,,1697.630859375,,24.232337951660156,,0.7331600785255432,,41.20231628417969
,3926,,,,,,,,,,1918.0703125,,28.95611000061035,,0.6125041842460632,,43.795780181884766
,3927,,,,,,,,,,1325.693115234375,,22.234207153320312,,0.7659680843353271,,36.41006851196289
,3928,,,,,,,,,,1581.2281494140625,,24.3969783782959,,0.722098708152771,,39.7646598815918
,3929,,,,,,,,,,1708.87158203125,,24.6411075592041,,0.6416128873825073,,41.3385009765625
,3930,,,,,,,,,,3313.3359375,,42.07900619506836,,0.6072767972946167,,57.56158447265625
,3931,,,,,,,,,,1610.216552734375,,23.318994522094727,,0.6984905004501343,,40.12750244140625
,3932,,,,,,,,,,2355.560791015625,,30.493925094604492,,0.7202395796775818,,48.53411865234375
,3933,,,,,,,,,,1545.6837158203125,,24.201566696166992,,0.7304524779319763,,39.315185546875
,3934,,,,,,,,,,1313.166748046875,,21.278730392456055,,0.6824771165847778,,36.23764419555664
,3935,,,,,,,,,,1759.1741943359375,,27.631305694580078,,0.6621129512786865,,41.942508697509766
,3936,,,,,,,,,,1421.01708984375,,22.99005699157715,,0.7699278593063354,,37.696380615234375
,3937,,,,,,,,,,2780.049072265625,,32.46747589111328,,0.6854578256607056,,52.726173400878906
,3938,,,,,,,,,,1774.5760498046875,,26.064725875854492,,0.6238462924957275,,42.12571716308594
,3939,,,,,,,,,,880.2957153320312,,17.287670135498047,,0.6925498843193054,,29.669776916503906
,3940,,,,,,,,,,1815.222412109375,,23.523426055908203,,0.6996341943740845,,42.60542678833008
,3941,,,,,,,,,,1263.28955078125,,17.376487731933594,,0.6605870723724365,,35.54278564453125
,3942,,,,,,,,,,2058.677734375,,29.305816650390625,,0.7099694013595581,,45.37265396118164
,3943,,,,,,,,,,2027.6337890625,,29.207874298095703,,0.663339376449585,,45.02925491333008
,3944,,,,,,,,,,1763.66455078125,,26.63734245300293,,0.6914808750152588,,41.99600601196289
,3945,,,,,,,,,,1794.4298095703125,,26.095218658447266,,0.7042903304100037,,42.360713958740234
,3946,,,,,,,,,,1321.9854736328125,,20.035202026367188,,0.7284481525421143,,36.3591194152832
,3947,,,,,,,,,,2523.83740234375,,30.53998565673828,,0.6819695234298706,,50.23780822753906
,3948,,,,,,,,,,2355.42138671875,,31.948081970214844,,0.6847740411758423,,48.532684326171875
,3949,,,,,,,,,,1726.6806640625,,25.377866744995117,,0.6741623282432556,,41.553348541259766
,3950,,,,,,,,,,1629.2127685546875,,26.1025447845459,,0.7145445942878723,,40.36350631713867
,3951,,,,,,,,,,1766.7744140625,,28.80083656311035,,0.6021682620048523,,42.033016204833984
,3952,,,,,,,,,,1026.84130859375,,17.840450286865234,,0.7010924816131592,,32.04436492919922
,3953,,,,,,,,,,1223.8516845703125,,20.30636978149414,,0.6928547620773315,,34.98359298706055
,3954,,,,,,,,,,1319.6826171875,,22.056713104248047,,0.7037229537963867,,36.32743453979492
,3955,,,,,,,,,,1197.9375,,20.920621871948242,,0.7628976106643677,,34.61123275756836
,3956,,,,,,,,,,1501.2232666015625,,24.332094192504883,,0.6778059601783752,,38.74562072753906
,3957,,,,,,,,,,3746.890869140625,,36.069454193115234,,0.5787060260772705,,61.21185302734375
,3958,,,,,,,,,,1001.7918701171875,,15.601247787475586,,0.6748726963996887,,31.65109634399414
,3959,,,,,,,,,,1364.85693359375,,23.78971290588379,,0.6557170152664185,,36.943973541259766
,3960,,,,,,,,,,1737.6435546875,,27.473426818847656,,0.6458675265312195,,41.68505096435547
,3961,,,,,,,,,,1897.1092529296875,,30.238218307495117,,0.6698402166366577,,43.555816650390625
,3962,,,,,,,,,,1527.666259765625,,26.694822311401367,,0.6693332195281982,,39.08537292480469
,3963,,,,,,,,,,1448.27197265625,,24.009246826171875,,0.7716990113258362,,38.05616760253906
,3964,,,,,,,,,,1104.00732421875,,19.440086364746094,,0.7256086468696594,,33.22660446166992
,3965,,,,,,,,,,1268.129150390625,,19.974960327148438,,0.7774325013160706,,35.610801696777344
,3966,,,,,,,,,,1897.353759765625,,29.265426635742188,,0.7206635475158691,,43.558624267578125
,3967,,,,,,,,,,1506.33740234375,,23.887998580932617,,0.7579219341278076,,38.811561584472656
,3968,,,,,,,,,,1299.7210693359375,,21.387126922607422,,0.6794323921203613,,36.05164337158203
,3969,,,,,,,,,,1840.4002685546875,,28.20136070251465,,0.7105584144592285,,42.89988708496094
,3970,,,,,,,,,,1665.800537109375,,24.718536376953125,,0.6864247918128967,,40.81421661376953
,3971,,,,,,,,,,1630.1634521484375,,25.52787971496582,,0.6528657078742981,,40.375282287597656
,3972,,,,,,,,,,1557.677490234375,,23.565868377685547,,0.6969252824783325,,39.46742248535156
,3973,,,,,,,,,,1355.071533203125,,19.78177833557129,,0.685950517654419,,36.81129455566406
,3974,,,,,,,,,,1396.365966796875,,22.432706832885742,,0.772494375705719,,37.36798095703125
,3975,,,,,,,,,,2023.0843505859375,,28.893375396728516,,0.676114559173584,,44.97871017456055
,3976,,,,,,,,,,1719.326904296875,,24.416194915771484,,0.750714123249054,,41.46476745605469
,3977,,,,,,,,,,1811.181640625,,28.36871910095215,,0.6981913447380066,,42.557979583740234
,3978,,,,,,,,,,1969.344970703125,,28.013582229614258,,0.6926436424255371,,44.37730407714844
,3979,,,,,,,,,,1131.6025390625,,18.523921966552734,,0.7175606489181519,,33.63930130004883
,3980,,,,,,,,,,1630.9168701171875,,24.12458038330078,,0.7295258045196533,,40.384613037109375
,3981,,,,,,,,,,2240.719970703125,,31.810016632080078,,0.6272097826004028,,47.33624267578125
,3982,,,,,,,,,,1451.2509765625,,21.67757797241211,,0.669599175453186,,38.09528732299805
,3983,,,,,,,,,,1834.154541015625,,25.102291107177734,,0.6902594566345215,,42.827030181884766
,3984,,,,,,,,,,1707.5279541015625,,25.53759002685547,,0.6187673807144165,,41.32224655151367
,3985,,,,,,,,,,2141.268798828125,,31.009750366210938,,0.6636021137237549,,46.27384567260742
,3986,,,,,,,,,,1688.062255859375,,27.259225845336914,,0.7014609575271606,,41.086036682128906
,3987,,,,,,,,,,2210.18359375,,30.492097854614258,,0.7210851311683655,,47.01258850097656
,3988,,,,,,,,,,1866.002685546875,,28.4106502532959,,0.6602442264556885,,43.1972541809082
,3989,,,,,,,,,,1583.2958984375,,22.527851104736328,,0.7577868700027466,,39.7906494140625
,3990,,,,,,,,,,1578.993408203125,,22.010459899902344,,0.6953534483909607,,39.736549377441406
,3991,,,,,,,,,,1423.409423828125,,23.526708602905273,,0.6721575260162354,,37.72809982299805
,3992,,,,,,,,,,1773.8006591796875,,26.033893585205078,,0.6811497807502747,,42.11651611328125
,3993,,,,,,,,,,2393.861572265625,,32.83062744140625,,0.6560664176940918,,48.92710494995117
,3994,,,,,,,,,,1294.2257080078125,,22.89914321899414,,0.6170715093612671,,35.97534942626953
,3995,,,,,,,,,,1687.406982421875,,25.551563262939453,,0.7324709296226501,,41.078060150146484
,3996,,,,,,,,,,1455.8140869140625,,22.592716217041016,,0.6391865611076355,,38.15513229370117
,3997,,,,,,,,,,2029.73291015625,,30.044443130493164,,0.676419198513031,,45.05255889892578
,3998,,,,,,,,,,1432.6605224609375,,24.17059898376465,,0.6721124649047852,,37.850502014160156
,3999,,,,,,,,,,1318.6331787109375,,22.007158279418945,,0.7323166728019714,,36.31298828125
,4000,,,,,,,,,,1859.4617919921875,,25.21439552307129,,0.7424697875976562,,43.12147521972656
,4001,,,,,,,,,,1585.300048828125,,25.52518653869629,,0.7200217247009277,,39.815826416015625
,4002,,,,,,,,,,1584.01025390625,,23.858606338500977,,0.7541419267654419,,39.799625396728516
,4003,,,,,,,,,,876.9862060546875,,15.969141006469727,,0.8158898949623108,,29.61395263671875
25,12011,,,,,,,,,1693.980712890625,,25.355165481567383,,0.6971905827522278,,40.86510467529297,
25,12011,1640.3985595703125,,25.116472244262695,,0.696521520614624,,40.20044708251953,,,,,,,,,
26,12049,,1251.0006103515625,,19.86034393310547,,0.7601715922355652,,35.36948776245117,,,,,,,,
26,12099,,1663.182861328125,,25.8007869720459,,0.6685337424278259,,40.78213882446289,,,,,,,,
26,12149,,1270.363037109375,,20.735139846801758,,0.7368563413619995,,35.64215087890625,,,,,,,,
26,12199,,1719.946044921875,,26.098812103271484,,0.6072437167167664,,41.47222900390625,,,,,,,,
26,12249,,1513.350830078125,,24.975383758544922,,0.7629533410072327,,38.90180969238281,,,,,,,,
26,12299,,1599.1015625,,24.837438583374023,,0.6549161672592163,,39.98876953125,,,,,,,,
26,12349,,2146.860107421875,,31.41878318786621,,0.639221727848053,,46.33422088623047,,,,,,,,
26,12399,,1661.7427978515625,,25.566980361938477,,0.7171813249588013,,40.76448059082031,,,,,,,,
26,12449,,1957.0323486328125,,29.60529899597168,,0.5011484622955322,,44.23836135864258,,,,,,,,
,4004,,,,,,,,,,2232.91259765625,,27.425960540771484,,0.7119929790496826,,47.25370407104492
,4005,,,,,,,,,,1798.34912109375,,24.260156631469727,,0.7330262660980225,,42.40694808959961
,4006,,,,,,,,,,2020.2757568359375,,28.955183029174805,,0.6886051297187805,,44.94747543334961
,4007,,,,,,,,,,2162.16748046875,,29.823213577270508,,0.6577167510986328,,46.49911117553711
,4008,,,,,,,,,,1974.09033203125,,25.318660736083984,,0.667963445186615,,44.43073654174805
,4009,,,,,,,,,,1905.97607421875,,27.41651725769043,,0.6164394617080688,,43.65748596191406
,4010,,,,,,,,,,1333.905029296875,,20.491897583007812,,0.7187520265579224,,36.522666931152344
,4011,,,,,,,,,,1970.0809326171875,,26.876354217529297,,0.7150580883026123,,44.38559341430664
,4012,,,,,,,,,,2206.798095703125,,33.396141052246094,,0.5914821624755859,,46.97657012939453
,4013,,,,,,,,,,1230.6102294921875,,21.08748435974121,,0.6932868957519531,,35.080055236816406
,4014,,,,,,,,,,1492.5135498046875,,21.112451553344727,,0.7217972278594971,,38.63306427001953
,4015,,,,,,,,,,1858.701416015625,,27.541946411132812,,0.7097547054290771,,43.1126594543457
,4016,,,,,,,,,,1793.6170654296875,,26.451040267944336,,0.7526176571846008,,42.35111618041992
,4017,,,,,,,,,,1355.818359375,,23.288225173950195,,0.7343707084655762,,36.82143783569336
,4018,,,,,,,,,,1176.32568359375,,18.971418380737305,,0.7586032152175903,,34.297603607177734
,4019,,,,,,,,,,1635.4578857421875,,26.96782112121582,,0.6944715976715088,,40.4407958984375
,4020,,,,,,,,,,1731.8966064453125,,23.38605499267578,,0.7462263107299805,,41.61606216430664
,4021,,,,,,,,,,1422.8577880859375,,20.152935028076172,,0.7201679944992065,,37.720787048339844
,4022,,,,,,,,,,1603.400146484375,,24.117938995361328,,0.7090293169021606,,40.04248046875
,4023,,,,,,,,,,1454.8084716796875,,22.885969161987305,,0.6783405542373657,,38.14195251464844
,4024,,,,,,,,,,1659.617919921875,,25.17229461669922,,0.7462359666824341,,40.738407135009766
,4025,,,,,,,,,,2172.55810546875,,29.91520881652832,,0.6746843457221985,,46.6107063293457
,4026,,,,,,,,,,2092.98193359375,,30.63091278076172,,0.6963100433349609,,45.74911880493164
,4027,,,,,,,,,,2309.97900390625,,32.932823181152344,,0.6367605924606323,,48.06224060058594
,4028,,,,,,,,,,1803.654541015625,,28.265169143676758,,0.6864245533943176,,42.46945571899414
,4029,,,,,,,,,,1473.202392578125,,25.965147018432617,,0.6794551014900208,,38.382320404052734
,4030,,,,,,,,,,986.343994140625,,16.080429077148438,,0.792792797088623,,31.40611457824707
,4031,,,,,,,,,,2319.08251953125,,31.659889221191406,,0.6679645776748657,,48.15685272216797
,4032,,,,,,,,,,2633.12939453125,,32.09402847290039,,0.5663471221923828,,51.314029693603516
,4033,,,,,,,,,,1190.414306640625,,20.068201065063477,,0.7093566060066223,,34.50238037109375
,4034,,,,,,,,,,1229.6256103515625,,20.584110260009766,,0.6835181713104248,,35.066017150878906
,4035,,,,,,,,,,1221.6121826171875,,21.4966983795166,,0.739103376865387,,34.951568603515625
,4036,,,,,,,,,,1157.391845703125,,20.383014678955078,,0.7300506830215454,,34.02046203613281
,4037,,,,,,,,,,1661.66796875,,24.757152557373047,,0.7135944366455078,,40.7635612487793
,4038,,,,,,,,,,1469.7060546875,,22.804494857788086,,0.7369749546051025,,38.33674621582031
,4039,,,,,,,,,,1153.347900390625,,19.66302490234375,,0.7142848372459412,,33.960975646972656
,4040,,,,,,,,,,1493.6959228515625,,23.15306282043457,,0.6432414054870605,,38.64836120605469
,4041,,,,,,,,,,1848.0101318359375,,26.998672485351562,,0.6598418354988098,,42.98849105834961
,4042,,,,,,,,,,1763.7437744140625,,25.807044982910156,,0.7256100177764893,,41.9969482421875
,4043,,,,,,,,,,1506.814453125,,21.987380981445312,,0.7715277671813965,,38.81770706176758
,4044,,,,,,,,,,1882.5198974609375,,29.570634841918945,,0.6824862957000732,,43.38801574707031
,4045,,,,,,,,,,1607.3944091796875,,24.1544132232666,,0.6694835424423218,,40.092323303222656
,4046,,,,,,,,,,1401.3160400390625,,21.315401077270508,,0.6668497323989868,,37.43415451049805
,4047,,,,,,,,,,1507.239990234375,,23.968334197998047,,0.7137396335601807,,38.82318878173828
,4048,,,,,,,,,,1570.54150390625,,22.80984878540039,,0.6953319311141968,,39.63005828857422
,4049,,,,,,,,,,1707.0101318359375,,26.92832374572754,,0.6716387271881104,,41.31597900390625
,4050,,,,,,,,,,1533.283447265625,,23.514904022216797,,0.7304584383964539,,39.157161712646484
,4051,,,,,,,,,,2002.9903564453125,,31.034761428833008,,0.6537757515907288,,44.75477981567383
,4052,,,,,,,,,,1832.957275390625,,28.443592071533203,,0.6390297412872314,,42.81304931640625
,4053,,,,,,,,,,2654.679931640625,,35.79942321777344,,0.6764864921569824,,51.523582458496094
,4054,,,,,,,,,,1366.0174560546875,,20.994558334350586,,0.7373669147491455,,36.95967483520508
,4055,,,,,,,,,,1811.3992919921875,,26.23435401916504,,0.7309502363204956,,42.5605354309082
,4056,,,,,,,,,,1796.0213623046875,,28.595239639282227,,0.6802595853805542,,42.379493713378906
,4057,,,,,,,,,,1647.828125,,23.737171173095703,,0.7486194372177124,,40.593448638916016
,4058,,,,,,,,,,1470.0543212890625,,24.273868560791016,,0.677403450012207,,38.341285705566406
,4059,,,,,,,,,,1716.9530029296875,,28.357559204101562,,0.7046207785606384,,41.43613052368164
,4060,,,,,,,,,,1205.6134033203125,,23.422990798950195,,0.6016790270805359,,34.72194290161133
,4061,,,,,,,,,,1227.722900390625,,20.9333553314209,,0.7534584999084473,,35.03887939453125
,4062,,,,,,,,,,1705.6793212890625,,25.526569366455078,,0.6411004662513733,,41.299869537353516
,4063,,,,,,,,,,1911.192138671875,,27.3282413482666,,0.7019221782684326,,43.717185974121094
,4064,,,,,,,,,,1517.069580078125,,23.229753494262695,,0.7573091983795166,,38.94957733154297
,4065,,,,,,,,,,2559.09716796875,,31.641157150268555,,0.6629562377929688,,50.587520599365234
,4066,,,,,,,,,,2055.16650390625,,30.140045166015625,,0.7048239707946777,,45.33394241333008
,4067,,,,,,,,,,1848.0604248046875,,27.984865188598633,,0.6574513912200928,,42.98907470703125
,4068,,,,,,,,,,1336.4349365234375,,23.193466186523438,,0.7181941270828247,,36.557281494140625
,4069,,,,,,,,,,1760.3775634765625,,25.668529510498047,,0.7249160408973694,,41.956851959228516
,4070,,,,,,,,,,1586.260498046875,,26.14659309387207,,0.7134095430374146,,39.827884674072266
,4071,,,,,,,,,,1422.7056884765625,,22.696495056152344,,0.7629568576812744,,37.718772888183594
,4072,,,,,,,,,,2182.028076171875,,27.250511169433594,,0.692061185836792,,46.71218490600586
,4073,,,,,,,,,,1843.19580078125,,28.36576271057129,,0.7033973932266235,,42.932456970214844
,4074,,,,,,,,,,1431.2279052734375,,22.245790481567383,,0.713767945766449,,37.831573486328125
,4075,,,,,,,,,,1609.9376220703125,,25.209596633911133,,0.7241311073303223,,40.124027252197266
,4076,,,,,,,,,,2282.016845703125,,32.33726501464844,,0.6794489622116089,,47.77045822143555
,4077,,,,,,,,,,2186.356689453125,,32.2301025390625,,0.6319260597229004,,46.75849533081055
,4078,,,,,,,,,,1798.318359375,,27.10499382019043,,0.6839187741279602,,42.406585693359375
,4079,,,,,,,,,,1751.2576904296875,,24.54456901550293,,0.7247308492660522,,41.84803009033203
,4080,,,,,,,,,,1923.9752197265625,,28.91075897216797,,0.6113112568855286,,43.86314010620117
,4081,,,,,,,,,,1340.3604736328125,,22.639631271362305,,0.7633787989616394,,36.61093521118164
,4082,,,,,,,,,,1523.4852294921875,,24.074722290039062,,0.732246994972229,,39.0318489074707
,4083,,,,,,,,,,1749.745361328125,,24.880935668945312,,0.6330407857894897,,41.8299560546875
,4084,,,,,,,,,,3282.07373046875,,41.89070129394531,,0.6109821796417236,,57.28938674926758
,4085,,,,,,,,,,1611.737060546875,,23.428508758544922,,0.6982057690620422,,40.146446228027344
,4086,,,,,,,,,,2363.12158203125,,30.947303771972656,,0.7193416357040405,,48.6119499206543
,4087,,,,,,,,,,1557.1925048828125,,24.29294204711914,,0.7284455299377441,,39.46127700805664
,4088,,,,,,,,,,1369.9512939453125,,21.902650833129883,,0.6687466502189636,,37.01285171508789
,4089,,,,,,,,,,1748.5146484375,,27.543094635009766,,0.6641603708267212,,41.815242767333984
,4090,,,,,,,,,,1404.1409912109375,,23.000505447387695,,0.7726602554321289,,37.47187042236328
,4091,,,,,,,,,,2836.60498046875,,33.386661529541016,,0.6790589094161987,,53.259788513183594
,4092,,,,,,,,,,1822.1339111328125,,26.743669509887695,,0.6137655377388,,42.68646240234375
,4093,,,,,,,,,,896.6949462890625,,17.586883544921875,,0.6868222951889038,,29.94486427307129
,4094,,,,,,,,,,1813.4635009765625,,23.55368995666504,,0.6999251842498779,,42.584781646728516
,4095,,,,,,,,,,1218.608642578125,,17.26974105834961,,0.6725916862487793,,34.90857696533203
,4096,,,,,,,,,,2087.116943359375,,29.431238174438477,,0.7059628367424011,,45.684974670410156
,4097,,,,,,,,,,2063.675537109375,,29.40410614013672,,0.6573550701141357,,45.427696228027344
,4098,,,,,,,,,,1783.9708251953125,,26.970874786376953,,0.6879286766052246,,42.23707962036133
,4099,,,,,,,,,,1787.3280029296875,,26.02703857421875,,0.7054606676101685,,42.27680206298828
,4100,,,,,,,,,,1363.320556640625,,20.176490783691406,,0.7199574708938599,,36.92317199707031
,4101,,,,,,,,,,2552.900146484375,,30.79070281982422,,0.678307294845581,,50.5262336730957
,4102,,,,,,,,,,2299.383056640625,,31.550283432006836,,0.692273736000061,,47.951881408691406
,4103,,,,,,,,,,1702.059814453125,,25.271156311035156,,0.6788084506988525,,41.25602722167969
,4104,,,,,,,,,,1681.1136474609375,,26.567440032958984,,0.7054510116577148,,41.00138473510742
,4105,,,,,,,,,,1749.0146484375,,28.785017013549805,,0.6061673164367676,,41.82122039794922
,4106,,,,,,,,,,1011.3336181640625,,17.634403228759766,,0.7056066989898682,,31.801471710205078
,4107,,,,,,,,,,1253.2742919921875,,20.594961166381836,,0.685470700263977,,35.401615142822266
,4108,,,,,,,,,,1365.6685791015625,,22.657976150512695,,0.6933988332748413,,36.954952239990234
,4109,,,,,,,,,,1231.6005859375,,21.054855346679688,,0.7562347650527954,,35.09416580200195
,4110,,,,,,,,,,1514.93994140625,,24.384859085083008,,0.6748620867729187,,38.9222297668457
,4111,,,,,,,,,,3758.922607421875,,35.83686065673828,,0.5773532390594482,,61.310054779052734
,4112,,,,,,,,,,1000.1595458984375,,15.758465766906738,,0.6754024028778076,,31.62529945373535
,4113,,,,,,,,,,1431.1773681640625,,24.204870223999023,,0.6389878392219543,,37.83090591430664
,4114,,,,,,,,,,1788.856201171875,,27.972488403320312,,0.6354303359985352,,42.29487228393555
,4115,,,,,,,,,,1910.4388427734375,,30.456195831298828,,0.6675204038619995,,43.70856857299805
,4116,,,,,,,,,,1607.150634765625,,27.456485748291016,,0.6521286964416504,,40.08928298950195
,4117,,,,,,,,,,1423.22607421875,,23.74538803100586,,0.7756471633911133,,37.725669860839844
,4118,,,,,,,,,,1116.962890625,,19.669008255004883,,0.7223886251449585,,33.42099380493164
,4119,,,,,,,,,,1281.54345703125,,19.976213455200195,,0.7750781774520874,,35.79865264892578
,4120,,,,,,,,,,1936.757080078125,,29.403284072875977,,0.7148623466491699,,44.008602142333984
,4121,,,,,,,,,,1477.5675048828125,,23.615882873535156,,0.7625454664230347,,38.43914031982422
,4122,,,,,,,,,,1334.17431640625,,21.384998321533203,,0.6709346771240234,,36.52635192871094
,4123,,,,,,,,,,1880.40869140625,,29.001346588134766,,0.7042662501335144,,43.363677978515625
,4124,,,,,,,,,,1606.2889404296875,,24.453784942626953,,0.6976274251937866,,40.07853317260742
,4125,,,,,,,,,,1662.111083984375,,25.723623275756836,,0.6460626125335693,,40.76899719238281
,4126,,,,,,,,,,1557.4124755859375,,23.455509185791016,,0.696976900100708,,39.46406555175781
,4127,,,,,,,,,,1378.2886962890625,,20.30191993713379,,0.6805697679519653,,37.125308990478516
,4128,,,,,,,,,,1340.232421875,,21.84132194519043,,0.7816400527954102,,36.60918426513672
,4129,,,,,,,,,,2003.4656982421875,,28.797557830810547,,0.6792553663253784,,44.760093688964844
,4130,,,,,,,,,,1710.7894287109375,,24.29832649230957,,0.7519519925117493,,41.361690521240234
,4131,,,,,,,,,,1852.9051513671875,,28.697908401489258,,0.6912387013435364,,43.04538345336914
,4132,,,,,,,,,,1938.9840087890625,,27.67422103881836,,0.6973820924758911,,44.033897399902344
,4133,,,,,,,,,,1107.0614013671875,,18.053363800048828,,0.7236859202384949,,33.27253341674805
,4134,,,,,,,,,,1631.967529296875,,24.1025447845459,,0.7293515801429749,,40.39761734008789
,4135,,,,,,,,,,2302.078125,,32.53475570678711,,0.6170015335083008,,47.979976654052734
,4136,,,,,,,,,,1490.4320068359375,,21.94658088684082,,0.6606789827346802,,38.60611343383789
,4137,,,,,,,,,,1830.155029296875,,24.930461883544922,,0.6909348964691162,,42.780311584472656
,4138,,,,,,,,,,1681.23291015625,,25.242965698242188,,0.6246381998062134,,41.00284194946289
,4139,,,,,,,,,,2169.1142578125,,31.129901885986328,,0.6592275500297546,,46.57374954223633
,4140,,,,,,,,,,1671.66552734375,,27.07264518737793,,0.7043607234954834,,40.88600540161133
,4141,,,,,,,,,,2177.33935546875,,30.024066925048828,,0.7252299785614014,,46.66196823120117
,4142,,,,,,,,,,1893.507080078125,,28.694583892822266,,0.6552363634109497,,43.51445007324219
,4143,,,,,,,,,,1582.7388916015625,,22.426748275756836,,0.7578721046447754,,39.78364944458008
,4144,,,,,,,,,,1555.2425537109375,,21.99971580505371,,0.6999359130859375,,39.43656539916992
,4145,,,,,,,,,,1563.987060546875,,24.558645248413086,,0.6397793889045715,,39.54727554321289
,4146,,,,,,,,,,1865.448974609375,,26.80343246459961,,0.6646754741668701,,43.19084548950195
,4147,,,,,,,,,,2534.690185546875,,33.699554443359375,,0.6358331441879272,,50.345706939697266
,4148,,,,,,,,,,1317.1519775390625,,23.1375675201416,,0.6102882623672485,,36.29258728027344
,4149,,,,,,,,,,1744.5643310546875,,25.988786697387695,,0.7234089374542236,,41.767982482910156
,4150,,,,,,,,,,1464.021728515625,,22.71456527709961,,0.6371523141860962,,38.262535095214844
,4151,,,,,,,,,,2025.6368408203125,,29.981382369995117,,0.6770721673965454,,45.00707244873047
,4152,,,,,,,,,,1433.715087890625,,24.17005729675293,,0.6718711256980896,,37.86442947387695
,4153,,,,,,,,,,1400.190185546875,,23.050525665283203,,0.7157605886459351,,37.41911697387695
,4154,,,,,,,,,,1890.696044921875,,25.320146560668945,,0.7381439208984375,,43.48213195800781
,4155,,,,,,,,,,1579.8560791015625,,25.516992568969727,,0.7209831476211548,,39.74740219116211
,4156,,,,,,,,,,1604.4140625,,24.09256935119629,,0.7509750127792358,,40.055137634277344
,4157,,,,,,,,,,896.973388671875,,16.250274658203125,,0.8116939067840576,,29.949514389038086
26,12473,,,,,,,,,1712.72216796875,,25.520263671875,,0.6938009262084961,,41.0933723449707,
26,12473,1626.5570068359375,,25.079071044921875,,0.6978042721748352,,40.055335998535156,,,,,,,,,
27,12499,,2288.525146484375,,29.025802612304688,,0.6168487071990967,,47.838531494140625,,,,,,,,
27,12549,,1585.9814453125,,23.629383087158203,,0.7332038283348083,,39.82438278198242,,,,,,,,
27,12599,,1375.96142578125,,23.44907569885254,,0.6853396892547607,,37.09395217895508,,,,,,,,
27,12649,,1321.6209716796875,,19.79160499572754,,0.7752785682678223,,36.35410690307617,,,,,,,,
27,12699,,1306.8568115234375,,22.272424697875977,,0.7646420001983643,,36.150474548339844,,,,,,,,
27,12749,,1593.1884765625,,25.71976089477539,,0.6479666233062744,,39.914764404296875,,,,,,,,
27,12799,,1935.3526611328125,,27.57640838623047,,0.740902841091156,,43.99264144897461,,,,,,,,
27,12849,,1842.0068359375,,27.438846588134766,,0.7069119215011597,,42.918609619140625,,,,,,,,
27,12899,,2081.483642578125,,29.551109313964844,,0.716946542263031,,45.62327575683594,,,,,,,,
,4158,,,,,,,,,,2143.3203125,,26.941007614135742,,0.7235488295555115,,46.2960090637207
,4159,,,,,,,,,,1784.351806640625,,24.026517868041992,,0.7351042628288269,,42.2415885925293
,4160,,,,,,,,,,2175.958984375,,29.797012329101562,,0.6646089553833008,,46.64717483520508
,4161,,,,,,,,,,2153.470703125,,29.62860870361328,,0.6590935587882996,,46.40550231933594
,4162,,,,,,,,,,1892.772216796875,,24.308883666992188,,0.6816409230232239,,43.50600051879883
,4163,,,,,,,,,,1889.1220703125,,27.218631744384766,,0.6198312044143677,,43.46403121948242
,4164,,,,,,,,,,1255.8392333984375,,19.554176330566406,,0.7352118492126465,,35.43782424926758
,4165,,,,,,,,,,1986.8463134765625,,26.949975967407227,,0.7126332521438599,,44.57405471801758
,4166,,,,,,,,,,2131.452392578125,,32.82267761230469,,0.6054299473762512,,46.16765594482422
,4167,,,,,,,,,,1256.1177978515625,,20.531543731689453,,0.68692946434021,,35.44175338745117
,4168,,,,,,,,,,1429.3375244140625,,20.10886001586914,,0.7335731983184814,,37.80657958984375
,4169,,,,,,,,,,1844.256591796875,,27.373849868774414,,0.7120102643966675,,42.94480895996094
,4170,,,,,,,,,,1849.7884521484375,,26.660663604736328,,0.7448703050613403,,43.0091667175293
,4171,,,,,,,,,,1359.159423828125,,23.0108699798584,,0.7337161302566528,,36.86677932739258
,4172,,,,,,,,,,1260.71142578125,,19.18789291381836,,0.7412862181663513,,35.506500244140625
,4173,,,,,,,,,,1610.367919921875,,26.43208885192871,,0.699158787727356,,40.129390716552734
,4174,,,,,,,,,,1726.0330810546875,,23.216785430908203,,0.747085452079773,,41.545555114746094
,4175,,,,,,,,,,1354.095458984375,,19.497833251953125,,0.7336913347244263,,36.79803466796875
,4176,,,,,,,,,,1650.7467041015625,,24.325990676879883,,0.7004373073577881,,40.6293830871582
,4177,,,,,,,,,,1437.623046875,,22.68960189819336,,0.6821402311325073,,37.91600036621094
,4178,,,,,,,,,,1655.8125,,25.045059204101562,,0.7468178272247314,,40.69167709350586
,4179,,,,,,,,,,2134.402099609375,,29.907644271850586,,0.6803977489471436,,46.199588775634766
,4180,,,,,,,,,,2085.638671875,,30.81998634338379,,0.6973755955696106,,45.668792724609375
,4181,,,,,,,,,,2210.485595703125,,32.08573532104492,,0.6524057388305664,,47.01580047607422
,4182,,,,,,,,,,1781.520751953125,,27.592927932739258,,0.6902726888656616,,42.208065032958984
,4183,,,,,,,,,,1440.506591796875,,25.347755432128906,,0.6865692138671875,,37.95400619506836
,4184,,,,,,,,,,962.248291015625,,15.771870613098145,,0.7978547811508179,,31.020126342773438
,4185,,,,,,,,,,2452.2646484375,,31.956933975219727,,0.6488961577415466,,49.52034378051758
,4186,,,,,,,,,,2613.4091796875,,32.14092254638672,,0.5695948600769043,,51.12151336669922
,4187,,,,,,,,,,1201.5885009765625,,19.9517765045166,,0.7066284418106079,,34.663936614990234
,4188,,,,,,,,,,1300.5447998046875,,21.02629852294922,,0.6652649641036987,,36.06306838989258
,4189,,,,,,,,,,1234.817626953125,,21.261098861694336,,0.7362830638885498,,35.13996887207031
,4190,,,,,,,,,,1231.0457763671875,,20.818485260009766,,0.7128717303276062,,35.08626174926758
,4191,,,,,,,,,,1593.7384033203125,,24.349794387817383,,0.7253027558326721,,39.921653747558594
,4192,,,,,,,,,,1469.031494140625,,22.452117919921875,,0.7370956540107727,,38.32794952392578
,4193,,,,,,,,,,1141.5709228515625,,19.17706298828125,,0.7172023057937622,,33.787139892578125
,4194,,,,,,,,,,1539.91015625,,23.362136840820312,,0.6322034597396851,,39.2416877746582
,4195,,,,,,,,,,1768.307861328125,,26.02857208251953,,0.6745123863220215,,42.05125427246094
,4196,,,,,,,,,,1761.3328857421875,,25.51036834716797,,0.725985050201416,,41.96823501586914
,4197,,,,,,,,,,1442.549560546875,,20.94573402404785,,0.7812720537185669,,37.98091125488281
,4198,,,,,,,,,,1851.7108154296875,,29.179391860961914,,0.6876826882362366,,43.03150939941406
,4199,,,,,,,,,,1559.46044921875,,23.762117385864258,,0.6793398261070251,,39.49000549316406
,4200,,,,,,,,,,1365.8370361328125,,20.813467025756836,,0.6752845644950867,,36.95723342895508
,4201,,,,,,,,,,1495.2130126953125,,23.67251968383789,,0.716023862361908,,38.66798400878906
,4202,,,,,,,,,,1600.953857421875,,22.69293975830078,,0.6894322633743286,,40.01192092895508
,4203,,,,,,,,,,1769.486572265625,,27.543424606323242,,0.6596207618713379,,42.06526565551758
,4204,,,,,,,,,,1461.061279296875,,23.02785873413086,,0.7431546449661255,,38.22383117675781
,4205,,,,,,,,,,1908.1124267578125,,29.964111328125,,0.6701757311820984,,43.68194580078125
,4206,,,,,,,,,,1830.2767333984375,,28.3939266204834,,0.6395576000213623,,42.781734466552734
,4207,,,,,,,,,,2661.59912109375,,35.69927215576172,,0.675643265247345,,51.5906867980957
,4208,,,,,,,,,,1419.5013427734375,,21.447134017944336,,0.7270839214324951,,37.67626953125
,4209,,,,,,,,,,1863.5885009765625,,26.378904342651367,,0.7231985330581665,,43.1693000793457
,4210,,,,,,,,,,1832.7886962890625,,28.59383773803711,,0.6737139821052551,,42.81108093261719
,4211,,,,,,,,,,1579.4609375,,23.272018432617188,,0.7590490579605103,,39.742431640625
,4212,,,,,,,,,,1494.994873046875,,24.286222457885742,,0.6719303131103516,,38.665164947509766
,4213,,,,,,,,,,1799.8843994140625,,28.978490829467773,,0.690353512763977,,42.42504119873047
,4214,,,,,,,,,,1250.798828125,,23.372835159301758,,0.586750328540802,,35.366634368896484
,4215,,,,,,,,,,1206.66015625,,20.58991813659668,,0.7576881647109985,,34.73701477050781
,4216,,,,,,,,,,1697.6004638671875,,25.24638557434082,,0.6428003907203674,,41.20194625854492
,4217,,,,,,,,,,1872.2640380859375,,26.788349151611328,,0.7079935073852539,,43.2696647644043
,4218,,,,,,,,,,1568.697265625,,23.482589721679688,,0.7490501403808594,,39.606781005859375
,4219,,,,,,,,,,2448.92919921875,,30.74317169189453,,0.6774658560752869,,49.486656188964844
,4220,,,,,,,,,,2076.12890625,,30.176424026489258,,0.7018132209777832,,45.56455612182617
,4221,,,,,,,,,,1771.46142578125,,27.08745574951172,,0.6716494560241699,,42.0887336730957
,4222,,,,,,,,,,1343.3447265625,,23.058229446411133,,0.7167371511459351,,36.651668548583984
,4223,,,,,,,,,,1784.587158203125,,25.50894546508789,,0.7211329340934753,,42.2443733215332
,4224,,,,,,,,,,1758.66455078125,,27.335540771484375,,0.6822612285614014,,41.936431884765625
,4225,,,,,,,,,,1472.6842041015625,,23.09131622314453,,0.7546297311782837,,38.37556838989258
,4226,,,,,,,,,,2149.098388671875,,27.17119598388672,,0.6967084407806396,,46.35837173461914
,4227,,,,,,,,,,1736.5301513671875,,26.732765197753906,,0.7205618023872375,,41.671695709228516
,4228,,,,,,,,,,1575.748779296875,,22.965707778930664,,0.6848651170730591,,39.695701599121094
,4229,,,,,,,,,,1672.5118408203125,,25.398365020751953,,0.7134087681770325,,40.89635467529297
,4230,,,,,,,,,,2192.017333984375,,31.40900993347168,,0.6920909881591797,,46.81898498535156
,4231,,,,,,,,,,2150.018798828125,,31.64398765563965,,0.6380435228347778,,46.36829376220703
,4232,,,,,,,,,,1867.54052734375,,27.558340072631836,,0.6717519760131836,,43.215049743652344
,4233,,,,,,,,,,1742.93505859375,,24.573802947998047,,0.7260390520095825,,41.74847412109375
,4234,,,,,,,,,,1902.8978271484375,,28.77569007873535,,0.6155693531036377,,43.622215270996094
,4235,,,,,,,,,,1321.6739501953125,,22.141088485717773,,0.7666776180267334,,36.354835510253906
,4236,,,,,,,,,,1533.9638671875,,24.048709869384766,,0.7304054498672485,,39.16584777832031
,4237,,,,,,,,,,1735.06884765625,,24.697446823120117,,0.6361187696456909,,41.65415954589844
,4238,,,,,,,,,,3211.479248046875,,41.29872512817383,,0.6193496584892273,,56.66991424560547
,4239,,,,,,,,,,1618.6552734375,,23.406665802001953,,0.6969103813171387,,40.232513427734375
,4240,,,,,,,,,,2275.223876953125,,30.319725036621094,,0.7297808527946472,,47.699310302734375
,4241,,,,,,,,,,1622.0078125,,24.607219696044922,,0.7171425223350525,,40.2741584777832
,4242,,,,,,,,,,1393.35546875,,21.765384674072266,,0.6630875468254089,,37.32767868041992
,4243,,,,,,,,,,1723.14501953125,,27.09374237060547,,0.6690331101417542,,41.510780334472656
,4244,,,,,,,,,,1389.923095703125,,22.52907371520996,,0.7749621868133545,,37.281673431396484
,4245,,,,,,,,,,2709.58984375,,32.682804107666016,,0.693429708480835,,52.0537223815918
,4246,,,,,,,,,,1852.3983154296875,,26.54539680480957,,0.6073504686355591,,43.03949737548828
,4247,,,,,,,,,,922.2811279296875,,17.5152645111084,,0.6778861284255981,,30.369081497192383
,4248,,,,,,,,,,1834.5791015625,,23.886838912963867,,0.6964311599731445,,42.83198547363281
,4249,,,,,,,,,,1245.6451416015625,,17.40656852722168,,0.6653276681900024,,35.293701171875
,4250,,,,,,,,,,2026.7652587890625,,29.034194946289062,,0.714465320110321,,45.01960754394531
,4251,,,,,,,,,,2132.3271484375,,29.607894897460938,,0.6459565162658691,,46.177127838134766
,4252,,,,,,,,,,1836.2393798828125,,27.021148681640625,,0.6787852644920349,,42.85136413574219
,4253,,,,,,,,,,1854.55126953125,,26.23725700378418,,0.6943827271461487,,43.06450271606445
,4254,,,,,,,,,,1278.573974609375,,19.56369400024414,,0.7373654246330261,,35.75715255737305
,4255,,,,,,,,,,2463.140380859375,,30.241046905517578,,0.6896179914474487,,49.630035400390625
,4256,,,,,,,,,,2327.27880859375,,31.774337768554688,,0.6885403990745544,,48.24188232421875
,4257,,,,,,,,,,1705.4952392578125,,25.28049087524414,,0.6781601905822754,,41.29764175415039
,4258,,,,,,,,,,1649.1798095703125,,26.02665138244629,,0.7110461592674255,,40.6100959777832
,4259,,,,,,,,,,1869.3955078125,,29.46693992614746,,0.5790606737136841,,43.23650360107422
,4260,,,,,,,,,,1060.7125244140625,,17.884634017944336,,0.6912328004837036,,32.568580627441406
,4261,,,,,,,,,,1293.11962890625,,20.61935043334961,,0.6754708886146545,,35.9599723815918
,4262,,,,,,,,,,1332.6866455078125,,22.172151565551758,,0.7008034586906433,,36.5059814453125
,4263,,,,,,,,,,1252.0128173828125,,21.406797409057617,,0.7521947026252747,,35.383792877197266
,4264,,,,,,,,,,1505.90771484375,,24.181255340576172,,0.6768006086349487,,38.806026458740234
,4265,,,,,,,,,,3674.224853515625,,35.39365768432617,,0.5868765115737915,,60.61538314819336
,4266,,,,,,,,,,1082.6654052734375,,16.156696319580078,,0.6486254930496216,,32.90388107299805
,4267,,,,,,,,,,1448.062255859375,,23.97463607788086,,0.6347286701202393,,38.05341339111328
,4268,,,,,,,,,,1766.885498046875,,27.71905517578125,,0.6399080157279968,,42.03433609008789
,4269,,,,,,,,,,1863.68310546875,,29.868186950683594,,0.6756574511528015,,43.17039489746094
,4270,,,,,,,,,,1564.1414794921875,,26.87359619140625,,0.6614381074905396,,39.54922866821289
,4271,,,,,,,,,,1450.6463623046875,,23.930498123168945,,0.7713246941566467,,38.08735275268555
,4272,,,,,,,,,,1161.819091796875,,19.839244842529297,,0.7112400531768799,,34.08546829223633
,4273,,,,,,,,,,1235.6192626953125,,19.400312423706055,,0.7831382751464844,,35.15137481689453
,4274,,,,,,,,,,1889.8238525390625,,28.73793601989746,,0.7217720746994019,,43.47210693359375
,4275,,,,,,,,,,1429.6639404296875,,22.902925491333008,,0.7702438831329346,,37.81089782714844
,4276,,,,,,,,,,1291.798095703125,,20.868167877197266,,0.6813864707946777,,35.941593170166016
,4277,,,,,,,,,,1907.4722900390625,,28.27305030822754,,0.7000099420547485,,43.674617767333984
,4278,,,,,,,,,,1727.1929931640625,,25.276931762695312,,0.674868106842041,,41.559513092041016
,4279,,,,,,,,,,1738.6436767578125,,26.098554611206055,,0.6297654509544373,,41.69704818725586
,4280,,,,,,,,,,1635.082763671875,,24.209278106689453,,0.6818647384643555,,40.436153411865234
,4281,,,,,,,,,,1368.4482421875,,19.686656951904297,,0.6828503608703613,,36.9925422668457
,4282,,,,,,,,,,1334.947509765625,,21.581083297729492,,0.7825011014938354,,36.53693389892578
,4283,,,,,,,,,,2025.431640625,,28.434663772583008,,0.6757387518882751,,45.00479507446289
,4284,,,,,,,,,,1770.94384765625,,24.513307571411133,,0.7432301640510559,,42.082584381103516
,4285,,,,,,,,,,1842.56787109375,,28.51038360595703,,0.6929612159729004,,42.92514419555664
,4286,,,,,,,,,,1929.7171630859375,,27.566930770874023,,0.698828399181366,,43.92854690551758
,4287,,,,,,,,,,1106.7158203125,,18.164997100830078,,0.7237721681594849,,33.267337799072266
,4288,,,,,,,,,,1645.1536865234375,,24.173856735229492,,0.7271647453308105,,40.56049346923828
,4289,,,,,,,,,,2334.711669921875,,32.20394515991211,,0.611572265625,,48.31885528564453
,4290,,,,,,,,,,1474.1170654296875,,22.04436683654785,,0.6643933057785034,,38.39423370361328
,4291,,,,,,,,,,1831.523193359375,,25.24592399597168,,0.6907038688659668,,42.79629898071289
,4292,,,,,,,,,,1720.195068359375,,25.426990509033203,,0.6159392595291138,,41.47523498535156
,4293,,,,,,,,,,2230.6865234375,,31.59400177001953,,0.649554431438446,,47.23014450073242
,4294,,,,,,,,,,1766.800048828125,,27.8023738861084,,0.6875359416007996,,42.033321380615234
,4295,,,,,,,,,,2065.3466796875,,29.59451675415039,,0.7393628358840942,,45.44608688354492
,4296,,,,,,,,,,1988.9849853515625,,29.463953018188477,,0.6378520727157593,,44.59803771972656
,4297,,,,,,,,,,1571.3489990234375,,22.65589141845703,,0.7596145272254944,,39.64024353027344
,4298,,,,,,,,,,1576.5078125,,22.095163345336914,,0.6958329677581787,,39.70526123046875
,4299,,,,,,,,,,1568.7911376953125,,24.49765396118164,,0.638672947883606,,39.607967376708984
,4300,,,,,,,,,,1789.619384765625,,26.031116485595703,,0.6783062815666199,,42.30389404296875
,4301,,,,,,,,,,2414.75390625,,32.847381591796875,,0.6530647277832031,,49.14014434814453
,4302,,,,,,,,,,1424.5567626953125,,23.693090438842773,,0.5785099267959595,,37.74330139160156
,4303,,,,,,,,,,1665.9339599609375,,25.127817153930664,,0.7358753681182861,,40.815853118896484
,4304,,,,,,,,,,1528.553466796875,,23.149877548217773,,0.6211585998535156,,39.096717834472656
,4305,,,,,,,,,,2045.3494873046875,,29.904621124267578,,0.6739295721054077,,45.22554016113281
,4306,,,,,,,,,,1488.97509765625,,24.3220272064209,,0.6592239737510681,,38.58723831176758
,4307,,,,,,,,,,1386.27294921875,,22.46377944946289,,0.718585729598999,,37.23268508911133
,4308,,,,,,,,,,1822.517333984375,,24.52716064453125,,0.7475864887237549,,42.690948486328125
,4309,,,,,,,,,,1642.9757080078125,,25.89894676208496,,0.7098356485366821,,40.53363800048828
,4310,,,,,,,,,,1597.674072265625,,23.955495834350586,,0.7520211338996887,,39.970916748046875
,4311,,,,,,,,,,931.7243041992188,,16.77804183959961,,0.8043984174728394,,30.524158477783203
27,12935,,,,,,,,,1713.4947509765625,,25.365840911865234,,0.6928597688674927,,41.12371826171875,
27,12935,1625.1741943359375,,25.0167293548584,,0.6983383893966675,,40.04189682006836,,,,,,,,,
28,12949,,1734.0714111328125,,25.35117530822754,,0.7237427234649658,,41.642181396484375,,,,,,,,
28,12999,,1496.078125,,26.17154312133789,,0.7145287394523621,,38.679168701171875,,,,,,,,
28,13049,,1008.2769165039062,,20.25361442565918,,0.6184722185134888,,31.753376007080078,,,,,,,,
28,13099,,2635.560302734375,,34.08976364135742,,0.6357187032699585,,51.337711334228516,,,,,,,,
28,13149,,1997.0419921875,,28.17656898498535,,0.6398552656173706,,44.68827819824219,,,,,,,,
28,13199,,1384.3900146484375,,24.23992919921875,,0.7382795810699463,,37.207393646240234,,,,,,,,
28,13249,,1453.55859375,,24.665042877197266,,0.6276339292526245,,38.12556457519531,,,,,,,,
28,13299,,1314.149658203125,,22.95635986328125,,0.736617922782898,,36.25120162963867,,,,,,,,
28,13349,,1631.6431884765625,,27.260257720947266,,0.690155029296875,,40.39360427856445,,,,,,,,
,4312,,,,,,,,,,2240.72705078125,,27.016334533691406,,0.7109850645065308,,47.33631896972656
,4313,,,,,,,,,,1833.52490234375,,24.540578842163086,,0.7278043031692505,,42.819679260253906
,4314,,,,,,,,,,2218.09521484375,,30.313003540039062,,0.6581142544746399,,47.096656799316406
,4315,,,,,,,,,,2163.94921875,,29.630075454711914,,0.6574347019195557,,46.51826858520508
,4316,,,,,,,,,,1915.33544921875,,24.897411346435547,,0.67784583568573,,43.76454544067383
,4317,,,,,,,,,,1868.3583984375,,26.734676361083984,,0.6240097284317017,,43.224510192871094
,4318,,,,,,,,,,1441.076904296875,,21.422914505004883,,0.696155309677124,,37.96152114868164
,4319,,,,,,,,,,1972.0650634765625,,26.830368041992188,,0.7147711515426636,,44.407936096191406
,4320,,,,,,,,,,2239.062744140625,,33.43412780761719,,0.5855093002319336,,47.3187370300293
,4321,,,,,,,,,,1251.1402587890625,,20.75719451904297,,0.6881700158119202,,35.3714599609375
,4322,,,,,,,,,,1519.1756591796875,,21.099647521972656,,0.7168275117874146,,38.97660446166992
,4323,,,,,,,,,,1920.254638671875,,27.90566635131836,,0.7001428604125977,,43.820709228515625
,4324,,,,,,,,,,1768.5404052734375,,25.941280364990234,,0.7560763359069824,,42.054019927978516
,4325,,,,,,,,,,1302.7928466796875,,22.7791748046875,,0.7447593212127686,,36.09422302246094
,4326,,,,,,,,,,1214.44140625,,19.15388298034668,,0.7507814168930054,,34.84883499145508
,4327,,,,,,,,,,1651.6082763671875,,26.992000579833984,,0.6914544701576233,,40.639984130859375
,4328,,,,,,,,,,1755.5928955078125,,23.284759521484375,,0.7427541017532349,,41.89979553222656
,4329,,,,,,,,,,1376.0421142578125,,19.84554672241211,,0.7293751239776611,,37.09504318237305
,4330,,,,,,,,,,1618.1624755859375,,23.91596031188965,,0.7063503861427307,,40.22639083862305
,4331,,,,,,,,,,1463.7525634765625,,22.828699111938477,,0.6763629913330078,,38.25901794433594
,4332,,,,,,,,,,1680.15283203125,,25.119386672973633,,0.743096113204956,,40.98966598510742
,4333,,,,,,,,,,2185.858154296875,,29.94190216064453,,0.6726928353309631,,46.7531623840332
,4334,,,,,,,,,,2072.595947265625,,30.094371795654297,,0.699268102645874,,45.52577209472656
,4335,,,,,,,,,,2261.274658203125,,32.099708557128906,,0.644419252872467,,47.552860260009766
,4336,,,,,,,,,,1731.1219482421875,,27.598886489868164,,0.6990347504615784,,41.606754302978516
,4337,,,,,,,,,,1498.533935546875,,26.140295028686523,,0.6739434003829956,,38.710899353027344
,4338,,,,,,,,,,1010.3187866210938,,16.646041870117188,,0.7877563238143921,,31.785512924194336
,4339,,,,,,,,,,2242.351318359375,,30.973037719726562,,0.6789505481719971,,47.35347366333008
,4340,,,,,,,,,,2573.010498046875,,31.41078758239746,,0.5762481689453125,,50.724849700927734
,4341,,,,,,,,,,1231.2127685546875,,20.462522506713867,,0.6993955373764038,,35.08864212036133
,4342,,,,,,,,,,1284.1876220703125,,21.168275833129883,,0.6694749593734741,,35.83556365966797
,4343,,,,,,,,,,1265.5975341796875,,21.686128616333008,,0.7297095060348511,,35.57523727416992
,4344,,,,,,,,,,1189.6680908203125,,20.636600494384766,,0.7225226163864136,,34.4915657043457
,4345,,,,,,,,,,1527.4193115234375,,23.572690963745117,,0.7367335557937622,,39.082210540771484
,4346,,,,,,,,,,1512.526123046875,,23.126497268676758,,0.7293117046356201,,38.89120864868164
,4347,,,,,,,,,,1108.1773681640625,,19.45693016052246,,0.7254747748374939,,33.28929901123047
,4348,,,,,,,,,,1478.941650390625,,23.03759765625,,0.6467653512954712,,38.45701217651367
,4349,,,,,,,,,,1762.6480712890625,,25.866758346557617,,0.6755541563034058,,41.98390579223633
,4350,,,,,,,,,,1753.306640625,,25.773767471313477,,0.7272337675094604,,41.87250518798828
,4351,,,,,,,,,,1562.6248779296875,,22.198829650878906,,0.7630654573440552,,39.530052185058594
,4352,,,,,,,,,,1980.5045166015625,,30.028963088989258,,0.6659598350524902,,44.50285720825195
,4353,,,,,,,,,,1525.4632568359375,,23.692312240600586,,0.6863304376602173,,39.05717849731445
,4354,,,,,,,,,,1349.459716796875,,20.518962860107422,,0.6791781187057495,,36.73499298095703
,4355,,,,,,,,,,1521.1396484375,,23.636089324951172,,0.7110997438430786,,39.00178909301758
,4356,,,,,,,,,,1595.9219970703125,,22.971355438232422,,0.69040846824646,,39.94899368286133
,4357,,,,,,,,,,1730.6729736328125,,27.077957153320312,,0.6670869588851929,,41.601356506347656
,4358,,,,,,,,,,1523.3697509765625,,23.518404006958008,,0.7322012186050415,,39.03036880493164
,4359,,,,,,,,,,2024.6207275390625,,30.717397689819336,,0.6500368118286133,,44.995784759521484
,4360,,,,,,,,,,1853.1180419921875,,28.64828872680664,,0.6350594162940979,,43.04785919189453
,4361,,,,,,,,,,2743.466064453125,,36.21748733520508,,0.6656665205955505,,52.37810516357422
,4362,,,,,,,,,,1391.9776611328125,,21.13135528564453,,0.7323757410049438,,37.3092155456543
,4363,,,,,,,,,,1944.0220947265625,,27.33616828918457,,0.7112516164779663,,44.091064453125
,4364,,,,,,,,,,1805.1839599609375,,28.561655044555664,,0.6786283850669861,,42.487457275390625
,4365,,,,,,,,,,1547.3192138671875,,23.21898651123047,,0.763952374458313,,39.33597946166992
,4366,,,,,,,,,,1457.9892578125,,24.179353713989258,,0.6800509691238403,,38.183624267578125
,4367,,,,,,,,,,1687.0106201171875,,27.85031509399414,,0.709771990776062,,41.07323455810547
,4368,,,,,,,,,,1148.3065185546875,,22.626646041870117,,0.620612621307373,,33.88666915893555
,4369,,,,,,,,,,1360.9398193359375,,21.99090003967285,,0.7267069816589355,,36.89091873168945
,4370,,,,,,,,,,1640.8604736328125,,24.841821670532227,,0.654739260673523,,40.507537841796875
,4371,,,,,,,,,,1918.89208984375,,27.324373245239258,,0.700721263885498,,43.80516052246094
,4372,,,,,,,,,,1466.9351806640625,,22.627464294433594,,0.7653293609619141,,38.30059051513672
,4373,,,,,,,,,,2565.9189453125,,31.53691291809082,,0.6620578169822693,,50.65489959716797
,4374,,,,,,,,,,2084.788818359375,,30.18419647216797,,0.7005693912506104,,45.659488677978516
,4375,,,,,,,,,,1808.692138671875,,27.71816635131836,,0.6647485494613647,,42.52872085571289
,4376,,,,,,,,,,1398.7559814453125,,23.569847106933594,,0.70505291223526,,37.39994812011719
,4377,,,,,,,,,,1701.512451171875,,24.697477340698242,,0.7341145277023315,,41.249393463134766
,4378,,,,,,,,,,1639.30908203125,,26.28006935119629,,0.7038252353668213,,40.488380432128906
,4379,,,,,,,,,,1468.5609130859375,,23.070653915405273,,0.7553166747093201,,38.321807861328125
,4380,,,,,,,,,,2132.498291015625,,26.886810302734375,,0.6990511417388916,,46.17898178100586
,4381,,,,,,,,,,1736.659423828125,,27.070201873779297,,0.7205410003662109,,41.67324447631836
,4382,,,,,,,,,,1454.7454833984375,,22.210155487060547,,0.7090646624565125,,38.1411247253418
,4383,,,,,,,,,,1584.2926025390625,,24.639575958251953,,0.7285254597663879,,39.80317306518555
,4384,,,,,,,,,,2238.203369140625,,32.03254699707031,,0.6856033802032471,,47.309654235839844
,4385,,,,,,,,,,2285.791748046875,,32.66251754760742,,0.6151860952377319,,47.80995559692383
,4386,,,,,,,,,,1821.7335205078125,,27.134483337402344,,0.6798032522201538,,42.68177032470703
,4387,,,,,,,,,,1728.1455078125,,24.195968627929688,,0.7283636927604675,,41.57096862792969
,4388,,,,,,,,,,1944.265869140625,,28.852371215820312,,0.6072120666503906,,44.09383010864258
,4389,,,,,,,,,,1404.73486328125,,23.116621017456055,,0.7520144581794739,,37.479793548583984
,4390,,,,,,,,,,1506.6485595703125,,23.67940902709961,,0.735206127166748,,38.81557083129883
,4391,,,,,,,,,,1787.087890625,,25.017894744873047,,0.6252092123031616,,42.273963928222656
,4392,,,,,,,,,,3403.80859375,,42.58595657348633,,0.5965532064437866,,58.342166900634766
,4393,,,,,,,,,,1661.789306640625,,23.922340393066406,,0.6888335943222046,,40.76504898071289
,4394,,,,,,,,,,2418.2587890625,,30.804738998413086,,0.712793231010437,,49.17579650878906
,4395,,,,,,,,,,1609.4617919921875,,24.595733642578125,,0.7193304300308228,,40.118099212646484
,4396,,,,,,,,,,1350.2408447265625,,21.8424072265625,,0.6735126376152039,,36.74562454223633
,4397,,,,,,,,,,1915.1177978515625,,28.99433708190918,,0.6321606636047363,,43.76205825805664
,4398,,,,,,,,,,1391.7301025390625,,22.780006408691406,,0.7746696472167969,,37.30590057373047
,4399,,,,,,,,,,2770.662841796875,,32.59906768798828,,0.6865198016166687,,52.6370849609375
,4400,,,,,,,,,,1730.8994140625,,25.083480834960938,,0.6331043243408203,,41.60408020019531
,4401,,,,,,,,,,883.8043212890625,,17.052698135375977,,0.6913244724273682,,29.72884750366211
,4402,,,,,,,,,,1798.9061279296875,,23.31951141357422,,0.7023340463638306,,42.41351318359375
,4403,,,,,,,,,,1206.4422607421875,,17.554655075073242,,0.6758605241775513,,34.73387908935547
,4404,,,,,,,,,,2153.02734375,,30.027620315551758,,0.6966772675514221,,46.400726318359375
,4405,,,,,,,,,,2052.34765625,,28.94391441345215,,0.659235954284668,,45.3028450012207
,4406,,,,,,,,,,1826.3726806640625,,27.05550765991211,,0.6805112361907959,,42.736080169677734
,4407,,,,,,,,,,1797.72216796875,,25.963274002075195,,0.7037477493286133,,42.39955520629883
,4408,,,,,,,,,,1359.460693359375,,20.197126388549805,,0.7207503318786621,,36.87086486816406
,4409,,,,,,,,,,2537.943115234375,,30.47249984741211,,0.6801921129226685,,50.37800216674805
,4410,,,,,,,,,,2303.83837890625,,31.45177459716797,,0.691677451133728,,47.99831771850586
,4411,,,,,,,,,,1751.833984375,,25.413192749023438,,0.6694157123565674,,41.854915618896484
,4412,,,,,,,,,,1676.3040771484375,,26.28731918334961,,0.7062937021255493,,40.94269561767578
,4413,,,,,,,,,,1828.534912109375,,29.310108184814453,,0.5882614254951477,,42.76137161254883
,4414,,,,,,,,,,991.2852783203125,,17.762462615966797,,0.7114426493644714,,31.484682083129883
,4415,,,,,,,,,,1248.899658203125,,20.587398529052734,,0.6865686178207397,,35.33977127075195
,4416,,,,,,,,,,1388.766845703125,,22.642127990722656,,0.6882131099700928,,37.26616287231445
,4417,,,,,,,,,,1202.9434814453125,,20.949487686157227,,0.7619067430496216,,34.683475494384766
,4418,,,,,,,,,,1512.3895263671875,,24.16318130493164,,0.6754094362258911,,38.88945007324219
,4419,,,,,,,,,,3749.05224609375,,35.29375457763672,,0.5784630179405212,,61.2295036315918
,4420,,,,,,,,,,1010.7499389648438,,15.59314250946045,,0.6719653606414795,,31.792293548583984
,4421,,,,,,,,,,1463.36474609375,,24.780149459838867,,0.6308686137199402,,38.25395202636719
,4422,,,,,,,,,,1884.34033203125,,28.62031364440918,,0.6159706115722656,,43.40898895263672
,4423,,,,,,,,,,1903.831298828125,,30.385997772216797,,0.6686702966690063,,43.63291549682617
,4424,,,,,,,,,,1629.89111328125,,27.489622116088867,,0.6472064256668091,,40.371910095214844
,4425,,,,,,,,,,1434.5782470703125,,23.90787696838379,,0.773857593536377,,37.87582778930664
,4426,,,,,,,,,,1129.0042724609375,,19.7910099029541,,0.7193958759307861,,33.60065841674805
,4427,,,,,,,,,,1337.6600341796875,,20.5374698638916,,0.7652292251586914,,36.57403564453125
,4428,,,,,,,,,,1857.875732421875,,28.871845245361328,,0.7264755964279175,,43.10308074951172
,4429,,,,,,,,,,1450.3560791015625,,23.327178955078125,,0.7669185400009155,,38.08354187011719
,4430,,,,,,,,,,1340.2935791015625,,21.435203552246094,,0.669425368309021,,36.61001968383789
,4431,,,,,,,,,,1869.042724609375,,28.02427101135254,,0.7060537934303284,,43.232425689697266
,4432,,,,,,,,,,1614.6905517578125,,24.473182678222656,,0.6960458755493164,,40.18321228027344
,4433,,,,,,,,,,1652.5042724609375,,25.624540328979492,,0.6481083631515503,,40.651004791259766
,4434,,,,,,,,,,1551.693115234375,,23.38408660888672,,0.6980897188186646,,39.391536712646484
,4435,,,,,,,,,,1361.5682373046875,,19.81187629699707,,0.6844449043273926,,36.89943313598633
,4436,,,,,,,,,,1351.5906982421875,,21.79907989501953,,0.7797895073890686,,36.76398468017578
,4437,,,,,,,,,,2007.883056640625,,28.410175323486328,,0.6785482168197632,,44.809410095214844
,4438,,,,,,,,,,1827.539794921875,,25.34030532836914,,0.7350243330001831,,42.749732971191406
,4439,,,,,,,,,,1943.1671142578125,,29.491453170776367,,0.6761977672576904,,44.08136749267578
,4440,,,,,,,,,,1967.488525390625,,27.758832931518555,,0.6929334402084351,,44.356380462646484
,4441,,,,,,,,,,1112.196044921875,,18.201120376586914,,0.7224043607711792,,33.349605560302734
,4442,,,,,,,,,,1641.736572265625,,24.085256576538086,,0.727731466293335,,40.518348693847656
,4443,,,,,,,,,,2359.77294921875,,32.66847229003906,,0.6074028015136719,,48.577491760253906
,4444,,,,,,,,,,1479.245849609375,,21.86355972290039,,0.6632256507873535,,38.460968017578125
,4445,,,,,,,,,,1790.6368408203125,,24.90396499633789,,0.697608470916748,,42.315914154052734
,4446,,,,,,,,,,1602.2076416015625,,24.32944679260254,,0.6422818303108215,,40.027587890625
,4447,,,,,,,,,,2099.744140625,,30.258134841918945,,0.6701257824897766,,45.82296371459961
,4448,,,,,,,,,,1677.2393798828125,,26.960874557495117,,0.703374981880188,,40.9541130065918
,4449,,,,,,,,,,2179.480224609375,,29.993846893310547,,0.7249597311019897,,46.684906005859375
,4450,,,,,,,,,,1866.4776611328125,,28.29822540283203,,0.6601577997207642,,43.20275115966797
,4451,,,,,,,,,,1608.690673828125,,22.555479049682617,,0.7539019584655762,,40.10848617553711
,4452,,,,,,,,,,1538.852783203125,,21.90372085571289,,0.7030980587005615,,39.228214263916016
,4453,,,,,,,,,,1530.6805419921875,,24.40036964416504,,0.6474506258964539,,39.1239128112793
,4454,,,,,,,,,,1826.320068359375,,26.45281982421875,,0.6717091202735901,,42.73546600341797
,4455,,,,,,,,,,2525.65478515625,,33.44718551635742,,0.6371312737464905,,50.25589370727539
,4456,,,,,,,,,,1406.7193603515625,,23.649158477783203,,0.5837875604629517,,37.506256103515625
,4457,,,,,,,,,,1765.6627197265625,,26.249832153320312,,0.7200639247894287,,42.0197868347168
,4458,,,,,,,,,,1502.7283935546875,,23.17585563659668,,0.6275591850280762,,38.76504135131836
,4459,,,,,,,,,,1964.2431640625,,29.220317840576172,,0.6868596076965332,,44.31978225708008
,4460,,,,,,,,,,1480.28076171875,,24.314483642578125,,0.6612138152122498,,38.47441864013672
,4461,,,,,,,,,,1339.489501953125,,21.98076629638672,,0.7280828356742859,,36.599037170410156
,4462,,,,,,,,,,1837.61572265625,,24.925931930541992,,0.7454954385757446,,42.8674201965332
,4463,,,,,,,,,,1612.5604248046875,,25.478551864624023,,0.7152072191238403,,40.156700134277344
,4464,,,,,,,,,,1735.57373046875,,24.980693817138672,,0.7306174039840698,,41.66021728515625
,4465,,,,,,,,,,917.8485107421875,,16.55337905883789,,0.807311475276947,,30.2960147857666
28,13397,,,,,,,,,1720.0513916015625,,25.449312210083008,,0.6924805641174316,,41.18305587768555,
28,13397,1610.624755859375,,24.862218856811523,,0.697921633720398,,39.838809967041016,,,,,,,,,
29,13399,,1221.10791015625,,19.574146270751953,,0.7758660316467285,,34.94435501098633,,,,,,,,
29,13449,,1472.97509765625,,24.98898696899414,,0.6766830682754517,,38.379356384277344,,,,,,,,
29,13499,,1739.60791015625,,26.888410568237305,,0.7306795716285706,,41.7086067199707,,,,,,,,
29,13549,,999.5069580078125,,17.645721435546875,,0.7237625122070312,,31.614980697631836,,,,,,,,
29,13599,,1514.1513671875,,25.331512451171875,,0.7190409898757935,,38.9120979309082,,,,,,,,
29,13649,,1833.2503662109375,,26.33049201965332,,0.7606948018074036,,42.81647491455078,,,,,,,,
29,13699,,1257.479736328125,,21.129743576049805,,0.7466611862182617,,35.460960388183594,,,,,,,,
29,13749,,1564.4637451171875,,25.0010986328125,,0.6670002937316895,,39.55330276489258,,,,,,,,
29,13799,,1502.0386962890625,,22.7657470703125,,0.6549818515777588,,38.756141662597656,,,,,,,,
29,13849,,2235.149169921875,,32.211524963378906,,0.6555535793304443,,47.277366638183594,,,,,,,,
,4466,,,,,,,,,,2302.622802734375,,28.17734146118164,,0.7030016183853149,,47.985652923583984
,4467,,,,,,,,,,1848.7928466796875,,24.85980224609375,,0.7255376577377319,,42.99759292602539
,4468,,,,,,,,,,2200.762939453125,,30.076536178588867,,0.6607857942581177,,46.912288665771484
,4469,,,,,,,,,,2198.92822265625,,30.270320892333984,,0.6518973112106323,,46.89273452758789
,4470,,,,,,,,,,1826.310546875,,24.634721755981445,,0.6928195953369141,,42.735355377197266
,4471,,,,,,,,,,1847.80224609375,,27.20244789123535,,0.6281464099884033,,42.98606872558594
,4472,,,,,,,,,,1258.0401611328125,,20.016958236694336,,0.7347477674484253,,35.4688606262207
,4473,,,,,,,,,,1981.1851806640625,,27.024677276611328,,0.7134520411491394,,44.51050567626953
,4474,,,,,,,,,,2107.719482421875,,32.78826141357422,,0.6098233461380005,,45.90990447998047
,4475,,,,,,,,,,1209.78857421875,,20.257484436035156,,0.6984763741493225,,34.78201675415039
,4476,,,,,,,,,,1362.21533203125,,20.07208251953125,,0.7460846900939941,,36.908203125
,4477,,,,,,,,,,1837.584228515625,,27.582992553710938,,0.7130522131919861,,42.8670539855957
,4478,,,,,,,,,,1842.5159912109375,,26.673233032226562,,0.7458733320236206,,42.924537658691406
,4479,,,,,,,,,,1360.709716796875,,23.221284866333008,,0.7334123849868774,,36.88779830932617
,4480,,,,,,,,,,1263.54052734375,,19.51180648803711,,0.7407056093215942,,35.54631423950195
,4481,,,,,,,,,,1711.7567138671875,,27.39141273498535,,0.6802178621292114,,41.373382568359375
,4482,,,,,,,,,,1654.0631103515625,,23.02231216430664,,0.7576311826705933,,40.67017364501953
,4483,,,,,,,,,,1380.55908203125,,19.87770652770996,,0.7284867763519287,,37.15587615966797
,4484,,,,,,,,,,1679.9254150390625,,24.76823616027832,,0.6951422095298767,,40.98689270019531
,4485,,,,,,,,,,1455.6051025390625,,23.091739654541016,,0.6781644225120544,,38.15239334106445
,4486,,,,,,,,,,1799.77978515625,,26.34490203857422,,0.7248045206069946,,42.42381286621094
,4487,,,,,,,,,,2136.20361328125,,30.097108840942383,,0.6801279783248901,,46.21908187866211
,4488,,,,,,,,,,2054.523681640625,,30.269529342651367,,0.7018903493881226,,45.32685470581055
,4489,,,,,,,,,,2220.971435546875,,32.42253875732422,,0.6507568359375,,47.12718200683594
,4490,,,,,,,,,,1821.0499267578125,,28.299850463867188,,0.6834002733230591,,42.673763275146484
,4491,,,,,,,,,,1446.445068359375,,25.588407516479492,,0.6852771043777466,,38.03215789794922
,4492,,,,,,,,,,966.13232421875,,16.09677505493164,,0.7970387935638428,,31.08266830444336
,4493,,,,,,,,,,2248.61865234375,,30.95599365234375,,0.6780532598495483,,47.41960144042969
,4494,,,,,,,,,,2490.3876953125,,31.61131477355957,,0.589855432510376,,49.903785705566406
,4495,,,,,,,,,,1181.537353515625,,19.962080001831055,,0.7115240097045898,,34.373497009277344
,4496,,,,,,,,,,1233.7081298828125,,20.74268913269043,,0.6824674010276794,,35.124183654785156
,4497,,,,,,,,,,1264.79638671875,,21.70052146911621,,0.7298805713653564,,35.5639762878418
,4498,,,,,,,,,,1183.69091796875,,20.79314613342285,,0.72391676902771,,34.404808044433594
,4499,,,,,,,,,,1576.6937255859375,,24.283029556274414,,0.7282406091690063,,39.707603454589844
,4500,,,,,,,,,,1492.230712890625,,23.057388305664062,,0.7329438328742981,,38.62940216064453
,4501,,,,,,,,,,1174.478515625,,19.631195068359375,,0.709050178527832,,34.27066421508789
,4502,,,,,,,,,,1539.5228271484375,,23.781171798706055,,0.6322959661483765,,39.23675537109375
,4503,,,,,,,,,,1739.22802734375,,25.963308334350586,,0.6798650622367859,,41.70405578613281
,4504,,,,,,,,,,1791.2589111328125,,26.112152099609375,,0.7213294506072998,,42.323265075683594
,4505,,,,,,,,,,1440.5322265625,,21.31756591796875,,0.7815779447555542,,37.954341888427734
,4506,,,,,,,,,,1865.04443359375,,29.509607315063477,,0.6854337453842163,,43.186161041259766
,4507,,,,,,,,,,1508.908935546875,,23.716384887695312,,0.6897343397140503,,38.84467697143555
,4508,,,,,,,,,,1341.0595703125,,21.041683197021484,,0.6811751127243042,,36.6204833984375
,4509,,,,,,,,,,1480.750732421875,,23.5758113861084,,0.7187705636024475,,38.480525970458984
,4510,,,,,,,,,,1581.9410400390625,,22.842082977294922,,0.6931205987930298,,39.77362060546875
,4511,,,,,,,,,,1773.97705078125,,27.92123794555664,,0.6587569713592529,,42.11860656738281
,4512,,,,,,,,,,1518.4453125,,23.75326156616211,,0.7330669164657593,,38.96723556518555
,4513,,,,,,,,,,1920.4871826171875,,30.515230178833008,,0.668036699295044,,43.823360443115234
,4514,,,,,,,,,,1808.173095703125,,28.422365188598633,,0.6439105272293091,,42.52261734008789
,4515,,,,,,,,,,2592.126708984375,,35.62864685058594,,0.6841095685958862,,50.912933349609375
,4516,,,,,,,,,,1351.4532470703125,,20.94575309753418,,0.7401670217514038,,36.762115478515625
,4517,,,,,,,,,,1736.802490234375,,25.739229202270508,,0.7420302629470825,,41.67496109008789
,4518,,,,,,,,,,1866.95166015625,,29.333202362060547,,0.6676320433616638,,43.20823669433594
,4519,,,,,,,,,,1599.98291015625,,23.589723587036133,,0.7559183835983276,,39.999786376953125
,4520,,,,,,,,,,1532.569580078125,,24.92045021057129,,0.6636847257614136,,39.148048400878906
,4521,,,,,,,,,,1758.0062255859375,,28.618301391601562,,0.6975581049919128,,41.928585052490234
,4522,,,,,,,,,,1259.018310546875,,23.753677368164062,,0.5840346813201904,,35.48264694213867
,4523,,,,,,,,,,1177.3023681640625,,20.602724075317383,,0.7635835409164429,,34.31184005737305
,4524,,,,,,,,,,1691.192138671875,,25.316219329833984,,0.6441488265991211,,41.124107360839844
,4525,,,,,,,,,,1798.994384765625,,26.65046501159668,,0.7194210290908813,,42.414554595947266
,4526,,,,,,,,,,1497.12451171875,,23.064395904541016,,0.7604998350143433,,38.692691802978516
,4527,,,,,,,,,,2456.007568359375,,31.04012107849121,,0.676533579826355,,49.55812454223633
,4528,,,,,,,,,,2112.919189453125,,30.466384887695312,,0.6965291500091553,,45.96649932861328
,4529,,,,,,,,,,1754.2305908203125,,27.31511116027832,,0.6748432517051697,,41.88353729248047
,4530,,,,,,,,,,1376.2030029296875,,23.57905387878418,,0.7098084688186646,,37.09720993041992
,4531,,,,,,,,,,1740.854736328125,,25.442590713500977,,0.7279667854309082,,41.72355270385742
,4532,,,,,,,,,,1737.7305908203125,,27.023828506469727,,0.686043381690979,,41.68609619140625
,4533,,,,,,,,,,1447.442138671875,,23.05260467529297,,0.7588353753089905,,38.045265197753906
,4534,,,,,,,,,,2156.690185546875,,27.389080047607422,,0.6956369876861572,,46.44017791748047
,4535,,,,,,,,,,1727.7763671875,,26.864587783813477,,0.7219704389572144,,41.5665283203125
,4536,,,,,,,,,,1370.853759765625,,21.560707092285156,,0.7258422374725342,,37.02504348754883
,4537,,,,,,,,,,1731.5308837890625,,26.400392532348633,,0.7032955884933472,,41.61166763305664
,4538,,,,,,,,,,2211.931640625,,31.70821189880371,,0.6892936825752258,,47.03117752075195
,4539,,,,,,,,,,2107.800048828125,,31.527524948120117,,0.6451511383056641,,45.91078186035156
,4540,,,,,,,,,,1864.1556396484375,,27.57792854309082,,0.6723469495773315,,43.17586898803711
,4541,,,,,,,,,,1689.5533447265625,,24.29532241821289,,0.7344297170639038,,41.10417556762695
,4542,,,,,,,,,,1807.1282958984375,,28.190196990966797,,0.634917140007019,,42.51033020019531
,4543,,,,,,,,,,1318.4656982421875,,22.46233367919922,,0.7672439813613892,,36.31068420410156
,4544,,,,,,,,,,1526.0751953125,,24.14731216430664,,0.7317918539047241,,39.06501388549805
,4545,,,,,,,,,,1689.903076171875,,24.61128044128418,,0.6455909609794617,,41.10843276977539
,4546,,,,,,,,,,3197.81591796875,,41.335105895996094,,0.6209691762924194,,56.54923629760742
,4547,,,,,,,,,,1632.062744140625,,23.767742156982422,,0.6943998336791992,,40.39879608154297
,4548,,,,,,,,,,2350.664306640625,,30.408231735229492,,0.7208211421966553,,48.48365020751953
,4549,,,,,,,,,,1597.046630859375,,24.613319396972656,,0.7214954495429993,,39.96306610107422
,4550,,,,,,,,,,1393.166748046875,,22.17649269104004,,0.6631331443786621,,37.32514953613281
,4551,,,,,,,,,,1740.4381103515625,,27.630569458007812,,0.6657116413116455,,41.71855926513672
,4552,,,,,,,,,,1435.198974609375,,23.223979949951172,,0.7676317095756531,,37.8840217590332
,4553,,,,,,,,,,2560.191650390625,,31.955291748046875,,0.7103330492973328,,50.59833908081055
,4554,,,,,,,,,,1801.4359130859375,,26.339513778686523,,0.6181528568267822,,42.443328857421875
,4555,,,,,,,,,,869.0410766601562,,16.90534782409668,,0.6964806318283081,,29.479501724243164
,4556,,,,,,,,,,1802.16015625,,23.912357330322266,,0.7017955780029297,,42.45185470581055
,4557,,,,,,,,,,1213.1849365234375,,17.449705123901367,,0.674048900604248,,34.830806732177734
,4558,,,,,,,,,,2098.73486328125,,30.043434143066406,,0.7043260335922241,,45.81195068359375
,4559,,,,,,,,,,2062.08837890625,,28.943967819213867,,0.6576186418533325,,45.41022491455078
,4560,,,,,,,,,,1806.25146484375,,27.026432037353516,,0.684031069278717,,42.50001907348633
,4561,,,,,,,,,,1839.8258056640625,,26.40468406677246,,0.6968094110488892,,42.893192291259766
,4562,,,,,,,,,,1302.90234375,,19.719736099243164,,0.7323681116104126,,36.09573745727539
,4563,,,,,,,,,,2468.76611328125,,30.592788696289062,,0.688909113407135,,49.68667984008789
,4564,,,,,,,,,,2303.16064453125,,31.834125518798828,,0.6917681694030762,,47.99125671386719
,4565,,,,,,,,,,1653.9539794921875,,24.95734405517578,,0.6878864169120789,,40.6688346862793
,4566,,,,,,,,,,1615.4073486328125,,25.805389404296875,,0.7169634103775024,,40.19213104248047
,4567,,,,,,,,,,2033.432373046875,,30.95008087158203,,0.5421237945556641,,45.093597412109375
,4568,,,,,,,,,,1078.8184814453125,,18.562013626098633,,0.6859622597694397,,32.84537124633789
,4569,,,,,,,,,,1322.42626953125,,21.035011291503906,,0.6681159138679504,,36.36518096923828
,4570,,,,,,,,,,1272.52685546875,,21.744243621826172,,0.7143096923828125,,35.67249298095703
,4571,,,,,,,,,,1196.250732421875,,20.959192276000977,,0.7632313966751099,,34.586856842041016
,4572,,,,,,,,,,1499.00537109375,,24.371896743774414,,0.6782820224761963,,38.71699142456055
,4573,,,,,,,,,,3713.797119140625,,36.397823333740234,,0.5824270248413086,,60.9409294128418
,4574,,,,,,,,,,1063.77001953125,,16.22195816040039,,0.6547579765319824,,32.61548614501953
,4575,,,,,,,,,,1419.9398193359375,,24.255952835083008,,0.6418224573135376,,37.68208694458008
,4576,,,,,,,,,,1731.94970703125,,27.385164260864258,,0.6470279693603516,,41.616703033447266
,4577,,,,,,,,,,1823.004638671875,,29.65683364868164,,0.682736873626709,,42.696659088134766
,4578,,,,,,,,,,1514.0489501953125,,26.412433624267578,,0.6722807288169861,,38.91078186035156
,4579,,,,,,,,,,1450.3094482421875,,23.99315643310547,,0.7713778018951416,,38.08292770385742
,4580,,,,,,,,,,1165.4776611328125,,19.86530303955078,,0.7103307247161865,,34.13909149169922
,4581,,,,,,,,,,1263.492919921875,,19.896974563598633,,0.7782462239265442,,35.54564666748047
,4582,,,,,,,,,,1855.298095703125,,28.7664852142334,,0.7268550992012024,,43.07316970825195
,4583,,,,,,,,,,1414.990234375,,22.736528396606445,,0.7726020812988281,,37.616355895996094
,4584,,,,,,,,,,1329.156982421875,,21.587196350097656,,0.6721721887588501,,36.457603454589844
,4585,,,,,,,,,,1838.6795654296875,,27.956806182861328,,0.7108290195465088,,42.879825592041016
,4586,,,,,,,,,,1716.6988525390625,,25.410877227783203,,0.676843523979187,,41.43306350708008
,4587,,,,,,,,,,1634.88916015625,,25.407751083374023,,0.6518594026565552,,40.43376159667969
,4588,,,,,,,,,,1670.8828125,,24.568124771118164,,0.674899160861969,,40.876434326171875
,4589,,,,,,,,,,1351.2218017578125,,20.409404754638672,,0.6868427991867065,,36.758968353271484
,4590,,,,,,,,,,1350.18603515625,,21.889190673828125,,0.7800183296203613,,36.744876861572266
,4591,,,,,,,,,,2174.0693359375,,30.00198745727539,,0.6519426107406616,,46.62691879272461
,4592,,,,,,,,,,1811.2877197265625,,25.39514923095703,,0.7373807430267334,,42.559226989746094
,4593,,,,,,,,,,1896.5745849609375,,28.789173126220703,,0.6839617490768433,,43.549678802490234
,4594,,,,,,,,,,2020.5140380859375,,28.791994094848633,,0.6846576929092407,,44.95012664794922
,4595,,,,,,,,,,1140.6219482421875,,18.591514587402344,,0.7153095006942749,,33.773094177246094
,4596,,,,,,,,,,1682.010498046875,,24.591629028320312,,0.7210524082183838,,41.01232147216797
,4597,,,,,,,,,,2187.74072265625,,31.567508697509766,,0.636023998260498,,46.773292541503906
,4598,,,,,,,,,,1495.779052734375,,22.0672664642334,,0.6594616174697876,,38.6753044128418
,4599,,,,,,,,,,1851.470703125,,25.41520118713379,,0.6873352527618408,,43.02872085571289
,4600,,,,,,,,,,1688.8494873046875,,25.193912506103516,,0.6229376792907715,,41.09561538696289
,4601,,,,,,,,,,2221.49365234375,,31.758859634399414,,0.6509986519813538,,47.13272476196289
,4602,,,,,,,,,,1767.041748046875,,27.908620834350586,,0.6874932050704956,,42.03619384765625
,4603,,,,,,,,,,2241.421142578125,,31.306386947631836,,0.7171431183815002,,47.343650817871094
,4604,,,,,,,,,,1919.1258544921875,,28.832134246826172,,0.6505717635154724,,43.80782699584961
,4605,,,,,,,,,,1574.8031005859375,,23.07896614074707,,0.7590861320495605,,39.68378829956055
,4606,,,,,,,,,,1625.5196533203125,,22.663393020629883,,0.6863768100738525,,40.31773376464844
,4607,,,,,,,,,,1503.5518798828125,,24.422876358032227,,0.6536989212036133,,38.775657653808594
,4608,,,,,,,,,,1774.849365234375,,26.261741638183594,,0.6809612512588501,,42.12895965576172
,4609,,,,,,,,,,2372.954345703125,,32.96828079223633,,0.6590702533721924,,48.71297836303711
,4610,,,,,,,,,,1337.200439453125,,23.60504722595215,,0.6043564081192017,,36.567752838134766
,4611,,,,,,,,,,1697.4031982421875,,25.78020477294922,,0.7308861017227173,,41.199554443359375
,4612,,,,,,,,,,1546.366943359375,,23.499317169189453,,0.6167436838150024,,39.32387161254883
,4613,,,,,,,,,,2045.1534423828125,,30.133798599243164,,0.67396080493927,,45.22337341308594
,4614,,,,,,,,,,1459.4627685546875,,24.22576904296875,,0.6659783124923706,,38.202919006347656
,4615,,,,,,,,,,1374.6474609375,,22.19756317138672,,0.7209457159042358,,37.076236724853516
,4616,,,,,,,,,,1853.61376953125,,24.995803833007812,,0.7432796955108643,,43.053611755371094
,4617,,,,,,,,,,1639.5789794921875,,26.09806251525879,,0.7104355096817017,,40.49171829223633
,4618,,,,,,,,,,1591.5009765625,,23.862125396728516,,0.7529792785644531,,39.893619537353516
,4619,,,,,,,,,,1036.8759765625,,18.23370361328125,,0.78232342004776,,32.200557708740234
29,13859,,,,,,,,,1706.314208984375,,25.540372848510742,,0.6944258809089661,,41.036102294921875,
29,13859,1613.2401123046875,,24.91693687438965,,0.7007649540901184,,39.88899612426758,,,,,,,,,
30,13899,,1452.3477783203125,,21.351478576660156,,0.7460157871246338,,38.10968017578125,,,,,,,,
30,13949,,3245.66943359375,,38.2763786315918,,0.6575714945793152,,56.97077560424805,,,,,,,,
30,13999,,1388.2041015625,,22.314565658569336,,0.736801266670227,,37.258609771728516,,,,,,,,
30,14049,,1317.2247314453125,,22.363149642944336,,0.6133804321289062,,36.2935905456543,,,,,,,,
30,14099,,988.9494018554688,,16.891307830810547,,0.7863412499427795,,31.44756507873535,,,,,,,,
30,14149,,1725.4398193359375,,25.594249725341797,,0.7063658237457275,,41.538414001464844,,,,,,,,
30,14199,,1532.974853515625,,23.450857162475586,,0.7486915588378906,,39.153221130371094,,,,,,,,
30,14249,,1134.9666748046875,,18.32404327392578,,0.7536011338233948,,33.689266204833984,,,,,,,,
30,14299,,1703.4835205078125,,25.396987915039062,,0.6849695444107056,,41.273277282714844,,,,,,,,
,4620,,,,,,,,,,2314.978271484375,,27.896665573120117,,0.7014079093933105,,48.114219665527344
,4621,,,,,,,,,,1891.7716064453125,,25.039409637451172,,0.7191572785377502,,43.49449920654297
,4622,,,,,,,,,,2151.8046875,,30.30270004272461,,0.6683319211006165,,46.387550354003906
,4623,,,,,,,,,,2206.42626953125,,30.215497970581055,,0.6507103443145752,,46.97261047363281
,4624,,,,,,,,,,1963.6982421875,,24.69843101501465,,0.6697113513946533,,44.313636779785156
,4625,,,,,,,,,,1863.6505126953125,,27.420429229736328,,0.6249570846557617,,43.17001724243164
,4626,,,,,,,,,,1347.291015625,,20.951568603515625,,0.7159296274185181,,36.70546340942383
,4627,,,,,,,,,,1935.275634765625,,26.733736038208008,,0.7200921177864075,,43.99176788330078
,4628,,,,,,,,,,2336.26220703125,,34.45233917236328,,0.5675159692764282,,48.334896087646484
,4629,,,,,,,,,,1266.016845703125,,21.661945343017578,,0.6844622492790222,,35.58113098144531
,4630,,,,,,,,,,1539.7303466796875,,21.469343185424805,,0.7129961252212524,,39.23939895629883
,4631,,,,,,,,,,1861.7227783203125,,27.679893493652344,,0.7092828750610352,,43.14768600463867
,4632,,,,,,,,,,1781.9368896484375,,26.803253173828125,,0.7542286515235901,,42.21299362182617
,4633,,,,,,,,,,1310.1573486328125,,22.957181930541992,,0.7433165311813354,,36.19609451293945
,4634,,,,,,,,,,1249.5650634765625,,19.530120849609375,,0.7435736060142517,,35.349185943603516
,4635,,,,,,,,,,1638.87353515625,,26.963443756103516,,0.6938334703445435,,40.483001708984375
,4636,,,,,,,,,,1821.8416748046875,,24.065080642700195,,0.7330467104911804,,42.68303680419922
,4637,,,,,,,,,,1437.950927734375,,20.549816131591797,,0.7171995639801025,,37.92032241821289
,4638,,,,,,,,,,1604.1312255859375,,24.1724853515625,,0.7088966369628906,,40.051605224609375
,4639,,,,,,,,,,1414.4093017578125,,22.858848571777344,,0.687272846698761,,37.60863494873047
,4640,,,,,,,,,,1720.84716796875,,25.57288360595703,,0.7368737459182739,,41.48309326171875
,4641,,,,,,,,,,2219.15185546875,,30.04343032836914,,0.6677075028419495,,47.10787582397461
,4642,,,,,,,,,,2027.9163818359375,,30.06486701965332,,0.7057510614395142,,45.03239440917969
,4643,,,,,,,,,,2236.42041015625,,32.19169998168945,,0.6483275890350342,,47.29080581665039
,4644,,,,,,,,,,1779.040283203125,,28.09906005859375,,0.6907038688659668,,42.17866897583008
,4645,,,,,,,,,,1490.872314453125,,25.853269577026367,,0.6756104230880737,,38.61181640625
,4646,,,,,,,,,,1048.081787109375,,16.528200149536133,,0.7798231840133667,,32.37409210205078
,4647,,,,,,,,,,2224.96044921875,,31.06490135192871,,0.6814404726028442,,47.16948699951172
,4648,,,,,,,,,,2826.87158203125,,32.33922576904297,,0.5344395637512207,,53.168331146240234
,4649,,,,,,,,,,1220.1505126953125,,20.377197265625,,0.7020964622497559,,34.9306526184082
,4650,,,,,,,,,,1282.1473388671875,,21.29570198059082,,0.6700000762939453,,35.80708694458008
,4651,,,,,,,,,,1193.6212158203125,,21.26996421813965,,0.7450813055038452,,34.548824310302734
,4652,,,,,,,,,,1162.486328125,,20.482343673706055,,0.728862464427948,,34.095252990722656
,4653,,,,,,,,,,1559.526123046875,,23.965734481811523,,0.7311996221542358,,39.49083709716797
,4654,,,,,,,,,,1443.6295166015625,,22.626680374145508,,0.7416417002677917,,37.99512481689453
,4655,,,,,,,,,,1107.1328125,,19.65625762939453,,0.7257335186004639,,33.27360534667969
,4656,,,,,,,,,,1542.800537109375,,23.8802433013916,,0.6315131187438965,,39.278499603271484
,4657,,,,,,,,,,1767.3094482421875,,26.383543014526367,,0.6746962070465088,,42.03937911987305
,4658,,,,,,,,,,1792.8553466796875,,26.363500595092773,,0.7210810780525208,,42.34212112426758
,4659,,,,,,,,,,1511.7398681640625,,22.038196563720703,,0.7707809805870056,,38.881099700927734
,4660,,,,,,,,,,1987.7093505859375,,30.108945846557617,,0.6647446155548096,,44.58373260498047
,4661,,,,,,,,,,1533.7462158203125,,23.86496925354004,,0.6846272349357605,,39.16307067871094
,4662,,,,,,,,,,1377.3197021484375,,21.13525390625,,0.6725546717643738,,37.11225891113281
,4663,,,,,,,,,,1486.9942626953125,,23.892078399658203,,0.7175847887992859,,38.56156539916992
,4664,,,,,,,,,,1609.6573486328125,,23.470884323120117,,0.6877439022064209,,40.12053680419922
,4665,,,,,,,,,,1685.530029296875,,26.933155059814453,,0.67577064037323,,41.055206298828125
,4666,,,,,,,,,,1515.8768310546875,,23.374372482299805,,0.7335184216499329,,38.934261322021484
,4667,,,,,,,,,,2083.390869140625,,31.31882095336914,,0.6398782134056091,,45.6441764831543
,4668,,,,,,,,,,1911.4364013671875,,29.198257446289062,,0.6235746145248413,,43.71997833251953
,4669,,,,,,,,,,2748.997314453125,,36.724639892578125,,0.6649924516677856,,52.43088150024414
,4670,,,,,,,,,,1357.35693359375,,21.15165138244629,,0.739031970500946,,36.84232711791992
,4671,,,,,,,,,,1845.519775390625,,26.853153228759766,,0.7258822917938232,,42.959510803222656
,4672,,,,,,,,,,1809.8463134765625,,28.86556053161621,,0.677798330783844,,42.54228973388672
,4673,,,,,,,,,,1534.9276123046875,,23.168474197387695,,0.7658427357673645,,39.17815399169922
,4674,,,,,,,,,,1464.866943359375,,24.30344009399414,,0.6785417795181274,,38.27357864379883
,4675,,,,,,,,,,1678.26708984375,,28.281644821166992,,0.7112761735916138,,40.96665573120117
,4676,,,,,,,,,,1165.55908203125,,22.936859130859375,,0.6149125099182129,,34.14028549194336
,4677,,,,,,,,,,1201.10986328125,,20.751455307006836,,0.7588027119636536,,34.65703201293945
,4678,,,,,,,,,,1606.415771484375,,24.772090911865234,,0.6619869470596313,,40.08012008666992
,4679,,,,,,,,,,2044.38134765625,,28.57614517211914,,0.6811493635177612,,45.21483612060547
,4680,,,,,,,,,,1473.88720703125,,22.683900833129883,,0.76421719789505,,38.391239166259766
,4681,,,,,,,,,,2687.864990234375,,32.326560974121094,,0.6459969878196716,,51.84462356567383
,4682,,,,,,,,,,2045.5028076171875,,30.3537654876709,,0.7062119245529175,,45.22723388671875
,4683,,,,,,,,,,1809.061279296875,,27.937509536743164,,0.6646800637245178,,42.53306198120117
,4684,,,,,,,,,,1371.656005859375,,23.660234451293945,,0.7107672691345215,,37.0358772277832
,4685,,,,,,,,,,1661.755615234375,,24.620594024658203,,0.7403271198272705,,40.7646369934082
,4686,,,,,,,,,,1628.5491943359375,,26.51618194580078,,0.7057691812515259,,40.35528564453125
,4687,,,,,,,,,,1405.437744140625,,22.623435974121094,,0.7658339142799377,,37.489166259765625
,4688,,,,,,,,,,2179.172119140625,,27.48897933959961,,0.6924642324447632,,46.681602478027344
,4689,,,,,,,,,,1787.5743408203125,,27.978164672851562,,0.7123478651046753,,42.27971649169922
,4690,,,,,,,,,,1351.4578857421875,,21.751811981201172,,0.729721188545227,,36.76218032836914
,4691,,,,,,,,,,1556.0126953125,,24.399616241455078,,0.7333713173866272,,39.446327209472656
,4692,,,,,,,,,,2184.8486328125,,31.36441993713379,,0.6930979490280151,,46.74236297607422
,4693,,,,,,,,,,2232.117919921875,,32.421390533447266,,0.6242221593856812,,47.245296478271484
,4694,,,,,,,,,,1777.6505126953125,,27.2359676361084,,0.6875514984130859,,42.162193298339844
,4695,,,,,,,,,,1728.2919921875,,24.527530670166016,,0.7283406853675842,,41.572731018066406
,4696,,,,,,,,,,1907.0947265625,,28.837963104248047,,0.6147215366363525,,43.67029571533203
,4697,,,,,,,,,,1422.3363037109375,,23.21103286743164,,0.748907208442688,,37.71387481689453
,4698,,,,,,,,,,1577.3431396484375,,24.585590362548828,,0.7227814793586731,,39.71577835083008
,4699,,,,,,,,,,1750.9459228515625,,25.28541374206543,,0.6327889561653137,,41.84430694580078
,4700,,,,,,,,,,3385.393310546875,,42.63755416870117,,0.5987359285354614,,58.18413543701172
,4701,,,,,,,,,,1621.2755126953125,,23.578800201416016,,0.6964197158813477,,40.26506423950195
,4702,,,,,,,,,,2442.76904296875,,32.01777267456055,,0.7098821997642517,,49.42437744140625
,4703,,,,,,,,,,1594.664794921875,,24.878889083862305,,0.721910834312439,,39.93325424194336
,4704,,,,,,,,,,1330.6513671875,,21.7181339263916,,0.6782493591308594,,36.47809600830078
,4705,,,,,,,,,,1827.3341064453125,,28.30225372314453,,0.6490213871002197,,42.7473258972168
,4706,,,,,,,,,,1473.668212890625,,23.485437393188477,,0.7614033222198486,,38.38838577270508
,4707,,,,,,,,,,2860.80810546875,,32.909149169921875,,0.6763205528259277,,53.48652648925781
,4708,,,,,,,,,,1763.870849609375,,26.084463119506836,,0.6261154413223267,,41.99846267700195
,4709,,,,,,,,,,888.59716796875,,17.417652130126953,,0.6896505355834961,,29.80934715270996
,4710,,,,,,,,,,1858.0732421875,,23.82447624206543,,0.692543625831604,,43.10537338256836
,4711,,,,,,,,,,1273.7088623046875,,17.51413345336914,,0.6577876806259155,,35.68906021118164
,4712,,,,,,,,,,2161.40771484375,,30.15138053894043,,0.6954965591430664,,46.490943908691406
,4713,,,,,,,,,,2110.70654296875,,30.131296157836914,,0.6495462656021118,,45.94242477416992
,4714,,,,,,,,,,1740.371337890625,,26.648094177246094,,0.695555567741394,,41.71775817871094
,4715,,,,,,,,,,1788.916748046875,,26.142780303955078,,0.7051988244056702,,42.295589447021484
,4716,,,,,,,,,,1388.5228271484375,,20.68720245361328,,0.7147805690765381,,37.26288604736328
,4717,,,,,,,,,,2574.560546875,,30.86335563659668,,0.6755778789520264,,50.74012756347656
,4718,,,,,,,,,,2288.845703125,,31.597196578979492,,0.6936838626861572,,47.84188461303711
,4719,,,,,,,,,,1757.1715087890625,,25.691408157348633,,0.6684085130691528,,41.91862869262695
,4720,,,,,,,,,,1647.7161865234375,,26.196956634521484,,0.711302638053894,,40.592071533203125
,4721,,,,,,,,,,1806.332763671875,,29.464757919311523,,0.5932607650756836,,42.500972747802734
,4722,,,,,,,,,,1023.1051635742188,,17.86106300354004,,0.702180027961731,,31.986013412475586
,4723,,,,,,,,,,1191.6868896484375,,20.361820220947266,,0.7009270191192627,,34.520816802978516
,4724,,,,,,,,,,1409.2923583984375,,22.876907348632812,,0.6836049556732178,,37.54054260253906
,4725,,,,,,,,,,1187.860595703125,,21.097057342529297,,0.764892041683197,,34.465354919433594
,4726,,,,,,,,,,1461.3275146484375,,24.080551147460938,,0.686368465423584,,38.22731399536133
,4727,,,,,,,,,,3716.00634765625,,35.8564567565918,,0.5821786522865295,,60.95905303955078
,4728,,,,,,,,,,968.6353149414062,,15.385775566101074,,0.6856335401535034,,31.122905731201172
,4729,,,,,,,,,,1390.975341796875,,24.07859992980957,,0.6491287350654602,,37.295780181884766
,4730,,,,,,,,,,1778.1619873046875,,27.994478225708008,,0.6376098394393921,,42.16825866699219
,4731,,,,,,,,,,1973.26171875,,31.068315505981445,,0.6565871238708496,,44.42141342163086
,4732,,,,,,,,,,1629.6558837890625,,27.945056915283203,,0.6472573280334473,,40.36899948120117
,4733,,,,,,,,,,1424.1710205078125,,23.92942237854004,,0.7754982113838196,,37.738189697265625
,4734,,,,,,,,,,1135.5316162109375,,20.193559646606445,,0.7177735567092896,,33.69765090942383
,4735,,,,,,,,,,1355.9697265625,,20.894269943237305,,0.762015700340271,,36.82349395751953
,4736,,,,,,,,,,1821.1483154296875,,29.147342681884766,,0.7318828105926514,,42.6749153137207
,4737,,,,,,,,,,1528.9560546875,,24.551931381225586,,0.7542870044708252,,39.10186767578125
,4738,,,,,,,,,,1315.35693359375,,21.419130325317383,,0.675575852394104,,36.26784896850586
,4739,,,,,,,,,,1881.155517578125,,28.88459587097168,,0.7041487693786621,,43.372291564941406
,4740,,,,,,,,,,1641.88818359375,,25.03862762451172,,0.6909260749816895,,40.52021789550781
,4741,,,,,,,,,,1703.4705810546875,,26.26705551147461,,0.6372553110122681,,41.27312088012695
,4742,,,,,,,,,,1467.0743408203125,,23.029052734375,,0.7145538330078125,,38.302406311035156
,4743,,,,,,,,,,1350.83251953125,,20.0234375,,0.6869329810142517,,36.7536735534668
,4744,,,,,,,,,,1374.3720703125,,22.185396194458008,,0.7760777473449707,,37.07252502441406
,4745,,,,,,,,,,1988.75927734375,,28.69784164428711,,0.6816098093986511,,44.59550857543945
,4746,,,,,,,,,,1757.949951171875,,24.680625915527344,,0.7451141476631165,,41.927913665771484
,4747,,,,,,,,,,1921.7772216796875,,29.367219924926758,,0.6797621250152588,,43.83808135986328
,4748,,,,,,,,,,2049.564208984375,,28.239852905273438,,0.6801238059997559,,45.27211380004883
,4749,,,,,,,,,,1133.8382568359375,,18.472042083740234,,0.7170026302337646,,33.672515869140625
,4750,,,,,,,,,,1724.9415283203125,,24.91165542602539,,0.7139326333999634,,41.53241729736328
,4751,,,,,,,,,,2327.594970703125,,32.84419631958008,,0.6127563118934631,,48.245155334472656
,4752,,,,,,,,,,1417.4957275390625,,21.773237228393555,,0.6772840619087219,,37.64964294433594
,4753,,,,,,,,,,1847.8758544921875,,25.15781021118164,,0.6879422664642334,,42.9869270324707
,4754,,,,,,,,,,1671.333251953125,,25.111637115478516,,0.6268484592437744,,40.88194274902344
,4755,,,,,,,,,,2138.880859375,,31.118682861328125,,0.6639772653579712,,46.2480354309082
,4756,,,,,,,,,,1647.3677978515625,,26.858699798583984,,0.7086578607559204,,40.5877799987793
,4757,,,,,,,,,,2259.080810546875,,30.79200553894043,,0.7149145603179932,,47.529788970947266
,4758,,,,,,,,,,1821.621826171875,,27.991464614868164,,0.6683250069618225,,42.68046188354492
,4759,,,,,,,,,,1567.0130615234375,,22.543153762817383,,0.7602778673171997,,39.585514068603516
,4760,,,,,,,,,,1547.96435546875,,22.00726318359375,,0.7013400793075562,,39.34417724609375
,4761,,,,,,,,,,1422.9945068359375,,23.739944458007812,,0.6722530722618103,,37.722599029541016
,4762,,,,,,,,,,1739.4969482421875,,25.87347984313965,,0.6873160600662231,,41.707275390625
,4763,,,,,,,,,,2397.46875,,33.00963592529297,,0.6555481553077698,,48.96395492553711
,4764,,,,,,,,,,1290.0076904296875,,22.911828994750977,,0.6183195114135742,,35.91667556762695
,4765,,,,,,,,,,1739.3134765625,,26.190340042114258,,0.7242414355278015,,41.705078125
,4766,,,,,,,,,,1464.234619140625,,22.707082748413086,,0.6370996236801147,,38.26531982421875
,4767,,,,,,,,,,2046.4814453125,,30.28883934020996,,0.6737490892410278,,45.23805236816406
,4768,,,,,,,,,,1463.9515380859375,,24.712604522705078,,0.6649510264396667,,38.261619567871094
,4769,,,,,,,,,,1409.1942138671875,,23.322574615478516,,0.7139327526092529,,37.53923416137695
,4770,,,,,,,,,,1862.4610595703125,,25.375429153442383,,0.7420543432235718,,43.1562385559082
,4771,,,,,,,,,,1598.8438720703125,,25.71021270751953,,0.7176296710968018,,39.98554611206055
,4772,,,,,,,,,,1654.2454833984375,,24.738508224487305,,0.7432405352592468,,40.67241668701172
,4773,,,,,,,,,,902.527587890625,,16.029865264892578,,0.8105278611183167,,30.042097091674805
30,14321,,,,,,,,,1718.286376953125,,25.64744758605957,,0.6931763887405396,,41.14762496948242,
30,14321,1618.2745361328125,,24.933969497680664,,0.7004355192184448,,39.93434143066406,,,,,,,,,
31,14349,,1159.179931640625,,18.809154510498047,,0.74085533618927,,34.046730041503906,,,,,,,,
31,14399,,1514.8748779296875,,25.106155395507812,,0.7085689902305603,,38.92139434814453,,,,,,,,
31,14449,,1258.33935546875,,22.43155860900879,,0.633784294128418,,35.473079681396484,,,,,,,,
31,14499,,1116.3529052734375,,18.77115249633789,,0.7227542400360107,,33.411865234375,,,,,,,,
31,14549,,1275.943603515625,,20.14034652709961,,0.7664005756378174,,35.72035217285156,,,,,,,,
31,14599,,1404.4498291015625,,20.115747451782227,,0.7583651542663574,,37.475990295410156,,,,,,,,
31,14649,,1784.40234375,,25.5076961517334,,0.7201492786407471,,42.2421875,,,,,,,,
31,14699,,1649.4248046875,,27.367610931396484,,0.7011063098907471,,40.61310958862305,,,,,,,,
31,14749,,1712.3668212890625,,26.120038986206055,,0.7646118402481079,,41.38075256347656,,,,,,,,
,4774,,,,,,,,,,2218.588623046875,,27.510820388793945,,0.7138405442237854,,47.10189437866211
,4775,,,,,,,,,,1801.9736328125,,24.285324096679688,,0.732488214969635,,42.44966125488281
,4776,,,,,,,,,,2024.444580078125,,29.340621948242188,,0.687962532043457,,44.99382781982422
,4777,,,,,,,,,,2159.879638671875,,30.122516632080078,,0.6580789089202881,,46.47450637817383
,4778,,,,,,,,,,1949.937744140625,,25.233015060424805,,0.6720258593559265,,44.15810012817383
,4779,,,,,,,,,,1878.3856201171875,,27.25136947631836,,0.6219918131828308,,43.3403434753418
,4780,,,,,,,,,,1400.0574951171875,,21.33697509765625,,0.7048040628433228,,37.41734313964844
,4781,,,,,,,,,,1906.212158203125,,26.588197708129883,,0.7242957353591919,,43.66019058227539
,4782,,,,,,,,,,2272.31298828125,,34.05177688598633,,0.5793541073799133,,47.668785095214844
,4783,,,,,,,,,,1223.5875244140625,,20.838871002197266,,0.6950371861457825,,34.97981643676758
,4784,,,,,,,,,,1423.591796875,,20.484798431396484,,0.7346441745758057,,37.73051834106445
,4785,,,,,,,,,,1812.943359375,,27.374731063842773,,0.7168999910354614,,42.578670501708984
,4786,,,,,,,,,,1761.97802734375,,26.68863296508789,,0.7569814324378967,,41.975921630859375
,4787,,,,,,,,,,1286.90869140625,,22.829912185668945,,0.7478713989257812,,35.87350845336914
,4788,,,,,,,,,,1202.8544921875,,19.242341995239258,,0.7531591653823853,,34.68218994140625
,4789,,,,,,,,,,1635.906494140625,,27.07578468322754,,0.6943877935409546,,40.44634246826172
,4790,,,,,,,,,,1725.4215087890625,,23.285512924194336,,0.7471750974655151,,41.53819274902344
,4791,,,,,,,,,,1379.2978515625,,19.9354248046875,,0.7287348508834839,,37.13889694213867
,4792,,,,,,,,,,1636.1090087890625,,23.90582847595215,,0.7030936479568481,,40.44884490966797
,4793,,,,,,,,,,1424.078369140625,,22.927906036376953,,0.685135006904602,,37.736961364746094
,4794,,,,,,,,,,1678.6541748046875,,25.209203720092773,,0.7433252334594727,,40.97138214111328
,4795,,,,,,,,,,2125.126220703125,,29.499357223510742,,0.6817867755889893,,46.099090576171875
,4796,,,,,,,,,,2022.8345947265625,,30.195350646972656,,0.7064883708953857,,44.97593307495117
,4797,,,,,,,,,,2220.830810546875,,32.1763916015625,,0.6507789492607117,,47.12569046020508
,4798,,,,,,,,,,1697.771728515625,,27.160144805908203,,0.704832911491394,,41.20402526855469
,4799,,,,,,,,,,1489.7430419921875,,25.9146728515625,,0.6758561134338379,,38.59718704223633
,4800,,,,,,,,,,1006.8868408203125,,16.196313858032227,,0.7884772419929504,,31.73147964477539
,4801,,,,,,,,,,2292.98681640625,,31.619426727294922,,0.6717008352279663,,47.8851432800293
,4802,,,,,,,,,,2569.564697265625,,31.502477645874023,,0.576815664768219,,50.69087219238281
,4803,,,,,,,,,,1219.8553466796875,,20.396116256713867,,0.7021684646606445,,34.92642593383789
,4804,,,,,,,,,,1232.588623046875,,20.8902587890625,,0.6827555894851685,,35.10824203491211
,4805,,,,,,,,,,1225.6263427734375,,21.72684097290039,,0.7382460832595825,,35.00894546508789
,4806,,,,,,,,,,1158.7166748046875,,20.557645797729492,,0.7297416925430298,,34.03992462158203
,4807,,,,,,,,,,1478.7745361328125,,23.1823673248291,,0.7451179623603821,,38.454837799072266
,4808,,,,,,,,,,1527.8228759765625,,23.3565673828125,,0.7265740633010864,,39.08737564086914
,4809,,,,,,,,,,1083.802490234375,,19.408178329467773,,0.7315130829811096,,32.9211540222168
,4810,,,,,,,,,,1438.7933349609375,,23.080110549926758,,0.6563544273376465,,37.93143081665039
,4811,,,,,,,,,,1724.447998046875,,26.144609451293945,,0.682585597038269,,41.52647399902344
,4812,,,,,,,,,,1762.3704833984375,,26.067846298217773,,0.7258236408233643,,41.980594635009766
,4813,,,,,,,,,,1573.3594970703125,,22.546104431152344,,0.7614378333091736,,39.66559600830078
,4814,,,,,,,,,,1908.8992919921875,,29.20648956298828,,0.6780370473861694,,43.69095230102539
,4815,,,,,,,,,,1511.9542236328125,,23.508020401000977,,0.68910813331604,,38.883853912353516
,4816,,,,,,,,,,1343.93896484375,,20.83219337463379,,0.6804906129837036,,36.65977478027344
,4817,,,,,,,,,,1518.3021240234375,,24.073076248168945,,0.7116386890411377,,38.965396881103516
,4818,,,,,,,,,,1586.078857421875,,23.08775520324707,,0.6923179030418396,,39.82560729980469
,4819,,,,,,,,,,1689.0328369140625,,27.075807571411133,,0.675096869468689,,41.097843170166016
,4820,,,,,,,,,,1488.3424072265625,,23.309207916259766,,0.7383587956428528,,38.57904052734375
,4821,,,,,,,,,,1865.87451171875,,29.622085571289062,,0.677476704120636,,43.195770263671875
,4822,,,,,,,,,,1790.7593994140625,,28.54210662841797,,0.6473398804664612,,42.31736373901367
,4823,,,,,,,,,,2605.78125,,35.68034744262695,,0.6824455261230469,,51.046852111816406
,4824,,,,,,,,,,1326.8448486328125,,20.93639373779297,,0.74489825963974,,36.425880432128906
,4825,,,,,,,,,,1799.0943603515625,,26.479686737060547,,0.7327779531478882,,42.41572952270508
,4826,,,,,,,,,,1814.7801513671875,,28.933713912963867,,0.6769199371337891,,42.60023880004883
,4827,,,,,,,,,,1474.451416015625,,22.642940521240234,,0.7750685214996338,,38.39858627319336
,4828,,,,,,,,,,1446.6336669921875,,24.11953353881836,,0.6825429201126099,,38.034637451171875
,4829,,,,,,,,,,1670.572265625,,27.869272232055664,,0.7125999927520752,,40.87263488769531
,4830,,,,,,,,,,1169.8956298828125,,23.078481674194336,,0.6134797930717468,,34.2037353515625
,4831,,,,,,,,,,1232.8043212890625,,20.97329330444336,,0.7524380683898926,,35.1113166809082
,4832,,,,,,,,,,1577.1722412109375,,24.63223648071289,,0.668140172958374,,39.71363067626953
,4833,,,,,,,,,,1822.91259765625,,27.14682388305664,,0.7156906127929688,,42.695579528808594
,4834,,,,,,,,,,1446.9542236328125,,22.50033950805664,,0.7685257792472839,,38.03885269165039
,4835,,,,,,,,,,2510.35888671875,,31.316091537475586,,0.6693753004074097,,50.10348129272461
,4836,,,,,,,,,,2143.76220703125,,30.83968162536621,,0.6920992136001587,,46.30078125
,4837,,,,,,,,,,1835.9290771484375,,28.194372177124023,,0.6596999764442444,,42.84774398803711
,4838,,,,,,,,,,1337.7061767578125,,23.221317291259766,,0.7179261445999146,,36.57466506958008
,4839,,,,,,,,,,1668.345947265625,,24.54938507080078,,0.7392972707748413,,40.84539031982422
,4840,,,,,,,,,,1598.848876953125,,26.310575485229492,,0.7111351490020752,,39.9856071472168
,4841,,,,,,,,,,1417.6656494140625,,22.646774291992188,,0.7637965679168701,,37.65190124511719
,4842,,,,,,,,,,2112.835205078125,,27.149751663208008,,0.7018260955810547,,45.9655876159668
,4843,,,,,,,,,,1691.9078369140625,,26.74542999267578,,0.7277423143386841,,41.132808685302734
,4844,,,,,,,,,,1340.534912109375,,21.6734619140625,,0.7319056987762451,,36.61331558227539
,4845,,,,,,,,,,1653.864501953125,,25.835622787475586,,0.7166040539741516,,40.66773223876953
,4846,,,,,,,,,,2261.847900390625,,32.12870407104492,,0.682282030582428,,47.55888748168945
,4847,,,,,,,,,,2272.48583984375,,32.80877685546875,,0.6174262166023254,,47.670597076416016
,4848,,,,,,,,,,1761.966552734375,,27.0211181640625,,0.690308153629303,,41.97578430175781
,4849,,,,,,,,,,1707.532470703125,,24.405860900878906,,0.731603741645813,,41.32229995727539
,4850,,,,,,,,,,1927.0318603515625,,28.85904884338379,,0.6106936931610107,,43.897972106933594
,4851,,,,,,,,,,1321.83349609375,,22.37771224975586,,0.7666494846343994,,36.35702896118164
,4852,,,,,,,,,,1453.46728515625,,23.818532943725586,,0.744552731513977,,38.124366760253906
,4853,,,,,,,,,,1766.99609375,,25.41106605529785,,0.6294229030609131,,42.03565216064453
,4854,,,,,,,,,,3257.43798828125,,41.66526412963867,,0.6139022707939148,,57.073970794677734
,4855,,,,,,,,,,1606.985595703125,,23.364789962768555,,0.6990954875946045,,40.087223052978516
,4856,,,,,,,,,,2369.4765625,,31.28045082092285,,0.7185868620872498,,48.677268981933594
,4857,,,,,,,,,,1587.584716796875,,24.68142318725586,,0.7231454849243164,,39.844505310058594
,4858,,,,,,,,,,1297.217041015625,,21.34300994873047,,0.6863337755203247,,36.016902923583984
,4859,,,,,,,,,,1815.5548095703125,,28.19191551208496,,0.651283860206604,,42.60932540893555
,4860,,,,,,,,,,1380.6197509765625,,22.860952377319336,,0.7764684557914734,,37.15669250488281
,4861,,,,,,,,,,2722.349365234375,,32.45058059692383,,0.691986083984375,,52.1761360168457
,4862,,,,,,,,,,1692.44189453125,,25.208505630493164,,0.6412560939788818,,41.13930130004883
,4863,,,,,,,,,,882.1187133789062,,17.553852081298828,,0.6919131875038147,,29.700481414794922
,4864,,,,,,,,,,1795.6865234375,,23.400667190551758,,0.702866792678833,,42.37554168701172
,4865,,,,,,,,,,1167.342529296875,,17.178407669067383,,0.68636554479599,,34.16639709472656
,4866,,,,,,,,,,2042.067138671875,,29.045936584472656,,0.7123095393180847,,45.18923568725586
,4867,,,,,,,,,,2076.1728515625,,29.863754272460938,,0.6552801132202148,,45.565040588378906
,4868,,,,,,,,,,1772.6845703125,,26.888729095458984,,0.6899029612541199,,42.1032600402832
,4869,,,,,,,,,,1806.586181640625,,26.33052635192871,,0.7022870779037476,,42.50395584106445
,4870,,,,,,,,,,1352.9644775390625,,20.462493896484375,,0.7220847010612488,,36.78266525268555
,4871,,,,,,,,,,2458.62841796875,,30.262847900390625,,0.6901865601539612,,49.584556579589844
,4872,,,,,,,,,,2272.0087890625,,31.535188674926758,,0.6959372162818909,,47.665592193603516
,4873,,,,,,,,,,1785.7115478515625,,26.05314826965332,,0.6630227565765381,,42.25768280029297
,4874,,,,,,,,,,1632.2076416015625,,26.177186965942383,,0.7140198945999146,,40.40058898925781
,4875,,,,,,,,,,1789.5902099609375,,29.103973388671875,,0.597030758857727,,42.30354690551758
,4876,,,,,,,,,,1004.3074951171875,,17.61983871459961,,0.7076519727706909,,31.690811157226562
,4877,,,,,,,,,,1175.990234375,,20.455665588378906,,0.7048664093017578,,34.2927131652832
,4878,,,,,,,,,,1340.2203369140625,,22.439960479736328,,0.699112057685852,,36.6090202331543
,4879,,,,,,,,,,1215.2890625,,21.25396728515625,,0.7594632506370544,,34.86099624633789
,4880,,,,,,,,,,1472.22216796875,,24.181249618530273,,0.6840302348136902,,38.369544982910156
,4881,,,,,,,,,,3644.3935546875,,34.61439895629883,,0.5902307033538818,,60.368812561035156
,4882,,,,,,,,,,944.9314575195312,,15.276843070983887,,0.693326473236084,,30.73973846435547
,4883,,,,,,,,,,1442.1612548828125,,24.619829177856445,,0.6362171769142151,,37.975799560546875
,4884,,,,,,,,,,1773.913818359375,,28.181062698364258,,0.6384756565093994,,42.11785888671875
,4885,,,,,,,,,,1889.2677001953125,,30.43680763244629,,0.6712049245834351,,43.46570587158203
,4886,,,,,,,,,,1596.9384765625,,27.5720272064209,,0.654339075088501,,39.96171569824219
,4887,,,,,,,,,,1418.990478515625,,23.80535125732422,,0.7763148546218872,,37.669490814208984
,4888,,,,,,,,,,1093.428955078125,,19.67814826965332,,0.7282378077507019,,33.06703567504883
,4889,,,,,,,,,,1342.04443359375,,20.465978622436523,,0.7644597291946411,,36.63392639160156
,4890,,,,,,,,,,1819.4322509765625,,28.990997314453125,,0.7321354150772095,,42.65480422973633
,4891,,,,,,,,,,1448.0430908203125,,23.730026245117188,,0.7672902345657349,,38.05316162109375
,4892,,,,,,,,,,1342.1453857421875,,21.702760696411133,,0.668968677520752,,36.63530349731445
,4893,,,,,,,,,,1945.7171630859375,,29.304903030395508,,0.6939951181411743,,44.11028289794922
,4894,,,,,,,,,,1507.2972412109375,,23.748815536499023,,0.7162619233131409,,38.82392501831055
,4895,,,,,,,,,,1618.4671630859375,,25.931764602661133,,0.6553564071655273,,40.23017883300781
,4896,,,,,,,,,,1541.1561279296875,,23.783050537109375,,0.7001398801803589,,39.25756072998047
,4897,,,,,,,,,,1365.3873291015625,,20.175996780395508,,0.683559775352478,,36.951148986816406
,4898,,,,,,,,,,1312.0655517578125,,21.675859451293945,,0.7862291932106018,,36.22244644165039
,4899,,,,,,,,,,2024.8316650390625,,29.102195739746094,,0.6758347749710083,,44.998130798339844
,4900,,,,,,,,,,1783.527587890625,,24.968046188354492,,0.7414056658744812,,42.23183059692383
,4901,,,,,,,,,,1829.750732421875,,28.539827346801758,,0.6950970888137817,,42.77558517456055
,4902,,,,,,,,,,1993.3685302734375,,27.88617706298828,,0.6888942718505859,,44.64715576171875
,4903,,,,,,,,,,1114.39697265625,,18.27035903930664,,0.7218550443649292,,33.38258361816406
,4904,,,,,,,,,,1671.499267578125,,24.52025032043457,,0.7227956056594849,,40.88397216796875
,4905,,,,,,,,,,2405.779541015625,,33.59551239013672,,0.5997486710548401,,49.04874801635742
,4906,,,,,,,,,,1421.991455078125,,21.78804588317871,,0.6762605309486389,,37.70930099487305
,4907,,,,,,,,,,1727.1165771484375,,24.425809860229492,,0.7083353996276855,,41.55859375
,4908,,,,,,,,,,1595.674072265625,,24.577478408813477,,0.6437405347824097,,39.945892333984375
,4909,,,,,,,,,,2096.157958984375,,30.7906551361084,,0.6706891059875488,,45.783817291259766
,4910,,,,,,,,,,1666.5032958984375,,27.167146682739258,,0.7052737474441528,,40.82282638549805
,4911,,,,,,,,,,2106.56005859375,,29.688447952270508,,0.7341619729995728,,45.89727783203125
,4912,,,,,,,,,,1841.261474609375,,28.277074813842773,,0.6647490859031677,,42.9099235534668
,4913,,,,,,,,,,1602.56005859375,,22.876140594482422,,0.7548398375511169,,40.031986236572266
,4914,,,,,,,,,,1512.575927734375,,21.93687629699707,,0.7081678509712219,,38.891849517822266
,4915,,,,,,,,,,1413.936279296875,,23.4901180267334,,0.6743394136428833,,37.60234451293945
,4916,,,,,,,,,,1816.907470703125,,26.164684295654297,,0.6734011173248291,,42.62519836425781
,4917,,,,,,,,,,2432.470947265625,,33.35233688354492,,0.6505192518234253,,49.32008743286133
,4918,,,,,,,,,,1286.5274658203125,,22.825054168701172,,0.6193492412567139,,35.868194580078125
,4919,,,,,,,,,,1681.442138671875,,25.599308013916016,,0.7334166169166565,,41.00539016723633
,4920,,,,,,,,,,1502.749755859375,,22.965805053710938,,0.6275538802146912,,38.765316009521484
,4921,,,,,,,,,,1984.2706298828125,,29.73165512084961,,0.6836668252944946,,44.54515075683594
,4922,,,,,,,,,,1396.4625244140625,,23.87569808959961,,0.6803969144821167,,37.3692741394043
,4923,,,,,,,,,,1303.793701171875,,21.808977127075195,,0.7353290915489197,,36.10808181762695
,4924,,,,,,,,,,1817.8707275390625,,25.031383514404297,,0.74822998046875,,42.63649368286133
,4925,,,,,,,,,,1597.1016845703125,,25.619874954223633,,0.7179373502731323,,39.9637565612793
,4926,,,,,,,,,,1568.5635986328125,,23.917057037353516,,0.7565394639968872,,39.60509490966797
,4927,,,,,,,,,,870.8095092773438,,15.404989242553711,,0.8171865940093994,,29.50948143005371
31,14783,,,,,,,,,1685.8345947265625,,25.402267456054688,,0.6986837983131409,,40.76707458496094,
31,14783,1561.6265869140625,,24.428918838500977,,0.7097229361534119,,39.25503921508789,,,,,,,,,
32,14799,,1703.06787109375,,25.083982467651367,,0.7590473294258118,,41.26824188232422,,,,,,,,
32,14849,,1433.137451171875,,24.507225036621094,,0.678320586681366,,37.8568000793457,,,,,,,,
32,14899,,1472.148681640625,,23.544292449951172,,0.6697050333023071,,38.36859130859375,,,,,,,,
32,14949,,2218.183837890625,,28.738887786865234,,0.6890863180160522,,47.097599029541016,,,,,,,,
32,14999,,1373.6534423828125,,22.228225708007812,,0.6169115304946899,,37.06283187866211,,,,,,,,
32,15049,,1987.5452880859375,,27.996723175048828,,0.7212644815444946,,44.58189392089844,,,,,,,,
32,15099,,1774.814453125,,26.508806228637695,,0.6923152208328247,,42.12854766845703,,,,,,,,
32,15149,,1544.5244140625,,24.835037231445312,,0.7544761896133423,,39.300437927246094,,,,,,,,
32,15199,,1538.71044921875,,23.667400360107422,,0.7809828519821167,,39.22639846801758,,,,,,,,
,4928,,,,,,,,,,2243.62451171875,,27.49567985534668,,0.7106113433837891,,47.366912841796875
,4929,,,,,,,,,,1835.5841064453125,,24.568639755249023,,0.7274985313415527,,42.84371566772461
,4930,,,,,,,,,,2018.457763671875,,29.331403732299805,,0.6888853311538696,,44.927249908447266
,4931,,,,,,,,,,2162.59228515625,,30.18646812438965,,0.6576495170593262,,46.50368118286133
,4932,,,,,,,,,,1926.4666748046875,,24.75705909729004,,0.675973653793335,,43.89153289794922
,4933,,,,,,,,,,1856.3236083984375,,27.156150817871094,,0.6264315843582153,,43.08507537841797
,4934,,,,,,,,,,1399.0555419921875,,21.38825035095215,,0.7050153017044067,,37.40394973754883
,4935,,,,,,,,,,1897.81591796875,,26.478904724121094,,0.7255101203918457,,43.56393051147461
,4936,,,,,,,,,,2264.450439453125,,34.03709411621094,,0.5808095932006836,,47.58624267578125
,4937,,,,,,,,,,1217.609130859375,,20.87416648864746,,0.6965271830558777,,34.894256591796875
,4938,,,,,,,,,,1403.0556640625,,20.237661361694336,,0.7384721040725708,,37.4573860168457
,4939,,,,,,,,,,1829.0986328125,,27.493085861206055,,0.7143772840499878,,42.76795959472656
,4940,,,,,,,,,,1765.3582763671875,,26.691051483154297,,0.7565152049064636,,42.01616668701172
,4941,,,,,,,,,,1274.972900390625,,22.74551010131836,,0.7502098083496094,,35.706764221191406
,4942,,,,,,,,,,1203.7823486328125,,19.259634017944336,,0.7529687881469727,,34.69556427001953
,4943,,,,,,,,,,1637.5958251953125,,27.13619613647461,,0.6940722465515137,,40.467220306396484
,4944,,,,,,,,,,1717.295654296875,,23.24311065673828,,0.7483657598495483,,41.44026565551758
,4945,,,,,,,,,,1378.1458740234375,,19.945499420166016,,0.7289614081382751,,37.12338638305664
,4946,,,,,,,,,,1630.6285400390625,,23.799846649169922,,0.7040881514549255,,40.38104248046875
,4947,,,,,,,,,,1423.66064453125,,22.869813919067383,,0.6852273941040039,,37.73142623901367
,4948,,,,,,,,,,1664.757080078125,,25.15831756591797,,0.7454501390457153,,40.80143356323242
,4949,,,,,,,,,,2124.344970703125,,29.42938232421875,,0.6819037199020386,,46.09061813354492
,4950,,,,,,,,,,2018.2266845703125,,30.070341110229492,,0.7071570158004761,,44.924678802490234
,4951,,,,,,,,,,2206.058837890625,,32.05736541748047,,0.6531018018722534,,46.96870040893555
,4952,,,,,,,,,,1708.4522705078125,,27.252490997314453,,0.7029759883880615,,41.33342742919922
,4953,,,,,,,,,,1479.6298828125,,25.899873733520508,,0.6780565977096558,,38.46595764160156
,4954,,,,,,,,,,1006.2089233398438,,16.2721004486084,,0.7886196374893188,,31.720796585083008
,4955,,,,,,,,,,2241.77734375,,31.320148468017578,,0.6790327429771423,,47.347412109375
,4956,,,,,,,,,,2607.12158203125,,31.667856216430664,,0.5706303715705872,,51.05997848510742
,4957,,,,,,,,,,1214.234375,,20.38768768310547,,0.7035409212112427,,34.84586715698242
,4958,,,,,,,,,,1232.593994140625,,20.980478286743164,,0.6827541589736938,,35.10831832885742
,4959,,,,,,,,,,1221.7593994140625,,21.672700881958008,,0.7390719056129456,,34.95367431640625
,4960,,,,,,,,,,1148.81982421875,,20.537750244140625,,0.7320500612258911,,33.89424514770508
,4961,,,,,,,,,,1462.9000244140625,,23.06865882873535,,0.7478541135787964,,38.24787521362305
,4962,,,,,,,,,,1515.2293701171875,,23.228439331054688,,0.7288278341293335,,38.92594909667969
,4963,,,,,,,,,,1075.299072265625,,19.343029022216797,,0.7336196303367615,,32.791751861572266
,4964,,,,,,,,,,1423.6402587890625,,22.91470718383789,,0.659973680973053,,37.73115921020508
,4965,,,,,,,,,,1707.6387939453125,,26.048934936523438,,0.6856796145439148,,41.323585510253906
,4966,,,,,,,,,,1770.2010498046875,,26.197795867919922,,0.7246054410934448,,42.07375717163086
,4967,,,,,,,,,,1571.49853515625,,22.552915573120117,,0.7617200016975403,,39.64213180541992
,4968,,,,,,,,,,1930.62744140625,,29.396697998046875,,0.6743723154067993,,43.93890380859375
,4969,,,,,,,,,,1501.052734375,,23.47005271911621,,0.6913497447967529,,38.74342346191406
,4970,,,,,,,,,,1351.230224609375,,20.886741638183594,,0.6787571907043457,,36.75908279418945
,4971,,,,,,,,,,1513.2957763671875,,23.99378204345703,,0.7125895023345947,,38.90110397338867
,4972,,,,,,,,,,1580.2154541015625,,23.078174591064453,,0.6934553384780884,,39.751922607421875
,4973,,,,,,,,,,1667.8675537109375,,26.890132904052734,,0.6791682243347168,,40.839534759521484
,4974,,,,,,,,,,1493.6114501953125,,23.365636825561523,,0.7374325394630432,,38.64727020263672
,4975,,,,,,,,,,1879.6904296875,,29.749418258666992,,0.6750885844230652,,43.35539627075195
,4976,,,,,,,,,,1783.35595703125,,28.464824676513672,,0.648797869682312,,42.229801177978516
,4977,,,,,,,,,,2598.858642578125,,35.695159912109375,,0.6832891702651978,,50.979000091552734
,4978,,,,,,,,,,1318.8790283203125,,21.011940002441406,,0.7464298009872437,,36.316375732421875
,4979,,,,,,,,,,1798.0657958984375,,26.428951263427734,,0.7329307198524475,,42.40360641479492
,4980,,,,,,,,,,1806.504150390625,,28.890390396118164,,0.6783933639526367,,42.50299072265625
,4981,,,,,,,,,,1465.7911376953125,,22.60648536682129,,0.7763897180557251,,38.28565216064453
,4982,,,,,,,,,,1445.7147216796875,,24.169204711914062,,0.6827446222305298,,38.02255630493164
,4983,,,,,,,,,,1653.2518310546875,,27.717090606689453,,0.7155797481536865,,40.66019821166992
,4984,,,,,,,,,,1156.458740234375,,22.947423934936523,,0.6179192066192627,,34.006744384765625
,4985,,,,,,,,,,1226.632080078125,,20.978801727294922,,0.7536775469779968,,35.02330780029297
,4986,,,,,,,,,,1583.419921875,,24.700063705444336,,0.6668255925178528,,39.79220962524414
,4987,,,,,,,,,,1857.041015625,,27.35546112060547,,0.7103677988052368,,43.09339904785156
,4988,,,,,,,,,,1434.939453125,,22.474485397338867,,0.770447850227356,,37.880592346191406
,4989,,,,,,,,,,2540.83837890625,,31.468639373779297,,0.6653610467910767,,50.40673065185547
,4990,,,,,,,,,,2113.9208984375,,30.6298885345459,,0.6963852643966675,,45.977394104003906
,4991,,,,,,,,,,1844.4420166015625,,28.32084846496582,,0.6581220626831055,,42.94696807861328
,4992,,,,,,,,,,1348.243408203125,,23.367088317871094,,0.7157042026519775,,36.71843719482422
,4993,,,,,,,,,,1678.2322998046875,,24.57065773010254,,0.7377524375915527,,40.96623229980469
,4994,,,,,,,,,,1595.2469482421875,,26.33421516418457,,0.7117859125137329,,39.9405403137207
,4995,,,,,,,,,,1416.2110595703125,,22.656389236450195,,0.7640389204025269,,37.6325798034668
,4996,,,,,,,,,,2109.951171875,,27.149274826049805,,0.702233076095581,,45.9342041015625
,4997,,,,,,,,,,1686.935791015625,,26.72199058532715,,0.7285423874855042,,41.072322845458984
,4998,,,,,,,,,,1326.2900390625,,21.6644344329834,,0.7347545623779297,,36.41826629638672
,4999,,,,,,,,,,1629.1298828125,,25.510852813720703,,0.7208424210548401,,40.36248016357422
,5000,,,,,,,,,,2242.455322265625,,31.97640037536621,,0.6850060820579529,,47.35456848144531
,5001,,,,,,,,,,2249.566162109375,,32.627925872802734,,0.6212847232818604,,47.42959213256836
,5002,,,,,,,,,,1750.6434326171875,,26.87991714477539,,0.6922983527183533,,41.84069061279297
,5003,,,,,,,,,,1700.0908203125,,24.391273498535156,,0.7327734231948853,,41.23215866088867
,5004,,,,,,,,,,1910.0557861328125,,28.731182098388672,,0.6141232848167419,,43.704185485839844
,5005,,,,,,,,,,1328.7403564453125,,22.441471099853516,,0.7654301524162292,,36.4518928527832
,5006,,,,,,,,,,1460.150634765625,,23.775808334350586,,0.7433781027793884,,38.211917877197266
,5007,,,,,,,,,,1754.485595703125,,25.390047073364258,,0.6320465803146362,,41.88658142089844
,5008,,,,,,,,,,3287.182373046875,,41.81984329223633,,0.6103767156600952,,57.333953857421875
,5009,,,,,,,,,,1602.2591552734375,,23.360414505004883,,0.6999804973602295,,40.028228759765625
,5010,,,,,,,,,,2372.343994140625,,31.183570861816406,,0.7182462811470032,,48.70671463012695
,5011,,,,,,,,,,1605.4097900390625,,24.848838806152344,,0.720037043094635,,40.06756591796875
,5012,,,,,,,,,,1301.5499267578125,,21.455114364624023,,0.6852860450744629,,36.07699966430664
,5013,,,,,,,,,,1802.245361328125,,28.09173011779785,,0.653840184211731,,42.45286178588867
,5014,,,,,,,,,,1376.0545654296875,,22.842700958251953,,0.777207612991333,,37.095211029052734
,5015,,,,,,,,,,2723.044189453125,,32.395992279052734,,0.691907525062561,,52.182796478271484
,5016,,,,,,,,,,1675.1358642578125,,25.0747013092041,,0.6449244618415833,,40.92842483520508
,5017,,,,,,,,,,869.5757446289062,,17.449214935302734,,0.6962938904762268,,29.488569259643555
,5018,,,,,,,,,,1788.3203125,,23.3973388671875,,0.7040857076644897,,42.288536071777344
,5019,,,,,,,,,,1182.7344970703125,,17.3210506439209,,0.6822301149368286,,34.390907287597656
,5020,,,,,,,,,,2068.941650390625,,29.318737030029297,,0.7085233926773071,,45.485618591308594
,5021,,,,,,,,,,2080.31005859375,,29.942955017089844,,0.6545931696891785,,45.61042022705078
,5022,,,,,,,,,,1775.2860107421875,,26.92026710510254,,0.6894478797912598,,42.13414001464844
,5023,,,,,,,,,,1785.49951171875,,26.220998764038086,,0.7057619690895081,,42.25517272949219
,5024,,,,,,,,,,1343.8941650390625,,20.41912841796875,,0.7239478826522827,,36.65916061401367
,5025,,,,,,,,,,2490.025634765625,,30.407329559326172,,0.6862301826477051,,49.9001579284668
,5026,,,,,,,,,,2268.12890625,,31.496776580810547,,0.6964564323425293,,47.6248779296875
,5027,,,,,,,,,,1785.79052734375,,26.06300926208496,,0.6630078554153442,,42.25861358642578
,5028,,,,,,,,,,1632.3768310546875,,26.135393142700195,,0.7139902114868164,,40.40268325805664
,5029,,,,,,,,,,1799.9561767578125,,29.219970703125,,0.5946966409683228,,42.42588806152344
,5030,,,,,,,,,,996.1998291015625,,17.624588012695312,,0.7100120782852173,,31.562631607055664
,5031,,,,,,,,,,1171.9642333984375,,20.557859420776367,,0.7058767676353455,,34.23396301269531
,5032,,,,,,,,,,1337.937744140625,,22.432390213012695,,0.6996245384216309,,36.57783126831055
,5033,,,,,,,,,,1205.180908203125,,21.231260299682617,,0.7614639401435852,,34.71571731567383
,5034,,,,,,,,,,1471.544921875,,24.157167434692383,,0.6841756105422974,,38.360721588134766
,5035,,,,,,,,,,3631.570068359375,,34.68366622924805,,0.5916725397109985,,60.262508392333984
,5036,,,,,,,,,,928.7926025390625,,15.09538459777832,,0.6985642910003662,,30.476099014282227
,5037,,,,,,,,,,1440.2374267578125,,24.652402877807617,,0.6367024183273315,,37.95045852661133
,5038,,,,,,,,,,1773.427978515625,,28.216777801513672,,0.6385746002197266,,42.112091064453125
,5039,,,,,,,,,,1886.4813232421875,,30.41014289855957,,0.6716898083686829,,43.43364334106445
,5040,,,,,,,,,,1576.521240234375,,27.415258407592773,,0.6587585210800171,,39.70542907714844
,5041,,,,,,,,,,1432.6724853515625,,23.928945541381836,,0.7741580605506897,,37.85065841674805
,5042,,,,,,,,,,1092.1348876953125,,19.74396514892578,,0.7285594344139099,,33.047462463378906
,5043,,,,,,,,,,1341.7628173828125,,20.6209659576416,,0.7645092010498047,,36.63008117675781
,5044,,,,,,,,,,1804.857421875,,28.926305770874023,,0.7342811822891235,,42.483612060546875
,5045,,,,,,,,,,1437.1236572265625,,23.67098617553711,,0.7690450549125671,,37.9094123840332
,5046,,,,,,,,,,1317.9658203125,,21.526315689086914,,0.6749324202537537,,36.30379867553711
,5047,,,,,,,,,,1878.678955078125,,28.621337890625,,0.7045382857322693,,43.34373092651367
,5048,,,,,,,,,,1469.7852783203125,,23.59637451171875,,0.7233232855796814,,38.3377799987793
,5049,,,,,,,,,,1598.106689453125,,25.756168365478516,,0.6596920490264893,,39.97632598876953
,5050,,,,,,,,,,1531.067138671875,,23.647279739379883,,0.7021028995513916,,39.12885284423828
,5051,,,,,,,,,,1359.1331787109375,,20.161951065063477,,0.685009241104126,,36.86642074584961
,5052,,,,,,,,,,1318.426025390625,,21.750537872314453,,0.7851929068565369,,36.31013488769531
,5053,,,,,,,,,,1972.946533203125,,28.830049514770508,,0.6841413974761963,,44.41786193847656
,5054,,,,,,,,,,1773.105712890625,,24.95433235168457,,0.7429167032241821,,42.10826110839844
,5055,,,,,,,,,,1832.6644287109375,,28.599376678466797,,0.6946115493774414,,42.80963134765625
,5056,,,,,,,,,,2007.5504150390625,,27.92976951599121,,0.6866809129714966,,44.805694580078125
,5057,,,,,,,,,,1112.1842041015625,,18.289413452148438,,0.722407341003418,,33.34942626953125
,5058,,,,,,,,,,1679.7530517578125,,24.621984481811523,,0.7214267253875732,,40.98479080200195
,5059,,,,,,,,,,2373.9921875,,33.36280059814453,,0.6050371527671814,,48.723628997802734
,5060,,,,,,,,,,1409.6749267578125,,21.721590042114258,,0.6790645718574524,,37.54563903808594
,5061,,,,,,,,,,1701.356201171875,,24.217069625854492,,0.7126855850219727,,41.24749755859375
,5062,,,,,,,,,,1579.2896728515625,,24.4373836517334,,0.6473985910415649,,39.74027633666992
,5063,,,,,,,,,,2085.644775390625,,30.709081649780273,,0.6723407506942749,,45.668861389160156
,5064,,,,,,,,,,1666.1826171875,,27.13081932067871,,0.7053304314613342,,40.81890106201172
,5065,,,,,,,,,,2141.583984375,,29.882701873779297,,0.7297421097755432,,46.277252197265625
,5066,,,,,,,,,,1861.8516845703125,,28.45413589477539,,0.6610000729560852,,43.1491813659668
,5067,,,,,,,,,,1603.078369140625,,22.80718994140625,,0.7547605633735657,,40.03845977783203
,5068,,,,,,,,,,1503.3297119140625,,21.930572509765625,,0.7099517583847046,,38.77279281616211
,5069,,,,,,,,,,1398.0279541015625,,23.386171340942383,,0.6780034303665161,,37.39021301269531
,5070,,,,,,,,,,1806.79150390625,,26.129894256591797,,0.6752195358276367,,42.506370544433594
,5071,,,,,,,,,,2382.624755859375,,32.971710205078125,,0.657680869102478,,48.812137603759766
,5072,,,,,,,,,,1263.195556640625,,22.722658157348633,,0.6262525320053101,,35.54146194458008
,5073,,,,,,,,,,1681.7210693359375,,25.61066246032715,,0.7333723902702332,,41.008792877197266
,5074,,,,,,,,,,1484.612548828125,,23.001461029052734,,0.6320490837097168,,38.530670166015625
,5075,,,,,,,,,,1976.3385009765625,,29.63117218017578,,0.6849313378334045,,44.45602798461914
,5076,,,,,,,,,,1390.556884765625,,23.93396759033203,,0.681748628616333,,37.2901725769043
,5077,,,,,,,,,,1293.4801025390625,,21.691303253173828,,0.7374227643013,,35.96498489379883
,5078,,,,,,,,,,1812.7459716796875,,24.989442825317383,,0.7489397525787354,,42.57635498046875
,5079,,,,,,,,,,1592.2034912109375,,25.545652389526367,,0.7188024520874023,,39.902427673339844
,5080,,,,,,,,,,1574.3016357421875,,23.99372673034668,,0.7556487917900085,,39.67747116088867
,5081,,,,,,,,,,873.3873291015625,,15.420244216918945,,0.8166454434394836,,29.553125381469727
32,15245,,,,,,,,,1680.986083984375,,25.3756046295166,,0.6996959447860718,,40.704925537109375,
32,15245,1542.27490234375,,24.235946655273438,,0.7113174796104431,,38.99268341064453,,,,,,,,,
33,15249,,1760.2945556640625,,26.174694061279297,,0.6979907751083374,,41.95586395263672,,,,,,,,
33,15299,,1453.3004150390625,,23.7620906829834,,0.7222447395324707,,38.12217712402344,,,,,,,,
33,15349,,1516.138671875,,21.032773971557617,,0.7372022867202759,,38.937625885009766,,,,,,,,
33,15399,,1683.918212890625,,26.604673385620117,,0.703988254070282,,41.03557205200195,,,,,,,,
33,15449,,1658.8123779296875,,25.257015228271484,,0.7134252786636353,,40.72852325439453,,,,,,,,
33,15499,,1755.0347900390625,,28.34044075012207,,0.616264820098877,,41.89313507080078,,,,,,,,
33,15549,,1312.4261474609375,,24.589153289794922,,0.6991487741470337,,36.227420806884766,,,,,,,,
33,15599,,2566.95947265625,,34.983280181884766,,0.6693416833877563,,50.66516876220703,,,,,,,,
33,15649,,1720.9681396484375,,25.595054626464844,,0.7183444499969482,,41.484554290771484,,,,,,,,
33,15699,,1947.4288330078125,,30.164169311523438,,0.656334638595581,,44.12968063354492,,,,,,,,
,5082,,,,,,,,,,2183.907470703125,,27.142545700073242,,0.7183138132095337,,46.732295989990234
,5083,,,,,,,,,,1838.9080810546875,,24.522247314453125,,0.727005124092102,,42.88249206542969
,5084,,,,,,,,,,2061.03466796875,,29.552227020263672,,0.6823227405548096,,45.398616790771484
,5085,,,,,,,,,,2167.03125,,30.261890411376953,,0.6569468379020691,,46.55138397216797
,5086,,,,,,,,,,1954.93798828125,,24.720806121826172,,0.671184778213501,,44.21467971801758
,5087,,,,,,,,,,1868.6253662109375,,27.211454391479492,,0.6239559650421143,,43.22760009765625
,5088,,,,,,,,,,1387.4622802734375,,21.25430679321289,,0.7074596881866455,,37.248653411865234
,5089,,,,,,,,,,1906.487548828125,,26.512798309326172,,0.7242559194564819,,43.6633415222168
,5090,,,,,,,,,,2268.26220703125,,34.02101135253906,,0.5801039934158325,,47.626277923583984
,5091,,,,,,,,,,1229.82421875,,21.056638717651367,,0.6934827566146851,,35.068851470947266
,5092,,,,,,,,,,1422.54443359375,,20.465503692626953,,0.7348394393920898,,37.71663284301758
,5093,,,,,,,,,,1876.5269775390625,,27.819272994995117,,0.7069711089134216,,43.31889724731445
,5094,,,,,,,,,,1761.1036376953125,,26.62379264831543,,0.7571020126342773,,41.96550750732422
,5095,,,,,,,,,,1276.3331298828125,,22.722585678100586,,0.7499432563781738,,35.725807189941406
,5096,,,,,,,,,,1194.5145263671875,,19.119102478027344,,0.7548706531524658,,34.56174850463867
,5097,,,,,,,,,,1660.6806640625,,27.291288375854492,,0.6897596120834351,,40.75144958496094
,5098,,,,,,,,,,1735.9779052734375,,23.32088279724121,,0.7456282377243042,,41.665069580078125
,5099,,,,,,,,,,1373.8087158203125,,19.88001251220703,,0.7298144102096558,,37.06492614746094
,5100,,,,,,,,,,1636.125732421875,,23.737926483154297,,0.7030905485153198,,40.44905090332031
,5101,,,,,,,,,,1420.61181640625,,22.87010383605957,,0.6859015226364136,,37.69100570678711
,5102,,,,,,,,,,1702.0552978515625,,25.35174560546875,,0.7397470474243164,,41.25597381591797
,5103,,,,,,,,,,2149.102783203125,,29.559785842895508,,0.6781965494155884,,46.35841751098633
,5104,,,,,,,,,,2011.5399169921875,,30.006704330444336,,0.7081272602081299,,44.85019302368164
,5105,,,,,,,,,,2197.334228515625,,31.96500015258789,,0.6544737815856934,,46.875732421875
,5106,,,,,,,,,,1692.94677734375,,27.16132926940918,,0.7056717276573181,,41.14543151855469
,5107,,,,,,,,,,1467.87060546875,,25.80527687072754,,0.6806151866912842,,38.312801361083984
,5108,,,,,,,,,,1013.6890258789062,,16.230039596557617,,0.7870482802391052,,31.838483810424805
,5109,,,,,,,,,,2274.746337890625,,31.577287673950195,,0.6743124127388,,47.69430160522461
,5110,,,,,,,,,,2620.180908203125,,31.75213623046875,,0.5684796571731567,,51.18770217895508
,5111,,,,,,,,,,1212.6728515625,,20.307104110717773,,0.7039221525192261,,34.82345199584961
,5112,,,,,,,,,,1234.4122314453125,,20.909669876098633,,0.6822862029075623,,35.13420486450195
,5113,,,,,,,,,,1221.6627197265625,,21.64560317993164,,0.7390925884246826,,34.952293395996094
,5114,,,,,,,,,,1159.2127685546875,,20.587236404418945,,0.7296259999275208,,34.04721450805664
,5115,,,,,,,,,,1443.048095703125,,22.866867065429688,,0.7512757778167725,,37.98747253417969
,5116,,,,,,,,,,1534.9908447265625,,23.359703063964844,,0.7252912521362305,,39.178958892822266
,5117,,,,,,,,,,1067.46142578125,,19.225120544433594,,0.7355612516403198,,32.672027587890625
,5118,,,,,,,,,,1403.86474609375,,22.66689109802246,,0.6646969318389893,,37.46818542480469
,5119,,,,,,,,,,1722.1168212890625,,26.147930145263672,,0.6830146312713623,,41.49839401245117
,5120,,,,,,,,,,1766.71533203125,,26.10569953918457,,0.7251477241516113,,42.03231430053711
,5121,,,,,,,,,,1567.1312255859375,,22.396507263183594,,0.7623822093009949,,39.58700942993164
,5122,,,,,,,,,,1957.6319580078125,,29.472698211669922,,0.6698175668716431,,44.24513244628906
,5123,,,,,,,,,,1534.826416015625,,23.667638778686523,,0.6844050884246826,,39.17686080932617
,5124,,,,,,,,,,1364.760986328125,,21.040115356445312,,0.6755403876304626,,36.94267272949219
,5125,,,,,,,,,,1517.798828125,,24.011703491210938,,0.7117342948913574,,38.95893859863281
,5126,,,,,,,,,,1581.1470947265625,,23.05967140197754,,0.6932746171951294,,39.763641357421875
,5127,,,,,,,,,,1681.5855712890625,,26.937692642211914,,0.6765294075012207,,41.007137298583984
,5128,,,,,,,,,,1485.276611328125,,23.246004104614258,,0.7388977408409119,,38.53928756713867
,5129,,,,,,,,,,1884.0400390625,,29.675743103027344,,0.6743367314338684,,43.4055290222168
,5130,,,,,,,,,,1782.1761474609375,,28.480182647705078,,0.6490302085876465,,42.21582794189453
,5131,,,,,,,,,,2614.323486328125,,35.809547424316406,,0.6814045310020447,,51.130455017089844
,5132,,,,,,,,,,1315.35400390625,,21.013452529907227,,0.7471075057983398,,36.2678108215332
,5133,,,,,,,,,,1793.2742919921875,,26.305192947387695,,0.7336423993110657,,42.347068786621094
,5134,,,,,,,,,,1794.42041015625,,28.743738174438477,,0.6805446147918701,,42.360599517822266
,5135,,,,,,,,,,1450.04150390625,,22.429378509521484,,0.7787923216819763,,38.079410552978516
,5136,,,,,,,,,,1443.85302734375,,24.0634822845459,,0.6831531524658203,,37.99806594848633
,5137,,,,,,,,,,1663.6365966796875,,27.77616310119629,,0.713793158531189,,40.78770065307617
,5138,,,,,,,,,,1143.1998291015625,,22.699853897094727,,0.6222997903823853,,33.81123733520508
,5139,,,,,,,,,,1239.2216796875,,21.04937171936035,,0.7511494159698486,,35.202579498291016
,5140,,,,,,,,,,1594.3126220703125,,24.780027389526367,,0.6645336151123047,,39.9288444519043
,5141,,,,,,,,,,1835.4854736328125,,27.159934997558594,,0.7137296795845032,,42.842567443847656
,5142,,,,,,,,,,1434.11181640625,,22.478315353393555,,0.7705802321434021,,37.869667053222656
,5143,,,,,,,,,,2549.427978515625,,31.418867111206055,,0.6642297506332397,,50.491859436035156
,5144,,,,,,,,,,2118.761962890625,,30.671661376953125,,0.6956899166107178,,46.03001022338867
,5145,,,,,,,,,,1864.85498046875,,28.4338436126709,,0.6543383598327637,,43.18396759033203
,5146,,,,,,,,,,1354.647705078125,,23.41426658630371,,0.7143537402153015,,36.8055419921875
,5147,,,,,,,,,,1678.9796142578125,,24.536954879760742,,0.737635612487793,,40.9753532409668
,5148,,,,,,,,,,1621.2601318359375,,26.578420639038086,,0.7070860862731934,,40.26487350463867
,5149,,,,,,,,,,1411.8807373046875,,22.601778030395508,,0.764760434627533,,37.57500076293945
,5150,,,,,,,,,,2116.7666015625,,27.175567626953125,,0.7012712955474854,,46.008331298828125
,5151,,,,,,,,,,1653.156494140625,,26.349546432495117,,0.7339780330657959,,40.659027099609375
,5152,,,,,,,,,,1323.0333251953125,,21.59532356262207,,0.7354058027267456,,36.3735237121582
,5153,,,,,,,,,,1651.314697265625,,25.655811309814453,,0.7170409560203552,,40.63637161254883
,5154,,,,,,,,,,2273.833740234375,,32.316341400146484,,0.6805983781814575,,47.68473434448242
,5155,,,,,,,,,,2270.195556640625,,32.706092834472656,,0.6178117394447327,,47.64657211303711
,5156,,,,,,,,,,1767.81396484375,,26.957124710083008,,0.6892803907394409,,42.045379638671875
,5157,,,,,,,,,,1721.1009521484375,,24.504539489746094,,0.72947096824646,,41.48615646362305
,5158,,,,,,,,,,1925.146240234375,,28.83696746826172,,0.611074686050415,,43.876487731933594
,5159,,,,,,,,,,1325.4693603515625,,22.284008026123047,,0.7660076022148132,,36.40699768066406
,5160,,,,,,,,,,1444.2821044921875,,23.652036666870117,,0.746167004108429,,38.00371170043945
,5161,,,,,,,,,,1770.504150390625,,25.548425674438477,,0.6286872029304504,,42.07735824584961
,5162,,,,,,,,,,3308.42138671875,,42.00058364868164,,0.6078593134880066,,57.51887893676758
,5163,,,,,,,,,,1605.9359130859375,,23.283349990844727,,0.699292004108429,,40.07413101196289
,5164,,,,,,,,,,2407.880126953125,,31.636383056640625,,0.7140258550643921,,49.07015609741211
,5165,,,,,,,,,,1656.5599365234375,,25.325105667114258,,0.7111170887947083,,40.70085906982422
,5166,,,,,,,,,,1297.54931640625,,21.320234298706055,,0.6862534284591675,,36.02151107788086
,5167,,,,,,,,,,1819.0738525390625,,28.23775863647461,,0.6506079435348511,,42.65060043334961
,5168,,,,,,,,,,1409.0511474609375,,23.080333709716797,,0.7718652486801147,,37.537330627441406
,5169,,,,,,,,,,2771.279052734375,,32.842769622802734,,0.6864501237869263,,52.642940521240234
,5170,,,,,,,,,,1696.0181884765625,,25.331253051757812,,0.6404980421066284,,41.182743072509766
,5171,,,,,,,,,,880.1094360351562,,17.595046997070312,,0.6926149129867554,,29.66663932800293
,5172,,,,,,,,,,1791.6973876953125,,23.3732852935791,,0.7035268545150757,,42.32844543457031
,5173,,,,,,,,,,1164.6998291015625,,17.160114288330078,,0.6870756149291992,,34.1276969909668
,5174,,,,,,,,,,2060.34521484375,,29.2432861328125,,0.7097344398498535,,45.39102554321289
,5175,,,,,,,,,,2094.471923828125,,30.1884822845459,,0.6522418260574341,,45.765403747558594
,5176,,,,,,,,,,1781.4034423828125,,27.049501419067383,,0.6883777379989624,,42.2066764831543
,5177,,,,,,,,,,1791.456787109375,,26.21937370300293,,0.7047802209854126,,42.32560348510742
,5178,,,,,,,,,,1352.1839599609375,,20.510164260864258,,0.7222450375556946,,36.77205276489258
,5179,,,,,,,,,,2473.508544921875,,30.38690948486328,,0.6883115172386169,,49.734378814697266
,5180,,,,,,,,,,2252.98583984375,,31.372941970825195,,0.6984830498695374,,47.46562957763672
,5181,,,,,,,,,,1779.9547119140625,,26.02581787109375,,0.6641091108322144,,42.189510345458984
,5182,,,,,,,,,,1665.8592529296875,,26.29107666015625,,0.7081236839294434,,40.81494140625
,5183,,,,,,,,,,1785.89013671875,,29.095064163208008,,0.5978639125823975,,42.25979232788086
,5184,,,,,,,,,,983.3928833007812,,17.424339294433594,,0.7137401103973389,,31.359094619750977
,5185,,,,,,,,,,1181.8978271484375,,20.598363876342773,,0.7033838033676147,,34.37874221801758
,5186,,,,,,,,,,1345.5640869140625,,22.448881149291992,,0.697912335395813,,36.68193054199219
,5187,,,,,,,,,,1208.1363525390625,,21.2628173828125,,0.7608789205551147,,34.75825500488281
,5188,,,,,,,,,,1485.340576171875,,24.270977020263672,,0.6812147498130798,,38.54011535644531
,5189,,,,,,,,,,3619.584716796875,,34.55376052856445,,0.5930200815200806,,60.16298294067383
,5190,,,,,,,,,,952.3196411132812,,15.323444366455078,,0.6909286975860596,,30.859676361083984
,5191,,,,,,,,,,1449.550537109375,,24.71105194091797,,0.6343532204627991,,38.07296371459961
,5192,,,,,,,,,,1772.7061767578125,,28.15068244934082,,0.638721764087677,,42.103515625
,5193,,,,,,,,,,1907.2872314453125,,30.589460372924805,,0.6680688858032227,,43.67250061035156
,5194,,,,,,,,,,1574.6143798828125,,27.409557342529297,,0.6591712236404419,,39.68141174316406
,5195,,,,,,,,,,1446.94580078125,,24.09004783630371,,0.7719080448150635,,38.03873825073242
,5196,,,,,,,,,,1072.2620849609375,,19.48687171936035,,0.7334986329078674,,32.74541473388672
,5197,,,,,,,,,,1323.8126220703125,,20.390953063964844,,0.767659604549408,,36.38423538208008
,5198,,,,,,,,,,1815.0611572265625,,29.060239791870117,,0.7327789664268494,,42.60353469848633
,5199,,,,,,,,,,1440.5267333984375,,23.65029525756836,,0.7684981822967529,,37.95427322387695
,5200,,,,,,,,,,1325.810546875,,21.48247528076172,,0.6729975938796997,,36.41168212890625
,5201,,,,,,,,,,1916.201416015625,,29.05839729309082,,0.6986371278762817,,43.774436950683594
,5202,,,,,,,,,,1525.148193359375,,23.914714813232422,,0.7129015922546387,,39.05314636230469
,5203,,,,,,,,,,1610.2813720703125,,25.880638122558594,,0.6570994853973389,,40.12831115722656
,5204,,,,,,,,,,1542.980712890625,,23.718170166015625,,0.6997848749160767,,39.280792236328125
,5205,,,,,,,,,,1368.8819580078125,,20.11471176147461,,0.68274986743927,,36.99840545654297
,5206,,,,,,,,,,1334.7294921875,,21.8167667388916,,0.7825366258621216,,36.5339469909668
,5207,,,,,,,,,,1993.069580078125,,28.922956466674805,,0.6809197664260864,,44.6438102722168
,5208,,,,,,,,,,1803.734375,,25.127717971801758,,0.7384758591651917,,42.470394134521484
,5209,,,,,,,,,,1843.25634765625,,28.59041404724121,,0.6928465366363525,,42.933162689208984
,5210,,,,,,,,,,2016.1302490234375,,28.00712776184082,,0.6853418350219727,,44.90134048461914
,5211,,,,,,,,,,1112.1126708984375,,18.275007247924805,,0.7224251627922058,,33.34835433959961
,5212,,,,,,,,,,1697.9769287109375,,24.75682830810547,,0.7184044718742371,,41.20651626586914
,5213,,,,,,,,,,2418.636962890625,,33.60833740234375,,0.5976095795631409,,49.17963790893555
,5214,,,,,,,,,,1415.9503173828125,,21.72389030456543,,0.677635908126831,,37.62911605834961
,5215,,,,,,,,,,1686.173828125,,24.13794708251953,,0.7152495384216309,,41.063045501708984
,5216,,,,,,,,,,1574.0712890625,,24.3679256439209,,0.6485637426376343,,39.67456817626953
,5217,,,,,,,,,,2100.235107421875,,30.830305099487305,,0.6700485944747925,,45.82832336425781
,5218,,,,,,,,,,1671.3641357421875,,27.144073486328125,,0.7044140696525574,,40.882320404052734
,5219,,,,,,,,,,2143.13671875,,29.910070419311523,,0.7295461893081665,,46.29402542114258
,5220,,,,,,,,,,1870.574462890625,,28.51725959777832,,0.6594119071960449,,43.25013732910156
,5221,,,,,,,,,,1592.6011962890625,,22.734220504760742,,0.7563633918762207,,39.90740966796875
,5222,,,,,,,,,,1512.791259765625,,21.92814064025879,,0.7081263065338135,,38.89461898803711
,5223,,,,,,,,,,1401.2122802734375,,23.30242156982422,,0.6772699952125549,,37.432769775390625
,5224,,,,,,,,,,1808.3477783203125,,26.155200958251953,,0.674939751625061,,42.52467346191406
,5225,,,,,,,,,,2423.789306640625,,33.31486129760742,,0.6517665982246399,,49.23199462890625
,5226,,,,,,,,,,1267.3834228515625,,22.64871597290039,,0.6250134706497192,,35.60032653808594
,5227,,,,,,,,,,1692.646240234375,,25.695667266845703,,0.7316402792930603,,41.141780853271484
,5228,,,,,,,,,,1478.1295166015625,,22.854999542236328,,0.6336557865142822,,38.446449279785156
,5229,,,,,,,,,,1989.0972900390625,,29.7825870513916,,0.6828973293304443,,44.59929656982422
,5230,,,,,,,,,,1399.3538818359375,,23.999296188354492,,0.6797351837158203,,37.40793991088867
,5231,,,,,,,,,,1297.863037109375,,21.877931594848633,,0.7365330457687378,,36.0258674621582
,5232,,,,,,,,,,1808.4483642578125,,24.95709800720215,,0.7495349645614624,,42.525856018066406
,5233,,,,,,,,,,1598.15380859375,,25.605607986450195,,0.7177516222000122,,39.9769172668457
,5234,,,,,,,,,,1569.61181640625,,23.985183715820312,,0.7563767433166504,,39.61832809448242
,5235,,,,,,,,,,883.9658203125,,15.546810150146484,,0.8144246339797974,,29.731563568115234
33,15707,,,,,,,,,1688.0555419921875,,25.406633377075195,,0.6984868049621582,,40.787635803222656,
33,15707,1550.906494140625,,24.248493194580078,,0.7120905518531799,,39.09757995605469,,,,,,,,,
34,15749,,1306.072021484375,,23.19325065612793,,0.7058033347129822,,36.13962173461914,,,,,,,,
34,15799,,1165.7110595703125,,21.324817657470703,,0.6226956844329834,,34.14250946044922,,,,,,,,
34,15849,,1032.1754150390625,,18.477140426635742,,0.7628883719444275,,32.12748718261719,,,,,,,,
34,15899,,2191.240966796875,,31.41617774963379,,0.691993236541748,,46.810691833496094,,,,,,,,
34,15949,,1326.8963623046875,,19.583232879638672,,0.7123574018478394,,36.42658996582031,,,,,,,,
34,15999,,2034.270263671875,,28.388025283813477,,0.7318406105041504,,45.102882385253906,,,,,,,,
34,16049,,1568.78515625,,23.774749755859375,,0.6875420212745667,,39.60789108276367,,,,,,,,
34,16099,,1837.262939453125,,27.54717445373535,,0.6917804479598999,,42.863304138183594,,,,,,,,
34,16149,,1413.98876953125,,22.895292282104492,,0.7462658882141113,,37.6030387878418,,,,,,,,
,5236,,,,,,,,,,2206.8046875,,27.19853401184082,,0.7153604626655579,,46.97663879394531
,5237,,,,,,,,,,1835.5230712890625,,24.50564193725586,,0.7275075912475586,,42.8430061340332
,5238,,,,,,,,,,2045.0025634765625,,29.458637237548828,,0.6847938299179077,,45.221702575683594
,5239,,,,,,,,,,2137.206298828125,,29.901025772094727,,0.6616683006286621,,46.22993087768555
,5240,,,,,,,,,,1894.5244140625,,24.362207412719727,,0.6813461780548096,,43.5261344909668
,5241,,,,,,,,,,1843.8907470703125,,27.079622268676758,,0.6289335489273071,,42.940547943115234
,5242,,,,,,,,,,1359.600830078125,,21.023319244384766,,0.7133342027664185,,36.87276840209961
,5243,,,,,,,,,,1902.626220703125,,26.470653533935547,,0.7248144149780273,,43.619102478027344
,5244,,,,,,,,,,2244.442626953125,,33.896820068359375,,0.5845134258270264,,47.37554931640625
,5245,,,,,,,,,,1217.5355224609375,,20.894128799438477,,0.6965455412864685,,34.8931999206543
,5246,,,,,,,,,,1395.277587890625,,20.158594131469727,,0.7399219274520874,,37.353416442871094
,5247,,,,,,,,,,1848.1832275390625,,27.58965301513672,,0.7113971710205078,,42.990501403808594
,5248,,,,,,,,,,1746.0830078125,,26.441219329833984,,0.7591737508773804,,41.78615951538086
,5249,,,,,,,,,,1265.0814208984375,,22.526264190673828,,0.7521477341651917,,35.5679817199707
,5250,,,,,,,,,,1190.9647216796875,,19.084888458251953,,0.7555991411209106,,34.51035690307617
,5251,,,,,,,,,,1647.70849609375,,27.164915084838867,,0.6921830177307129,,40.591976165771484
,5252,,,,,,,,,,1725.814697265625,,23.23592185974121,,0.7471175193786621,,41.54292297363281
,5253,,,,,,,,,,1364.9130859375,,19.81270980834961,,0.731563925743103,,36.94472885131836
,5254,,,,,,,,,,1634.163330078125,,23.716541290283203,,0.7034467458724976,,40.42478561401367
,5255,,,,,,,,,,1422.357666015625,,22.841400146484375,,0.6855154633522034,,37.71415710449219
,5256,,,,,,,,,,1663.382568359375,,25.062620162963867,,0.7456603050231934,,40.78458786010742
,5257,,,,,,,,,,2116.304443359375,,29.383441925048828,,0.6831077337265015,,46.0033073425293
,5258,,,,,,,,,,2004.80908203125,,29.891307830810547,,0.7091038823127747,,44.77509307861328
,5259,,,,,,,,,,2180.4912109375,,31.834604263305664,,0.6571222543716431,,46.69572830200195
,5260,,,,,,,,,,1695.3670654296875,,27.181032180786133,,0.7052509188652039,,41.174835205078125
,5261,,,,,,,,,,1452.398193359375,,25.66202163696289,,0.6839817762374878,,38.1103401184082
,5262,,,,,,,,,,1005.7050170898438,,16.184396743774414,,0.7887254953384399,,31.712852478027344
,5263,,,,,,,,,,2262.159912109375,,31.49266242980957,,0.6761144399642944,,47.56216812133789
,5264,,,,,,,,,,2574.87353515625,,31.5553035736084,,0.5759413242340088,,50.74320983886719
,5265,,,,,,,,,,1200.5640869140625,,20.25446891784668,,0.7068785429000854,,34.6491584777832
,5266,,,,,,,,,,1235.3206787109375,,20.939254760742188,,0.6820523738861084,,35.14712905883789
,5267,,,,,,,,,,1217.0347900390625,,21.642248153686523,,0.7400809526443481,,34.886024475097656
,5268,,,,,,,,,,1164.37890625,,20.699621200561523,,0.7284210324287415,,34.12299728393555
,5269,,,,,,,,,,1444.9981689453125,,22.89495277404785,,0.750939667224884,,38.01313018798828
,5270,,,,,,,,,,1523.24609375,,23.2733097076416,,0.7273931503295898,,39.028785705566406
,5271,,,,,,,,,,1061.2955322265625,,19.213275909423828,,0.737088680267334,,32.57752990722656
,5272,,,,,,,,,,1377.9693603515625,,22.475936889648438,,0.6708818674087524,,37.121009826660156
,5273,,,,,,,,,,1711.8524169921875,,26.070980072021484,,0.6849039793014526,,41.37453842163086
,5274,,,,,,,,,,1757.7979736328125,,26.045555114746094,,0.7265350222587585,,41.92610168457031
,5275,,,,,,,,,,1556.4034423828125,,22.420547485351562,,0.7640088200569153,,39.45127868652344
,5276,,,,,,,,,,1956.9285888671875,,29.498260498046875,,0.6699361801147461,,44.237186431884766
,5277,,,,,,,,,,1513.576904296875,,23.51261329650879,,0.6887745261192322,,38.90471267700195
,5278,,,,,,,,,,1371.1536865234375,,21.158926010131836,,0.674020528793335,,37.029090881347656
,5279,,,,,,,,,,1522.997802734375,,23.995574951171875,,0.7107468843460083,,39.025604248046875
,5280,,,,,,,,,,1553.582275390625,,22.819931030273438,,0.6986218690872192,,39.41550827026367
,5281,,,,,,,,,,1676.2744140625,,26.923154830932617,,0.6775510907173157,,40.94232940673828
,5282,,,,,,,,,,1478.9010009765625,,23.257051467895508,,0.7400185465812683,,38.45648193359375
,5283,,,,,,,,,,1864.7347412109375,,29.498842239379883,,0.6776737570762634,,43.18257141113281
,5284,,,,,,,,,,1765.0914306640625,,28.323564529418945,,0.6523947715759277,,42.01299285888672
,5285,,,,,,,,,,2604.06494140625,,35.58209228515625,,0.6826546788215637,,51.0300407409668
,5286,,,,,,,,,,1318.8009033203125,,21.033281326293945,,0.746444821357727,,36.3152961730957
,5287,,,,,,,,,,1787.1351318359375,,26.182537078857422,,0.7345542907714844,,42.27452087402344
,5288,,,,,,,,,,1797.2191162109375,,28.728748321533203,,0.6800463199615479,,42.393619537353516
,5289,,,,,,,,,,1446.46533203125,,22.434757232666016,,0.7793378829956055,,38.03242492675781
,5290,,,,,,,,,,1435.15771484375,,23.98431396484375,,0.6850613355636597,,37.88347244262695
,5291,,,,,,,,,,1656.138427734375,,27.71297264099121,,0.715083122253418,,40.695682525634766
,5292,,,,,,,,,,1138.8358154296875,,22.69792366027832,,0.623741626739502,,33.74664306640625
,5293,,,,,,,,,,1220.6455078125,,20.926006317138672,,0.7548797130584717,,34.93773651123047
,5294,,,,,,,,,,1592.1185302734375,,24.76617431640625,,0.6649953126907349,,39.901363372802734
,5295,,,,,,,,,,1831.220947265625,,27.135828018188477,,0.7143948078155518,,42.79276657104492
,5296,,,,,,,,,,1420.2955322265625,,22.360666275024414,,0.7727904319763184,,37.68680953979492
,5297,,,,,,,,,,2527.10205078125,,31.317291259765625,,0.6671701669692993,,50.27029037475586
,5298,,,,,,,,,,2080.02880859375,,30.3692626953125,,0.7012530565261841,,45.60733413696289
,5299,,,,,,,,,,1851.0391845703125,,28.331220626831055,,0.6568992137908936,,43.023704528808594
,5300,,,,,,,,,,1347.8291015625,,23.289094924926758,,0.7157915234565735,,36.71279525756836
,5301,,,,,,,,,,1672.70556640625,,24.49067497253418,,0.7386160492897034,,40.89872360229492
,5302,,,,,,,,,,1606.2506103515625,,26.445314407348633,,0.7097979187965393,,40.07805633544922
,5303,,,,,,,,,,1403.1033935546875,,22.525726318359375,,0.7662228345870972,,37.4580192565918
,5304,,,,,,,,,,2097.169677734375,,27.124755859375,,0.7040368318557739,,45.794864654541016
,5305,,,,,,,,,,1662.806884765625,,26.42899513244629,,0.7324251532554626,,40.777530670166016
,5306,,,,,,,,,,1306.2806396484375,,21.545948028564453,,0.7387562394142151,,36.14250183105469
,5307,,,,,,,,,,1645.967529296875,,25.64417839050293,,0.7179572582244873,,40.570526123046875
,5308,,,,,,,,,,2234.226806640625,,32.00503158569336,,0.6861619353294373,,47.267608642578125
,5309,,,,,,,,,,2229.214599609375,,32.466461181640625,,0.6247109174728394,,47.21455764770508
,5310,,,,,,,,,,1757.5250244140625,,26.868057250976562,,0.6910887956619263,,41.922847747802734
,5311,,,,,,,,,,1702.42724609375,,24.370126724243164,,0.7324061989784241,,41.26047897338867
,5312,,,,,,,,,,1907.234130859375,,28.735424041748047,,0.6146933436393738,,43.67189025878906
,5313,,,,,,,,,,1298.0787353515625,,22.092960357666016,,0.7708430290222168,,36.02885818481445
,5314,,,,,,,,,,1449.7327880859375,,23.643043518066406,,0.7452090382575989,,38.075355529785156
,5315,,,,,,,,,,1735.4639892578125,,25.36377716064453,,0.6360358595848083,,41.65890121459961
,5316,,,,,,,,,,3249.633544921875,,41.47842788696289,,0.6148272752761841,,57.005558013916016
,5317,,,,,,,,,,1594.9306640625,,23.189464569091797,,0.7013527154922485,,39.936580657958984
,5318,,,,,,,,,,2365.335205078125,,31.3215274810791,,0.7190786600112915,,48.63471603393555
,5319,,,,,,,,,,1639.7418212890625,,25.127145767211914,,0.7140499353408813,,40.49372863769531
,5320,,,,,,,,,,1301.98193359375,,21.369722366333008,,0.6851816177368164,,36.082984924316406
,5321,,,,,,,,,,1809.1533203125,,28.172515869140625,,0.6525133848190308,,42.534141540527344
,5322,,,,,,,,,,1365.50927734375,,22.761159896850586,,0.7789149284362793,,36.952796936035156
,5323,,,,,,,,,,2692.447265625,,32.42216491699219,,0.695369303226471,,51.888797760009766
,5324,,,,,,,,,,1688.5584716796875,,25.278289794921875,,0.6420792937278748,,41.092071533203125
,5325,,,,,,,,,,876.285888671875,,17.500913619995117,,0.6939502954483032,,29.602127075195312
,5326,,,,,,,,,,1738.3115234375,,23.185514450073242,,0.7123606204986572,,41.69306182861328
,5327,,,,,,,,,,1140.574462890625,,17.040590286254883,,0.6935574412345886,,33.77239227294922
,5328,,,,,,,,,,2068.924072265625,,29.24762725830078,,0.7085258960723877,,45.48542785644531
,5329,,,,,,,,,,2077.3994140625,,30.03030014038086,,0.6550765037536621,,45.57849884033203
,5330,,,,,,,,,,1767.4757080078125,,26.930444717407227,,0.6908141374588013,,42.041358947753906
,5331,,,,,,,,,,1775.6024169921875,,26.140174865722656,,0.7073929309844971,,42.13789749145508
,5332,,,,,,,,,,1326.478271484375,,20.336727142333984,,0.7275252938270569,,36.42084884643555
,5333,,,,,,,,,,2425.8837890625,,30.207691192626953,,0.6943127512931824,,49.25326156616211
,5334,,,,,,,,,,2249.39501953125,,31.347850799560547,,0.6989635825157166,,47.427791595458984
,5335,,,,,,,,,,1774.4324951171875,,25.986980438232422,,0.6651512384414673,,42.1240119934082
,5336,,,,,,,,,,1631.3427734375,,26.020498275756836,,0.7141714096069336,,40.38988494873047
,5337,,,,,,,,,,1834.0924072265625,,29.584375381469727,,0.5870100259780884,,42.8263053894043
,5338,,,,,,,,,,985.2591552734375,,17.478404998779297,,0.7131968140602112,,31.388837814331055
,5339,,,,,,,,,,1170.4674072265625,,20.415679931640625,,0.7062524557113647,,34.212093353271484
,5340,,,,,,,,,,1326.6568603515625,,22.339309692382812,,0.7021571397781372,,36.423301696777344
,5341,,,,,,,,,,1189.3468017578125,,21.119577407836914,,0.7645978927612305,,34.486907958984375
,5342,,,,,,,,,,1480.4339599609375,,24.2008113861084,,0.6822677850723267,,38.47640609741211
,5343,,,,,,,,,,3631.920654296875,,34.593109130859375,,0.5916330814361572,,60.26541519165039
,5344,,,,,,,,,,960.3541259765625,,15.42857837677002,,0.6883211135864258,,30.989580154418945
,5345,,,,,,,,,,1416.489013671875,,24.42101287841797,,0.6426929235458374,,37.63627243041992
,5346,,,,,,,,,,1753.5374755859375,,28.028331756591797,,0.6426283121109009,,41.87525939941406
,5347,,,,,,,,,,1881.6351318359375,,30.358665466308594,,0.6725332140922546,,43.3778190612793
,5348,,,,,,,,,,1560.4215087890625,,27.235023498535156,,0.6622433066368103,,39.50217056274414
,5349,,,,,,,,,,1442.113037109375,,24.043701171875,,0.7726698517799377,,37.975162506103516
,5350,,,,,,,,,,1065.4686279296875,,19.346742630004883,,0.7351870536804199,,32.641517639160156
,5351,,,,,,,,,,1312.2529296875,,20.362632751464844,,0.7696884274482727,,36.225032806396484
,5352,,,,,,,,,,1792.5677490234375,,28.80813980102539,,0.7360905408859253,,42.33872604370117
,5353,,,,,,,,,,1423.7607421875,,23.209318161010742,,0.7711925506591797,,37.732757568359375
,5354,,,,,,,,,,1289.839111328125,,21.2828369140625,,0.6818696856498718,,35.914329528808594
,5355,,,,,,,,,,1911.8377685546875,,28.92732048034668,,0.6993234157562256,,43.72456741333008
,5356,,,,,,,,,,1471.534423828125,,23.644750595092773,,0.7229939699172974,,38.3605842590332
,5357,,,,,,,,,,1600.99755859375,,25.822784423828125,,0.659076452255249,,40.01246643066406
,5358,,,,,,,,,,1537.672607421875,,23.626310348510742,,0.7008176445960999,,39.21316909790039
,5359,,,,,,,,,,1363.9935302734375,,20.159496307373047,,0.6838828325271606,,36.932281494140625
,5360,,,,,,,,,,1318.783935546875,,21.640533447265625,,0.7851346135139465,,36.3150634765625
,5361,,,,,,,,,,1969.62353515625,,28.73892593383789,,0.6846733689308167,,44.38043975830078
,5362,,,,,,,,,,1797.620849609375,,25.078258514404297,,0.7393622398376465,,42.39835739135742
,5363,,,,,,,,,,1842.3448486328125,,28.572532653808594,,0.6929984092712402,,42.922542572021484
,5364,,,,,,,,,,1994.366943359375,,27.900264739990234,,0.6887384653091431,,44.6583366394043
,5365,,,,,,,,,,1108.200439453125,,18.31511878967285,,0.723401665687561,,33.28964614868164
,5366,,,,,,,,,,1693.8687744140625,,24.71017837524414,,0.7190858125686646,,41.15663528442383
,5367,,,,,,,,,,2375.405029296875,,33.34318923950195,,0.604802131652832,,48.738128662109375
,5368,,,,,,,,,,1404.3243408203125,,21.686790466308594,,0.680282711982727,,37.47431564331055
,5369,,,,,,,,,,1662.9815673828125,,24.021034240722656,,0.719166100025177,,40.77967071533203
,5370,,,,,,,,,,1587.14111328125,,24.45953941345215,,0.6456456780433655,,39.83893966674805
,5371,,,,,,,,,,2090.21875,,30.725175857543945,,0.6716222167015076,,45.718910217285156
,5372,,,,,,,,,,1662.71533203125,,27.073871612548828,,0.7059435844421387,,40.776405334472656
,5373,,,,,,,,,,2113.16064453125,,29.750577926635742,,0.7333289384841919,,45.9691276550293
,5374,,,,,,,,,,1865.4273681640625,,28.49518585205078,,0.6603490114212036,,43.19059371948242
,5375,,,,,,,,,,1627.4017333984375,,22.925949096679688,,0.7510395646095276,,40.341068267822266
,5376,,,,,,,,,,1489.65087890625,,21.75491714477539,,0.7125909328460693,,38.59599304199219
,5377,,,,,,,,,,1394.5772705078125,,23.23035430908203,,0.6787981986999512,,37.34403991699219
,5378,,,,,,,,,,1784.75830078125,,25.96001625061035,,0.6791800856590271,,42.24639892578125
,5379,,,,,,,,,,2387.032958984375,,33.030059814453125,,0.6570475101470947,,48.85727310180664
,5380,,,,,,,,,,1256.2901611328125,,22.565065383911133,,0.6282956600189209,,35.444183349609375
,5381,,,,,,,,,,1691.6845703125,,25.726566314697266,,0.7317927479743958,,41.13009262084961
,5382,,,,,,,,,,1469.3648681640625,,22.734983444213867,,0.6358281373977661,,38.33229446411133
,5383,,,,,,,,,,1999.8963623046875,,29.82437515258789,,0.681175708770752,,44.72019958496094
,5384,,,,,,,,,,1396.6429443359375,,24.040952682495117,,0.6803556680679321,,37.37168502807617
,5385,,,,,,,,,,1295.0191650390625,,21.81694793701172,,0.7371103167533875,,35.98637390136719
,5386,,,,,,,,,,1804.3160400390625,,24.879669189453125,,0.7501072883605957,,42.47724151611328
,5387,,,,,,,,,,1609.6632080078125,,25.671127319335938,,0.7157189249992371,,40.120609283447266
,5388,,,,,,,,,,1584.3663330078125,,24.069446563720703,,0.7540866136550903,,39.804100036621094
,5389,,,,,,,,,,880.6719970703125,,15.558415412902832,,0.8151161074638367,,29.676118850708008
34,16169,,,,,,,,,1674.79052734375,,25.307796478271484,,0.7007960081100464,,40.62980651855469,
34,16169,1548.371826171875,,24.311506271362305,,0.7117790579795837,,39.09275817871094,,,,,,,,,
35,16199,,1602.1268310546875,,24.055742263793945,,0.7139648199081421,,40.02657699584961,,,,,,,,
35,16249,,1597.56103515625,,22.795129776000977,,0.7232853770256042,,39.96950149536133,,,,,,,,
35,16299,,2055.4443359375,,29.351648330688477,,0.7314593195915222,,45.33700942993164,,,,,,,,
35,16349,,1603.5740966796875,,22.390806198120117,,0.7364120483398438,,40.04465103149414,,,,,,,,
35,16399,,2013.6966552734375,,28.436378479003906,,0.6246746778488159,,44.874229431152344,,,,,,,,
35,16449,,1300.3701171875,,19.855215072631836,,0.7438491582870483,,36.06064224243164,,,,,,,,
35,16499,,1180.2247314453125,,22.55864143371582,,0.7676966786384583,,34.354400634765625,,,,,,,,
35,16549,,991.37109375,,17.239376068115234,,0.7290666699409485,,31.486047744750977,,,,,,,,
35,16599,,1343.692138671875,,22.359703063964844,,0.7325183153152466,,36.65640640258789,,,,,,,,
,5390,,,,,,,,,,2242.5205078125,,27.430404663085938,,0.7107537388801575,,47.35525894165039
,5391,,,,,,,,,,1818.098388671875,,24.350027084350586,,0.7300944328308105,,42.639163970947266
,5392,,,,,,,,,,2028.4219970703125,,29.445764541625977,,0.6873494982719421,,45.03800582885742
,5393,,,,,,,,,,2155.411376953125,,30.01730728149414,,0.6587862968444824,,46.42640686035156
,5394,,,,,,,,,,1936.603271484375,,24.492544174194336,,0.6742686629295349,,44.00685501098633
,5395,,,,,,,,,,1825.2850341796875,,26.943836212158203,,0.6326777935028076,,42.72335433959961
,5396,,,,,,,,,,1356.314453125,,20.945987701416016,,0.7140271067619324,,36.82817459106445
,5397,,,,,,,,,,1933.8951416015625,,26.637361526489258,,0.720291793346405,,43.97607421875
,5398,,,,,,,,,,2241.06787109375,,33.824771881103516,,0.5851381421089172,,47.33992004394531
,5399,,,,,,,,,,1222.024658203125,,21.03978157043457,,0.6954267024993896,,34.95746994018555
,5400,,,,,,,,,,1416.837158203125,,20.29676628112793,,0.735903263092041,,37.64089584350586
,5401,,,,,,,,,,1838.170654296875,,27.50074577331543,,0.7129606604576111,,42.87389373779297
,5402,,,,,,,,,,1753.150146484375,,26.588563919067383,,0.7581990361213684,,41.870635986328125
,5403,,,,,,,,,,1276.4107666015625,,22.646753311157227,,0.7499281167984009,,35.726890563964844
,5404,,,,,,,,,,1191.061767578125,,19.027692794799805,,0.7555792331695557,,34.51176452636719
,5405,,,,,,,,,,1648.4580078125,,27.218765258789062,,0.6920429468154907,,40.6012077331543
,5406,,,,,,,,,,1730.2791748046875,,23.267852783203125,,0.7464632987976074,,41.59662628173828
,5407,,,,,,,,,,1360.9154052734375,,19.77480697631836,,0.7323501110076904,,36.890586853027344
,5408,,,,,,,,,,1606.4161376953125,,23.53807258605957,,0.708482027053833,,40.08012008666992
,5409,,,,,,,,,,1432.26416015625,,22.913583755493164,,0.6833251714706421,,37.84526443481445
,5410,,,,,,,,,,1668.959716796875,,25.1005859375,,0.7448075413703918,,40.8529052734375
,5411,,,,,,,,,,2104.07421875,,29.249191284179688,,0.6849390268325806,,45.87018966674805
,5412,,,,,,,,,,1995.17626953125,,29.7384090423584,,0.7105015516281128,,44.667396545410156
,5413,,,,,,,,,,2213.795654296875,,32.09649658203125,,0.6518852114677429,,47.05099105834961
,5414,,,,,,,,,,1691.7779541015625,,27.13561248779297,,0.7058749198913574,,41.1312255859375
,5415,,,,,,,,,,1452.0682373046875,,25.597339630126953,,0.6840535402297974,,38.106014251708984
,5416,,,,,,,,,,995.349365234375,,16.129377365112305,,0.7909010052680969,,31.549158096313477
,5417,,,,,,,,,,2222.334228515625,,31.18714714050293,,0.6818165183067322,,47.141639709472656
,5418,,,,,,,,,,2635.310546875,,31.686614990234375,,0.5659879446029663,,51.33527755737305
,5419,,,,,,,,,,1207.409912109375,,20.228893280029297,,0.705207109451294,,34.747802734375
,5420,,,,,,,,,,1236.7154541015625,,20.921714782714844,,0.6816933751106262,,35.16696548461914
,5421,,,,,,,,,,1188.20703125,,21.294885635375977,,0.7462376356124878,,34.47037887573242
,5422,,,,,,,,,,1171.81982421875,,20.780391693115234,,0.7266855239868164,,34.23185348510742
,5423,,,,,,,,,,1466.2747802734375,,23.03900718688965,,0.7472724318504333,,38.291969299316406
,5424,,,,,,,,,,1506.1087646484375,,23.06842803955078,,0.7304601669311523,,38.80862045288086
,5425,,,,,,,,,,1068.07275390625,,19.1422176361084,,0.7354097366333008,,32.68138122558594
,5426,,,,,,,,,,1412.9765625,,22.737411499023438,,0.6625206470489502,,37.58958053588867
,5427,,,,,,,,,,1712.391357421875,,26.1054744720459,,0.6848047971725464,,41.38105010986328
,5428,,,,,,,,,,1748.5545654296875,,25.98579978942871,,0.7279730439186096,,41.81571960449219
,5429,,,,,,,,,,1553.3330078125,,22.240942001342773,,0.7644743919372559,,39.41234588623047
,5430,,,,,,,,,,1946.03759765625,,29.455577850341797,,0.6717731356620789,,44.113914489746094
,5431,,,,,,,,,,1508.7630615234375,,23.424436569213867,,0.6897643804550171,,38.842796325683594
,5432,,,,,,,,,,1353.8048095703125,,20.906139373779297,,0.6781450510025024,,36.79408645629883
,5433,,,,,,,,,,1515.679443359375,,23.916419982910156,,0.7121367454528809,,38.93172836303711
,5434,,,,,,,,,,1557.44580078125,,22.810029983520508,,0.6978724002838135,,39.4644889831543
,5435,,,,,,,,,,1672.2984619140625,,26.882537841796875,,0.6783158779144287,,40.89374542236328
,5436,,,,,,,,,,1496.5872802734375,,23.348360061645508,,0.7369093894958496,,38.68574905395508
,5437,,,,,,,,,,1854.3333740234375,,29.375980377197266,,0.6794716119766235,,43.06196975708008
,5438,,,,,,,,,,1777.84375,,28.382755279541016,,0.6498833894729614,,42.164485931396484
,5439,,,,,,,,,,2633.87890625,,35.78782272338867,,0.6790213584899902,,51.321327209472656
,5440,,,,,,,,,,1320.9842529296875,,20.976707458496094,,0.746025025844574,,36.3453483581543
,5441,,,,,,,,,,1752.362548828125,,25.965667724609375,,0.7397190928459167,,41.861228942871094
,5442,,,,,,,,,,1805.4273681640625,,28.852550506591797,,0.6785850524902344,,42.49032211303711
,5443,,,,,,,,,,1461.34765625,,22.414918899536133,,0.7770675420761108,,38.227577209472656
,5444,,,,,,,,,,1435.3289794921875,,23.926044464111328,,0.6850237250328064,,37.88573455810547
,5445,,,,,,,,,,1638.18115234375,,27.50817108154297,,0.7181724309921265,,40.474449157714844
,5446,,,,,,,,,,1124.58251953125,,22.433197021484375,,0.6284507513046265,,33.534793853759766
,5447,,,,,,,,,,1217.9268798828125,,20.841739654541016,,0.7554256319999695,,34.89881134033203
,5448,,,,,,,,,,1596.57275390625,,24.73101043701172,,0.6640580892562866,,39.95713806152344
,5449,,,,,,,,,,1880.732177734375,,27.367563247680664,,0.7066727876663208,,43.367408752441406
,5450,,,,,,,,,,1423.7030029296875,,22.381786346435547,,0.7722453474998474,,37.73198699951172
,5451,,,,,,,,,,2532.75732421875,,31.40717315673828,,0.666425347328186,,50.326507568359375
,5452,,,,,,,,,,2077.469482421875,,30.399972915649414,,0.7016206383705139,,45.57926559448242
,5453,,,,,,,,,,1838.5875244140625,,28.235061645507812,,0.6592072248458862,,42.878753662109375
,5454,,,,,,,,,,1338.3648681640625,,23.2103214263916,,0.7177872061729431,,36.58367156982422
,5455,,,,,,,,,,1672.8355712890625,,24.538694381713867,,0.738595724105835,,40.90031433105469
,5456,,,,,,,,,,1595.75634765625,,26.330707550048828,,0.7116938829421997,,39.94691848754883
,5457,,,,,,,,,,1398.1796875,,22.427825927734375,,0.7670432329177856,,37.392242431640625
,5458,,,,,,,,,,2106.008544921875,,27.15859603881836,,0.7027894854545593,,45.89126968383789
,5459,,,,,,,,,,1680.4652099609375,,26.638063430786133,,0.7295836210250854,,40.99347686767578
,5460,,,,,,,,,,1295.4268798828125,,21.353025436401367,,0.7409268617630005,,35.99203872680664
,5461,,,,,,,,,,1649.8250732421875,,25.642030715942383,,0.7172962427139282,,40.6180419921875
,5462,,,,,,,,,,2250.37255859375,,32.01530075073242,,0.6838939189910889,,47.43809127807617
,5463,,,,,,,,,,2192.9716796875,,32.19562530517578,,0.630812406539917,,46.82917785644531
,5464,,,,,,,,,,1753.297119140625,,26.853137969970703,,0.6918319463729858,,41.87239074707031
,5465,,,,,,,,,,1703.0128173828125,,24.454242706298828,,0.7323141098022461,,41.267574310302734
,5466,,,,,,,,,,1924.9522705078125,,28.811084747314453,,0.6111139059066772,,43.8742790222168
,5467,,,,,,,,,,1298.6949462890625,,21.988609313964844,,0.7707342505455017,,36.037410736083984
,5468,,,,,,,,,,1468.54345703125,,23.83725929260254,,0.7419030666351318,,38.32157897949219
,5469,,,,,,,,,,1755.89306640625,,25.4370174407959,,0.6317514181137085,,41.903377532958984
,5470,,,,,,,,,,3282.569091796875,,41.65731430053711,,0.6109235286712646,,57.29370880126953
,5471,,,,,,,,,,1608.1885986328125,,23.222261428833008,,0.6988701820373535,,40.10222625732422
,5472,,,,,,,,,,2376.42236328125,,31.315370559692383,,0.7177618741989136,,48.74856185913086
,5473,,,,,,,,,,1615.7357177734375,,24.97941780090332,,0.7182363271713257,,40.19621658325195
,5474,,,,,,,,,,1307.0621337890625,,21.362144470214844,,0.6839531660079956,,36.15331268310547
,5475,,,,,,,,,,1785.029296875,,27.954402923583984,,0.6571469306945801,,42.24960708618164
,5476,,,,,,,,,,1358.3109130859375,,22.6162052154541,,0.7800804376602173,,36.85527038574219
,5477,,,,,,,,,,2728.177734375,,32.51636505126953,,0.6913266777992249,,52.23196029663086
,5478,,,,,,,,,,1676.318359375,,25.115137100219727,,0.6446738243103027,,40.942867279052734
,5479,,,,,,,,,,881.71923828125,,17.527793884277344,,0.6920527219772339,,29.693758010864258
,5480,,,,,,,,,,1732.0108642578125,,23.212203979492188,,0.7134032249450684,,41.617435455322266
,5481,,,,,,,,,,1182.6024169921875,,17.154939651489258,,0.6822656393051147,,34.38898849487305
,5482,,,,,,,,,,2060.677734375,,29.18663215637207,,0.7096876502037048,,45.39468765258789
,5483,,,,,,,,,,2048.38037109375,,29.84205436706543,,0.6598947048187256,,45.259037017822266
,5484,,,,,,,,,,1751.1025390625,,26.76323890686035,,0.6936783194541931,,41.84617614746094
,5485,,,,,,,,,,1743.177734375,,25.896757125854492,,0.7127363085746765,,41.751380920410156
,5486,,,,,,,,,,1321.9908447265625,,20.33725357055664,,0.7284470796585083,,36.35919189453125
,5487,,,,,,,,,,2490.933837890625,,30.452198028564453,,0.6861157417297363,,49.90925598144531
,5488,,,,,,,,,,2247.308837890625,,31.358680725097656,,0.6992427706718445,,47.405792236328125
,5489,,,,,,,,,,1778.0711669921875,,25.969804763793945,,0.6644645929336548,,42.16718292236328
,5490,,,,,,,,,,1622.5538330078125,,25.93560218811035,,0.7157112956047058,,40.28093719482422
,5491,,,,,,,,,,1821.4833984375,,29.370012283325195,,0.5898492336273193,,42.67884063720703
,5492,,,,,,,,,,981.7325439453125,,17.440750122070312,,0.7142233848571777,,31.332611083984375
,5493,,,,,,,,,,1178.85986328125,,20.454858779907227,,0.704146146774292,,34.334529876708984
,5494,,,,,,,,,,1336.1326904296875,,22.390111923217773,,0.7000297904014587,,36.55315017700195
,5495,,,,,,,,,,1211.2249755859375,,21.208084106445312,,0.7602676153182983,,34.80265808105469
,5496,,,,,,,,,,1496.847412109375,,24.266889572143555,,0.6787451505661011,,38.689109802246094
,5497,,,,,,,,,,3653.31787109375,,34.94673156738281,,0.5892271995544434,,60.442684173583984
,5498,,,,,,,,,,950.8130493164062,,15.136650085449219,,0.6914176940917969,,30.835256576538086
,5499,,,,,,,,,,1413.3323974609375,,24.28377914428711,,0.6434891819953918,,37.59431457519531
,5500,,,,,,,,,,1753.445556640625,,27.930505752563477,,0.6426470279693604,,41.87416458129883
,5501,,,,,,,,,,1880.6683349609375,,30.352174758911133,,0.6727014780044556,,43.36667251586914
,5502,,,,,,,,,,1571.6446533203125,,27.2348575592041,,0.6598140001296997,,39.64397430419922
,5503,,,,,,,,,,1442.012451171875,,23.96169662475586,,0.7726857662200928,,37.973838806152344
,5504,,,,,,,,,,1070.482177734375,,19.467693328857422,,0.7339410185813904,,32.718223571777344
,5505,,,,,,,,,,1327.3231201171875,,20.401782989501953,,0.7670434713363647,,36.43244552612305
,5506,,,,,,,,,,1808.1226806640625,,29.021381378173828,,0.73380047082901,,42.52202606201172
,5507,,,,,,,,,,1425.0760498046875,,23.218271255493164,,0.7709811925888062,,37.750179290771484
,5508,,,,,,,,,,1273.578857421875,,21.143709182739258,,0.685880184173584,,35.68723678588867
,5509,,,,,,,,,,1849.504150390625,,28.341171264648438,,0.7091266512870789,,43.005859375
,5510,,,,,,,,,,1463.1527099609375,,23.47731590270996,,0.7245718240737915,,38.25117874145508
,5511,,,,,,,,,,1610.21142578125,,25.84920310974121,,0.6571143865585327,,40.12744140625
,5512,,,,,,,,,,1514.470947265625,,23.377716064453125,,0.7053319215774536,,38.916202545166016
,5513,,,,,,,,,,1360.7982177734375,,19.980979919433594,,0.6846233606338501,,36.88899612426758
,5514,,,,,,,,,,1326.210693359375,,21.734403610229492,,0.7839245796203613,,36.41717529296875
,5515,,,,,,,,,,1922.1737060546875,,28.405263900756836,,0.6922698020935059,,43.84260177612305
,5516,,,,,,,,,,1770.09130859375,,24.86151695251465,,0.7433537840843201,,42.072452545166016
,5517,,,,,,,,,,1837.3623046875,,28.424156188964844,,0.6938287019729614,,42.864463806152344
,5518,,,,,,,,,,1956.03076171875,,27.597620010375977,,0.6947216391563416,,44.22703552246094
,5519,,,,,,,,,,1110.2763671875,,18.26367950439453,,0.7228834629058838,,33.32080841064453
,5520,,,,,,,,,,1671.5302734375,,24.53399085998535,,0.7227904200553894,,40.88435363769531
,5521,,,,,,,,,,2325.24365234375,,32.8989372253418,,0.613147497177124,,48.22077941894531
,5522,,,,,,,,,,1409.113037109375,,21.691049575805664,,0.6791925430297852,,37.53815460205078
,5523,,,,,,,,,,1669.9041748046875,,24.024246215820312,,0.7179970741271973,,40.86445999145508
,5524,,,,,,,,,,1586.01513671875,,24.414901733398438,,0.6458970308303833,,39.824806213378906
,5525,,,,,,,,,,2083.57470703125,,30.670576095581055,,0.672666072845459,,45.64618682861328
,5526,,,,,,,,,,1643.3297119140625,,26.887554168701172,,0.7093720436096191,,40.538002014160156
,5527,,,,,,,,,,2142.609130859375,,29.905752182006836,,0.7296127080917358,,46.288326263427734
,5528,,,,,,,,,,1857.0179443359375,,28.30084228515625,,0.6618801951408386,,43.09313201904297
,5529,,,,,,,,,,1626.3167724609375,,22.89931869506836,,0.751205563545227,,40.32761764526367
,5530,,,,,,,,,,1487.389892578125,,21.732114791870117,,0.7130271792411804,,38.56669235229492
,5531,,,,,,,,,,1380.6668701171875,,23.1506404876709,,0.682002067565918,,37.157325744628906
,5532,,,,,,,,,,1770.6778564453125,,25.858091354370117,,0.6817110776901245,,42.07942581176758
,5533,,,,,,,,,,2389.728271484375,,32.925514221191406,,0.656660258769989,,48.88484573364258
,5534,,,,,,,,,,1252.55908203125,,22.45637321472168,,0.6293996572494507,,35.391510009765625
,5535,,,,,,,,,,1705.9022216796875,,25.756851196289062,,0.72953861951828,,41.30256652832031
,5536,,,,,,,,,,1460.6807861328125,,22.691328048706055,,0.6379803419113159,,38.21885299682617
,5537,,,,,,,,,,2009.9937744140625,,29.911020278930664,,0.6795660257339478,,44.83295440673828
,5538,,,,,,,,,,1404.8206787109375,,24.101459503173828,,0.6784840822219849,,37.48093795776367
,5539,,,,,,,,,,1286.3233642578125,,21.710189819335938,,0.7388755679130554,,35.86534881591797
,5540,,,,,,,,,,1824.3121337890625,,25.050565719604492,,0.7473379373550415,,42.71196746826172
,5541,,,,,,,,,,1590.632080078125,,25.492969512939453,,0.7190799713134766,,39.88273239135742
,5542,,,,,,,,,,1587.0906982421875,,24.047710418701172,,0.7536637783050537,,39.83830642700195
,5543,,,,,,,,,,888.0833740234375,,15.707797050476074,,0.8135602474212646,,29.80072784423828
35,16631,,,,,,,,,1674.91259765625,,25.273508071899414,,0.7008402347564697,,40.62912368774414,
35,16631,1539.9996337890625,,24.194717407226562,,0.7146425247192383,,38.96298599243164,,,,,,,,,
36,16649,,1195.56298828125,,20.20639991760254,,0.7116312980651855,,34.5769157409668,,,,,,,,
36,16699,,1319.76953125,,21.22093391418457,,0.7705828547477722,,36.32863235473633,,,,,,,,
36,16749,,1896.890380859375,,27.807775497436523,,0.6918455362319946,,43.553306579589844,,,,,,,,
36,16799,,1204.054443359375,,19.829809188842773,,0.6913657784461975,,34.699485778808594,,,,,,,,
36,16849,,1018.4981079101562,,19.50303077697754,,0.7489861845970154,,31.913917541503906,,,,,,,,
36,16899,,1578.5762939453125,,23.932525634765625,,0.6510379314422607,,39.731300354003906,,,,,,,,
36,16949,,1076.0587158203125,,17.399303436279297,,0.6940970420837402,,32.8033332824707,,,,,,,,
36,16999,,1130.7894287109375,,20.13866424560547,,0.6328271627426147,,33.62721252441406,,,,,,,,
36,17049,,1292.6527099609375,,21.224639892578125,,0.6926302909851074,,35.9534797668457,,,,,,,,
,5544,,,,,,,,,,2171.52099609375,,27.13222312927246,,0.7199114561080933,,46.59958267211914
,5545,,,,,,,,,,1786.926513671875,,24.190397262573242,,0.7347220182418823,,42.272056579589844
,5546,,,,,,,,,,2065.18408203125,,29.66776466369629,,0.6816831827163696,,45.444297790527344
,5547,,,,,,,,,,2141.591796875,,29.99550437927246,,0.6609740257263184,,46.27733612060547
,5548,,,,,,,,,,1887.5091552734375,,24.251941680908203,,0.6825261116027832,,43.44547653198242
,5549,,,,,,,,,,1833.0928955078125,,27.021873474121094,,0.6311065554618835,,42.814632415771484
,5550,,,,,,,,,,1348.3631591796875,,20.93091583251953,,0.7157036066055298,,36.72006607055664
,5551,,,,,,,,,,1914.6304931640625,,26.50841522216797,,0.7230781316757202,,43.756492614746094
,5552,,,,,,,,,,2221.720458984375,,33.7203254699707,,0.5887197256088257,,47.135128021240234
,5553,,,,,,,,,,1232.76611328125,,21.069252014160156,,0.6927495002746582,,35.11076736450195
,5554,,,,,,,,,,1402.7530517578125,,20.305431365966797,,0.7385284900665283,,37.453346252441406
,5555,,,,,,,,,,1804.226806640625,,27.3582763671875,,0.7182611227035522,,42.476192474365234
,5556,,,,,,,,,,1757.0721435546875,,26.579051971435547,,0.757658064365387,,41.91744613647461
,5557,,,,,,,,,,1270.30859375,,22.544618606567383,,0.7511236071586609,,35.641387939453125
,5558,,,,,,,,,,1187.0638427734375,,19.056686401367188,,0.7563996315002441,,34.453792572021484
,5559,,,,,,,,,,1650.652587890625,,27.303800582885742,,0.6916329860687256,,40.62822723388672
,5560,,,,,,,,,,1706.698486328125,,23.081497192382812,,0.7499185800552368,,41.31220626831055
,5561,,,,,,,,,,1344.4678955078125,,19.72282600402832,,0.7355848550796509,,36.66698455810547
,5562,,,,,,,,,,1611.036376953125,,23.597936630249023,,0.7076435685157776,,40.137718200683594
,5563,,,,,,,,,,1417.415771484375,,22.7757568359375,,0.686608076095581,,37.648582458496094
,5564,,,,,,,,,,1723.4755859375,,25.459217071533203,,0.7364717721939087,,41.51476287841797
,5565,,,,,,,,,,2086.468017578125,,29.17824363708496,,0.6875753402709961,,45.67787170410156
,5566,,,,,,,,,,1989.6585693359375,,29.75179672241211,,0.7113022208213806,,44.6055908203125
,5567,,,,,,,,,,2165.516845703125,,31.739614486694336,,0.6594769954681396,,46.53511428833008
,5568,,,,,,,,,,1682.5140380859375,,27.049407958984375,,0.707485556602478,,41.01845932006836
,5569,,,,,,,,,,1457.9852294921875,,25.643505096435547,,0.6827661395072937,,38.18357467651367
,5570,,,,,,,,,,984.599853515625,,15.98673152923584,,0.7931592464447021,,31.378334045410156
,5571,,,,,,,,,,2276.873291015625,,31.547216415405273,,0.6740078926086426,,47.71659469604492
,5572,,,,,,,,,,2573.883056640625,,31.49596405029297,,0.5761045217514038,,50.73345184326172
,5573,,,,,,,,,,1205.6861572265625,,20.261245727539062,,0.7056279182434082,,34.722991943359375
,5574,,,,,,,,,,1234.7650146484375,,20.985198974609375,,0.6821954250335693,,35.139225006103516
,5575,,,,,,,,,,1202.2735595703125,,21.444366455078125,,0.7432334423065186,,34.6738166809082
,5576,,,,,,,,,,1179.033203125,,20.77229118347168,,0.7250030636787415,,34.33705139160156
,5577,,,,,,,,,,1442.396240234375,,22.883403778076172,,0.7513881325721741,,37.9788932800293
,5578,,,,,,,,,,1508.5501708984375,,23.19386100769043,,0.730023205280304,,38.84006118774414
,5579,,,,,,,,,,1060.900634765625,,19.088167190551758,,0.7371864914894104,,32.571468353271484
,5580,,,,,,,,,,1399.0667724609375,,22.668914794921875,,0.6658428907394409,,37.40410232543945
,5581,,,,,,,,,,1686.540771484375,,25.890483856201172,,0.6895630359649658,,41.0675163269043
,5582,,,,,,,,,,1755.0076904296875,,26.0239315032959,,0.7269691228866577,,41.8928108215332
,5583,,,,,,,,,,1546.1102294921875,,22.296628952026367,,0.7655695676803589,,39.32061004638672
,5584,,,,,,,,,,1936.759033203125,,29.362903594970703,,0.6733381152153015,,44.00862503051758
,5585,,,,,,,,,,1497.9354248046875,,23.455322265625,,0.6919907331466675,,38.70317077636719
,5586,,,,,,,,,,1354.811279296875,,21.007545471191406,,0.677905797958374,,36.807762145996094
,5587,,,,,,,,,,1510.9793701171875,,23.84673500061035,,0.7130294442176819,,38.87131881713867
,5588,,,,,,,,,,1559.04736328125,,22.801992416381836,,0.6975617408752441,,39.48477554321289
,5589,,,,,,,,,,1671.3089599609375,,26.93829917907715,,0.6785062551498413,,40.88164520263672
,5590,,,,,,,,,,1466.7200927734375,,23.12546730041504,,0.7421598434448242,,38.29778289794922
,5591,,,,,,,,,,1858.03466796875,,29.40964698791504,,0.6788318157196045,,43.10492706298828
,5592,,,,,,,,,,1748.7713623046875,,28.199491500854492,,0.6556087732315063,,41.81831359863281
,5593,,,,,,,,,,2637.791259765625,,35.8217887878418,,0.6785446405410767,,51.35942840576172
,5594,,,,,,,,,,1316.3016357421875,,20.955575942993164,,0.7469253540039062,,36.28086853027344
,5595,,,,,,,,,,1785.8980712890625,,26.124448776245117,,0.7347379922866821,,42.2598876953125
,5596,,,,,,,,,,1810.5986328125,,28.858732223510742,,0.6776643991470337,,42.55113220214844
,5597,,,,,,,,,,1469.4302978515625,,22.569725036621094,,0.7758345603942871,,38.33314895629883
,5598,,,,,,,,,,1432.00439453125,,23.972396850585938,,0.6857532858848572,,37.841835021972656
,5599,,,,,,,,,,1661.3226318359375,,27.70667839050293,,0.714191198348999,,40.75932693481445
,5600,,,,,,,,,,1134.3670654296875,,22.57591438293457,,0.6252180337905884,,33.680362701416016
,5601,,,,,,,,,,1220.3946533203125,,20.865060806274414,,0.7549300789833069,,34.93415069580078
,5602,,,,,,,,,,1582.0396728515625,,24.649930953979492,,0.6671160459518433,,39.774864196777344
,5603,,,,,,,,,,1819.2398681640625,,26.939899444580078,,0.7162634134292603,,42.652549743652344
,5604,,,,,,,,,,1438.6168212890625,,22.55211067199707,,0.7698595523834229,,37.929100036621094
,5605,,,,,,,,,,2500.838134765625,,31.275346755981445,,0.6706292033195496,,50.00838088989258
,5606,,,,,,,,,,2091.030029296875,,30.422597885131836,,0.6996729373931885,,45.727783203125
,5607,,,,,,,,,,1851.87255859375,,28.337017059326172,,0.6567447185516357,,43.033390045166016
,5608,,,,,,,,,,1354.422119140625,,23.329137802124023,,0.7144013047218323,,36.80247497558594
,5609,,,,,,,,,,1663.9306640625,,24.418804168701172,,0.7399872541427612,,40.79130554199219
,5610,,,,,,,,,,1619.271240234375,,26.570621490478516,,0.7074454426765442,,40.240169525146484
,5611,,,,,,,,,,1404.1806640625,,22.535066604614258,,0.7660433650016785,,37.47239685058594
,5612,,,,,,,,,,2084.3310546875,,27.09546661376953,,0.7058486938476562,,45.654476165771484
,5613,,,,,,,,,,1688.4630126953125,,26.67976951599121,,0.7282966375350952,,41.090911865234375
,5614,,,,,,,,,,1325.1199951171875,,21.711204528808594,,0.7349885702133179,,36.402198791503906
,5615,,,,,,,,,,1665.353515625,,25.8360538482666,,0.7146353721618652,,40.80874252319336
,5616,,,,,,,,,,2226.23046875,,31.824657440185547,,0.6872851848602295,,47.182945251464844
,5617,,,,,,,,,,2210.5166015625,,32.395538330078125,,0.6278587579727173,,47.01613235473633
,5618,,,,,,,,,,1785.9239501953125,,27.09939193725586,,0.686097264289856,,42.26019287109375
,5619,,,,,,,,,,1689.3626708984375,,24.414581298828125,,0.7344597578048706,,41.10186004638672
,5620,,,,,,,,,,1907.353271484375,,28.733198165893555,,0.6146693229675293,,43.673255920410156
,5621,,,,,,,,,,1312.48583984375,,22.172679901123047,,0.7682996392250061,,36.228248596191406
,5622,,,,,,,,,,1447.9373779296875,,23.652315139770508,,0.7455245852470398,,38.0517692565918
,5623,,,,,,,,,,1722.3712158203125,,25.296085357666016,,0.6387816667556763,,41.501461029052734
,5624,,,,,,,,,,3245.46630859375,,41.445831298828125,,0.6153212189674377,,56.968997955322266
,5625,,,,,,,,,,1602.660400390625,,23.27779197692871,,0.6999053955078125,,40.033241271972656
,5626,,,,,,,,,,2321.876220703125,,31.043109893798828,,0.7242401838302612,,48.18585205078125
,5627,,,,,,,,,,1635.837646484375,,25.143312454223633,,0.7147307991981506,,40.44548797607422
,5628,,,,,,,,,,1305.56103515625,,21.36762237548828,,0.6843161582946777,,36.13254928588867
,5629,,,,,,,,,,1789.4307861328125,,28.011009216308594,,0.6563014984130859,,42.30166244506836
,5630,,,,,,,,,,1368.9224853515625,,22.7694091796875,,0.7783623337745667,,36.99895095825195
,5631,,,,,,,,,,2641.471923828125,,32.122337341308594,,0.7011368274688721,,51.39525604248047
,5632,,,,,,,,,,1692.7509765625,,25.317752838134766,,0.6411906480789185,,41.1430549621582
,5633,,,,,,,,,,880.7596435546875,,17.516813278198242,,0.6923878192901611,,29.677593231201172
,5634,,,,,,,,,,1713.9969482421875,,23.114051818847656,,0.7163839936256409,,41.40044403076172
,5635,,,,,,,,,,1145.5841064453125,,17.06438636779785,,0.6922115087509155,,33.84647750854492
,5636,,,,,,,,,,2034.4012451171875,,28.97296714782715,,0.71338951587677,,45.10433578491211
,5637,,,,,,,,,,2062.70703125,,29.862628936767578,,0.6575159430503845,,45.41703414916992
,5638,,,,,,,,,,1776.3648681640625,,27.01153564453125,,0.6892591714859009,,42.146942138671875
,5639,,,,,,,,,,1771.20068359375,,26.14236068725586,,0.7081183195114136,,42.085636138916016
,5640,,,,,,,,,,1304.9453125,,20.214088439941406,,0.7319484353065491,,36.124027252197266
,5641,,,,,,,,,,2458.00537109375,,30.286848068237305,,0.6902650594711304,,49.57827377319336
,5642,,,,,,,,,,2241.92529296875,,31.340795516967773,,0.6999633312225342,,47.34897232055664
,5643,,,,,,,,,,1760.0242919921875,,25.832141876220703,,0.6678701639175415,,41.95264434814453
,5644,,,,,,,,,,1622.9404296875,,25.920869827270508,,0.715643584728241,,40.285736083984375
,5645,,,,,,,,,,1853.569580078125,,29.675979614257812,,0.5826242566108704,,43.0531005859375
,5646,,,,,,,,,,993.0435180664062,,17.510143280029297,,0.7109308242797852,,31.512592315673828
,5647,,,,,,,,,,1180.77490234375,,20.55453109741211,,0.7036656141281128,,34.362403869628906
,5648,,,,,,,,,,1329.0748291015625,,22.32010269165039,,0.7016143202781677,,36.456478118896484
,5649,,,,,,,,,,1219.0286865234375,,21.391857147216797,,0.7587230801582336,,34.91459274291992
,5650,,,,,,,,,,1497.1290283203125,,24.238449096679688,,0.6786847114562988,,38.692752838134766
,5651,,,,,,,,,,3586.547119140625,,34.39442443847656,,0.5967348217964172,,59.887786865234375
,5652,,,,,,,,,,955.3192749023438,,15.25523853302002,,0.6899551749229431,,30.908241271972656
,5653,,,,,,,,,,1410.9783935546875,,24.337379455566406,,0.6440830230712891,,37.562992095947266
,5654,,,,,,,,,,1743.50634765625,,27.871076583862305,,0.644672691822052,,41.75531768798828
,5655,,,,,,,,,,1858.427001953125,,30.10712432861328,,0.6765722036361694,,43.10947799682617
,5656,,,,,,,,,,1583.662353515625,,27.335731506347656,,0.6572127342224121,,39.795257568359375
,5657,,,,,,,,,,1419.911376953125,,23.827016830444336,,0.7761696577072144,,37.68171310424805
,5658,,,,,,,,,,1085.349365234375,,19.539981842041016,,0.7302458882331848,,32.94464111328125
,5659,,,,,,,,,,1323.9434814453125,,20.31818962097168,,0.7676365971565247,,36.38603591918945
,5660,,,,,,,,,,1790.3775634765625,,28.80030632019043,,0.7364130020141602,,42.3128547668457
,5661,,,,,,,,,,1433.082763671875,,23.155349731445312,,0.769694447517395,,37.8560791015625
,5662,,,,,,,,,,1277.8280029296875,,21.207006454467773,,0.6848320960998535,,35.74671936035156
,5663,,,,,,,,,,1892.834228515625,,28.793800354003906,,0.7023121118545532,,43.5067138671875
,5664,,,,,,,,,,1479.7152099609375,,23.695985794067383,,0.7214540243148804,,38.467063903808594
,5665,,,,,,,,,,1602.2921142578125,,25.759628295898438,,0.6588007211685181,,40.02864074707031
,5666,,,,,,,,,,1540.365966796875,,23.66021156311035,,0.7002935409545898,,39.24749755859375
,5667,,,,,,,,,,1346.143310546875,,19.949968338012695,,0.6880197525024414,,36.68982696533203
,5668,,,,,,,,,,1304.711669921875,,21.506364822387695,,0.7874273061752319,,36.120792388916016
,5669,,,,,,,,,,1959.703125,,28.54988670349121,,0.6862615346908569,,44.26853561401367
,5670,,,,,,,,,,1774.6663818359375,,24.964162826538086,,0.7426904439926147,,42.12678909301758
,5671,,,,,,,,,,1822.5015869140625,,28.383066177368164,,0.6963050365447998,,42.690765380859375
,5672,,,,,,,,,,1944.342529296875,,27.522497177124023,,0.6965458393096924,,44.09469985961914
,5673,,,,,,,,,,1106.4268798828125,,18.246253967285156,,0.7238442897796631,,33.262996673583984
,5674,,,,,,,,,,1639.9482421875,,24.344778060913086,,0.7280280590057373,,40.496273040771484
,5675,,,,,,,,,,2343.65478515625,,33.00508499145508,,0.6100844144821167,,48.41130447387695
,5676,,,,,,,,,,1396.5498046875,,21.70882225036621,,0.682052731513977,,37.37044143676758
,5677,,,,,,,,,,1655.00537109375,,24.014589309692383,,0.7205130457878113,,40.681758880615234
,5678,,,,,,,,,,1610.2525634765625,,24.586259841918945,,0.6404856443405151,,40.127952575683594
,5679,,,,,,,,,,2096.04833984375,,30.734346389770508,,0.6707063913345337,,45.78261947631836
,5680,,,,,,,,,,1646.3594970703125,,26.881317138671875,,0.7088361978530884,,40.575355529785156
,5681,,,,,,,,,,2090.67578125,,29.62958526611328,,0.7361664772033691,,45.723907470703125
,5682,,,,,,,,,,1861.0528564453125,,28.445608139038086,,0.6611455678939819,,43.139923095703125
,5683,,,,,,,,,,1631.316162109375,,23.064512252807617,,0.7504407167434692,,40.389556884765625
,5684,,,,,,,,,,1496.183349609375,,21.87637710571289,,0.7113305330276489,,38.6805305480957
,5685,,,,,,,,,,1389.448486328125,,23.21451759338379,,0.6799794435501099,,37.275306701660156
,5686,,,,,,,,,,1764.658447265625,,25.82248878479004,,0.682793140411377,,42.00783920288086
,5687,,,,,,,,,,2391.2626953125,,32.9642333984375,,0.6564397811889648,,48.90053939819336
,5688,,,,,,,,,,1258.719482421875,,22.534500122070312,,0.6275769472122192,,35.47843551635742
,5689,,,,,,,,,,1702.2779541015625,,25.78090476989746,,0.7301132082939148,,41.258670806884766
,5690,,,,,,,,,,1479.7745361328125,,22.81961441040039,,0.6332480907440186,,38.467838287353516
,5691,,,,,,,,,,1965.8685302734375,,29.570114135742188,,0.6866004467010498,,44.33811569213867
,5692,,,,,,,,,,1396.226806640625,,24.035701751708984,,0.6804509162902832,,37.366119384765625
,5693,,,,,,,,,,1309.0174560546875,,21.870662689208984,,0.7342686653137207,,36.18034744262695
,5694,,,,,,,,,,1800.3868408203125,,24.86017417907715,,0.750651478767395,,42.430965423583984
,5695,,,,,,,,,,1604.0631103515625,,25.656871795654297,,0.7167079448699951,,40.050758361816406
,5696,,,,,,,,,,1555.3887939453125,,23.791719436645508,,0.7585843205451965,,39.438419342041016
,5697,,,,,,,,,,881.104248046875,,15.616108894348145,,0.8150253891944885,,29.683401107788086
36,17093,,,,,,,,,1670.3526611328125,,25.270166397094727,,0.7014404535293579,,40.58185577392578,
36,17093,1533.5145263671875,,24.15960121154785,,0.7144650816917419,,38.88673782348633,,,,,,,,,
37,17099,,1253.4093017578125,,22.224782943725586,,0.6989533305168152,,35.40351867675781,,,,,,,,
37,17149,,1812.1080322265625,,27.97202491760254,,0.6916791200637817,,42.56886291503906,,,,,,,,
37,17199,,1780.0458984375,,23.92462921142578,,0.7311154007911682,,42.190589904785156,,,,,,,,
37,17249,,1497.75048828125,,25.82663917541504,,0.7304441928863525,,38.700782775878906,,,,,,,,
37,17299,,1350.0841064453125,,21.026859283447266,,0.7090818881988525,,36.743492126464844,,,,,,,,
37,17349,,1981.023681640625,,28.205717086791992,,0.6878525018692017,,44.50869369506836,,,,,,,,
37,17399,,2266.833984375,,28.42264175415039,,0.6488907337188721,,47.61128234863281,,,,,,,,
37,17449,,990.56640625,,18.476316452026367,,0.7518570423126221,,31.473264694213867,,,,,,,,
37,17499,,1462.372314453125,,24.52302360534668,,0.7247096300125122,,38.2409782409668,,,,,,,,
37,17549,,1968.1019287109375,,27.48879623413086,,0.7346768379211426,,44.36329650878906,,,,,,,,
,5698,,,,,,,,,,2167.429931640625,,26.932008743286133,,0.7204391360282898,,46.5556640625
,5699,,,,,,,,,,1783.7406005859375,,24.055143356323242,,0.735194981098175,,42.234352111816406
,5700,,,,,,,,,,2002.7236328125,,29.106637954711914,,0.6913105249404907,,44.751800537109375
,5701,,,,,,,,,,2147.187255859375,,30.041629791259766,,0.6600881814956665,,46.33775329589844
,5702,,,,,,,,,,1919.5946044921875,,24.622079849243164,,0.6771295070648193,,43.81317901611328
,5703,,,,,,,,,,1821.7694091796875,,26.879945755004883,,0.6333853006362915,,42.68218994140625
,5704,,,,,,,,,,1357.8455810546875,,20.928653717041016,,0.7137042284011841,,36.84895706176758
,5705,,,,,,,,,,1910.1795654296875,,26.46846580505371,,0.7237218618392944,,43.70560073852539
,5706,,,,,,,,,,2193.484375,,33.4980354309082,,0.5939466953277588,,46.83464813232422
,5707,,,,,,,,,,1205.06396484375,,20.636211395263672,,0.6996539235115051,,34.71403121948242
,5708,,,,,,,,,,1391.861083984375,,19.99295997619629,,0.7405587434768677,,37.307655334472656
,5709,,,,,,,,,,1834.8773193359375,,27.515283584594727,,0.7134749293327332,,42.83546829223633
,5710,,,,,,,,,,1740.2965087890625,,26.32271385192871,,0.7599718570709229,,41.716861724853516
,5711,,,,,,,,,,1285.2254638671875,,22.65397834777832,,0.7482011318206787,,35.85004425048828
,5712,,,,,,,,,,1177.4271240234375,,18.972667694091797,,0.758377194404602,,34.31365966796875
,5713,,,,,,,,,,1637.263427734375,,27.059715270996094,,0.6941342949867249,,40.463111877441406
,5714,,,,,,,,,,1700.35302734375,,23.030302047729492,,0.7508483529090881,,41.23533630371094
,5715,,,,,,,,,,1342.351806640625,,19.55552864074707,,0.7360010147094727,,36.638118743896484
,5716,,,,,,,,,,1628.406982421875,,23.62704086303711,,0.7044913172721863,,40.3535270690918
,5717,,,,,,,,,,1403.7489013671875,,22.606182098388672,,0.6896299123764038,,37.466636657714844
,5718,,,,,,,,,,1690.903564453125,,25.18462371826172,,0.7414522171020508,,41.12059783935547
,5719,,,,,,,,,,2092.8828125,,29.192941665649414,,0.6866148114204407,,45.7480354309082
,5720,,,,,,,,,,1983.41650390625,,29.754772186279297,,0.7122079133987427,,44.53556442260742
,5721,,,,,,,,,,2161.82666015625,,31.671812057495117,,0.6600572466850281,,46.49544906616211
,5722,,,,,,,,,,1683.658935546875,,27.051374435424805,,0.7072864770889282,,41.032413482666016
,5723,,,,,,,,,,1462.0560302734375,,25.624675750732422,,0.6818803548812866,,38.23684310913086
,5724,,,,,,,,,,985.1080932617188,,15.881027221679688,,0.7930524349212646,,31.386430740356445
,5725,,,,,,,,,,2250.706298828125,,31.3492431640625,,0.6777543425559998,,47.44160842895508
,5726,,,,,,,,,,2572.205078125,,31.44265365600586,,0.5763808488845825,,50.71691131591797
,5727,,,,,,,,,,1196.7703857421875,,20.170507431030273,,0.707804799079895,,34.59436798095703
,5728,,,,,,,,,,1240.8333740234375,,21.015945434570312,,0.680633544921875,,35.2254638671875
,5729,,,,,,,,,,1185.60595703125,,21.156299591064453,,0.7467931509017944,,34.4326286315918
,5730,,,,,,,,,,1171.0947265625,,20.728012084960938,,0.726854681968689,,34.22126007080078
,5731,,,,,,,,,,1441.865966796875,,22.881412506103516,,0.7514795660972595,,37.97190856933594
,5732,,,,,,,,,,1515.55078125,,23.191421508789062,,0.72877037525177,,38.930076599121094
,5733,,,,,,,,,,1057.6207275390625,,18.986303329467773,,0.7379989624023438,,32.52108383178711
,5734,,,,,,,,,,1369.23193359375,,22.32831573486328,,0.6729687452316284,,37.003135681152344
,5735,,,,,,,,,,1682.9088134765625,,25.79275131225586,,0.6902315616607666,,41.02327346801758
,5736,,,,,,,,,,1739.515869140625,,25.790145874023438,,0.7293791770935059,,41.70750427246094
,5737,,,,,,,,,,1545.0419921875,,22.267444610595703,,0.7657315135002136,,39.30702209472656
,5738,,,,,,,,,,1930.68798828125,,29.281972885131836,,0.674362063407898,,43.93959426879883
,5739,,,,,,,,,,1494.7701416015625,,23.30698013305664,,0.6926416158676147,,38.66225814819336
,5740,,,,,,,,,,1353.143798828125,,20.899127960205078,,0.6783022880554199,,36.78510284423828
,5741,,,,,,,,,,1508.9586181640625,,23.775693893432617,,0.7134132385253906,,38.84531784057617
,5742,,,,,,,,,,1542.5447998046875,,22.705482482910156,,0.7007629871368408,,39.275245666503906
,5743,,,,,,,,,,1674.8916015625,,26.921539306640625,,0.6778171062469482,,40.925437927246094
,5744,,,,,,,,,,1469.976806640625,,23.11542510986328,,0.7415874004364014,,38.340274810791016
,5745,,,,,,,,,,1835.1585693359375,,29.248443603515625,,0.6827861070632935,,42.838748931884766
,5746,,,,,,,,,,1729.3748779296875,,28.031858444213867,,0.659428596496582,,41.58575439453125
,5747,,,,,,,,,,2611.11474609375,,35.612056732177734,,0.681795597076416,,51.099063873291016
,5748,,,,,,,,,,1296.9002685546875,,20.830007553100586,,0.750655472278595,,36.01250076293945
,5749,,,,,,,,,,1758.32568359375,,25.86257553100586,,0.7388333678245544,,41.932395935058594
,5750,,,,,,,,,,1797.4320068359375,,28.684417724609375,,0.6800084114074707,,42.39613342285156
,5751,,,,,,,,,,1440.734130859375,,22.285062789916992,,0.7802121639251709,,37.95700454711914
,5752,,,,,,,,,,1433.3140869140625,,23.92769432067871,,0.6854658722877502,,37.859134674072266
,5753,,,,,,,,,,1654.16748046875,,27.608047485351562,,0.7154221534729004,,40.67145538330078
,5754,,,,,,,,,,1155.4833984375,,22.880199432373047,,0.6182414293289185,,33.992401123046875
,5755,,,,,,,,,,1188.862060546875,,20.5733585357666,,0.7612622380256653,,34.47987747192383
,5756,,,,,,,,,,1593.485107421875,,24.735349655151367,,0.6647077798843384,,39.91848373413086
,5757,,,,,,,,,,1792.9356689453125,,26.831562042236328,,0.7203659415245056,,42.34307098388672
,5758,,,,,,,,,,1438.6458740234375,,22.41023826599121,,0.7698549032211304,,37.92948532104492
,5759,,,,,,,,,,2520.178466796875,,31.167495727539062,,0.6680819988250732,,50.201377868652344
,5760,,,,,,,,,,2068.26318359375,,30.228208541870117,,0.7029429078102112,,45.4781608581543
,5761,,,,,,,,,,1836.266357421875,,28.121471405029297,,0.659637451171875,,42.85167694091797
,5762,,,,,,,,,,1334.5130615234375,,23.167457580566406,,0.7185994386672974,,36.53098678588867
,5763,,,,,,,,,,1664.2049560546875,,24.408998489379883,,0.739944338798523,,40.79467010498047
,5764,,,,,,,,,,1598.9034423828125,,26.338090896606445,,0.7111253142356873,,39.986289978027344
,5765,,,,,,,,,,1386.165771484375,,22.328847885131836,,0.7690449357032776,,37.23124694824219
,5766,,,,,,,,,,2066.31591796875,,26.92243766784668,,0.7083910703659058,,45.456748962402344
,5767,,,,,,,,,,1649.35693359375,,26.175241470336914,,0.7345894575119019,,40.612274169921875
,5768,,,,,,,,,,1296.244140625,,21.231555938720703,,0.7407634258270264,,36.00339126586914
,5769,,,,,,,,,,1654.430908203125,,25.607070922851562,,0.7165069580078125,,40.67469787597656
,5770,,,,,,,,,,2240.2412109375,,32.00910949707031,,0.6853170990943909,,47.3311882019043
,5771,,,,,,,,,,2202.12255859375,,32.267547607421875,,0.6292718648910522,,46.92677688598633
,5772,,,,,,,,,,1775.23486328125,,26.84897232055664,,0.687976062297821,,42.13353729248047
,5773,,,,,,,,,,1687.990234375,,24.275081634521484,,0.734675407409668,,41.08515930175781
,5774,,,,,,,,,,1891.83935546875,,28.615137100219727,,0.6178034543991089,,43.495277404785156
,5775,,,,,,,,,,1294.6029052734375,,21.978918075561523,,0.7714566588401794,,35.9805908203125
,5776,,,,,,,,,,1445.767578125,,23.572708129882812,,0.7459059357643127,,38.023250579833984
,5777,,,,,,,,,,1729.74853515625,,25.29228401184082,,0.6372345089912415,,41.590248107910156
,5778,,,,,,,,,,3207.0712890625,,41.150306701660156,,0.6198720932006836,,56.63100814819336
,5779,,,,,,,,,,1588.113525390625,,23.121559143066406,,0.7026292085647583,,39.851139068603516
,5780,,,,,,,,,,2349.548828125,,31.000619888305664,,0.7209535837173462,,48.47214889526367
,5781,,,,,,,,,,1626.9500732421875,,24.95302963256836,,0.7162806987762451,,40.33546829223633
,5782,,,,,,,,,,1296.1304931640625,,21.233606338500977,,0.6865965127944946,,36.00181198120117
,5783,,,,,,,,,,1786.949462890625,,27.92253875732422,,0.65677809715271,,42.27232360839844
,5784,,,,,,,,,,1379.870361328125,,22.80115509033203,,0.7765898108482361,,37.1466064453125
,5785,,,,,,,,,,2659.12158203125,,32.03573989868164,,0.6991398334503174,,51.566673278808594
,5786,,,,,,,,,,1680.8505859375,,25.157939910888672,,0.643713116645813,,40.9981803894043
,5787,,,,,,,,,,870.942138671875,,17.281299591064453,,0.6958166360855103,,29.511728286743164
,5788,,,,,,,,,,1724.1837158203125,,23.07500648498535,,0.7146983742713928,,41.523292541503906
,5789,,,,,,,,,,1158.1768798828125,,17.04953956604004,,0.6888281106948853,,34.03199768066406
,5790,,,,,,,,,,2034.7427978515625,,28.905410766601562,,0.7133414149284363,,45.108123779296875
,5791,,,,,,,,,,2045.3958740234375,,29.7584285736084,,0.6603901982307434,,45.226051330566406
,5792,,,,,,,,,,1764.255859375,,26.822221755981445,,0.6913774013519287,,42.00304412841797
,5793,,,,,,,,,,1776.91943359375,,26.086986541748047,,0.7071759104728699,,42.15352249145508
,5794,,,,,,,,,,1307.6329345703125,,20.16312599182129,,0.7313963174819946,,36.16120529174805
,5795,,,,,,,,,,2430.7099609375,,30.06648063659668,,0.6937046051025391,,49.30223083496094
,5796,,,,,,,,,,2240.583984375,,31.303409576416016,,0.7001427412033081,,47.334808349609375
,5797,,,,,,,,,,1745.8348388671875,,25.741653442382812,,0.6705477833747864,,41.7831916809082
,5798,,,,,,,,,,1631.9609375,,25.95626449584961,,0.7140630483627319,,40.39753723144531
,5799,,,,,,,,,,1802.00927734375,,29.091447830200195,,0.5942343473434448,,42.450077056884766
,5800,,,,,,,,,,995.9945068359375,,17.511869430541992,,0.7100718021392822,,31.55937957763672
,5801,,,,,,,,,,1179.8846435546875,,20.431659698486328,,0.703889012336731,,34.349449157714844
,5802,,,,,,,,,,1316.1087646484375,,22.22894287109375,,0.7045252919197083,,36.27821350097656
,5803,,,,,,,,,,1203.2718505859375,,21.164201736450195,,0.7618417739868164,,34.688209533691406
,5804,,,,,,,,,,1484.4632568359375,,24.16990852355957,,0.6814030408859253,,38.52873229980469
,5805,,,,,,,,,,3574.644287109375,,34.31519317626953,,0.5980731248855591,,59.788330078125
,5806,,,,,,,,,,978.6918334960938,,15.431961059570312,,0.6823697090148926,,31.28404998779297
,5807,,,,,,,,,,1393.208740234375,,24.138530731201172,,0.6485653519630432,,37.32571029663086
,5808,,,,,,,,,,1731.7510986328125,,27.724040985107422,,0.6470683813095093,,41.614315032958984
,5809,,,,,,,,,,1855.0347900390625,,30.12929344177246,,0.6771625280380249,,43.07011413574219
,5810,,,,,,,,,,1536.1826171875,,27.052766799926758,,0.6674898862838745,,39.19416809082031
,5811,,,,,,,,,,1416.28564453125,,23.79694175720215,,0.7767412066459656,,37.633567810058594
,5812,,,,,,,,,,1079.90380859375,,19.369098663330078,,0.7315993309020996,,32.86188888549805
,5813,,,,,,,,,,1312.0477294921875,,20.21356773376465,,0.769724428653717,,36.222198486328125
,5814,,,,,,,,,,1790.9854736328125,,28.599517822265625,,0.7363234758377075,,42.320037841796875
,5815,,,,,,,,,,1416.8900146484375,,23.114158630371094,,0.7722967267036438,,37.6416015625
,5816,,,,,,,,,,1305.4630126953125,,21.37686538696289,,0.678016185760498,,36.13119125366211
,5817,,,,,,,,,,1859.269775390625,,28.27368927001953,,0.7075908184051514,,43.11924743652344
,5818,,,,,,,,,,1491.80224609375,,23.52191162109375,,0.7191787362098694,,38.62385559082031
,5819,,,,,,,,,,1586.0885009765625,,25.546735763549805,,0.6622512340545654,,39.82572555541992
,5820,,,,,,,,,,1531.396240234375,,23.54826545715332,,0.7020388245582581,,39.133056640625
,5821,,,,,,,,,,1340.6861572265625,,19.884244918823242,,0.6892844438552856,,36.61538314819336
,5822,,,,,,,,,,1301.7860107421875,,21.475910186767578,,0.7879040241241455,,36.08026885986328
,5823,,,,,,,,,,1969.2421875,,28.684213638305664,,0.6847344040870667,,44.37614440917969
,5824,,,,,,,,,,1800.68896484375,,25.045795440673828,,0.7389174103736877,,42.43452453613281
,5825,,,,,,,,,,1827.65478515625,,28.3754825592041,,0.6954463124275208,,42.75107955932617
,5826,,,,,,,,,,1949.7174072265625,,27.457500457763672,,0.6957069635391235,,44.15560531616211
,5827,,,,,,,,,,1109.1083984375,,18.2640323638916,,0.723175048828125,,33.303279876708984
,5828,,,,,,,,,,1655.1285400390625,,24.411523818969727,,0.7255104780197144,,40.68326950073242
,5829,,,,,,,,,,2329.082275390625,,32.898948669433594,,0.6125088930130005,,48.26056671142578
,5830,,,,,,,,,,1381.3212890625,,21.41846466064453,,0.6855197548866272,,37.16613006591797
,5831,,,,,,,,,,1644.8592529296875,,23.822126388549805,,0.7222265005111694,,40.55686569213867
,5832,,,,,,,,,,1594.1483154296875,,24.441478729248047,,0.644081175327301,,39.926788330078125
,5833,,,,,,,,,,2100.425537109375,,30.7911319732666,,0.67001873254776,,45.83039855957031
,5834,,,,,,,,,,1647.40625,,26.82489776611328,,0.708651065826416,,40.588253021240234
,5835,,,,,,,,,,2098.548583984375,,29.663299560546875,,0.7351729869842529,,45.80991744995117
,5836,,,,,,,,,,1856.3779296875,,28.343639373779297,,0.6619967222213745,,43.0857048034668
,5837,,,,,,,,,,1607.759765625,,22.787202835083008,,0.7540444135665894,,40.09687805175781
,5838,,,,,,,,,,1496.7769775390625,,21.82855224609375,,0.7112160921096802,,38.688201904296875
,5839,,,,,,,,,,1391.7366943359375,,23.090496063232422,,0.6794524192810059,,37.30598831176758
,5840,,,,,,,,,,1749.8116455078125,,25.642200469970703,,0.6854619383811951,,41.83074951171875
,5841,,,,,,,,,,2371.99365234375,,32.873741149902344,,0.6592082381248474,,48.70311737060547
,5842,,,,,,,,,,1238.9295654296875,,22.395004272460938,,0.6334322690963745,,35.19843292236328
,5843,,,,,,,,,,1684.5185546875,,25.513813018798828,,0.7329288721084595,,41.042884826660156
,5844,,,,,,,,,,1464.9779052734375,,22.628467559814453,,0.636915385723114,,38.275028228759766
,5845,,,,,,,,,,1957.991455078125,,29.4611873626709,,0.6878562569618225,,44.24919509887695
,5846,,,,,,,,,,1394.1114501953125,,24.02908706665039,,0.6809350252151489,,37.33780288696289
,5847,,,,,,,,,,1291.835693359375,,21.588014602661133,,0.737756609916687,,35.942115783691406
,5848,,,,,,,,,,1797.95068359375,,24.851747512817383,,0.7509889006614685,,42.40224838256836
,5849,,,,,,,,,,1594.3175048828125,,25.424457550048828,,0.7184290885925293,,39.92890548706055
,5850,,,,,,,,,,1534.5972900390625,,23.59749412536621,,0.7618114352226257,,39.17393493652344
,5851,,,,,,,,,,885.4813842773438,,15.541855812072754,,0.8141064643859863,,29.75704002380371
37,17555,,,,,,,,,1663.2054443359375,,25.154861450195312,,0.7027329206466675,,40.49469757080078,
37,17555,1532.139404296875,,24.13553810119629,,0.714421808719635,,38.84950637817383,,,,,,,,,
38,17599,,1782.268798828125,,27.280120849609375,,0.7104191184043884,,42.216922760009766,,,,,,,,
38,17649,,1254.9573974609375,,22.470012664794922,,0.7852982878684998,,35.425376892089844,,,,,,,,
38,17699,,1835.4259033203125,,26.844615936279297,,0.6755926609039307,,42.84186935424805,,,,,,,,
38,17749,,1678.4261474609375,,23.768444061279297,,0.6473370790481567,,40.96860122680664,,,,,,,,
38,17799,,1379.559326171875,,22.993621826171875,,0.6991028189659119,,37.142417907714844,,,,,,,,
38,17849,,1349.348876953125,,24.215866088867188,,0.7421693801879883,,36.73348617553711,,,,,,,,
38,17899,,1943.4136962890625,,28.59202766418457,,0.7306663990020752,,44.08416748046875,,,,,,,,
38,17949,,1979.5885009765625,,28.329683303833008,,0.7207077741622925,,44.4925651550293,,,,,,,,
38,17999,,1170.345947265625,,19.948650360107422,,0.7487249374389648,,34.21031951904297,,,,,,,,
,5852,,,,,,,,,,2226.120849609375,,27.370433807373047,,0.7128690481185913,,47.181785583496094
,5853,,,,,,,,,,1855.7623291015625,,24.588499069213867,,0.7245030403137207,,43.07855987548828
,5854,,,,,,,,,,2036.32177734375,,29.387571334838867,,0.6861318349838257,,45.1256217956543
,5855,,,,,,,,,,2167.75048828125,,30.18976593017578,,0.6568329334259033,,46.55910873413086
,5856,,,,,,,,,,1944.138427734375,,24.592130661010742,,0.6730012893676758,,44.092384338378906
,5857,,,,,,,,,,1826.7762451171875,,26.9523868560791,,0.6323777437210083,,42.74080276489258
,5858,,,,,,,,,,1376.1585693359375,,21.107683181762695,,0.7098430395126343,,37.09661102294922
,5859,,,,,,,,,,1922.3377685546875,,26.536426544189453,,0.7219634056091309,,43.8444709777832
,5860,,,,,,,,,,2262.672119140625,,33.94966506958008,,0.5811387896537781,,47.56755447387695
,5861,,,,,,,,,,1220.0875244140625,,20.81216049194336,,0.6959095001220703,,34.929752349853516
,5862,,,,,,,,,,1409.44287109375,,20.266237258911133,,0.7372815608978271,,37.54254913330078
,5863,,,,,,,,,,1881.102294921875,,27.80374526977539,,0.706256628036499,,43.371673583984375
,5864,,,,,,,,,,1751.1107177734375,,26.430673599243164,,0.7584803104400635,,41.846275329589844
,5865,,,,,,,,,,1268.8505859375,,22.441131591796875,,0.7514092922210693,,35.62092971801758
,5866,,,,,,,,,,1184.951171875,,18.93914222717285,,0.7568331956863403,,34.423118591308594
,5867,,,,,,,,,,1654.2119140625,,27.20030975341797,,0.6909680366516113,,40.67200469970703
,5868,,,,,,,,,,1736.3974609375,,23.293615341186523,,0.7455667853355408,,41.670101165771484
,5869,,,,,,,,,,1364.06103515625,,19.745830535888672,,0.7317314147949219,,36.933197021484375
,5870,,,,,,,,,,1616.9451904296875,,23.45601463317871,,0.7065713405609131,,40.21125793457031
,5871,,,,,,,,,,1418.8941650390625,,22.758033752441406,,0.6862812042236328,,37.668212890625
,5872,,,,,,,,,,1681.15478515625,,25.13371467590332,,0.7429428696632385,,41.001888275146484
,5873,,,,,,,,,,2118.579833984375,,29.240070343017578,,0.6827669739723206,,46.02803421020508
,5874,,,,,,,,,,1991.4783935546875,,29.752111434936523,,0.7110381126403809,,44.62598419189453
,5875,,,,,,,,,,2176.267822265625,,31.68624496459961,,0.6577863693237305,,46.65048599243164
,5876,,,,,,,,,,1710.5020751953125,,27.272262573242188,,0.7026196718215942,,41.35821533203125
,5877,,,,,,,,,,1484.07763671875,,25.888566970825195,,0.6770888566970825,,38.52372741699219
,5878,,,,,,,,,,1010.9580688476562,,16.125078201293945,,0.7876219749450684,,31.79556655883789
,5879,,,,,,,,,,2275.800048828125,,31.530811309814453,,0.6741615533828735,,47.705345153808594
,5880,,,,,,,,,,2638.7744140625,,31.733253479003906,,0.5654174089431763,,51.36900329589844
,5881,,,,,,,,,,1213.3836669921875,,20.297748565673828,,0.7037485837936401,,34.833656311035156
,5882,,,,,,,,,,1251.5501708984375,,21.168296813964844,,0.6778752207756042,,35.377254486083984
,5883,,,,,,,,,,1178.3463134765625,,21.071285247802734,,0.7483435869216919,,34.327049255371094
,5884,,,,,,,,,,1187.579833984375,,20.847158432006836,,0.7230097055435181,,34.461280822753906
,5885,,,,,,,,,,1459.494140625,,23.009727478027344,,0.7484411001205444,,38.20332717895508
,5886,,,,,,,,,,1501.183837890625,,23.059358596801758,,0.731341540813446,,38.745113372802734
,5887,,,,,,,,,,1058.4827880859375,,19.059005737304688,,0.7377854585647583,,32.534332275390625
,5888,,,,,,,,,,1410.995361328125,,22.65865707397461,,0.6629937887191772,,37.56321716308594
,5889,,,,,,,,,,1689.4503173828125,,25.867557525634766,,0.6890275478363037,,41.10292434692383
,5890,,,,,,,,,,1765.5482177734375,,26.049850463867188,,0.7253292798995972,,42.018428802490234
,5891,,,,,,,,,,1600.0452880859375,,22.670236587524414,,0.7573915719985962,,40.00056457519531
,5892,,,,,,,,,,1987.6444091796875,,29.659276962280273,,0.6647555828094482,,44.583003997802734
,5893,,,,,,,,,,1525.864990234375,,23.53679656982422,,0.6862478256225586,,39.062320709228516
,5894,,,,,,,,,,1356.718994140625,,20.889514923095703,,0.6774523258209229,,36.83366775512695
,5895,,,,,,,,,,1532.7464599609375,,24.05487823486328,,0.7088953852653503,,39.150306701660156
,5896,,,,,,,,,,1553.97119140625,,22.782148361206055,,0.6985464096069336,,39.420440673828125
,5897,,,,,,,,,,1668.146240234375,,26.82252311706543,,0.679114580154419,,40.84294509887695
,5898,,,,,,,,,,1505.3402099609375,,23.3846492767334,,0.7353706955909729,,38.79871368408203
,5899,,,,,,,,,,1878.889892578125,,29.463293075561523,,0.6752269268035889,,43.34616470336914
,5900,,,,,,,,,,1769.9166259765625,,28.402423858642578,,0.6514445543289185,,42.070377349853516
,5901,,,,,,,,,,2658.919677734375,,35.83401107788086,,0.6759697794914246,,51.56471252441406
,5902,,,,,,,,,,1310.412841796875,,20.910245895385742,,0.74805748462677,,36.199623107910156
,5903,,,,,,,,,,1794.2969970703125,,26.1048583984375,,0.7334904670715332,,42.3591423034668
,5904,,,,,,,,,,1802.547119140625,,28.711734771728516,,0.6790977716445923,,42.456417083740234
,5905,,,,,,,,,,1460.501953125,,22.423240661621094,,0.7771965861320496,,38.216514587402344
,5906,,,,,,,,,,1437.8856201171875,,23.90599250793457,,0.6844626665115356,,37.91946029663086
,5907,,,,,,,,,,1642.8287353515625,,27.524755477905273,,0.7173728942871094,,40.531822204589844
,5908,,,,,,,,,,1135.0650634765625,,22.52585220336914,,0.6249874234199524,,33.69072341918945
,5909,,,,,,,,,,1206.6614990234375,,20.751428604125977,,0.7576879262924194,,34.73703384399414
,5910,,,,,,,,,,1590.06787109375,,24.648555755615234,,0.6654267907142639,,39.87565612792969
,5911,,,,,,,,,,1852.51953125,,27.219572067260742,,0.7110729813575745,,43.0409049987793
,5912,,,,,,,,,,1417.4805908203125,,22.26974868774414,,0.7732408046722412,,37.64944076538086
,5913,,,,,,,,,,2564.100830078125,,31.480064392089844,,0.662297248840332,,50.6369514465332
,5914,,,,,,,,,,2094.985595703125,,30.453182220458984,,0.6991048455238342,,45.77101135253906
,5915,,,,,,,,,,1902.84228515625,,28.681514739990234,,0.6472972631454468,,43.62158203125
,5916,,,,,,,,,,1362.337646484375,,23.365917205810547,,0.712732195854187,,36.90985870361328
,5917,,,,,,,,,,1664.64453125,,24.44504737854004,,0.7398756742477417,,40.80005645751953
,5918,,,,,,,,,,1587.3822021484375,,26.22941017150879,,0.7132068872451782,,39.84196472167969
,5919,,,,,,,,,,1394.5684814453125,,22.318635940551758,,0.7676448822021484,,37.34392166137695
,5920,,,,,,,,,,2088.96142578125,,27.06185531616211,,0.7051953077316284,,45.70515823364258
,5921,,,,,,,,,,1657.570556640625,,26.33686637878418,,0.7332677841186523,,40.71327209472656
,5922,,,,,,,,,,1300.6708984375,,21.44208335876465,,0.7398781180381775,,36.064815521240234
,5923,,,,,,,,,,1624.385498046875,,25.16712760925293,,0.7216553688049316,,40.30366516113281
,5924,,,,,,,,,,2228.90966796875,,31.80774688720703,,0.6869088411331177,,47.21133041381836
,5925,,,,,,,,,,2253.9189453125,,32.536861419677734,,0.6205519437789917,,47.475460052490234
,5926,,,,,,,,,,1751.9288330078125,,26.771923065185547,,0.6920724511146545,,41.856048583984375
,5927,,,,,,,,,,1689.353271484375,,24.39177131652832,,0.7344611883163452,,41.101741790771484
,5928,,,,,,,,,,1923.051513671875,,28.748987197875977,,0.6114978790283203,,43.85261154174805
,5929,,,,,,,,,,1318.070556640625,,22.097673416137695,,0.7673137784004211,,36.305240631103516
,5930,,,,,,,,,,1460.752685546875,,23.68101692199707,,0.7432723045349121,,38.219791412353516
,5931,,,,,,,,,,1749.4737548828125,,25.485008239746094,,0.6330977082252502,,41.82671356201172
,5932,,,,,,,,,,3269.71044921875,,41.5205192565918,,0.6124476194381714,,57.18138122558594
,5933,,,,,,,,,,1606.6181640625,,23.309120178222656,,0.6991642713546753,,40.0826416015625
,5934,,,,,,,,,,2395.908203125,,31.262882232666016,,0.7154476642608643,,48.94801712036133
,5935,,,,,,,,,,1655.0296630859375,,25.247310638427734,,0.7113839387893677,,40.68205642700195
,5936,,,,,,,,,,1310.069091796875,,21.388248443603516,,0.6832261085510254,,36.19487762451172
,5937,,,,,,,,,,1821.47705078125,,28.236751556396484,,0.6501463651657104,,42.67876434326172
,5938,,,,,,,,,,1365.7349853515625,,22.64911651611328,,0.778878390789032,,36.95585250854492
,5939,,,,,,,,,,2703.2626953125,,32.406044006347656,,0.6941456198692322,,51.99291229248047
,5940,,,,,,,,,,1678.782470703125,,25.123334884643555,,0.644151508808136,,40.97294998168945
,5941,,,,,,,,,,879.1526489257812,,17.431324005126953,,0.6929490566253662,,29.650508880615234
,5942,,,,,,,,,,1744.23193359375,,23.21209144592285,,0.7113809585571289,,41.76400375366211
,5943,,,,,,,,,,1159.9757080078125,,17.10491180419922,,0.6883448362350464,,34.058414459228516
,5944,,,,,,,,,,2115.442138671875,,29.54666519165039,,0.7019723653793335,,45.993934631347656
,5945,,,,,,,,,,2076.856689453125,,30.044750213623047,,0.6551666259765625,,45.57254409790039
,5946,,,,,,,,,,1761.6593017578125,,26.84665298461914,,0.6918315887451172,,41.97212600708008
,5947,,,,,,,,,,1768.0697021484375,,26.04940414428711,,0.7086342573165894,,42.04841995239258
,5948,,,,,,,,,,1327.043701171875,,20.33517837524414,,0.7274091243743896,,36.42860794067383
,5949,,,,,,,,,,2478.6015625,,30.471975326538086,,0.6876697540283203,,49.78555679321289
,5950,,,,,,,,,,2271.51708984375,,31.494413375854492,,0.6960030198097229,,47.66043472290039
,5951,,,,,,,,,,1761.3427734375,,25.831790924072266,,0.6676213145256042,,41.96835708618164
,5952,,,,,,,,,,1644.9063720703125,,26.065977096557617,,0.7117948532104492,,40.55744552612305
,5953,,,,,,,,,,1803.7353515625,,29.139894485473633,,0.5938456058502197,,42.47040557861328
,5954,,,,,,,,,,985.1620483398438,,17.467517852783203,,0.7132251262664795,,31.387290954589844
,5955,,,,,,,,,,1172.8079833984375,,20.4279842376709,,0.7056649923324585,,34.24628448486328
,5956,,,,,,,,,,1355.0419921875,,22.50710105895996,,0.6957845687866211,,36.81089401245117
,5957,,,,,,,,,,1222.349365234375,,21.346797943115234,,0.7580658197402954,,34.96211242675781
,5958,,,,,,,,,,1488.9073486328125,,24.20281410217285,,0.6804492473602295,,38.586360931396484
,5959,,,,,,,,,,3615.545166015625,,34.62956619262695,,0.5934743285179138,,60.12940216064453
,5960,,,,,,,,,,955.400634765625,,15.216438293457031,,0.6899287700653076,,30.909555435180664
,5961,,,,,,,,,,1397.9527587890625,,24.17637062072754,,0.6473686695098877,,37.38920593261719
,5962,,,,,,,,,,1772.7525634765625,,28.022960662841797,,0.6387122869491577,,42.104068756103516
,5963,,,,,,,,,,1882.555908203125,,30.356922149658203,,0.6723729372024536,,43.388431549072266
,5964,,,,,,,,,,1571.1400146484375,,27.3280086517334,,0.659923255443573,,39.63760757446289
,5965,,,,,,,,,,1434.9063720703125,,23.999174118041992,,0.7738059163093567,,37.880157470703125
,5966,,,,,,,,,,1078.329833984375,,19.50453758239746,,0.7319905757904053,,32.83793258666992
,5967,,,,,,,,,,1339.9830322265625,,20.46872901916504,,0.7648215293884277,,36.605777740478516
,5968,,,,,,,,,,1779.4296875,,28.59729766845703,,0.7380248308181763,,42.18328857421875
,5969,,,,,,,,,,1433.4732666015625,,23.267518997192383,,0.7696316838264465,,37.861236572265625
,5970,,,,,,,,,,1302.1580810546875,,21.2733097076416,,0.6788313388824463,,36.085426330566406
,5971,,,,,,,,,,1880.6383056640625,,28.486682891845703,,0.7042301893234253,,43.36632537841797
,5972,,,,,,,,,,1463.5908203125,,23.27321434020996,,0.7244893312454224,,38.25690460205078
,5973,,,,,,,,,,1598.6583251953125,,25.723148345947266,,0.6595745086669922,,39.98322677612305
,5974,,,,,,,,,,1543.766845703125,,23.62723159790039,,0.6996318697929382,,39.29079818725586
,5975,,,,,,,,,,1344.382080078125,,19.888347625732422,,0.6884279251098633,,36.66581726074219
,5976,,,,,,,,,,1326.2529296875,,21.657459259033203,,0.7839176654815674,,36.417755126953125
,5977,,,,,,,,,,1962.324951171875,,28.675968170166016,,0.6858417987823486,,44.29813766479492
,5978,,,,,,,,,,1783.440673828125,,24.906423568725586,,0.7414182424545288,,42.23080062866211
,5979,,,,,,,,,,1845.4681396484375,,28.590482711791992,,0.6924779415130615,,42.95891189575195
,5980,,,,,,,,,,1989.225830078125,,27.74309730529785,,0.6895408630371094,,44.600738525390625
,5981,,,,,,,,,,1104.6531982421875,,18.15864372253418,,0.7242870330810547,,33.236324310302734
,5982,,,,,,,,,,1702.1204833984375,,24.734582901000977,,0.7177172899246216,,41.25676345825195
,5983,,,,,,,,,,2361.033447265625,,33.184391021728516,,0.607193112373352,,48.5904655456543
,5984,,,,,,,,,,1391.617431640625,,21.550329208374023,,0.6831756830215454,,37.30438995361328
,5985,,,,,,,,,,1658.5050048828125,,23.99455451965332,,0.7199220657348633,,40.72474670410156
,5986,,,,,,,,,,1591.8428955078125,,24.373741149902344,,0.6445958614349365,,39.89790725708008
,5987,,,,,,,,,,2075.582763671875,,30.602643966674805,,0.6739215850830078,,45.558563232421875
,5988,,,,,,,,,,1667.814208984375,,26.983667373657227,,0.7050418853759766,,40.83888244628906
,5989,,,,,,,,,,2145.43310546875,,29.920717239379883,,0.7292563915252686,,46.31882095336914
,5990,,,,,,,,,,1841.15283203125,,28.148942947387695,,0.6647688150405884,,42.90865707397461
,5991,,,,,,,,,,1634.2620849609375,,22.848358154296875,,0.7499901056289673,,40.42600631713867
,5992,,,,,,,,,,1486.18115234375,,21.72660255432129,,0.7132604122161865,,38.551021575927734
,5993,,,,,,,,,,1392.8759765625,,23.16812515258789,,0.6791900396347046,,37.32125473022461
,5994,,,,,,,,,,1788.9849853515625,,25.938478469848633,,0.6784203052520752,,42.29639434814453
,5995,,,,,,,,,,2408.125,,33.04017639160156,,0.6540170907974243,,49.07265090942383
,5996,,,,,,,,,,1243.4049072265625,,22.351778030395508,,0.6321080923080444,,35.26194763183594
,5997,,,,,,,,,,1715.3524169921875,,25.75029754638672,,0.728040337562561,,41.416812896728516
,5998,,,,,,,,,,1454.221923828125,,22.514245986938477,,0.6395811438560486,,38.13426208496094
,5999,,,,,,,,,,1992.38623046875,,29.689247131347656,,0.682373046875,,44.63615417480469
,6000,,,,,,,,,,1406.8885498046875,,24.161602020263672,,0.6780108213424683,,37.508514404296875
,6001,,,,,,,,,,1309.4320068359375,,21.887617111206055,,0.7341845035552979,,36.186073303222656
,6002,,,,,,,,,,1819.5955810546875,,24.933351516723633,,0.747991144657135,,42.656715393066406
,6003,,,,,,,,,,1598.2908935546875,,25.49648666381836,,0.7177273631095886,,39.978633880615234
,6004,,,,,,,,,,1558.5816650390625,,23.80448341369629,,0.7580887675285339,,39.478878021240234
,6005,,,,,,,,,,897.6748046875,,15.656047821044922,,0.8115466237068176,,29.96122169494629
38,18017,,,,,,,,,1680.5233154296875,,25.28169059753418,,0.6998757123947144,,40.69618225097656,
38,18017,1524.9798583984375,,24.076345443725586,,0.7152392864227295,,38.78337478637695,,,,,,,,,
39,18049,,1162.5030517578125,,21.76421356201172,,0.7478151321411133,,34.09550094604492,,,,,,,,
39,18099,,1460.8037109375,,22.0224552154541,,0.7143359184265137,,38.220462799072266,,,,,,,,
39,18149,,1720.8577880859375,,28.573068618774414,,0.6980494260787964,,41.48322296142578,,,,,,,,
39,18199,,1451.4385986328125,,23.28754997253418,,0.7328734397888184,,38.09775161743164,,,,,,,,
39,18249,,1464.6986083984375,,21.957378387451172,,0.7509325742721558,,38.27138137817383,,,,,,,,
39,18299,,1868.7777099609375,,29.936784744262695,,0.6163216829299927,,43.22936248779297,,,,,,,,
39,18349,,1291.9659423828125,,22.071142196655273,,0.8030680418014526,,35.94392776489258,,,,,,,,
39,18399,,1329.2701416015625,,22.13279914855957,,0.7241837978363037,,36.45915603637695,,,,,,,,
39,18449,,1444.0140380859375,,21.497934341430664,,0.7255944013595581,,38.00018310546875,,,,,,,,
,6006,,,,,,,,,,2199.96484375,,27.182666778564453,,0.7162426710128784,,46.90378189086914
,6007,,,,,,,,,,1792.3828125,,24.200803756713867,,0.7339119911193848,,42.336544036865234
,6008,,,,,,,,,,2044.6319580078125,,29.536741256713867,,0.6848509907722473,,45.21760559082031
,6009,,,,,,,,,,2154.63720703125,,30.129135131835938,,0.6589088439941406,,46.418067932128906
,6010,,,,,,,,,,1916.9324951171875,,24.496492385864258,,0.6775772571563721,,43.78278732299805
,6011,,,,,,,,,,1824.936767578125,,26.970483779907227,,0.6327478885650635,,42.71928024291992
,6012,,,,,,,,,,1367.614990234375,,21.10084342956543,,0.7116444110870361,,36.98128128051758
,6013,,,,,,,,,,1928.4073486328125,,26.575010299682617,,0.7210855484008789,,43.91363525390625
,6014,,,,,,,,,,2204.031005859375,,33.638427734375,,0.5919943451881409,,46.94710922241211
,6015,,,,,,,,,,1214.656982421875,,20.943603515625,,0.6972630023956299,,34.8519287109375
,6016,,,,,,,,,,1396.7376708984375,,20.249286651611328,,0.739649772644043,,37.372955322265625
,6017,,,,,,,,,,1825.005615234375,,27.53128433227539,,0.7150164842605591,,42.7200813293457
,6018,,,,,,,,,,1746.814208984375,,26.466182708740234,,0.7590728998184204,,41.79490661621094
,6019,,,,,,,,,,1268.93505859375,,22.521913528442383,,0.7513927221298218,,35.62211608886719
,6020,,,,,,,,,,1177.4913330078125,,18.998533248901367,,0.7583640217781067,,34.31459045410156
,6021,,,,,,,,,,1642.7603759765625,,27.250465393066406,,0.6931073665618896,,40.530982971191406
,6022,,,,,,,,,,1690.4432373046875,,22.968881607055664,,0.7523004412651062,,41.1150016784668
,6023,,,,,,,,,,1354.17529296875,,19.772693634033203,,0.7336757183074951,,36.79911804199219
,6024,,,,,,,,,,1604.0665283203125,,23.452421188354492,,0.7089084386825562,,40.05080032348633
,6025,,,,,,,,,,1413.15966796875,,22.809335708618164,,0.6875491142272949,,37.59201431274414
,6026,,,,,,,,,,1701.1376953125,,25.368614196777344,,0.7398873567581177,,41.244850158691406
,6027,,,,,,,,,,2115.74951171875,,29.349184036254883,,0.6831907629966736,,45.997276306152344
,6028,,,,,,,,,,1991.3582763671875,,29.798791885375977,,0.7110555768013,,44.624637603759766
,6029,,,,,,,,,,2171.85107421875,,31.802881240844727,,0.6584808826446533,,46.60312271118164
,6030,,,,,,,,,,1685.4635009765625,,27.142356872558594,,0.7069727182388306,,41.05439376831055
,6031,,,,,,,,,,1460.18408203125,,25.759981155395508,,0.6822876930236816,,38.21235275268555
,6032,,,,,,,,,,988.9379272460938,,16.015567779541016,,0.7922478914260864,,31.447383880615234
,6033,,,,,,,,,,2262.9375,,31.502931594848633,,0.676003098487854,,47.570343017578125
,6034,,,,,,,,,,2545.413330078125,,31.482227325439453,,0.5807932019233704,,50.452091217041016
,6035,,,,,,,,,,1209.555908203125,,20.297727584838867,,0.7046831846237183,,34.77867126464844
,6036,,,,,,,,,,1246.51220703125,,21.158010482788086,,0.6791719198226929,,35.30598068237305
,6037,,,,,,,,,,1185.3773193359375,,21.260156631469727,,0.7468419075012207,,34.4293098449707
,6038,,,,,,,,,,1162.7103271484375,,20.72233772277832,,0.72881019115448,,34.09853744506836
,6039,,,,,,,,,,1449.4947509765625,,22.96089744567871,,0.7501646280288696,,38.07223129272461
,6040,,,,,,,,,,1527.9295654296875,,23.342884063720703,,0.7265549898147583,,39.088741302490234
,6041,,,,,,,,,,1059.739990234375,,19.14784049987793,,0.7374740242958069,,32.553646087646484
,6042,,,,,,,,,,1372.9564208984375,,22.448516845703125,,0.6720790863037109,,37.053428649902344
,6043,,,,,,,,,,1677.088623046875,,25.764196395874023,,0.6913028955459595,,40.952274322509766
,6044,,,,,,,,,,1757.9149169921875,,26.01645851135254,,0.726516842842102,,41.927494049072266
,6045,,,,,,,,,,1573.7196044921875,,22.596603393554688,,0.7613832354545593,,39.670135498046875
,6046,,,,,,,,,,1944.15576171875,,29.41258430480957,,0.6720905303955078,,44.09258270263672
,6047,,,,,,,,,,1501.8748779296875,,23.418216705322266,,0.6911807060241699,,38.7540283203125
,6048,,,,,,,,,,1369.0648193359375,,21.066368103027344,,0.6745171546936035,,37.000877380371094
,6049,,,,,,,,,,1514.8377685546875,,23.91152572631836,,0.7122966051101685,,38.92091751098633
,6050,,,,,,,,,,1552.4803466796875,,22.76912498474121,,0.6988356113433838,,39.401527404785156
,6051,,,,,,,,,,1665.25146484375,,26.831865310668945,,0.6796714067459106,,40.807491302490234
,6052,,,,,,,,,,1499.57373046875,,23.369722366333008,,0.736384391784668,,38.72433090209961
,6053,,,,,,,,,,1826.2606201171875,,29.198022842407227,,0.6843241453170776,,42.734771728515625
,6054,,,,,,,,,,1744.0198974609375,,28.199939727783203,,0.6565444469451904,,41.7614631652832
,6055,,,,,,,,,,2622.583740234375,,35.67811584472656,,0.6803978681564331,,51.21116638183594
,6056,,,,,,,,,,1297.0479736328125,,20.944080352783203,,0.7506270408630371,,36.01455307006836
,6057,,,,,,,,,,1779.4332275390625,,25.98433494567871,,0.7356982231140137,,42.18333053588867
,6058,,,,,,,,,,1793.889892578125,,28.78006362915039,,0.6806390285491943,,42.35433578491211
,6059,,,,,,,,,,1454.47900390625,,22.41486167907715,,0.7781153917312622,,38.13763427734375
,6060,,,,,,,,,,1432.0972900390625,,23.981592178344727,,0.685732901096344,,37.84305953979492
,6061,,,,,,,,,,1649.296630859375,,27.568862915039062,,0.7162601947784424,,40.611534118652344
,6062,,,,,,,,,,1136.3128662109375,,22.661893844604492,,0.624575138092041,,33.7092399597168
,6063,,,,,,,,,,1202.1923828125,,20.723482131958008,,0.7585853338241577,,34.67264938354492
,6064,,,,,,,,,,1591.03173828125,,24.749370574951172,,0.6652239561080933,,39.88774108886719
,6065,,,,,,,,,,1819.62158203125,,27.010622024536133,,0.7162039279937744,,42.65702438354492
,6066,,,,,,,,,,1420.980712890625,,22.38182258605957,,0.7726808190345764,,37.69589614868164
,6067,,,,,,,,,,2500.614013671875,,31.232275009155273,,0.6706587076187134,,50.006141662597656
,6068,,,,,,,,,,2062.796142578125,,30.243406295776367,,0.7037280797958374,,45.41801834106445
,6069,,,,,,,,,,1872.5699462890625,,28.527240753173828,,0.6529083847999573,,43.27320098876953
,6070,,,,,,,,,,1353.811767578125,,23.373455047607422,,0.7145299911499023,,36.79418182373047
,6071,,,,,,,,,,1658.8695068359375,,24.38378143310547,,0.7407780885696411,,40.72922134399414
,6072,,,,,,,,,,1582.3001708984375,,26.32158660888672,,0.7141250371932983,,39.77813720703125
,6073,,,,,,,,,,1384.756103515625,,22.430456161499023,,0.7692797780036926,,37.212310791015625
,6074,,,,,,,,,,2079.502685546875,,27.124557495117188,,0.7065300941467285,,45.601566314697266
,6075,,,,,,,,,,1646.956298828125,,26.261627197265625,,0.7349758148193359,,40.58271026611328
,6076,,,,,,,,,,1315.3115234375,,21.61354637145996,,0.736950159072876,,36.2672233581543
,6077,,,,,,,,,,1661.6575927734375,,25.72390365600586,,0.7152686715126038,,40.76343536376953
,6078,,,,,,,,,,2236.57861328125,,31.93583869934082,,0.6858315467834473,,47.29248046875
,6079,,,,,,,,,,2204.98779296875,,32.36267852783203,,0.628789484500885,,46.957298278808594
,6080,,,,,,,,,,1763.1519775390625,,26.8763370513916,,0.690099835395813,,41.98990249633789
,6081,,,,,,,,,,1689.0284423828125,,24.4156436920166,,0.7345122694969177,,41.0977897644043
,6082,,,,,,,,,,1897.01318359375,,28.698062896728516,,0.6167582273483276,,43.55471420288086
,6083,,,,,,,,,,1294.5675048828125,,22.01174545288086,,0.7714629173278809,,35.980098724365234
,6084,,,,,,,,,,1456.93603515625,,23.720699310302734,,0.7439430952072144,,38.169830322265625
,6085,,,,,,,,,,1729.720703125,,25.445667266845703,,0.6372403502464294,,41.58991241455078
,6086,,,,,,,,,,3238.162841796875,,41.371238708496094,,0.6161868572235107,,56.90486145019531
,6087,,,,,,,,,,1595.8240966796875,,23.220170974731445,,0.7011854648590088,,39.9477653503418
,6088,,,,,,,,,,2391.5029296875,,31.201574325561523,,0.7159708738327026,,48.90299606323242
,6089,,,,,,,,,,1614.401123046875,,24.954256057739258,,0.7184690237045288,,40.17961120605469
,6090,,,,,,,,,,1311.099365234375,,21.481245040893555,,0.682977020740509,,36.2091064453125
,6091,,,,,,,,,,1789.0191650390625,,28.07649803161621,,0.6563805341720581,,42.29679870605469
,6092,,,,,,,,,,1349.5301513671875,,22.61090660095215,,0.7815020680427551,,36.7359504699707
,6093,,,,,,,,,,2682.392333984375,,32.300350189208984,,0.6965069770812988,,51.79181671142578
,6094,,,,,,,,,,1686.6419677734375,,25.32832908630371,,0.642485499382019,,41.068748474121094
,6095,,,,,,,,,,880.5879516601562,,17.554222106933594,,0.6924477815628052,,29.674701690673828
,6096,,,,,,,,,,1685.907470703125,,23.082862854003906,,0.7210319638252258,,41.0598030090332
,6097,,,,,,,,,,1129.104248046875,,16.961109161376953,,0.6966391801834106,,33.60214614868164
,6098,,,,,,,,,,2047.341796875,,29.032730102539062,,0.7115664482116699,,45.247562408447266
,6099,,,,,,,,,,2046.458251953125,,29.808032989501953,,0.660213828086853,,45.237796783447266
,6100,,,,,,,,,,1758.116943359375,,26.911487579345703,,0.6924512982368469,,41.92990493774414
,6101,,,,,,,,,,1748.76025390625,,26.023880004882812,,0.7118163108825684,,41.81818389892578
,6102,,,,,,,,,,1308.4285888671875,,20.2244873046875,,0.7312328815460205,,36.17220687866211
,6103,,,,,,,,,,2443.636474609375,,30.355154037475586,,0.6920757293701172,,49.43315124511719
,6104,,,,,,,,,,2238.215576171875,,31.326923370361328,,0.7004597187042236,,47.309783935546875
,6105,,,,,,,,,,1727.082275390625,,25.72845458984375,,0.6740865707397461,,41.55818176269531
,6106,,,,,,,,,,1625.246826171875,,25.939573287963867,,0.7152394652366638,,40.31435012817383
,6107,,,,,,,,,,1818.7139892578125,,29.25716781616211,,0.5904728174209595,,42.64638137817383
,6108,,,,,,,,,,986.91650390625,,17.513784408569336,,0.7127143740653992,,31.415225982666016
,6109,,,,,,,,,,1183.4715576171875,,20.559003829956055,,0.702988862991333,,34.4016227722168
,6110,,,,,,,,,,1333.0054931640625,,22.45213508605957,,0.7007318735122681,,36.51034927368164
,6111,,,,,,,,,,1207.870849609375,,21.347522735595703,,0.7609314918518066,,34.75443649291992
,6112,,,,,,,,,,1493.55712890625,,24.271942138671875,,0.6794513463973999,,38.64656448364258
,6113,,,,,,,,,,3637.6259765625,,34.716068267822266,,0.5909916162490845,,60.3127326965332
,6114,,,,,,,,,,963.1510009765625,,15.427611351013184,,0.6874134540557861,,31.0346736907959
,6115,,,,,,,,,,1379.729736328125,,24.11496925354004,,0.6519653797149658,,37.14471435546875
,6116,,,,,,,,,,1747.0513916015625,,27.917490005493164,,0.6439502239227295,,41.79774475097656
,6117,,,,,,,,,,1856.014404296875,,30.150835037231445,,0.6769920587539673,,43.081485748291016
,6118,,,,,,,,,,1554.287841796875,,27.259456634521484,,0.6635709404945374,,39.42445755004883
,6119,,,,,,,,,,1435.259765625,,24.037677764892578,,0.7737501859664917,,37.88481903076172
,6120,,,,,,,,,,1065.8465576171875,,19.325624465942383,,0.7350931167602539,,32.64730453491211
,6121,,,,,,,,,,1326.4798583984375,,20.383953094482422,,0.767191469669342,,36.42087173461914
,6122,,,,,,,,,,1796.5809326171875,,28.788801193237305,,0.7354997396469116,,42.38609313964844
,6123,,,,,,,,,,1427.1610107421875,,23.174787521362305,,0.7706460952758789,,37.77778625488281
,6124,,,,,,,,,,1284.839111328125,,21.34613800048828,,0.6831029057502747,,35.84465408325195
,6125,,,,,,,,,,1842.4710693359375,,28.3455867767334,,0.7102327346801758,,42.924015045166016
,6126,,,,,,,,,,1452.8868408203125,,23.358060836791992,,0.7265042662620544,,38.11675262451172
,6127,,,,,,,,,,1596.0667724609375,,25.704267501831055,,0.6601264476776123,,39.9508056640625
,6128,,,,,,,,,,1535.469482421875,,23.594667434692383,,0.7012463212013245,,39.18506622314453
,6129,,,,,,,,,,1347.9068603515625,,20.059707641601562,,0.6876110434532166,,36.71384811401367
,6130,,,,,,,,,,1307.3624267578125,,21.557992935180664,,0.7869954705238342,,36.157466888427734
,6131,,,,,,,,,,1946.876220703125,,28.59614372253418,,0.6883150339126587,,44.12342071533203
,6132,,,,,,,,,,1792.70947265625,,25.04143714904785,,0.7400743961334229,,42.340396881103516
,6133,,,,,,,,,,1806.79345703125,,28.321521759033203,,0.6989225745201111,,42.50639343261719
,6134,,,,,,,,,,1962.9534912109375,,27.705875396728516,,0.693641185760498,,44.30522918701172
,6135,,,,,,,,,,1098.5909423828125,,18.2247257232666,,0.7258000373840332,,33.14500045776367
,6136,,,,,,,,,,1648.4373779296875,,24.406892776489258,,0.7266201972961426,,40.600955963134766
,6137,,,,,,,,,,2346.205078125,,33.17346954345703,,0.6096601486206055,,48.43763732910156
,6138,,,,,,,,,,1397.22509765625,,21.633756637573242,,0.6818990111351013,,37.37947463989258
,6139,,,,,,,,,,1649.1590576171875,,23.9371395111084,,0.7215003371238708,,40.609840393066406
,6140,,,,,,,,,,1580.754150390625,,24.38054656982422,,0.6470715999603271,,39.758697509765625
,6141,,,,,,,,,,2095.223388671875,,30.79163932800293,,0.6708359718322754,,45.77360916137695
,6142,,,,,,,,,,1661.98291015625,,26.997634887695312,,0.7060731649398804,,40.767425537109375
,6143,,,,,,,,,,2116.281005859375,,29.899484634399414,,0.7329351902008057,,46.003055572509766
,6144,,,,,,,,,,1845.4979248046875,,28.315275192260742,,0.6639777421951294,,42.959259033203125
,6145,,,,,,,,,,1628.8624267578125,,22.949552536010742,,0.7508161067962646,,40.359169006347656
,6146,,,,,,,,,,1486.2320556640625,,21.77278709411621,,0.7132505178451538,,38.55168151855469
,6147,,,,,,,,,,1396.3140869140625,,23.246318817138672,,0.6783981919288635,,37.36728286743164
,6148,,,,,,,,,,1768.28271484375,,25.830303192138672,,0.6821416616439819,,42.05095672607422
,6149,,,,,,,,,,2409.23046875,,33.08736801147461,,0.6538583040237427,,49.08391189575195
,6150,,,,,,,,,,1239.250244140625,,22.431678771972656,,0.6333373785018921,,35.20298767089844
,6151,,,,,,,,,,1707.3018798828125,,25.739355087280273,,0.7293167114257812,,41.31951141357422
,6152,,,,,,,,,,1445.7423095703125,,22.47476577758789,,0.6416827440261841,,38.022918701171875
,6153,,,,,,,,,,1956.4190673828125,,29.522851943969727,,0.688106894493103,,44.23142623901367
,6154,,,,,,,,,,1378.8546142578125,,23.99650764465332,,0.6844268441200256,,37.132930755615234
,6155,,,,,,,,,,1310.230224609375,,21.84816551208496,,0.7340224981307983,,36.19710159301758
,6156,,,,,,,,,,1823.5946044921875,,25.123416900634766,,0.7474372386932373,,42.70356369018555
,6157,,,,,,,,,,1583.0330810546875,,25.446857452392578,,0.7204220294952393,,39.787349700927734
,6158,,,,,,,,,,1550.111328125,,23.78122329711914,,0.7594034671783447,,39.37145233154297
,6159,,,,,,,,,,887.1064453125,,15.671415328979492,,0.813765287399292,,29.784332275390625
39,18479,,,,,,,,,1666.96630859375,,25.25581932067871,,0.7022146582603455,,40.53568649291992,
39,18479,1520.06494140625,,24.027587890625,,0.7159433364868164,,38.72407150268555,,,,,,,,,
40,18499,,2264.00341796875,,31.636327743530273,,0.7187280654907227,,47.581546783447266,,,,,,,,
40,18549,,1750.8023681640625,,28.745128631591797,,0.6811521053314209,,41.84259033203125,,,,,,,,
40,18599,,1822.8138427734375,,30.51373291015625,,0.6977674961090088,,42.69442367553711,,,,,,,,
40,18649,,1314.3218994140625,,21.79912567138672,,0.6860834360122681,,36.253578186035156,,,,,,,,
40,18699,,1968.751220703125,,28.79237937927246,,0.6519420146942139,,44.37061309814453,,,,,,,,
40,18749,,1891.046875,,30.42136573791504,,0.7360360622406006,,43.486167907714844,,,,,,,,
40,18799,,1721.411865234375,,24.9969425201416,,0.7392287850379944,,41.48990249633789,,,,,,,,
40,18849,,1563.2093505859375,,22.216644287109375,,0.7002115249633789,,39.53744125366211,,,,,,,,
40,18899,,1751.805419921875,,26.104150772094727,,0.6772504448890686,,41.854576110839844,,,,,,,,
,6160,,,,,,,,,,2191.310302734375,,27.30704116821289,,0.7173589468002319,,46.811431884765625
,6161,,,,,,,,,,1791.5238037109375,,24.213829040527344,,0.7340395450592041,,42.32639694213867
,6162,,,,,,,,,,2046.5999755859375,,29.468250274658203,,0.6845476627349854,,45.23936080932617
,6163,,,,,,,,,,2156.902099609375,,30.13175392150879,,0.6585503220558167,,46.44245910644531
,6164,,,,,,,,,,1965.1138916015625,,24.627511978149414,,0.6694732904434204,,44.32960510253906
,6165,,,,,,,,,,1829.6959228515625,,26.933942794799805,,0.6317901611328125,,42.77494430541992
,6166,,,,,,,,,,1390.4564208984375,,21.28208351135254,,0.7068284153938293,,37.28882598876953
,6167,,,,,,,,,,1923.83984375,,26.532743453979492,,0.7217461466789246,,43.86159896850586
,6168,,,,,,,,,,2267.71826171875,,34.0086784362793,,0.5802046656608582,,47.620567321777344
,6169,,,,,,,,,,1212.92041015625,,20.755346298217773,,0.6976958513259888,,34.82700729370117
,6170,,,,,,,,,,1395.2412109375,,20.22584342956543,,0.7399287223815918,,37.352928161621094
,6171,,,,,,,,,,1814.1536865234375,,27.420658111572266,,0.7167110443115234,,42.5928840637207
,6172,,,,,,,,,,1754.329345703125,,26.452199935913086,,0.7580363750457764,,41.88471603393555
,6173,,,,,,,,,,1262.76611328125,,22.432493209838867,,0.7526013255119324,,35.53541946411133
,6174,,,,,,,,,,1189.6636962890625,,18.936790466308594,,0.7558661103248596,,34.49150085449219
,6175,,,,,,,,,,1648.14208984375,,27.234615325927734,,0.6921019554138184,,40.59731674194336
,6176,,,,,,,,,,1735.707763671875,,23.246604919433594,,0.7456678748130798,,41.66182327270508
,6177,,,,,,,,,,1343.459716796875,,19.69300651550293,,0.7357831001281738,,36.653236389160156
,6178,,,,,,,,,,1614.7794189453125,,23.53990936279297,,0.7069643139839172,,40.18431854248047
,6179,,,,,,,,,,1411.8758544921875,,22.747604370117188,,0.6878330111503601,,37.57493591308594
,6180,,,,,,,,,,1678.77392578125,,25.15129280090332,,0.7433069348335266,,40.972843170166016
,6181,,,,,,,,,,2101.465576171875,,29.203813552856445,,0.6853296756744385,,45.84174346923828
,6182,,,,,,,,,,1993.1077880859375,,29.827043533325195,,0.7108017206192017,,44.64423751831055
,6183,,,,,,,,,,2181.92333984375,,31.820619583129883,,0.6568970680236816,,46.711063385009766
,6184,,,,,,,,,,1693.39892578125,,27.11159896850586,,0.7055931091308594,,41.15092849731445
,6185,,,,,,,,,,1450.9033203125,,25.538049697875977,,0.6843070387840271,,38.09072494506836
,6186,,,,,,,,,,999.7817993164062,,16.085683822631836,,0.7899698615074158,,31.619325637817383
,6187,,,,,,,,,,2283.1083984375,,31.482664108276367,,0.6731151342391968,,47.78187942504883
,6188,,,,,,,,,,2670.95751953125,,31.84001922607422,,0.5601171255111694,,51.68130874633789
,6189,,,,,,,,,,1209.822265625,,20.2676944732666,,0.7046180963516235,,34.782501220703125
,6190,,,,,,,,,,1243.8363037109375,,21.045238494873047,,0.6798605918884277,,35.268062591552734
,6191,,,,,,,,,,1194.161865234375,,21.27926254272461,,0.7449658513069153,,34.556644439697266
,6192,,,,,,,,,,1178.998291015625,,20.751708984375,,0.7250112295150757,,34.336544036865234
,6193,,,,,,,,,,1441.207763671875,,22.89591407775879,,0.7515929937362671,,37.96324157714844
,6194,,,,,,,,,,1493.289306640625,,23.053062438964844,,0.7327543497085571,,38.64310073852539
,6195,,,,,,,,,,1052.87548828125,,19.032459259033203,,0.739174485206604,,32.44804382324219
,6196,,,,,,,,,,1379.7015380859375,,22.43703842163086,,0.6704680919647217,,37.14433670043945
,6197,,,,,,,,,,1681.058837890625,,25.838430404663086,,0.6905720829963684,,41.00071716308594
,6198,,,,,,,,,,1759.6192626953125,,26.01177215576172,,0.7262517213821411,,41.94781494140625
,6199,,,,,,,,,,1564.1673583984375,,22.480756759643555,,0.7628316283226013,,39.54955291748047
,6200,,,,,,,,,,1950.493896484375,,29.487377166748047,,0.6710215210914612,,44.16439437866211
,6201,,,,,,,,,,1492.6331787109375,,23.28696632385254,,0.6930810213088989,,38.634613037109375
,6202,,,,,,,,,,1348.273193359375,,20.856426239013672,,0.6794601678848267,,36.718841552734375
,6203,,,,,,,,,,1520.35595703125,,23.953794479370117,,0.7112486362457275,,38.99174499511719
,6204,,,,,,,,,,1569.298828125,,22.932748794555664,,0.6955730319023132,,39.614376068115234
,6205,,,,,,,,,,1671.658935546875,,26.868257522583008,,0.6784389019012451,,40.88592529296875
,6206,,,,,,,,,,1498.35791015625,,23.271900177001953,,0.7365981340408325,,38.70862579345703
,6207,,,,,,,,,,1881.4202880859375,,29.48387908935547,,0.674789547920227,,43.375343322753906
,6208,,,,,,,,,,1766.057373046875,,28.37688446044922,,0.6522045135498047,,42.02448654174805
,6209,,,,,,,,,,2666.132568359375,,35.958038330078125,,0.6750907897949219,,51.634605407714844
,6210,,,,,,,,,,1313.63330078125,,21.022045135498047,,0.7474383115768433,,36.24407958984375
,6211,,,,,,,,,,1742.8992919921875,,25.899145126342773,,0.7411246299743652,,41.748046875
,6212,,,,,,,,,,1792.2857666015625,,28.54511833190918,,0.6809245944023132,,42.33539581298828
,6213,,,,,,,,,,1458.3843994140625,,22.54625701904297,,0.7775195837020874,,38.18880081176758
,6214,,,,,,,,,,1431.4361572265625,,23.92523956298828,,0.6858779788017273,,37.83432388305664
,6215,,,,,,,,,,1655.8704833984375,,27.579429626464844,,0.7151292562484741,,40.692386627197266
,6216,,,,,,,,,,1140.904296875,,22.57345962524414,,0.6230581998825073,,33.77727508544922
,6217,,,,,,,,,,1210.7239990234375,,20.740238189697266,,0.7568720579147339,,34.79545974731445
,6218,,,,,,,,,,1581.20947265625,,24.595731735229492,,0.6672907471656799,,39.76442337036133
,6219,,,,,,,,,,1861.3609619140625,,27.20469093322754,,0.7096940279006958,,43.14349365234375
,6220,,,,,,,,,,1442.03662109375,,22.52501106262207,,0.7693124413490295,,37.97415542602539
,6221,,,,,,,,,,2549.105224609375,,31.467588424682617,,0.6642722487449646,,50.48866271972656
,6222,,,,,,,,,,2085.722412109375,,30.458621978759766,,0.7004352807998657,,45.669708251953125
,6223,,,,,,,,,,1852.7689208984375,,28.2955265045166,,0.6565786004066467,,43.04380416870117
,6224,,,,,,,,,,1347.4720458984375,,23.312124252319336,,0.7158668041229248,,36.70793151855469
,6225,,,,,,,,,,1667.6976318359375,,24.48961067199707,,0.7393985986709595,,40.83745193481445
,6226,,,,,,,,,,1608.605712890625,,26.42774200439453,,0.7093724012374878,,40.107425689697266
,6227,,,,,,,,,,1401.5999755859375,,22.504661560058594,,0.7664733529090881,,37.437950134277344
,6228,,,,,,,,,,2075.345703125,,26.986242294311523,,0.7071167230606079,,45.555965423583984
,6229,,,,,,,,,,1669.7252197265625,,26.52816390991211,,0.7313118577003479,,40.86227035522461
,6230,,,,,,,,,,1331.0230712890625,,21.600318908691406,,0.7338079810142517,,36.48318862915039
,6231,,,,,,,,,,1646.9781494140625,,25.4616641998291,,0.71778404712677,,40.582977294921875
,6232,,,,,,,,,,2189.5810546875,,31.50614356994629,,0.69243323802948,,46.79296112060547
,6233,,,,,,,,,,2240.963134765625,,32.5247688293457,,0.6227329969406128,,47.33881378173828
,6234,,,,,,,,,,1760.4678955078125,,26.88105583190918,,0.6905715465545654,,41.95793151855469
,6235,,,,,,,,,,1685.936279296875,,24.368928909301758,,0.7349982857704163,,41.06015396118164
,6236,,,,,,,,,,1895.7474365234375,,28.569618225097656,,0.6170139312744141,,43.54018020629883
,6237,,,,,,,,,,1303.143798828125,,21.98467254638672,,0.7699488401412964,,36.099082946777344
,6238,,,,,,,,,,1462.3612060546875,,23.774311065673828,,0.7429895997047424,,38.2408332824707
,6239,,,,,,,,,,1733.215576171875,,25.351516723632812,,0.6365073919296265,,41.63190460205078
,6240,,,,,,,,,,3266.84716796875,,41.5786247253418,,0.6127870082855225,,57.156341552734375
,6241,,,,,,,,,,1609.8028564453125,,23.303159713745117,,0.6985679268836975,,40.12234878540039
,6242,,,,,,,,,,2348.104736328125,,30.991931915283203,,0.7211251258850098,,48.457244873046875
,6243,,,,,,,,,,1632.537841796875,,25.072486877441406,,0.715306282043457,,40.4046745300293
,6244,,,,,,,,,,1311.0362548828125,,21.386505126953125,,0.6829922795295715,,36.20823287963867
,6245,,,,,,,,,,1817.0355224609375,,28.230545043945312,,0.6509994268417358,,42.6266975402832
,6246,,,,,,,,,,1361.9522705078125,,22.580272674560547,,0.7794908285140991,,36.90463638305664
,6247,,,,,,,,,,2724.2705078125,,32.55080795288086,,0.6917687654495239,,52.19454574584961
,6248,,,,,,,,,,1689.1802978515625,,25.134340286254883,,0.6419475078582764,,41.099639892578125
,6249,,,,,,,,,,871.3609008789062,,17.354782104492188,,0.6956704258918762,,29.518821716308594
,6250,,,,,,,,,,1732.0137939453125,,23.13730812072754,,0.7134027481079102,,41.617469787597656
,6251,,,,,,,,,,1173.5367431640625,,17.19019317626953,,0.6847013235092163,,34.25692367553711
,6252,,,,,,,,,,2081.9033203125,,29.316478729248047,,0.7066973447799683,,45.62788009643555
,6253,,,,,,,,,,2070.640869140625,,29.996400833129883,,0.6561986207962036,,45.504295349121094
,6254,,,,,,,,,,1786.0245361328125,,27.124061584472656,,0.6875693798065186,,42.261383056640625
,6255,,,,,,,,,,1783.6480712890625,,26.20142364501953,,0.7060670852661133,,42.23326110839844
,6256,,,,,,,,,,1314.216064453125,,20.308900833129883,,0.7300441265106201,,36.25211715698242
,6257,,,,,,,,,,2460.253662109375,,30.3377742767334,,0.6899817585945129,,49.60094451904297
,6258,,,,,,,,,,2278.291259765625,,31.54416275024414,,0.6950964331626892,,47.731449127197266
,6259,,,,,,,,,,1731.9718017578125,,25.695377349853516,,0.673163890838623,,41.616966247558594
,6260,,,,,,,,,,1642.394775390625,,26.0849666595459,,0.7122349739074707,,40.52647018432617
,6261,,,,,,,,,,1810.1029052734375,,29.129682540893555,,0.5924118757247925,,42.54530334472656
,6262,,,,,,,,,,983.3052368164062,,17.496965408325195,,0.7137656211853027,,31.357698440551758
,6263,,,,,,,,,,1186.2425537109375,,20.57836151123047,,0.7022933959960938,,34.441871643066406
,6264,,,,,,,,,,1350.2760009765625,,22.52269172668457,,0.6968544721603394,,36.7461051940918
,6265,,,,,,,,,,1236.148681640625,,21.535411834716797,,0.7553346157073975,,35.158905029296875
,6266,,,,,,,,,,1487.5164794921875,,24.216508865356445,,0.6807477474212646,,38.56833267211914
,6267,,,,,,,,,,3585.44482421875,,34.44523239135742,,0.5968587398529053,,59.87858200073242
,6268,,,,,,,,,,959.5687255859375,,15.28482723236084,,0.6885759830474854,,30.97690773010254
,6269,,,,,,,,,,1402.12744140625,,24.280920028686523,,0.6463156342506409,,37.44499206542969
,6270,,,,,,,,,,1748.81201171875,,27.804344177246094,,0.6435914039611816,,41.81880187988281
,6271,,,,,,,,,,1874.293212890625,,30.263673782348633,,0.6738109588623047,,43.29310989379883
,6272,,,,,,,,,,1590.739990234375,,27.434553146362305,,0.655680775642395,,39.88408279418945
,6273,,,,,,,,,,1425.2149658203125,,23.96027946472168,,0.7753336429595947,,37.752017974853516
,6274,,,,,,,,,,1087.8028564453125,,19.570127487182617,,0.7296360731124878,,32.98185729980469
,6275,,,,,,,,,,1310.5526123046875,,20.278289794921875,,0.7699868083000183,,36.20155715942383
,6276,,,,,,,,,,1777.0128173828125,,28.68744659423828,,0.7383806109428406,,42.154632568359375
,6277,,,,,,,,,,1421.1568603515625,,23.041912078857422,,0.7716110348701477,,37.69823455810547
,6278,,,,,,,,,,1308.744140625,,21.31258773803711,,0.6772068738937378,,36.17656707763672
,6279,,,,,,,,,,1874.0006103515625,,28.430374145507812,,0.7052741050720215,,43.289730072021484
,6280,,,,,,,,,,1484.7315673828125,,23.48639488220215,,0.7205097675323486,,38.5322151184082
,6281,,,,,,,,,,1595.63330078125,,25.697154998779297,,0.6602187156677246,,39.945377349853516
,6282,,,,,,,,,,1505.3753662109375,,23.351476669311523,,0.7071016430854797,,38.79916763305664
,6283,,,,,,,,,,1342.589111328125,,19.823993682861328,,0.6888434886932373,,36.641357421875
,6284,,,,,,,,,,1329.4537353515625,,21.76358413696289,,0.7833961844444275,,36.461673736572266
,6285,,,,,,,,,,1956.74609375,,28.655479431152344,,0.6867349147796631,,44.23512268066406
,6286,,,,,,,,,,1744.1402587890625,,24.702388763427734,,0.7471164464950562,,41.76290512084961
,6287,,,,,,,,,,1820.58203125,,28.48630714416504,,0.6966248750686646,,42.668277740478516
,6288,,,,,,,,,,1960.5216064453125,,27.678264617919922,,0.6940207481384277,,44.27777862548828
,6289,,,,,,,,,,1108.4495849609375,,18.23537254333496,,0.7233394384384155,,33.29338836669922
,6290,,,,,,,,,,1657.2908935546875,,24.42626190185547,,0.7251518964767456,,40.7098388671875
,6291,,,,,,,,,,2359.046142578125,,33.187294006347656,,0.6075237393379211,,48.570011138916016
,6292,,,,,,,,,,1390.14599609375,,21.516508102416992,,0.6835106611251831,,37.28466033935547
,6293,,,,,,,,,,1642.10400390625,,23.838716506958008,,0.7226917743682861,,40.52288055419922
,6294,,,,,,,,,,1582.7841796875,,24.348896026611328,,0.6466183662414551,,39.78422164916992
,6295,,,,,,,,,,2094.406982421875,,30.735759735107422,,0.670964241027832,,45.76469039916992
,6296,,,,,,,,,,1659.99560546875,,26.979595184326172,,0.7064245939254761,,40.7430419921875
,6297,,,,,,,,,,2122.407958984375,,29.81182098388672,,0.7321619987487793,,46.06959915161133
,6298,,,,,,,,,,1832.62109375,,28.16973876953125,,0.6663222908973694,,42.80912399291992
,6299,,,,,,,,,,1636.526611328125,,22.86068344116211,,0.7496436238288879,,40.45400619506836
,6300,,,,,,,,,,1494.4637451171875,,21.79682159423828,,0.7116623520851135,,38.658294677734375
,6301,,,,,,,,,,1406.5472412109375,,23.314926147460938,,0.6760412454605103,,37.503963470458984
,6302,,,,,,,,,,1782.044921875,,25.934459686279297,,0.6796678304672241,,42.21427536010742
,6303,,,,,,,,,,2392.96875,,32.93286895751953,,0.6561946868896484,,48.91798400878906
,6304,,,,,,,,,,1265.124755859375,,22.582868576049805,,0.6256817579269409,,35.5685920715332
,6305,,,,,,,,,,1689.039306640625,,25.557842254638672,,0.7322121262550354,,41.097923278808594
,6306,,,,,,,,,,1460.54931640625,,22.57418441772461,,0.6380129456520081,,38.21713638305664
,6307,,,,,,,,,,1971.6729736328125,,29.614187240600586,,0.6856751441955566,,44.40352249145508
,6308,,,,,,,,,,1382.14501953125,,23.966449737548828,,0.6836737394332886,,37.17721176147461
,6309,,,,,,,,,,1300.1268310546875,,21.79804801940918,,0.7360734939575195,,36.05727005004883
,6310,,,,,,,,,,1806.2098388671875,,24.934341430664062,,0.749845027923584,,42.49952697753906
,6311,,,,,,,,,,1602.763427734375,,25.575929641723633,,0.7169374823570251,,40.03452682495117
,6312,,,,,,,,,,1554.8365478515625,,23.720273971557617,,0.7586700320243835,,39.43141555786133
,6313,,,,,,,,,,890.924072265625,,15.587437629699707,,0.8129638433456421,,29.848350524902344
40,18941,,,,,,,,,1674.2086181640625,,25.259286880493164,,0.7008852362632751,,40.62221908569336,
40,18941,1527.6080322265625,,24.09134292602539,,0.7162119150161743,,38.82827377319336,,,,,,,,,
41,18949,,1585.4603271484375,,25.26280403137207,,0.7432287931442261,,39.817840576171875,,,,,,,,
41,18999,,1391.77294921875,,23.164228439331055,,0.801384449005127,,37.30647277832031,,,,,,,,
41,19049,,1131.2252197265625,,19.807598114013672,,0.7634024024009705,,33.633689880371094,,,,,,,,
41,19099,,1387.58349609375,,22.237571716308594,,0.769038736820221,,37.250282287597656,,,,,,,,
41,19149,,1201.8570556640625,,21.13451385498047,,0.655144453048706,,34.667808532714844,,,,,,,,
41,19199,,1546.5906982421875,,25.130672454833984,,0.6161391735076904,,39.326717376708984,,,,,,,,
41,19249,,1299.79296875,,22.862850189208984,,0.7389463782310486,,36.05263900756836,,,,,,,,
41,19299,,1357.299072265625,,21.124616622924805,,0.7457236647605896,,36.8415412902832,,,,,,,,
41,19349,,1825.4564208984375,,25.257776260375977,,0.7102980613708496,,42.72536087036133,,,,,,,,
41,19399,,1732.2122802734375,,25.977737426757812,,0.7066580057144165,,41.61985397338867,,,,,,,,
,6314,,,,,,,,,,2211.650390625,,27.161502838134766,,0.7147354483604431,,47.0281867980957
,6315,,,,,,,,,,1778.7421875,,24.122100830078125,,0.7359369993209839,,42.175140380859375
,6316,,,,,,,,,,1994.6773681640625,,29.168598175048828,,0.6925507187843323,,44.661808013916016
,6317,,,,,,,,,,2140.41552734375,,30.0163516998291,,0.6611602306365967,,46.264625549316406
,6318,,,,,,,,,,1946.163818359375,,24.51590919494629,,0.6726605892181396,,44.1153450012207
,6319,,,,,,,,,,1834.35205078125,,26.888566970825195,,0.6308531761169434,,42.82933807373047
,6320,,,,,,,,,,1371.6610107421875,,21.04621124267578,,0.7107913494110107,,37.03594207763672
,6321,,,,,,,,,,1938.222412109375,,26.651124954223633,,0.7196659445762634,,44.025245666503906
,6322,,,,,,,,,,2246.3251953125,,33.85669708251953,,0.5841649770736694,,47.39541244506836
,6323,,,,,,,,,,1225.1494140625,,20.92670249938965,,0.6946479082107544,,35.00213623046875
,6324,,,,,,,,,,1391.296630859375,,20.21019744873047,,0.740664005279541,,37.30009078979492
,6325,,,,,,,,,,1814.142578125,,27.384450912475586,,0.7167127132415771,,42.59275436401367
,6326,,,,,,,,,,1755.8916015625,,26.515310287475586,,0.7578209042549133,,41.90336227416992
,6327,,,,,,,,,,1276.974853515625,,22.476778030395508,,0.7498175501823425,,35.73478698730469
,6328,,,,,,,,,,1185.888427734375,,18.927690505981445,,0.7566408514976501,,34.436729431152344
,6329,,,,,,,,,,1654.0316162109375,,27.24887466430664,,0.6910017728805542,,40.6697883605957
,6330,,,,,,,,,,1716.2266845703125,,23.151832580566406,,0.7485224008560181,,41.4273681640625
,6331,,,,,,,,,,1348.31494140625,,19.708267211914062,,0.7348282337188721,,36.71940612792969
,6332,,,,,,,,,,1617.7255859375,,23.608333587646484,,0.7064297199249268,,40.2209587097168
,6333,,,,,,,,,,1425.3009033203125,,22.783601760864258,,0.6848646998405457,,37.75315856933594
,6334,,,,,,,,,,1651.5052490234375,,24.9599609375,,0.7474764585494995,,40.63871765136719
,6335,,,,,,,,,,2107.90185546875,,29.196231842041016,,0.6843658685684204,,45.91189193725586
,6336,,,,,,,,,,1994.2353515625,,29.741106033325195,,0.7106381058692932,,44.656864166259766
,6337,,,,,,,,,,2188.546142578125,,31.85987663269043,,0.655855655670166,,46.781898498535156
,6338,,,,,,,,,,1683.1800537109375,,27.04254913330078,,0.7073696851730347,,41.02657699584961
,6339,,,,,,,,,,1462.426513671875,,25.659372329711914,,0.6817997694015503,,38.24168395996094
,6340,,,,,,,,,,1002.87451171875,,16.078798294067383,,0.789320170879364,,31.668193817138672
,6341,,,,,,,,,,2296.12158203125,,31.629487991333008,,0.6712520122528076,,47.91786193847656
,6342,,,,,,,,,,2639.286376953125,,31.761734008789062,,0.5653331279754639,,51.373985290527344
,6343,,,,,,,,,,1197.984619140625,,20.203166961669922,,0.7075083255767822,,34.611915588378906
,6344,,,,,,,,,,1246.6123046875,,21.105886459350586,,0.6791461706161499,,35.307395935058594
,6345,,,,,,,,,,1187.38037109375,,21.297990798950195,,0.7464141845703125,,34.4583854675293
,6346,,,,,,,,,,1177.1826171875,,20.69586753845215,,0.7254347205162048,,34.31009292602539
,6347,,,,,,,,,,1449.0509033203125,,22.946434020996094,,0.7502411603927612,,38.066402435302734
,6348,,,,,,,,,,1525.9609375,,23.299009323120117,,0.7269073128700256,,39.06354904174805
,6349,,,,,,,,,,1061.474853515625,,19.081409454345703,,0.7370442152023315,,32.580284118652344
,6350,,,,,,,,,,1408.2808837890625,,22.693696975708008,,0.663642168045044,,37.527069091796875
,6351,,,,,,,,,,1708.199951171875,,26.013092041015625,,0.685576319694519,,41.33037567138672
,6352,,,,,,,,,,1753.763671875,,25.933809280395508,,0.7271626591682434,,41.877960205078125
,6353,,,,,,,,,,1568.6337890625,,22.656667709350586,,0.7621544003486633,,39.605979919433594
,6354,,,,,,,,,,1956.0277099609375,,29.423789978027344,,0.6700881719589233,,44.22700119018555
,6355,,,,,,,,,,1522.001708984375,,23.479656219482422,,0.6870421767234802,,39.012840270996094
,6356,,,,,,,,,,1366.293701171875,,21.05731964111328,,0.6751760244369507,,36.963409423828125
,6357,,,,,,,,,,1538.667724609375,,24.05011749267578,,0.7077707648277283,,39.22585678100586
,6358,,,,,,,,,,1562.3638916015625,,22.792682647705078,,0.6969183683395386,,39.52674865722656
,6359,,,,,,,,,,1669.72021484375,,26.909076690673828,,0.6788118481636047,,40.86220932006836
,6360,,,,,,,,,,1498.322998046875,,23.28907585144043,,0.7366042733192444,,38.70817565917969
,6361,,,,,,,,,,1842.832275390625,,29.143543243408203,,0.6814596652984619,,42.92822265625
,6362,,,,,,,,,,1757.532958984375,,28.347637176513672,,0.6538832783699036,,41.92293930053711
,6363,,,,,,,,,,2617.2216796875,,35.523223876953125,,0.6810513734817505,,51.15878677368164
,6364,,,,,,,,,,1294.9898681640625,,20.897924423217773,,0.7510228157043457,,35.985965728759766
,6365,,,,,,,,,,1742.298828125,,25.931060791015625,,0.741213858127594,,41.74085235595703
,6366,,,,,,,,,,1798.5040283203125,,28.64438247680664,,0.6798175573348999,,42.40877151489258
,6367,,,,,,,,,,1480.557373046875,,22.700199127197266,,0.774137020111084,,38.47801208496094
,6368,,,,,,,,,,1427.8323974609375,,23.908266067504883,,0.6866688132286072,,37.78667068481445
,6369,,,,,,,,,,1645.6707763671875,,27.482147216796875,,0.7168838977813721,,40.56686782836914
,6370,,,,,,,,,,1139.5257568359375,,22.53262710571289,,0.6235136389732361,,33.75686264038086
,6371,,,,,,,,,,1207.3248291015625,,20.776248931884766,,0.7575547099113464,,34.746578216552734
,6372,,,,,,,,,,1602.4122314453125,,24.797388076782227,,0.6628293991088867,,40.0301399230957
,6373,,,,,,,,,,1861.2991943359375,,27.214574813842773,,0.7097036838531494,,43.14277648925781
,6374,,,,,,,,,,1425.010498046875,,22.310461044311523,,0.7720361948013306,,37.74930953979492
,6375,,,,,,,,,,2524.640869140625,,31.232995986938477,,0.6674942970275879,,50.24580383300781
,6376,,,,,,,,,,2063.173583984375,,30.290775299072266,,0.7036738991737366,,45.42216873168945
,6377,,,,,,,,,,1868.364501953125,,28.36750602722168,,0.6536878943443298,,43.22458267211914
,6378,,,,,,,,,,1334.660888671875,,23.121322631835938,,0.7185682058334351,,36.53301239013672
,6379,,,,,,,,,,1661.742431640625,,24.382770538330078,,0.7403291463851929,,40.76447677612305
,6380,,,,,,,,,,1600.8798828125,,26.38323211669922,,0.7107682228088379,,40.0109977722168
,6381,,,,,,,,,,1383.529541015625,,22.29411506652832,,0.7694841623306274,,37.19582748413086
,6382,,,,,,,,,,2080.7412109375,,26.97059440612793,,0.7063553333282471,,45.615142822265625
,6383,,,,,,,,,,1674.6068115234375,,26.512100219726562,,0.730526328086853,,40.921958923339844
,6384,,,,,,,,,,1317.7001953125,,21.626577377319336,,0.7364724278450012,,36.300140380859375
,6385,,,,,,,,,,1641.0714111328125,,25.398954391479492,,0.7187961935997009,,40.51013946533203
,6386,,,,,,,,,,2240.299072265625,,31.981687545776367,,0.6853089332580566,,47.3317985534668
,6387,,,,,,,,,,2253.548828125,,32.74493408203125,,0.6206142902374268,,47.4715576171875
,6388,,,,,,,,,,1751.4093017578125,,26.759742736816406,,0.6921637058258057,,41.8498420715332
,6389,,,,,,,,,,1688.7618408203125,,24.34772300720215,,0.7345541715621948,,41.094547271728516
,6390,,,,,,,,,,1919.0345458984375,,28.732213973999023,,0.6123093366622925,,43.806785583496094
,6391,,,,,,,,,,1286.7813720703125,,21.804275512695312,,0.7728374004364014,,35.871734619140625
,6392,,,,,,,,,,1468.322265625,,23.802139282226562,,0.7419419288635254,,38.31869125366211
,6393,,,,,,,,,,1741.7911376953125,,25.498279571533203,,0.6347088813781738,,41.734771728515625
,6394,,,,,,,,,,3248.54345703125,,41.378501892089844,,0.6149564981460571,,56.995994567871094
,6395,,,,,,,,,,1595.5758056640625,,23.209741592407227,,0.7012319564819336,,39.94466018676758
,6396,,,,,,,,,,2398.4677734375,,31.355514526367188,,0.7151436805725098,,48.97415542602539
,6397,,,,,,,,,,1616.136474609375,,24.923768997192383,,0.7181664109230042,,40.20119857788086
,6398,,,,,,,,,,1301.6724853515625,,21.35579490661621,,0.6852564215660095,,36.078697204589844
,6399,,,,,,,,,,1814.1512451171875,,28.170900344848633,,0.6515533924102783,,42.59285354614258
,6400,,,,,,,,,,1343.1561279296875,,22.421091079711914,,0.782534122467041,,36.64909362792969
,6401,,,,,,,,,,2701.98779296875,,32.43845748901367,,0.6942898631095886,,51.98065185546875
,6402,,,,,,,,,,1678.0938720703125,,25.164981842041016,,0.6442974805831909,,40.964542388916016
,6403,,,,,,,,,,881.0147705078125,,17.575843811035156,,0.6922987699508667,,29.68189239501953
,6404,,,,,,,,,,1726.2098388671875,,23.128318786621094,,0.7143630981445312,,41.54767990112305
,6405,,,,,,,,,,1135.705810546875,,16.989187240600586,,0.6948655247688293,,33.700233459472656
,6406,,,,,,,,,,2066.409912109375,,29.163450241088867,,0.7088800668716431,,45.45778274536133
,6407,,,,,,,,,,2040.9708251953125,,29.722244262695312,,0.6611249446868896,,45.17710494995117
,6408,,,,,,,,,,1782.64599609375,,27.109893798828125,,0.6881604194641113,,42.22139358520508
,6409,,,,,,,,,,1775.841796875,,26.101776123046875,,0.7073534727096558,,42.14073944091797
,6410,,,,,,,,,,1315.001220703125,,20.354881286621094,,0.7298828363418579,,36.262943267822266
,6411,,,,,,,,,,2458.031982421875,,30.35254669189453,,0.690261721611023,,49.57854461669922
,6412,,,,,,,,,,2253.88525390625,,31.3927001953125,,0.6983627080917358,,47.475101470947266
,6413,,,,,,,,,,1753.78125,,25.83496856689453,,0.6690482497215271,,41.878173828125
,6414,,,,,,,,,,1629.2821044921875,,26.002460479736328,,0.7145324349403381,,40.3643684387207
,6415,,,,,,,,,,1829.7852783203125,,29.366703033447266,,0.5879798531532288,,42.7759895324707
,6416,,,,,,,,,,987.8442993164062,,17.481531143188477,,0.7124443054199219,,31.429988861083984
,6417,,,,,,,,,,1180.4495849609375,,20.575563430786133,,0.7037472724914551,,34.357669830322266
,6418,,,,,,,,,,1336.63330078125,,22.420827865600586,,0.6999174356460571,,36.55999755859375
,6419,,,,,,,,,,1237.69677734375,,21.501239776611328,,0.7550281882286072,,35.18091583251953
,6420,,,,,,,,,,1510.077880859375,,24.311847686767578,,0.6759055852890015,,38.859718322753906
,6421,,,,,,,,,,3619.675537109375,,34.54950714111328,,0.5930099487304688,,60.16373825073242
,6422,,,,,,,,,,954.8295288085938,,15.247394561767578,,0.6901141405105591,,30.90031623840332
,6423,,,,,,,,,,1387.4173583984375,,24.079130172729492,,0.6500262022018433,,37.24805450439453
,6424,,,,,,,,,,1741.656005859375,,27.748361587524414,,0.6450498104095459,,41.733150482177734
,6425,,,,,,,,,,1877.8751220703125,,30.291236877441406,,0.6731876134872437,,43.33445739746094
,6426,,,,,,,,,,1592.3267822265625,,27.53916358947754,,0.6553373336791992,,39.903968811035156
,6427,,,,,,,,,,1447.5103759765625,,24.07249641418457,,0.7718190550804138,,38.04615783691406
,6428,,,,,,,,,,1067.165283203125,,19.2708740234375,,0.7347654104232788,,32.66749572753906
,6429,,,,,,,,,,1302.154052734375,,20.23795509338379,,0.7714608311653137,,36.08537292480469
,6430,,,,,,,,,,1783.2904052734375,,28.612247467041016,,0.7374564409255981,,42.22902297973633
,6431,,,,,,,,,,1428.64306640625,,23.030628204345703,,0.7704079747200012,,37.797393798828125
,6432,,,,,,,,,,1309.591796875,,21.380388259887695,,0.6769977807998657,,36.18828201293945
,6433,,,,,,,,,,1910.3243408203125,,28.734474182128906,,0.699561357498169,,43.70725631713867
,6434,,,,,,,,,,1460.96142578125,,23.429550170898438,,0.7249842882156372,,38.2225227355957
,6435,,,,,,,,,,1610.455810546875,,25.859249114990234,,0.657062292098999,,40.13048553466797
,6436,,,,,,,,,,1534.974853515625,,23.521284103393555,,0.7013425827026367,,39.17875289916992
,6437,,,,,,,,,,1348.24169921875,,19.908607482910156,,0.687533438205719,,36.71841049194336
,6438,,,,,,,,,,1302.1185302734375,,21.469324111938477,,0.7878498435020447,,36.084877014160156
,6439,,,,,,,,,,1968.080322265625,,28.722442626953125,,0.6849204301834106,,44.36305236816406
,6440,,,,,,,,,,1765.265869140625,,24.852622985839844,,0.7440534234046936,,42.01506805419922
,6441,,,,,,,,,,1836.238037109375,,28.537124633789062,,0.6940160393714905,,42.851348876953125
,6442,,,,,,,,,,1957.4208984375,,27.589120864868164,,0.6945046186447144,,44.24275207519531
,6443,,,,,,,,,,1106.8873291015625,,18.249114990234375,,0.7237293720245361,,33.26991653442383
,6444,,,,,,,,,,1648.7032470703125,,24.392723083496094,,0.7265760898590088,,40.604225158691406
,6445,,,,,,,,,,2374.315185546875,,33.34404754638672,,0.6049834489822388,,48.72694396972656
,6446,,,,,,,,,,1394.033447265625,,21.57990074157715,,0.6826256513595581,,37.33675765991211
,6447,,,,,,,,,,1635.9019775390625,,23.846960067749023,,0.7237391471862793,,40.446285247802734
,6448,,,,,,,,,,1596.978515625,,24.458181381225586,,0.6434493064880371,,39.962215423583984
,6449,,,,,,,,,,2092.562255859375,,30.65822410583496,,0.67125403881073,,45.74453353881836
,6450,,,,,,,,,,1660.0147705078125,,26.937971115112305,,0.7064212560653687,,40.74327850341797
,6451,,,,,,,,,,2122.439453125,,29.721393585205078,,0.7321580648422241,,46.069942474365234
,6452,,,,,,,,,,1829.3233642578125,,28.159236907958984,,0.6669226884841919,,42.770591735839844
,6453,,,,,,,,,,1655.0164794921875,,23.022693634033203,,0.7468150854110718,,40.68189239501953
,6454,,,,,,,,,,1493.997802734375,,21.824934005737305,,0.7117522954940796,,38.65226745605469
,6455,,,,,,,,,,1408.4964599609375,,23.2941837310791,,0.675592303276062,,37.52994155883789
,6456,,,,,,,,,,1784.953125,,25.889490127563477,,0.679145097732544,,42.24870681762695
,6457,,,,,,,,,,2392.05615234375,,32.94244384765625,,0.6563258171081543,,48.90864944458008
,6458,,,,,,,,,,1259.84912109375,,22.58043670654297,,0.6272426843643188,,35.494354248046875
,6459,,,,,,,,,,1690.191650390625,,25.441692352294922,,0.7320294380187988,,41.1119384765625
,6460,,,,,,,,,,1446.31201171875,,22.432764053344727,,0.641541600227356,,38.03041076660156
,6461,,,,,,,,,,1981.5950927734375,,29.642547607421875,,0.6840933561325073,,44.51511001586914
,6462,,,,,,,,,,1394.5538330078125,,24.009801864624023,,0.6808338165283203,,37.343727111816406
,6463,,,,,,,,,,1303.195556640625,,21.833974838256836,,0.7354505062103271,,36.09980010986328
,6464,,,,,,,,,,1821.1229248046875,,24.94275665283203,,0.7477796077728271,,42.67461395263672
,6465,,,,,,,,,,1593.1405029296875,,25.49359893798828,,0.7186369895935059,,39.91416549682617
,6466,,,,,,,,,,1565.4461669921875,,23.83041763305664,,0.7570233345031738,,39.56571960449219
,6467,,,,,,,,,,892.7815551757812,,15.67564582824707,,0.8125739097595215,,29.87944984436035
41,19403,,,,,,,,,1673.9332275390625,,25.251787185668945,,0.7009203433990479,,40.61854553222656,
41,19403,1521.4141845703125,,24.03086280822754,,0.7172031998634338,,38.73281478881836,,,,,,,,,
42,19449,,1521.951904296875,,26.07754135131836,,0.6618921756744385,,39.012203216552734,,,,,,,,
42,19499,,1807.93798828125,,27.823497772216797,,0.6806011199951172,,42.51985549926758,,,,,,,,
42,19549,,1609.6895751953125,,26.70368766784668,,0.7007924318313599,,40.12093734741211,,,,,,,,
42,19599,,1720.7718505859375,,24.682111740112305,,0.751497209072113,,41.4821891784668,,,,,,,,
42,19649,,1180.43701171875,,19.873172760009766,,0.8028271198272705,,34.357486724853516,,,,,,,,
42,19699,,1017.3182983398438,,19.14139747619629,,0.7435659170150757,,31.895427703857422,,,,,,,,
42,19749,,2336.1865234375,,31.964372634887695,,0.6898292303085327,,48.33411407470703,,,,,,,,
42,19799,,1854.0074462890625,,24.765546798706055,,0.7331634759902954,,43.05818557739258,,,,,,,,
42,19849,,1272.78515625,,21.761341094970703,,0.7843785285949707,,35.67611312866211,,,,,,,,
,6468,,,,,,,,,,2197.124755859375,,27.213693618774414,,0.716609001159668,,46.873497009277344
,6469,,,,,,,,,,1794.7001953125,,24.260900497436523,,0.7335679531097412,,42.3639030456543
,6470,,,,,,,,,,2027.477294921875,,29.42254066467285,,0.6874951124191284,,45.02751541137695
,6471,,,,,,,,,,2142.520263671875,,30.06752586364746,,0.6608270406723022,,46.2873649597168
,6472,,,,,,,,,,1958.4547119140625,,24.358245849609375,,0.6705933213233948,,44.254432678222656
,6473,,,,,,,,,,1824.708984375,,26.987558364868164,,0.6327937841415405,,42.716609954833984
,6474,,,,,,,,,,1346.5140380859375,,20.899967193603516,,0.7160934209823608,,36.69487762451172
,6475,,,,,,,,,,1929.4071044921875,,26.570823669433594,,0.7209409475326538,,43.92501449584961
,6476,,,,,,,,,,2236.29296875,,33.82801818847656,,0.5860220789909363,,47.289459228515625
,6477,,,,,,,,,,1212.314453125,,20.838281631469727,,0.6978468298912048,,34.81830596923828
,6478,,,,,,,,,,1405.1156005859375,,20.297765731811523,,0.7380881309509277,,37.48487091064453
,6479,,,,,,,,,,1816.6712646484375,,27.433837890625,,0.716317892074585,,42.6224250793457
,6480,,,,,,,,,,1750.5618896484375,,26.537450790405273,,0.7585560083389282,,41.839717864990234
,6481,,,,,,,,,,1280.15673828125,,22.589670181274414,,0.7491941452026367,,35.77927780151367
,6482,,,,,,,,,,1196.794189453125,,19.00078582763672,,0.7544028759002686,,34.5947151184082
,6483,,,,,,,,,,1654.6693115234375,,27.277482986450195,,0.6908826231956482,,40.67762756347656
,6484,,,,,,,,,,1696.166748046875,,23.056259155273438,,0.7514617443084717,,41.18454360961914
,6485,,,,,,,,,,1344.591796875,,19.754817962646484,,0.735560417175293,,36.66867446899414
,6486,,,,,,,,,,1594.113525390625,,23.322898864746094,,0.71071457862854,,39.926353454589844
,6487,,,,,,,,,,1414.1668701171875,,22.820634841918945,,0.6873264312744141,,37.605411529541016
,6488,,,,,,,,,,1704.2664794921875,,25.399980545043945,,0.7394089698791504,,41.28276062011719
,6489,,,,,,,,,,2089.6865234375,,29.087491989135742,,0.6870933771133423,,45.71308898925781
,6490,,,,,,,,,,1986.7872314453125,,29.71051597595215,,0.7117187976837158,,44.573394775390625
,6491,,,,,,,,,,2175.201416015625,,31.77985382080078,,0.6579540967941284,,46.63905334472656
,6492,,,,,,,,,,1682.6927490234375,,27.03348731994629,,0.7074544429779053,,41.02063751220703
,6493,,,,,,,,,,1447.3385009765625,,25.604652404785156,,0.6850826740264893,,38.04390335083008
,6494,,,,,,,,,,982.9462280273438,,15.94665813446045,,0.7935066223144531,,31.351972579956055
,6495,,,,,,,,,,2257.794677734375,,31.348474502563477,,0.6767394542694092,,47.516258239746094
,6496,,,,,,,,,,2707.098876953125,,31.9838924407959,,0.5541650056838989,,52.029788970947266
,6497,,,,,,,,,,1203.792724609375,,20.30105209350586,,0.7060902714729309,,34.695716857910156
,6498,,,,,,,,,,1233.1085205078125,,20.963184356689453,,0.6826217174530029,,35.11564636230469
,6499,,,,,,,,,,1174.275146484375,,21.124189376831055,,0.7492129802703857,,34.2677001953125
,6500,,,,,,,,,,1178.58154296875,,20.749130249023438,,0.7251083850860596,,34.330474853515625
,6501,,,,,,,,,,1451.8460693359375,,22.917072296142578,,0.7497593760490417,,38.10309600830078
,6502,,,,,,,,,,1506.5941162109375,,23.13237190246582,,0.7303732633590698,,38.81487274169922
,6503,,,,,,,,,,1052.935546875,,18.982791900634766,,0.7391597032546997,,32.44896697998047
,6504,,,,,,,,,,1414.5078125,,22.752471923828125,,0.6621549129486084,,37.60994338989258
,6505,,,,,,,,,,1689.8914794921875,,25.888107299804688,,0.6889462471008301,,41.10829162597656
,6506,,,,,,,,,,1756.2139892578125,,25.99422836303711,,0.7267814874649048,,41.90720748901367
,6507,,,,,,,,,,1548.19677734375,,22.383207321166992,,0.7652531862258911,,39.34713363647461
,6508,,,,,,,,,,1978.955322265625,,29.610305786132812,,0.6662211418151855,,44.485450744628906
,6509,,,,,,,,,,1498.4447021484375,,23.40862274169922,,0.6918860673904419,,38.70975112915039
,6510,,,,,,,,,,1354.17529296875,,20.88658332824707,,0.6780570149421692,,36.79912185668945
,6511,,,,,,,,,,1501.3404541015625,,23.809024810791016,,0.7148600816726685,,38.747135162353516
,6512,,,,,,,,,,1558.43603515625,,22.80453872680664,,0.6976802945137024,,39.47703170776367
,6513,,,,,,,,,,1676.5804443359375,,26.978994369506836,,0.6774922013282776,,40.946067810058594
,6514,,,,,,,,,,1487.6766357421875,,23.257747650146484,,0.7384758591651917,,38.570411682128906
,6515,,,,,,,,,,1847.1531982421875,,29.274295806884766,,0.6807128190994263,,42.978519439697266
,6516,,,,,,,,,,1769.50537109375,,28.355077743530273,,0.6515254974365234,,42.06549072265625
,6517,,,,,,,,,,2648.159912109375,,35.88911819458008,,0.6772810220718384,,51.46027374267578
,6518,,,,,,,,,,1301.426025390625,,20.930307388305664,,0.749785304069519,,36.07528305053711
,6519,,,,,,,,,,1775.7830810546875,,26.116870880126953,,0.7362403869628906,,42.14004135131836
,6520,,,,,,,,,,1796.478271484375,,28.67812156677246,,0.6801782250404358,,42.384883880615234
,6521,,,,,,,,,,1470.14599609375,,22.58606719970703,,0.7757253646850586,,38.34248352050781
,6522,,,,,,,,,,1427.6605224609375,,23.82962989807129,,0.68670654296875,,37.78439712524414
,6523,,,,,,,,,,1638.283447265625,,27.52886390686035,,0.718154788017273,,40.47571563720703
,6524,,,,,,,,,,1117.657470703125,,22.362716674804688,,0.6307387351989746,,33.43138122558594
,6525,,,,,,,,,,1197.9329833984375,,20.65900230407715,,0.7594406604766846,,34.61117172241211
,6526,,,,,,,,,,1589.0343017578125,,24.700332641601562,,0.6656442880630493,,39.862693786621094
,6527,,,,,,,,,,1881.4404296875,,27.20874786376953,,0.7065623998641968,,43.37557601928711
,6528,,,,,,,,,,1420.2794189453125,,22.365489959716797,,0.7727930545806885,,37.68659591674805
,6529,,,,,,,,,,2494.16064453125,,31.177099227905273,,0.6715086698532104,,49.94157028198242
,6530,,,,,,,,,,2032.955322265625,,30.051651000976562,,0.7080140113830566,,45.08830642700195
,6531,,,,,,,,,,1870.388916015625,,28.437969207763672,,0.6533126831054688,,43.24799346923828
,6532,,,,,,,,,,1351.0648193359375,,23.358936309814453,,0.7151092290878296,,36.756832122802734
,6533,,,,,,,,,,1653.8197021484375,,24.3326358795166,,0.7415672540664673,,40.667179107666016
,6534,,,,,,,,,,1587.6849365234375,,26.315954208374023,,0.7131521701812744,,39.84576416015625
,6535,,,,,,,,,,1378.0804443359375,,22.26997184753418,,0.7703920602798462,,37.12250518798828
,6536,,,,,,,,,,2086.5185546875,,27.074058532714844,,0.7055400609970093,,45.67842483520508
,6537,,,,,,,,,,1681.7408447265625,,26.62606430053711,,0.729378342628479,,41.009033203125
,6538,,,,,,,,,,1293.3245849609375,,21.432960510253906,,0.7413473129272461,,35.96282196044922
,6539,,,,,,,,,,1634.6226806640625,,25.419422149658203,,0.7199012041091919,,40.43046569824219
,6540,,,,,,,,,,2200.20068359375,,31.566207885742188,,0.6909415125846863,,46.90629577636719
,6541,,,,,,,,,,2192.92041015625,,32.28447341918945,,0.6308210492134094,,46.82863235473633
,6542,,,,,,,,,,1749.381103515625,,26.785442352294922,,0.692520260810852,,41.82560348510742
,6543,,,,,,,,,,1678.9783935546875,,24.325031280517578,,0.7360919713973999,,40.975337982177734
,6544,,,,,,,,,,1919.6064453125,,28.717012405395508,,0.6121938228607178,,43.81331253051758
,6545,,,,,,,,,,1300.5355224609375,,22.031320571899414,,0.770409345626831,,36.06293869018555
,6546,,,,,,,,,,1480.8275146484375,,23.969026565551758,,0.7397441267967224,,38.48152160644531
,6547,,,,,,,,,,1707.6817626953125,,25.20980453491211,,0.6418623924255371,,41.3241081237793
,6548,,,,,,,,,,3242.977783203125,,41.43364715576172,,0.6156162023544312,,56.94715118408203
,6549,,,,,,,,,,1590.4300537109375,,23.151899337768555,,0.702195405960083,,39.88019561767578
,6550,,,,,,,,,,2427.34033203125,,31.422117233276367,,0.7117146253585815,,49.26804733276367
,6551,,,,,,,,,,1659.3199462890625,,25.324432373046875,,0.710635781288147,,40.7347526550293
,6552,,,,,,,,,,1324.9864501953125,,21.544586181640625,,0.6796191334724426,,36.40036392211914
,6553,,,,,,,,,,1792.6956787109375,,28.086380004882812,,0.6556744575500488,,42.34023666381836
,6554,,,,,,,,,,1350.181884765625,,22.518686294555664,,0.7813965678215027,,36.74481964111328
,6555,,,,,,,,,,2726.458740234375,,32.5240364074707,,0.691521167755127,,52.21550369262695
,6556,,,,,,,,,,1682.054443359375,,25.135093688964844,,0.6434579491615295,,41.012855529785156
,6557,,,,,,,,,,876.3865356445312,,17.488889694213867,,0.6939151883125305,,29.60382652282715
,6558,,,,,,,,,,1684.8243408203125,,23.05194664001465,,0.7212111949920654,,41.04661178588867
,6559,,,,,,,,,,1168.9478759765625,,17.089004516601562,,0.6859342455863953,,34.18988037109375
,6560,,,,,,,,,,2058.944580078125,,29.155784606933594,,0.7099318504333496,,45.37559509277344
,6561,,,,,,,,,,2049.0888671875,,29.7900390625,,0.659777045249939,,45.26686096191406
,6562,,,,,,,,,,1753.144287109375,,26.846439361572266,,0.693321168422699,,41.870567321777344
,6563,,,,,,,,,,1763.9837646484375,,26.096220016479492,,0.7093076109886169,,41.99980926513672
,6564,,,,,,,,,,1312.25439453125,,20.290420532226562,,0.7304470539093018,,36.22505187988281
,6565,,,,,,,,,,2419.907958984375,,30.20620346069336,,0.6950657367706299,,49.19255828857422
,6566,,,,,,,,,,2230.313232421875,,31.32891273498535,,0.7015173435211182,,47.2261962890625
,6567,,,,,,,,,,1721.4876708984375,,25.606718063354492,,0.6751422882080078,,41.490814208984375
,6568,,,,,,,,,,1594.6514892578125,,25.709815979003906,,0.7206001281738281,,39.93308639526367
,6569,,,,,,,,,,1865.0728759765625,,29.653732299804688,,0.5800340175628662,,43.18648910522461
,6570,,,,,,,,,,986.1351318359375,,17.512502670288086,,0.7129418253898621,,31.402788162231445
,6571,,,,,,,,,,1180.122802734375,,20.557926177978516,,0.7038292288780212,,34.3529167175293
,6572,,,,,,,,,,1325.8232421875,,22.354768753051758,,0.7023442983627319,,36.41185760498047
,6573,,,,,,,,,,1239.9281005859375,,21.592069625854492,,0.7545865774154663,,35.21261215209961
,6574,,,,,,,,,,1496.6483154296875,,24.291940689086914,,0.6787878274917603,,38.68653869628906
,6575,,,,,,,,,,3640.33154296875,,34.82037353515625,,0.5906873941421509,,60.33515930175781
,6576,,,,,,,,,,947.1174926757812,,15.165143013000488,,0.6926170587539673,,30.7752742767334
,6577,,,,,,,,,,1381.7786865234375,,24.098583221435547,,0.6514486074447632,,37.17228317260742
,6578,,,,,,,,,,1711.883544921875,,27.506149291992188,,0.6511174440383911,,41.374916076660156
,6579,,,,,,,,,,1889.41357421875,,30.40990447998047,,0.6711795330047607,,43.467384338378906
,6580,,,,,,,,,,1588.9554443359375,,27.45118522644043,,0.6560670137405396,,39.8617057800293
,6581,,,,,,,,,,1444.48486328125,,24.103641510009766,,0.7722959518432617,,38.006378173828125
,6582,,,,,,,,,,1068.586181640625,,19.32675552368164,,0.7344121932983398,,32.68923568725586
,6583,,,,,,,,,,1298.8997802734375,,20.21813201904297,,0.7720320224761963,,36.040252685546875
,6584,,,,,,,,,,1790.5880126953125,,28.708864212036133,,0.736382007598877,,42.31534194946289
,6585,,,,,,,,,,1420.5848388671875,,23.036928176879883,,0.7717029452323914,,37.69064712524414
,6586,,,,,,,,,,1275.3316650390625,,21.19965362548828,,0.6854478716850281,,35.71178436279297
,6587,,,,,,,,,,1833.3953857421875,,28.216327667236328,,0.7116600871086121,,42.81816482543945
,6588,,,,,,,,,,1461.41064453125,,23.463598251342773,,0.7248997688293457,,38.22840118408203
,6589,,,,,,,,,,1599.4000244140625,,25.699756622314453,,0.6594166159629822,,39.99250030517578
,6590,,,,,,,,,,1530.3206787109375,,23.513376235961914,,0.7022480964660645,,39.11931228637695
,6591,,,,,,,,,,1347.4691162109375,,19.970674514770508,,0.6877124905586243,,36.707889556884766
,6592,,,,,,,,,,1319.3216552734375,,21.647863388061523,,0.7850469946861267,,36.32246780395508
,6593,,,,,,,,,,1903.51123046875,,28.275066375732422,,0.6952576041221619,,43.62924575805664
,6594,,,,,,,,,,1805.1669921875,,25.174299240112305,,0.7382681369781494,,42.48725509643555
,6595,,,,,,,,,,1819.6650390625,,28.450084686279297,,0.6967777013778687,,42.65753173828125
,6596,,,,,,,,,,1954.233642578125,,27.743534088134766,,0.6950020790100098,,44.20671463012695
,6597,,,,,,,,,,1106.5477294921875,,18.180469512939453,,0.7238141298294067,,33.26481246948242
,6598,,,,,,,,,,1656.247314453125,,24.494054794311523,,0.7253249883651733,,40.697017669677734
,6599,,,,,,,,,,2350.505126953125,,33.224727630615234,,0.6089447140693665,,48.48200988769531
,6600,,,,,,,,,,1392.5592041015625,,21.59296989440918,,0.6829612255096436,,37.31700897216797
,6601,,,,,,,,,,1644.7833251953125,,23.86077880859375,,0.7222392559051514,,40.55592727661133
,6602,,,,,,,,,,1600.589599609375,,24.46293830871582,,0.6426430940628052,,40.00736999511719
,6603,,,,,,,,,,2086.39501953125,,30.730484008789062,,0.6722229719161987,,45.67707443237305
,6604,,,,,,,,,,1643.813720703125,,26.79235076904297,,0.7092864513397217,,40.54397201538086
,6605,,,,,,,,,,2136.5732421875,,30.044292449951172,,0.7303744554519653,,46.223079681396484
,6606,,,,,,,,,,1814.8267822265625,,28.052221298217773,,0.6695622205734253,,42.60078430175781
,6607,,,,,,,,,,1635.221435546875,,23.04463005065918,,0.7498432993888855,,40.437870025634766
,6608,,,,,,,,,,1480.265625,,21.664974212646484,,0.7144017219543457,,38.474220275878906
,6609,,,,,,,,,,1376.9117431640625,,23.138280868530273,,0.6828669309616089,,37.10676193237305
,6610,,,,,,,,,,1747.8065185546875,,25.656442642211914,,0.6858223676681519,,41.80677795410156
,6611,,,,,,,,,,2375.031494140625,,32.84517288208008,,0.6587717533111572,,48.73429870605469
,6612,,,,,,,,,,1245.302001953125,,22.37779998779297,,0.6315468549728394,,35.28883743286133
,6613,,,,,,,,,,1710.30322265625,,25.78504753112793,,0.7288408279418945,,41.355812072753906
,6614,,,,,,,,,,1434.813720703125,,22.37436294555664,,0.6443913578987122,,37.878936767578125
,6615,,,,,,,,,,1998.6029052734375,,29.840856552124023,,0.6813819408416748,,44.70573806762695
,6616,,,,,,,,,,1388.4970703125,,24.00733184814453,,0.6822199821472168,,37.262542724609375
,6617,,,,,,,,,,1299.962890625,,21.832340240478516,,0.7361067533493042,,36.054996490478516
,6618,,,,,,,,,,1809.5447998046875,,24.866228103637695,,0.7493831515312195,,42.53874206542969
,6619,,,,,,,,,,1599.0081787109375,,25.62067222595215,,0.7176007032394409,,39.98759841918945
,6620,,,,,,,,,,1543.9110107421875,,23.683881759643555,,0.7603658437728882,,39.292633056640625
,6621,,,,,,,,,,900.3687133789062,,15.844813346862793,,0.8109810948371887,,30.006145477294922
42,19865,,,,,,,,,1668.9864501953125,,25.237518310546875,,0.7018877863883972,,40.556495666503906,
42,19865,1526.174560546875,,24.096755981445312,,0.7162597179412842,,38.78436279296875,,,,,,,,,
43,19899,,1164.255126953125,,20.273056030273438,,0.7748974561691284,,34.12118148803711,,,,,,,,
43,19949,,1404.9688720703125,,22.819713592529297,,0.7271284461021423,,37.482913970947266,,,,,,,,
43,19999,,1491.81201171875,,22.773914337158203,,0.6928582191467285,,38.62398147583008,,,,,,,,
43,20049,,1661.962646484375,,27.733760833740234,,0.7238202095031738,,40.76717758178711,,,,,,,,
43,20099,,1343.9393310546875,,20.040523529052734,,0.7516008019447327,,36.65977478027344,,,,,,,,
43,20149,,1649.1907958984375,,27.24516487121582,,0.7154425382614136,,40.610233306884766,,,,,,,,
43,20199,,1913.5625,,28.222084045410156,,0.6596949696540833,,43.744285583496094,,,,,,,,
43,20249,,1047.94580078125,,19.135391235351562,,0.805426836013794,,32.37199020385742,,,,,,,,
43,20299,,1689.775146484375,,26.664161682128906,,0.7158241271972656,,41.106876373291016,,,,,,,,
,6622,,,,,,,,,,2159.286376953125,,26.993547439575195,,0.7214894890785217,,46.46812057495117
,6623,,,,,,,,,,1774.319091796875,,24.072998046875,,0.7365936636924744,,42.12266540527344
,6624,,,,,,,,,,2040.881103515625,,29.470109939575195,,0.6854290962219238,,45.176109313964844
,6625,,,,,,,,,,2150.82958984375,,30.11395263671875,,0.6595116257667542,,46.37704086303711
,6626,,,,,,,,,,1940.0072021484375,,24.367321014404297,,0.6736961603164673,,44.04551315307617
,6627,,,,,,,,,,1818.447998046875,,26.958314895629883,,0.6340537071228027,,42.64326477050781
,6628,,,,,,,,,,1353.8165283203125,,21.00955581665039,,0.714553713798523,,36.794246673583984
,6629,,,,,,,,,,1922.8341064453125,,26.573774337768555,,0.7218916416168213,,43.85013198852539
,6630,,,,,,,,,,2241.75439453125,,33.85469055175781,,0.5850110650062561,,47.34716796875
,6631,,,,,,,,,,1214.562255859375,,20.908370971679688,,0.6972866058349609,,34.85057067871094
,6632,,,,,,,,,,1398.378173828125,,20.272445678710938,,0.7393440008163452,,37.394893646240234
,6633,,,,,,,,,,1829.693359375,,27.473247528076172,,0.7142844200134277,,42.7749137878418
,6634,,,,,,,,,,1747.1893310546875,,26.54290008544922,,0.7590211629867554,,41.79939651489258
,6635,,,,,,,,,,1278.3511962890625,,22.588321685791016,,0.7495479583740234,,35.7540397644043
,6636,,,,,,,,,,1203.4930419921875,,19.02833366394043,,0.753028154373169,,34.6913948059082
,6637,,,,,,,,,,1641.7667236328125,,27.1890926361084,,0.6932929754257202,,40.51872253417969
,6638,,,,,,,,,,1697.6689453125,,23.06325340270996,,0.7512416839599609,,41.20277786254883
,6639,,,,,,,,,,1334.7294921875,,19.655424118041992,,0.7375000715255737,,36.5339469909668
,6640,,,,,,,,,,1609.598876953125,,23.538789749145508,,0.7079044580459595,,40.119808197021484
,6641,,,,,,,,,,1411.5909423828125,,22.714561462402344,,0.6878960132598877,,37.57114791870117
,6642,,,,,,,,,,1706.5196533203125,,25.334375381469727,,0.7390644550323486,,41.31004333496094
,6643,,,,,,,,,,2108.223876953125,,29.20064926147461,,0.6843177080154419,,45.91539764404297
,6644,,,,,,,,,,1980.611083984375,,29.724071502685547,,0.7126150131225586,,44.504058837890625
,6645,,,,,,,,,,2153.454833984375,,31.468868255615234,,0.6613737344741821,,46.405330657958984
,6646,,,,,,,,,,1694.62744140625,,27.160545349121094,,0.7053794860839844,,41.16585159301758
,6647,,,,,,,,,,1450.5086669921875,,25.618375778198242,,0.6843929290771484,,38.08554458618164
,6648,,,,,,,,,,980.4483642578125,,15.93452262878418,,0.7940313220024109,,31.31211280822754
,6649,,,,,,,,,,2290.9775390625,,31.593399047851562,,0.6719884872436523,,47.864158630371094
,6650,,,,,,,,,,2695.2275390625,,31.980684280395508,,0.5561201572418213,,51.91558074951172
,6651,,,,,,,,,,1191.251220703125,,20.21173095703125,,0.709152340888977,,34.51450729370117
,6652,,,,,,,,,,1246.0677490234375,,21.114547729492188,,0.6792863011360168,,35.299686431884766
,6653,,,,,,,,,,1175.699462890625,,21.118776321411133,,0.7489088177680969,,34.28847122192383
,6654,,,,,,,,,,1197.0689697265625,,20.908355712890625,,0.7207964658737183,,34.59868621826172
,6655,,,,,,,,,,1431.672119140625,,22.80669403076172,,0.7532365322113037,,37.83744430541992
,6656,,,,,,,,,,1512.1988525390625,,23.190370559692383,,0.7293702363967896,,38.887001037597656
,6657,,,,,,,,,,1062.915771484375,,19.10984992980957,,0.7366873025894165,,32.60239028930664
,6658,,,,,,,,,,1436.985107421875,,22.924072265625,,0.656786322593689,,37.90758514404297
,6659,,,,,,,,,,1687.159423828125,,25.890335083007812,,0.6894491910934448,,41.07504653930664
,6660,,,,,,,,,,1751.3460693359375,,25.94446563720703,,0.7275387644767761,,41.84908676147461
,6661,,,,,,,,,,1526.998779296875,,22.38192367553711,,0.7684673070907593,,39.07683181762695
,6662,,,,,,,,,,1929.8197021484375,,29.2628173828125,,0.6745085716247559,,43.929710388183594
,6663,,,,,,,,,,1506.9254150390625,,23.499820709228516,,0.6901422142982483,,38.81913757324219
,6664,,,,,,,,,,1357.5927734375,,21.01699447631836,,0.6772445440292358,,36.84552764892578
,6665,,,,,,,,,,1502.9539794921875,,23.789152145385742,,0.7145536541938782,,38.76795196533203
,6666,,,,,,,,,,1546.0343017578125,,22.78038215637207,,0.7000861167907715,,39.31964111328125
,6667,,,,,,,,,,1665.4478759765625,,26.88706398010254,,0.6796336770057678,,40.809898376464844
,6668,,,,,,,,,,1470.2481689453125,,23.116025924682617,,0.7415396571159363,,38.343814849853516
,6669,,,,,,,,,,1839.7080078125,,29.16200828552246,,0.681999683380127,,42.89181900024414
,6670,,,,,,,,,,1745.661865234375,,28.165517807006836,,0.6562210917472839,,41.78112030029297
,6671,,,,,,,,,,2643.94384765625,,35.801273345947266,,0.6777948141098022,,51.41929626464844
,6672,,,,,,,,,,1288.991455078125,,20.832229614257812,,0.75217604637146,,35.90252685546875
,6673,,,,,,,,,,1737.9569091796875,,25.822107315063477,,0.7418587803840637,,41.68880844116211
,6674,,,,,,,,,,1788.6396484375,,28.565820693969727,,0.6815736889839172,,42.29231262207031
,6675,,,,,,,,,,1470.358642578125,,22.673095703125,,0.7756929397583008,,38.34525680541992
,6676,,,,,,,,,,1418.0679931640625,,23.848779678344727,,0.6888115406036377,,37.65724182128906
,6677,,,,,,,,,,1640.846923828125,,27.509273529052734,,0.7177138328552246,,40.50736999511719
,6678,,,,,,,,,,1118.996337890625,,22.401208877563477,,0.6302963495254517,,33.45140075683594
,6679,,,,,,,,,,1197.5267333984375,,20.731897354125977,,0.7595222592353821,,34.60530090332031
,6680,,,,,,,,,,1590.916259765625,,24.769868850708008,,0.6652482748031616,,39.88629150390625
,6681,,,,,,,,,,1884.244140625,,27.226551055908203,,0.706125020980835,,43.40788269042969
,6682,,,,,,,,,,1426.7430419921875,,22.43253517150879,,0.771759033203125,,37.77225112915039
,6683,,,,,,,,,,2527.13623046875,,31.249771118164062,,0.6671656370162964,,50.2706298828125
,6684,,,,,,,,,,2030.4112548828125,,30.071887969970703,,0.7083794474601746,,45.06008529663086
,6685,,,,,,,,,,1859.029052734375,,28.35661506652832,,0.6554182767868042,,43.116458892822266
,6686,,,,,,,,,,1328.6466064453125,,23.170265197753906,,0.7198364734649658,,36.45060348510742
,6687,,,,,,,,,,1656.097412109375,,24.336687088012695,,0.7412112951278687,,40.69517517089844
,6688,,,,,,,,,,1621.640625,,26.575042724609375,,0.7070174217224121,,40.26959991455078
,6689,,,,,,,,,,1376.2161865234375,,22.31988525390625,,0.7707026600837708,,37.09738540649414
,6690,,,,,,,,,,2086.265869140625,,27.043241500854492,,0.705575704574585,,45.6756591796875
,6691,,,,,,,,,,1664.5357666015625,,26.3128604888916,,0.7321469783782959,,40.79872131347656
,6692,,,,,,,,,,1319.6209716796875,,21.66468620300293,,0.7360882759094238,,36.32658767700195
,6693,,,,,,,,,,1612.78759765625,,25.258394241333008,,0.7236427068710327,,40.15952682495117
,6694,,,,,,,,,,2212.602783203125,,31.83399772644043,,0.6891994476318359,,47.03831100463867
,6695,,,,,,,,,,2186.652099609375,,32.205848693847656,,0.6318763494491577,,46.761653900146484
,6696,,,,,,,,,,1770.556396484375,,26.884469985961914,,0.6887983679771423,,42.077980041503906
,6697,,,,,,,,,,1679.8287353515625,,24.332164764404297,,0.7359582781791687,,40.985713958740234
,6698,,,,,,,,,,1901.714599609375,,28.66586685180664,,0.6158084273338318,,43.6086540222168
,6699,,,,,,,,,,1285.14306640625,,21.772010803222656,,0.7731266617774963,,35.84889221191406
,6700,,,,,,,,,,1466.8438720703125,,23.79743003845215,,0.7422018051147461,,38.29939651489258
,6701,,,,,,,,,,1719.8653564453125,,25.358570098876953,,0.6393072605133057,,41.47126007080078
,6702,,,,,,,,,,3253.532958984375,,41.50094223022461,,0.6143651008605957,,57.03974914550781
,6703,,,,,,,,,,1591.504150390625,,23.223878860473633,,0.7019942998886108,,39.89366149902344
,6704,,,,,,,,,,2391.05810546875,,31.34016227722168,,0.7160236835479736,,48.89844512939453
,6705,,,,,,,,,,1645.326904296875,,25.243988037109375,,0.7130759954452515,,40.56262969970703
,6706,,,,,,,,,,1300.560546875,,21.376720428466797,,0.6855252981185913,,36.06328582763672
,6707,,,,,,,,,,1799.3480224609375,,28.125205993652344,,0.6543967127799988,,42.41872024536133
,6708,,,,,,,,,,1344.7606201171875,,22.478946685791016,,0.7822743058204651,,36.67097854614258
,6709,,,,,,,,,,2660.343017578125,,32.15409851074219,,0.699001669883728,,51.578514099121094
,6710,,,,,,,,,,1675.760498046875,,25.150041580200195,,0.6447920799255371,,40.93605422973633
,6711,,,,,,,,,,886.1978759765625,,17.66297721862793,,0.6904885172843933,,29.769075393676758
,6712,,,,,,,,,,1722.648193359375,,23.14084243774414,,0.7149524688720703,,41.50479507446289
,6713,,,,,,,,,,1171.3311767578125,,17.142343521118164,,0.6852939128875732,,34.22471618652344
,6714,,,,,,,,,,2049.160400390625,,29.108938217163086,,0.7113102674484253,,45.26765060424805
,6715,,,,,,,,,,2043.5347900390625,,29.811697006225586,,0.6606992483139038,,45.205474853515625
,6716,,,,,,,,,,1766.7950439453125,,27.00265121459961,,0.6909332275390625,,42.033260345458984
,6717,,,,,,,,,,1768.1402587890625,,26.157835006713867,,0.7086226940155029,,42.049259185791016
,6718,,,,,,,,,,1306.0574951171875,,20.223318099975586,,0.731719970703125,,36.1394157409668
,6719,,,,,,,,,,2452.619873046875,,30.30082893371582,,0.690943717956543,,49.52393341064453
,6720,,,,,,,,,,2234.439453125,,31.34613037109375,,0.7009651064872742,,47.269859313964844
,6721,,,,,,,,,,1728.22998046875,,25.702470779418945,,0.6738699674606323,,41.57198715209961
,6722,,,,,,,,,,1617.2469482421875,,25.894878387451172,,0.7166411280632019,,40.21501159667969
,6723,,,,,,,,,,1807.8865966796875,,29.218753814697266,,0.592910885810852,,42.519248962402344
,6724,,,,,,,,,,992.0892333984375,,17.571456909179688,,0.7112086415290833,,31.497447967529297
,6725,,,,,,,,,,1183.2734375,,20.548831939697266,,0.7030385732650757,,34.39874267578125
,6726,,,,,,,,,,1312.579833984375,,22.214683532714844,,0.7053175568580627,,36.22954177856445
,6727,,,,,,,,,,1229.7767333984375,,21.451316833496094,,0.7565957903862,,35.068172454833984
,6728,,,,,,,,,,1489.7847900390625,,24.234603881835938,,0.6802608966827393,,38.59772872924805
,6729,,,,,,,,,,3593.8984375,,34.562034606933594,,0.5959082841873169,,59.94913101196289
,6730,,,,,,,,,,968.7490844726562,,15.279765129089355,,0.6855965852737427,,31.12473487854004
,6731,,,,,,,,,,1377.3302001953125,,24.100297927856445,,0.6525707244873047,,37.11240005493164
,6732,,,,,,,,,,1741.2325439453125,,27.825592041015625,,0.6451361179351807,,41.72807693481445
,6733,,,,,,,,,,1869.32958984375,,30.22848892211914,,0.6746747493743896,,43.23574447631836
,6734,,,,,,,,,,1546.2801513671875,,27.12517547607422,,0.6653041839599609,,39.32276916503906
,6735,,,,,,,,,,1438.4222412109375,,24.08153533935547,,0.7732516527175903,,37.926536560058594
,6736,,,,,,,,,,1075.5009765625,,19.409748077392578,,0.7326936721801758,,32.794830322265625
,6737,,,,,,,,,,1290.5284423828125,,20.24011993408203,,0.7735012769699097,,35.923927307128906
,6738,,,,,,,,,,1774.785400390625,,28.619983673095703,,0.73870849609375,,42.12820053100586
,6739,,,,,,,,,,1425.658935546875,,22.986675262451172,,0.7708874940872192,,37.75790023803711
,6740,,,,,,,,,,1305.947998046875,,21.30309295654297,,0.6778964996337891,,36.137901306152344
,6741,,,,,,,,,,1827.80908203125,,28.05424690246582,,0.7125386595726013,,42.75288391113281
,6742,,,,,,,,,,1496.9244384765625,,23.732418060302734,,0.7182145118713379,,38.69010543823242
,6743,,,,,,,,,,1601.560302734375,,25.707128524780273,,0.6589565873146057,,40.019500732421875
,6744,,,,,,,,,,1524.342529296875,,23.481380462646484,,0.7034112215042114,,39.04282760620117
,6745,,,,,,,,,,1334.78857421875,,19.78826141357422,,0.6906512975692749,,36.534759521484375
,6746,,,,,,,,,,1305.6954345703125,,21.515697479248047,,0.7872670888900757,,36.13440704345703
,6747,,,,,,,,,,1940.2781982421875,,28.568517684936523,,0.6893713474273682,,44.048587799072266
,6748,,,,,,,,,,1763.052001953125,,24.90035057067871,,0.7443743944168091,,41.988712310791016
,6749,,,,,,,,,,1831.5128173828125,,28.572420120239258,,0.6948034167289734,,42.79617691040039
,6750,,,,,,,,,,1948.4473876953125,,27.603797912597656,,0.6959052085876465,,44.14122009277344
,6751,,,,,,,,,,1103.0340576171875,,18.148771286010742,,0.7246911525726318,,33.21195602416992
,6752,,,,,,,,,,1648.2567138671875,,24.480545043945312,,0.7266501188278198,,40.59872817993164
,6753,,,,,,,,,,2339.707763671875,,33.035484313964844,,0.6107410788536072,,48.370521545410156
,6754,,,,,,,,,,1390.424072265625,,21.618436813354492,,0.6834473609924316,,37.28839111328125
,6755,,,,,,,,,,1636.5654296875,,23.834270477294922,,0.7236270904541016,,40.45448303222656
,6756,,,,,,,,,,1602.0101318359375,,24.514144897460938,,0.6423258781433105,,40.02511978149414
,6757,,,,,,,,,,2109.47509765625,,30.863096237182617,,0.6685969829559326,,45.92902374267578
,6758,,,,,,,,,,1646.8763427734375,,26.810550689697266,,0.7087447643280029,,40.58172607421875
,6759,,,,,,,,,,2125.794921875,,29.811481475830078,,0.731734573841095,,46.10634231567383
,6760,,,,,,,,,,1825.4815673828125,,28.24454116821289,,0.6676222085952759,,42.72565460205078
,6761,,,,,,,,,,1634.5927734375,,22.998273849487305,,0.7499394416809082,,40.43009567260742
,6762,,,,,,,,,,1487.425048828125,,21.8096923828125,,0.713020384311676,,38.5671501159668
,6763,,,,,,,,,,1386.0777587890625,,23.154117584228516,,0.6807558536529541,,37.230064392089844
,6764,,,,,,,,,,1747.220947265625,,25.686050415039062,,0.6859276294708252,,41.79977035522461
,6765,,,,,,,,,,2356.890869140625,,32.72846221923828,,0.6613780856132507,,48.547821044921875
,6766,,,,,,,,,,1250.084228515625,,22.563644409179688,,0.6301319003105164,,35.356529235839844
,6767,,,,,,,,,,1689.0394287109375,,25.49363899230957,,0.7322121262550354,,41.097923278808594
,6768,,,,,,,,,,1438.624267578125,,22.471845626831055,,0.6434469223022461,,37.92919921875
,6769,,,,,,,,,,1948.205322265625,,29.467166900634766,,0.6894163489341736,,44.13847732543945
,6770,,,,,,,,,,1387.1925048828125,,24.067182540893555,,0.6825186014175415,,37.245033264160156
,6771,,,,,,,,,,1302.5509033203125,,21.807437896728516,,0.7355813980102539,,36.09086990356445
,6772,,,,,,,,,,1803.846435546875,,24.828868865966797,,0.7501723766326904,,42.471710205078125
,6773,,,,,,,,,,1585.2208251953125,,25.528778076171875,,0.7200356721878052,,39.8148307800293
,6774,,,,,,,,,,1549.677734375,,23.78497314453125,,0.7594707608222961,,39.36594772338867
,6775,,,,,,,,,,886.1871337890625,,15.624011039733887,,0.8139582872390747,,29.768896102905273
43,20327,,,,,,,,,1666.284912109375,,25.222726821899414,,0.702250599861145,,40.527156829833984,
43,20327,1522.8013916015625,,24.035804748535156,,0.7162506580352783,,38.747928619384766,,,,,,,,,
44,20349,,2038.63330078125,,29.77252197265625,,0.6719906330108643,,45.15122604370117,,,,,,,,
44,20399,,1323.4432373046875,,18.87722396850586,,0.6912632584571838,,36.37915802001953,,,,,,,,
44,20449,,832.7086791992188,,15.88475227355957,,0.7121104001998901,,28.856691360473633,,,,,,,,
44,20499,,1579.447509765625,,23.752552032470703,,0.7515727877616882,,39.74226379394531,,,,,,,,
44,20549,,1411.5343017578125,,23.55173683166504,,0.6915303468704224,,37.57039260864258,,,,,,,,
44,20599,,1178.5406494140625,,20.403623580932617,,0.8178387880325317,,34.32987976074219,,,,,,,,
44,20649,,1650.8177490234375,,25.317174911499023,,0.7173995971679688,,40.63025665283203,,,,,,,,
44,20699,,1215.1358642578125,,21.468570709228516,,0.6682584881782532,,34.85879898071289,,,,,,,,
44,20749,,1439.613525390625,,22.676593780517578,,0.7355144619941711,,37.942237854003906,,,,,,,,
,6776,,,,,,,,,,2183.542236328125,,27.129610061645508,,0.7183609008789062,,46.728389739990234
,6777,,,,,,,,,,1760.865234375,,23.887359619140625,,0.7385909557342529,,41.96266555786133
,6778,,,,,,,,,,1984.2066650390625,,28.90458869934082,,0.6941646337509155,,44.54443359375
,6779,,,,,,,,,,2151.932373046875,,30.116230010986328,,0.659337043762207,,46.38892364501953
,6780,,,,,,,,,,1974.8497314453125,,24.557344436645508,,0.6678357124328613,,44.43928146362305
,6781,,,,,,,,,,1818.6180419921875,,26.78443145751953,,0.6340194940567017,,42.645259857177734
,6782,,,,,,,,,,1370.7398681640625,,20.991731643676758,,0.710985541343689,,37.02350616455078
,6783,,,,,,,,,,1903.762939453125,,26.357620239257812,,0.724649965763092,,43.63212966918945
,6784,,,,,,,,,,2240.440673828125,,33.802791595458984,,0.5852543115615845,,47.33329391479492
,6785,,,,,,,,,,1192.6298828125,,20.44439125061035,,0.702752947807312,,34.53447723388672
,6786,,,,,,,,,,1374.3623046875,,19.92763328552246,,0.7438205480575562,,37.07239532470703
,6787,,,,,,,,,,1816.4815673828125,,27.23378562927246,,0.7163474559783936,,42.620201110839844
,6788,,,,,,,,,,1750.2659912109375,,26.35863494873047,,0.7585967779159546,,41.836181640625
,6789,,,,,,,,,,1283.2698974609375,,22.605308532714844,,0.7485842704772949,,35.822757720947266
,6790,,,,,,,,,,1211.205078125,,18.97893714904785,,0.7514455318450928,,34.802371978759766
,6791,,,,,,,,,,1626.984619140625,,26.964094161987305,,0.6960545778274536,,40.33589553833008
,6792,,,,,,,,,,1675.774658203125,,22.873777389526367,,0.7544498443603516,,40.93622589111328
,6793,,,,,,,,,,1330.41015625,,19.412424087524414,,0.7383495569229126,,36.47478485107422
,6794,,,,,,,,,,1628.2806396484375,,23.703874588012695,,0.7045142650604248,,40.351959228515625
,6795,,,,,,,,,,1395.290771484375,,22.429166793823242,,0.6914999485015869,,37.35359191894531
,6796,,,,,,,,,,1689.550048828125,,25.249589920043945,,0.7416591644287109,,41.1041374206543
,6797,,,,,,,,,,2078.494384765625,,28.892288208007812,,0.6887693405151367,,45.59050750732422
,6798,,,,,,,,,,1990.30859375,,29.697383880615234,,0.7112078666687012,,44.61287307739258
,6799,,,,,,,,,,2168.592041015625,,31.509462356567383,,0.6589933633804321,,46.568145751953125
,6800,,,,,,,,,,1683.745849609375,,26.9517765045166,,0.7072713375091553,,41.03347396850586
,6801,,,,,,,,,,1435.9949951171875,,25.380779266357422,,0.6875508427619934,,37.89452362060547
,6802,,,,,,,,,,984.2855834960938,,15.848668098449707,,0.7932252287864685,,31.37332534790039
,6803,,,,,,,,,,2246.45458984375,,31.226581573486328,,0.6783630847930908,,47.39677810668945
,6804,,,,,,,,,,2750.7529296875,,31.957876205444336,,0.5469756126403809,,52.44762420654297
,6805,,,,,,,,,,1183.8900146484375,,20.120342254638672,,0.7109495401382446,,34.40769958496094
,6806,,,,,,,,,,1238.1656494140625,,20.947301864624023,,0.6813201904296875,,35.18757629394531
,6807,,,,,,,,,,1182.3486328125,,20.98281478881836,,0.7474887371063232,,34.38529586791992
,6808,,,,,,,,,,1185.6951904296875,,20.725797653198242,,0.7234492301940918,,34.43392562866211
,6809,,,,,,,,,,1460.957275390625,,23.1036434173584,,0.7481889724731445,,38.222469329833984
,6810,,,,,,,,,,1501.9755859375,,23.09440803527832,,0.7311998605728149,,38.75532913208008
,6811,,,,,,,,,,1069.7955322265625,,19.065675735473633,,0.734982967376709,,32.70772933959961
,6812,,,,,,,,,,1413.776123046875,,22.596723556518555,,0.6623296737670898,,37.600215911865234
,6813,,,,,,,,,,1691.6224365234375,,25.773656845092773,,0.6886277198791504,,41.12934112548828
,6814,,,,,,,,,,1749.443359375,,25.818157196044922,,0.7278348207473755,,41.82634735107422
,6815,,,,,,,,,,1524.3922119140625,,22.242136001586914,,0.7688625454902649,,39.04346466064453
,6816,,,,,,,,,,1914.0487060546875,,29.08694839477539,,0.6771684885025024,,43.749839782714844
,6817,,,,,,,,,,1486.8211669921875,,23.229677200317383,,0.6942760944366455,,38.55931854248047
,6818,,,,,,,,,,1340.3427734375,,20.677955627441406,,0.6813455820083618,,36.610694885253906
,6819,,,,,,,,,,1499.4427490234375,,23.647871017456055,,0.71522057056427,,38.72263717651367
,6820,,,,,,,,,,1538.1083984375,,22.59351921081543,,0.7016236782073975,,39.21872329711914
,6821,,,,,,,,,,1671.7264404296875,,26.89999008178711,,0.6784259080886841,,40.88675308227539
,6822,,,,,,,,,,1475.56396484375,,23.0942325592041,,0.7406051754951477,,38.41307067871094
,6823,,,,,,,,,,1803.201171875,,28.8911190032959,,0.6883100271224976,,42.464115142822266
,6824,,,,,,,,,,1731.6962890625,,27.982633590698242,,0.6589714288711548,,41.61365509033203
,6825,,,,,,,,,,2572.086669921875,,35.251609802246094,,0.6865516901016235,,50.71574020385742
,6826,,,,,,,,,,1294.9761962890625,,20.696056365966797,,0.751025378704071,,35.98577880859375
,6827,,,,,,,,,,1698.5836181640625,,25.453922271728516,,0.747706949710846,,41.21387481689453
,6828,,,,,,,,,,1793.9556884765625,,28.595500946044922,,0.6806272864341736,,42.3551139831543
,6829,,,,,,,,,,1455.01123046875,,22.46970558166504,,0.7780342102050781,,38.14461135864258
,6830,,,,,,,,,,1424.260498046875,,23.77971076965332,,0.6874526739120483,,37.739376068115234
,6831,,,,,,,,,,1642.8792724609375,,27.42373275756836,,0.7173641920089722,,40.53244400024414
,6832,,,,,,,,,,1136.9864501953125,,22.542333602905273,,0.6243526339530945,,33.7192268371582
,6833,,,,,,,,,,1177.165771484375,,20.4600830078125,,0.7636109590530396,,34.30984878540039
,6834,,,,,,,,,,1592.3857421875,,24.702613830566406,,0.6649390459060669,,39.90470886230469
,6835,,,,,,,,,,1868.4854736328125,,27.05028533935547,,0.708582878112793,,43.225982666015625
,6836,,,,,,,,,,1426.70654296875,,22.28586196899414,,0.771764874458313,,37.77177047729492
,6837,,,,,,,,,,2519.5517578125,,31.081058502197266,,0.6681645512580872,,50.19513702392578
,6838,,,,,,,,,,2048.50927734375,,30.081296920776367,,0.7057800889015198,,45.260459899902344
,6839,,,,,,,,,,1852.792236328125,,28.24681854248047,,0.6565743088722229,,43.04407501220703
,6840,,,,,,,,,,1317.322021484375,,23.002927780151367,,0.7222243547439575,,36.29492950439453
,6841,,,,,,,,,,1645.4456787109375,,24.19243621826172,,0.7428758144378662,,40.564090728759766
,6842,,,,,,,,,,1586.4857177734375,,26.124353408813477,,0.713368833065033,,39.830711364746094
,6843,,,,,,,,,,1378.4638671875,,22.244876861572266,,0.770328164100647,,37.12766647338867
,6844,,,,,,,,,,2074.71923828125,,26.731863021850586,,0.7072051763534546,,45.54908752441406
,6845,,,,,,,,,,1660.2679443359375,,26.13227653503418,,0.732833743095398,,40.74638748168945
,6846,,,,,,,,,,1300.1341552734375,,21.205793380737305,,0.739985466003418,,36.057373046875
,6847,,,,,,,,,,1631.638427734375,,25.360504150390625,,0.72041255235672,,40.3935432434082
,6848,,,,,,,,,,2193.191650390625,,31.616933822631836,,0.6919260621070862,,46.83152389526367
,6849,,,,,,,,,,2198.083740234375,,32.281002044677734,,0.6299518346786499,,46.883724212646484
,6850,,,,,,,,,,1763.9857177734375,,26.70148277282715,,0.6899532675743103,,41.99982833862305
,6851,,,,,,,,,,1664.9381103515625,,24.12970733642578,,0.7382988929748535,,40.803653717041016
,6852,,,,,,,,,,1895.583984375,,28.495729446411133,,0.6170469522476196,,43.53830337524414
,6853,,,,,,,,,,1277.855712890625,,21.601160049438477,,0.7744131088256836,,35.747108459472656
,6854,,,,,,,,,,1459.8177490234375,,23.643657684326172,,0.7434365749359131,,38.20756149291992
,6855,,,,,,,,,,1718.90869140625,,25.110048294067383,,0.6395078897476196,,41.45972442626953
,6856,,,,,,,,,,3213.144775390625,,41.131263732910156,,0.6191522479057312,,56.684608459472656
,6857,,,,,,,,,,1592.9134521484375,,23.138301849365234,,0.7017304301261902,,39.911319732666016
,6858,,,,,,,,,,2370.998291015625,,30.98154067993164,,0.7184061408042908,,48.69289779663086
,6859,,,,,,,,,,1608.9354248046875,,24.75420379638672,,0.7194222211837769,,40.11153793334961
,6860,,,,,,,,,,1297.875,,21.265567779541016,,0.6861746311187744,,36.026031494140625
,6861,,,,,,,,,,1783.4954833984375,,27.878170013427734,,0.6574414968490601,,42.23145294189453
,6862,,,,,,,,,,1342.0806884765625,,22.381649017333984,,0.7827081680297852,,36.63441848754883
,6863,,,,,,,,,,2663.444580078125,,31.949790954589844,,0.6986507177352905,,51.60857391357422
,6864,,,,,,,,,,1655.154296875,,24.712377548217773,,0.6491599082946777,,40.68358612060547
,6865,,,,,,,,,,868.7244873046875,,17.2214298248291,,0.6965912580490112,,29.474132537841797
,6866,,,,,,,,,,1749.258056640625,,23.06285858154297,,0.7105493545532227,,41.82413101196289
,6867,,,,,,,,,,1188.1055908203125,,17.133283615112305,,0.6807870864868164,,34.46890640258789
,6868,,,,,,,,,,2031.846923828125,,28.830768585205078,,0.7137494087219238,,45.076011657714844
,6869,,,,,,,,,,2030.192138671875,,29.49810791015625,,0.6629145741462708,,45.057655334472656
,6870,,,,,,,,,,1763.623291015625,,26.842296600341797,,0.6914880275726318,,41.995513916015625
,6871,,,,,,,,,,1789.040283203125,,26.15852928161621,,0.7051784992218018,,42.29705047607422
,6872,,,,,,,,,,1307.267822265625,,20.068923950195312,,0.7314713597297668,,36.156158447265625
,6873,,,,,,,,,,2463.052978515625,,30.16920280456543,,0.689629077911377,,49.629154205322266
,6874,,,,,,,,,,2245.003173828125,,31.352697372436523,,0.6995513439178467,,47.381465911865234
,6875,,,,,,,,,,1719.5501708984375,,25.54220962524414,,0.6755079030990601,,41.46746063232422
,6876,,,,,,,,,,1596.2425537109375,,25.681560516357422,,0.7203212976455688,,39.9530029296875
,6877,,,,,,,,,,1811.2386474609375,,29.097850799560547,,0.5921560525894165,,42.55864715576172
,6878,,,,,,,,,,993.8291625976562,,17.547908782958984,,0.7107021808624268,,31.525054931640625
,6879,,,,,,,,,,1172.4102783203125,,20.304471969604492,,0.7057648301124573,,34.240478515625
,6880,,,,,,,,,,1307.8612060546875,,22.06070899963379,,0.7063769102096558,,36.164363861083984
,6881,,,,,,,,,,1238.9395751953125,,21.35955047607422,,0.7547821998596191,,35.19857406616211
,6882,,,,,,,,,,1472.4622802734375,,24.101699829101562,,0.6839786767959595,,38.372676849365234
,6883,,,,,,,,,,3550.359619140625,,34.176570892333984,,0.6008036732673645,,59.58489227294922
,6884,,,,,,,,,,949.1303100585938,,14.965182304382324,,0.691963791847229,,30.807958602905273
,6885,,,,,,,,,,1377.356689453125,,23.962875366210938,,0.6525640487670898,,37.112754821777344
,6886,,,,,,,,,,1727.409912109375,,27.542673110961914,,0.6479531526565552,,41.5621223449707
,6887,,,,,,,,,,1856.95751953125,,30.094192504882812,,0.6768279075622559,,43.092430114746094
,6888,,,,,,,,,,1515.9769287109375,,26.781803131103516,,0.6718634366989136,,38.935546875
,6889,,,,,,,,,,1419.7083740234375,,23.878692626953125,,0.7762016654014587,,37.67901611328125
,6890,,,,,,,,,,1083.7137451171875,,19.373937606811523,,0.7306524515151978,,32.91980743408203
,6891,,,,,,,,,,1285.521728515625,,20.083045959472656,,0.7743799686431885,,35.85417175292969
,6892,,,,,,,,,,1761.6309814453125,,28.352121353149414,,0.740645170211792,,41.97178649902344
,6893,,,,,,,,,,1397.506591796875,,22.73789405822754,,0.7754117846488953,,37.38323974609375
,6894,,,,,,,,,,1323.1915283203125,,21.408536911010742,,0.6736435294151306,,36.37569808959961
,6895,,,,,,,,,,1827.487548828125,,27.82382583618164,,0.7125892639160156,,42.749122619628906
,6896,,,,,,,,,,1482.974853515625,,23.43227195739746,,0.7208404541015625,,38.5094108581543
,6897,,,,,,,,,,1568.73388671875,,25.287641525268555,,0.6659467816352844,,39.60724639892578
,6898,,,,,,,,,,1507.416748046875,,23.227275848388672,,0.7067044973373413,,38.825462341308594
,6899,,,,,,,,,,1331.331298828125,,19.68549156188965,,0.6914525628089905,,36.48741149902344
,6900,,,,,,,,,,1300.0106201171875,,21.431352615356445,,0.7881932854652405,,36.055660247802734
,6901,,,,,,,,,,1926.638427734375,,28.391027450561523,,0.6915550231933594,,43.893489837646484
,6902,,,,,,,,,,1761.9410400390625,,24.830657958984375,,0.744535505771637,,41.97547912597656
,6903,,,,,,,,,,1805.4034423828125,,28.296043395996094,,0.6991541981697083,,42.49003982543945
,6904,,,,,,,,,,1943.4901123046875,,27.430295944213867,,0.696678876876831,,44.08503341674805
,6905,,,,,,,,,,1113.0888671875,,18.18922233581543,,0.722181499004364,,33.36298751831055
,6906,,,,,,,,,,1644.1634521484375,,24.32976531982422,,0.7273290157318115,,40.54828643798828
,6907,,,,,,,,,,2306.509033203125,,32.78435134887695,,0.6162643432617188,,48.026126861572266
,6908,,,,,,,,,,1388.6268310546875,,21.356761932373047,,0.6838564872741699,,37.2642822265625
,6909,,,,,,,,,,1650.130859375,,23.748132705688477,,0.7213362455368042,,40.621803283691406
,6910,,,,,,,,,,1599.7557373046875,,24.43630027770996,,0.6428292393684387,,39.9969482421875
,6911,,,,,,,,,,2081.755615234375,,30.61460304260254,,0.6729518175125122,,45.626258850097656
,6912,,,,,,,,,,1645.441650390625,,26.751008987426758,,0.7089985609054565,,40.56404495239258
,6913,,,,,,,,,,2120.28076171875,,29.65386199951172,,0.7324304580688477,,46.046504974365234
,6914,,,,,,,,,,1805.2349853515625,,27.927114486694336,,0.6713086366653442,,42.488059997558594
,6915,,,,,,,,,,1604.697998046875,,22.70235252380371,,0.7545127868652344,,40.05868148803711
,6916,,,,,,,,,,1488.3465576171875,,21.673473358154297,,0.712842583656311,,38.57909393310547
,6917,,,,,,,,,,1369.3900146484375,,22.933645248413086,,0.6845993995666504,,37.005271911621094
,6918,,,,,,,,,,1756.7857666015625,,25.655481338500977,,0.6842082738876343,,41.91402816772461
,6919,,,,,,,,,,2328.10400390625,,32.46525955200195,,0.6655139923095703,,48.250431060791016
,6920,,,,,,,,,,1232.934814453125,,22.225372314453125,,0.6352059841156006,,35.1131706237793
,6921,,,,,,,,,,1677.0113525390625,,25.31085205078125,,0.7341191172599792,,40.95132827758789
,6922,,,,,,,,,,1432.36279296875,,22.28691864013672,,0.6449987888336182,,37.8465690612793
,6923,,,,,,,,,,1942.1748046875,,29.31938362121582,,0.6903777122497559,,44.07011032104492
,6924,,,,,,,,,,1373.6849365234375,,23.7927188873291,,0.6856099963188171,,37.063255310058594
,6925,,,,,,,,,,1274.2960205078125,,21.269453048706055,,0.7413171529769897,,35.69728088378906
,6926,,,,,,,,,,1805.033935546875,,24.740455627441406,,0.7500078678131104,,42.48569107055664
,6927,,,,,,,,,,1569.1551513671875,,25.30506134033203,,0.7228729724884033,,39.61256408691406
,6928,,,,,,,,,,1526.908935546875,,23.422657012939453,,0.7630047798156738,,39.07568359375
,6929,,,,,,,,,,873.0415649414062,,15.400679588317871,,0.8167180418968201,,29.547277450561523
44,20789,,,,,,,,,1658.5850830078125,,25.049190521240234,,0.7035918235778809,,40.43424606323242,
44,20789,1515.0391845703125,,23.99306869506836,,0.7167187929153442,,38.6668701171875,,,,,,,,,
45,20799,,1653.4588623046875,,26.504610061645508,,0.7020649909973145,,40.66274642944336,,,,,,,,
45,20849,,1290.3594970703125,,22.349647521972656,,0.6835253834724426,,35.92157745361328,,,,,,,,
45,20899,,1707.7965087890625,,26.92255973815918,,0.7004945278167725,,41.325496673583984,,,,,,,,
45,20949,,1183.7152099609375,,23.48786163330078,,0.679085373878479,,34.40515899658203,,,,,,,,
45,20999,,1344.2559814453125,,22.83675765991211,,0.7279728055000305,,36.66409683227539,,,,,,,,
45,21049,,1545.2091064453125,,23.29405403137207,,0.6954963803291321,,39.309146881103516,,,,,,,,
45,21099,,2240.89208984375,,31.11073112487793,,0.6824193000793457,,47.33806228637695,,,,,,,,
45,21149,,1558.481689453125,,25.703495025634766,,0.6860532760620117,,39.47761154174805,,,,,,,,
45,21199,,1284.4539794921875,,20.129396438598633,,0.6691766977310181,,35.83927917480469,,,,,,,,
45,21249,,1613.5897216796875,,23.491012573242188,,0.726994514465332,,40.16951370239258,,,,,,,,
,6930,,,,,,,,,,2194.91748046875,,27.197219848632812,,0.7168936729431152,,46.849945068359375
,6931,,,,,,,,,,1783.774169921875,,24.057565689086914,,0.7351900339126587,,42.23474884033203
,6932,,,,,,,,,,1999.8468017578125,,29.012348175048828,,0.6917539834976196,,44.71964645385742
,6933,,,,,,,,,,2159.832275390625,,30.175642013549805,,0.6580864787101746,,46.473995208740234
,6934,,,,,,,,,,2004.003173828125,,24.680164337158203,,0.6629321575164795,,44.76609420776367
,6935,,,,,,,,,,1820.3658447265625,,26.760831832885742,,0.6336677670478821,,42.66574478149414
,6936,,,,,,,,,,1379.975830078125,,21.03526496887207,,0.7090381979942322,,37.14802551269531
,6937,,,,,,,,,,1913.0467529296875,,26.38123321533203,,0.723307192325592,,43.73838806152344
,6938,,,,,,,,,,2257.732177734375,,33.87014389038086,,0.5820533037185669,,47.515602111816406
,6939,,,,,,,,,,1193.9622802734375,,20.4512882232666,,0.7024208307266235,,34.55376052856445
,6940,,,,,,,,,,1387.7015380859375,,20.031652450561523,,0.741334080696106,,37.251869201660156
,6941,,,,,,,,,,1837.5289306640625,,27.375041961669922,,0.7130608558654785,,42.86640548706055
,6942,,,,,,,,,,1754.1478271484375,,26.366104125976562,,0.758061408996582,,41.88254928588867
,6943,,,,,,,,,,1279.529052734375,,22.562902450561523,,0.7493171691894531,,35.770503997802734
,6944,,,,,,,,,,1212.607177734375,,18.958959579467773,,0.751157820224762,,34.822509765625
,6945,,,,,,,,,,1636.142578125,,27.042932510375977,,0.6943436861038208,,40.44926071166992
,6946,,,,,,,,,,1687.65380859375,,22.948402404785156,,0.752709150314331,,41.08106231689453
,6947,,,,,,,,,,1343.608154296875,,19.496681213378906,,0.7357538938522339,,36.6552619934082
,6948,,,,,,,,,,1622.759033203125,,23.570920944213867,,0.7055162191390991,,40.283485412597656
,6949,,,,,,,,,,1400.28759765625,,22.482818603515625,,0.690395176410675,,37.42041778564453
,6950,,,,,,,,,,1710.1275634765625,,25.3825740814209,,0.7385127544403076,,41.35368728637695
,6951,,,,,,,,,,2089.0517578125,,28.921321868896484,,0.6871885061264038,,45.706146240234375
,6952,,,,,,,,,,1994.3038330078125,,29.694889068603516,,0.7106281518936157,,44.657630920410156
,6953,,,,,,,,,,2184.664794921875,,31.58333396911621,,0.656466007232666,,46.74039840698242
,6954,,,,,,,,,,1689.533447265625,,27.009044647216797,,0.7062651515007019,,41.10393142700195
,6955,,,,,,,,,,1442.287109375,,25.45328712463379,,0.6861817836761475,,37.977455139160156
,6956,,,,,,,,,,989.8624877929688,,15.904131889343262,,0.7920536398887634,,31.462081909179688
,6957,,,,,,,,,,2245.05908203125,,31.22557830810547,,0.6785628795623779,,47.38205337524414
,6958,,,,,,,,,,2751.327880859375,,31.919160842895508,,0.546880841255188,,52.45310592651367
,6959,,,,,,,,,,1187.2347412109375,,20.103853225708008,,0.7101329565048218,,34.45627212524414
,6960,,,,,,,,,,1237.9696044921875,,20.92510223388672,,0.6813706159591675,,35.18479537963867
,6961,,,,,,,,,,1181.32763671875,,20.94379425048828,,0.7477068305015564,,34.370445251464844
,6962,,,,,,,,,,1182.247314453125,,20.690706253051758,,0.7242534160614014,,34.38382339477539
,6963,,,,,,,,,,1462.59130859375,,23.06595802307129,,0.7479073405265808,,38.243839263916016
,6964,,,,,,,,,,1501.64306640625,,23.05671501159668,,0.7312593460083008,,38.751041412353516
,6965,,,,,,,,,,1068.2357177734375,,19.076831817626953,,0.7353694438934326,,32.683876037597656
,6966,,,,,,,,,,1404.1614990234375,,22.51141929626465,,0.6646260023117065,,37.47214126586914
,6967,,,,,,,,,,1694.6943359375,,25.767187118530273,,0.6880622506141663,,41.166664123535156
,6968,,,,,,,,,,1759.6607666015625,,25.86513328552246,,0.7262452840805054,,41.94831085205078
,6969,,,,,,,,,,1549.644287109375,,22.426191329956055,,0.7650336623191833,,39.36552047729492
,6970,,,,,,,,,,1947.8070068359375,,29.295629501342773,,0.6714746952056885,,44.13396453857422
,6971,,,,,,,,,,1494.97265625,,23.261207580566406,,0.6925999522209167,,38.66487503051758
,6972,,,,,,,,,,1338.6160888671875,,20.624643325805664,,0.6817560791969299,,36.587100982666016
,6973,,,,,,,,,,1502.9471435546875,,23.695772171020508,,0.7145549654960632,,38.76786422729492
,6974,,,,,,,,,,1540.583251953125,,22.59105110168457,,0.7011435627937317,,39.25026321411133
,6975,,,,,,,,,,1678.735595703125,,26.895366668701172,,0.6770776510238647,,40.97237777709961
,6976,,,,,,,,,,1489.66796875,,23.174787521362305,,0.7381258010864258,,38.59621810913086
,6977,,,,,,,,,,1809.3621826171875,,28.91098403930664,,0.6872451305389404,,42.536598205566406
,6978,,,,,,,,,,1750.96630859375,,28.12782096862793,,0.6551765203475952,,41.84455108642578
,6979,,,,,,,,,,2594.17236328125,,35.41541290283203,,0.6838602423667908,,50.93301773071289
,6980,,,,,,,,,,1301.8148193359375,,20.7391300201416,,0.7497105598449707,,36.08066940307617
,6981,,,,,,,,,,1721.18115234375,,25.541362762451172,,0.7443505525588989,,41.48712158203125
,6982,,,,,,,,,,1792.502685546875,,28.57748031616211,,0.6808859705924988,,42.33795928955078
,6983,,,,,,,,,,1449.240966796875,,22.405805587768555,,0.7789144515991211,,38.06889724731445
,6984,,,,,,,,,,1428.994873046875,,23.77187728881836,,0.6864137053489685,,37.80204772949219
,6985,,,,,,,,,,1635.4912109375,,27.3516788482666,,0.7186352014541626,,40.44120788574219
,6986,,,,,,,,,,1128.51025390625,,22.396806716918945,,0.6271530389785767,,33.59330368041992
,6987,,,,,,,,,,1189.4151611328125,,20.514245986938477,,0.7611511945724487,,34.48789978027344
,6988,,,,,,,,,,1595.49462890625,,24.685176849365234,,0.6642849445343018,,39.94364547729492
,6989,,,,,,,,,,1886.547119140625,,27.14411163330078,,0.7057658433914185,,43.43440246582031
,6990,,,,,,,,,,1421.2154541015625,,22.212974548339844,,0.7726432681083679,,37.699012756347656
,6991,,,,,,,,,,2546.488037109375,,31.23109245300293,,0.6646169424057007,,50.462738037109375
,6992,,,,,,,,,,2058.69287109375,,30.13621711730957,,0.7043174505233765,,45.37282180786133
,6993,,,,,,,,,,1868.7061767578125,,28.384288787841797,,0.6536245346069336,,43.22853469848633
,6994,,,,,,,,,,1331.53173828125,,23.09295082092285,,0.7192280292510986,,36.49016189575195
,6995,,,,,,,,,,1644.48583984375,,24.20764923095703,,0.7430257797241211,,40.55226135253906
,6996,,,,,,,,,,1578.3154296875,,26.055593490600586,,0.7148449420928955,,39.7280158996582
,6997,,,,,,,,,,1381.1959228515625,,22.20427703857422,,0.7698729634284973,,37.16444396972656
,6998,,,,,,,,,,2081.97021484375,,26.760438919067383,,0.7061818838119507,,45.62861251831055
,6999,,,,,,,,,,1645.639892578125,,26.03251075744629,,0.7351876497268677,,40.56648635864258
,7000,,,,,,,,,,1295.23583984375,,21.134441375732422,,0.7409651279449463,,35.989383697509766
,7001,,,,,,,,,,1624.3157958984375,,25.210947036743164,,0.7216673493385315,,40.30280303955078
,7002,,,,,,,,,,2197.024169921875,,31.608707427978516,,0.6913877129554749,,46.8724250793457
,7003,,,,,,,,,,2203.391357421875,,32.279380798339844,,0.6290582418441772,,46.94029998779297
,7004,,,,,,,,,,1752.7664794921875,,26.660547256469727,,0.6919251680374146,,41.866050720214844
,7005,,,,,,,,,,1673.5565185546875,,24.18297576904297,,0.7369441986083984,,40.90912628173828
,7006,,,,,,,,,,1905.1468505859375,,28.523977279663086,,0.6151150465011597,,43.647987365722656
,7007,,,,,,,,,,1283.769775390625,,21.63141632080078,,0.7733690738677979,,35.829734802246094
,7008,,,,,,,,,,1458.0845947265625,,23.635557174682617,,0.7437412142753601,,38.18487548828125
,7009,,,,,,,,,,1726.1436767578125,,25.1386661529541,,0.6379905343055725,,41.5468864440918
,7010,,,,,,,,,,3247.0234375,,41.341064453125,,0.6151366233825684,,56.982662200927734
,7011,,,,,,,,,,1605.026611328125,,23.1781063079834,,0.6994622945785522,,40.062782287597656
,7012,,,,,,,,,,2392.080322265625,,31.085784912109375,,0.7159022688865662,,48.90890121459961
,7013,,,,,,,,,,1627.3936767578125,,24.895809173583984,,0.7162033319473267,,40.34096908569336
,7014,,,,,,,,,,1300.9786376953125,,21.285402297973633,,0.6854242086410522,,36.0690803527832
,7015,,,,,,,,,,1794.1632080078125,,27.95116424560547,,0.6553925275802612,,42.35756301879883
,7016,,,,,,,,,,1334.739990234375,,22.27382469177246,,0.7838966846466064,,36.53409194946289
,7017,,,,,,,,,,2684.4716796875,,32.0747184753418,,0.6962717175483704,,51.811885833740234
,7018,,,,,,,,,,1659.076416015625,,24.687509536743164,,0.6483285427093506,,40.73176193237305
,7019,,,,,,,,,,872.142578125,,17.25927734375,,0.6953974366188049,,29.532060623168945
,7020,,,,,,,,,,1752.665283203125,,23.06928062438965,,0.7099854946136475,,41.864845275878906
,7021,,,,,,,,,,1190.677734375,,17.13660430908203,,0.6800960302352905,,34.50619888305664
,7022,,,,,,,,,,2052.706298828125,,29.014047622680664,,0.710810661315918,,45.306800842285156
,7023,,,,,,,,,,2033.157958984375,,29.5098934173584,,0.6624221205711365,,45.090553283691406
,7024,,,,,,,,,,1757.4033203125,,26.787067413330078,,0.6925761699676514,,41.92139434814453
,7025,,,,,,,,,,1785.284912109375,,26.119674682617188,,0.7057973146438599,,42.25263214111328
,7026,,,,,,,,,,1318.131103515625,,20.124244689941406,,0.7292399406433105,,36.30607223510742
,7027,,,,,,,,,,2476.2421875,,30.26902198791504,,0.68796706199646,,49.76185607910156
,7028,,,,,,,,,,2253.656005859375,,31.369365692138672,,0.6983933448791504,,47.472686767578125
,7029,,,,,,,,,,1723.5411376953125,,25.572742462158203,,0.6747547388076782,,41.51555633544922
,7030,,,,,,,,,,1601.9075927734375,,25.71820068359375,,0.719328761100769,,40.02383804321289
,7031,,,,,,,,,,1815.6624755859375,,29.134395599365234,,0.5911599397659302,,42.61058807373047
,7032,,,,,,,,,,988.7015380859375,,17.477991104125977,,0.7121948003768921,,31.44362449645996
,7033,,,,,,,,,,1172.90966796875,,20.340242385864258,,0.7056394815444946,,34.24776840209961
,7034,,,,,,,,,,1323.4276123046875,,22.18311309814453,,0.7028821706771851,,36.378944396972656
,7035,,,,,,,,,,1240.65673828125,,21.35120391845703,,0.7544423341751099,,35.222957611083984
,7036,,,,,,,,,,1479.1805419921875,,24.135921478271484,,0.6825368404388428,,38.46011734008789
,7037,,,,,,,,,,3574.181884765625,,34.271480560302734,,0.5981251001358032,,59.78445816040039
,7038,,,,,,,,,,946.4671630859375,,14.9523286819458,,0.6928280591964722,,30.764705657958984
,7039,,,,,,,,,,1385.0299072265625,,24.016557693481445,,0.6506284475326538,,37.21598815917969
,7040,,,,,,,,,,1739.1412353515625,,27.635141372680664,,0.6455622911453247,,41.70301055908203
,7041,,,,,,,,,,1869.70751953125,,30.21766471862793,,0.6746090054512024,,43.240116119384766
,7042,,,,,,,,,,1529.429443359375,,26.86503791809082,,0.6689516305923462,,39.1079216003418
,7043,,,,,,,,,,1433.7723388671875,,24.004308700561523,,0.7739846706390381,,37.86518478393555
,7044,,,,,,,,,,1076.9722900390625,,19.330158233642578,,0.732327938079834,,32.817256927490234
,7045,,,,,,,,,,1293.5609130859375,,20.139307022094727,,0.7729690074920654,,35.96610641479492
,7046,,,,,,,,,,1768.3507080078125,,28.437211990356445,,0.7396558523178101,,42.051761627197266
,7047,,,,,,,,,,1399.388671875,,22.757339477539062,,0.7751092910766602,,37.40840530395508
,7048,,,,,,,,,,1321.7745361328125,,21.3433780670166,,0.6739929914474487,,36.35621643066406
,7049,,,,,,,,,,1831.6070556640625,,27.889205932617188,,0.7119413614273071,,42.797279357910156
,7050,,,,,,,,,,1478.2218017578125,,23.367969512939453,,0.7217351198196411,,38.44765090942383
,7051,,,,,,,,,,1564.09326171875,,25.258941650390625,,0.6669349670410156,,39.54861831665039
,7052,,,,,,,,,,1495.8349609375,,23.09865951538086,,0.7089579105377197,,38.676025390625
,7053,,,,,,,,,,1338.9461669921875,,19.716915130615234,,0.6896877288818359,,36.59161376953125
,7054,,,,,,,,,,1313.576416015625,,21.549585342407227,,0.7859830260276794,,36.24329376220703
,7055,,,,,,,,,,1920.867919921875,,28.36655616760254,,0.6924788951873779,,43.82770919799805
,7056,,,,,,,,,,1774.1007080078125,,24.89338493347168,,0.7427724599838257,,42.12007522583008
,7057,,,,,,,,,,1816.1337890625,,28.392290115356445,,0.6973661184310913,,42.616119384765625
,7058,,,,,,,,,,1961.13134765625,,27.5684871673584,,0.6939255595207214,,44.284664154052734
,7059,,,,,,,,,,1106.943603515625,,18.104557037353516,,0.7237153053283691,,33.2707633972168
,7060,,,,,,,,,,1654.881103515625,,24.384090423583984,,0.7255515456199646,,40.68022918701172
,7061,,,,,,,,,,2323.957275390625,,32.91954803466797,,0.6133614778518677,,48.20743942260742
,7062,,,,,,,,,,1395.1536865234375,,21.374492645263672,,0.6823705434799194,,37.35175704956055
,7063,,,,,,,,,,1654.697998046875,,23.75372886657715,,0.7205649614334106,,40.677978515625
,7064,,,,,,,,,,1588.05712890625,,24.330078125,,0.6454411745071411,,39.850433349609375
,7065,,,,,,,,,,2068.765869140625,,30.50181007385254,,0.6749925017356873,,45.48368835449219
,7066,,,,,,,,,,1649.9105224609375,,26.769548416137695,,0.7082082033157349,,40.61909103393555
,7067,,,,,,,,,,2146.67626953125,,29.809768676757812,,0.729099452495575,,46.332237243652344
,7068,,,,,,,,,,1810.635009765625,,27.930381774902344,,0.6703253984451294,,42.55155944824219
,7069,,,,,,,,,,1608.5003662109375,,22.669713973999023,,0.7539311051368713,,40.10611343383789
,7070,,,,,,,,,,1490.07861328125,,21.643268585205078,,0.7125084400177002,,38.60153579711914
,7071,,,,,,,,,,1378.4818115234375,,22.991443634033203,,0.6825053691864014,,37.12791061401367
,7072,,,,,,,,,,1768.6754150390625,,25.72433853149414,,0.6820710897445679,,42.055625915527344
,7073,,,,,,,,,,2347.327392578125,,32.5880126953125,,0.6627521514892578,,48.44922637939453
,7074,,,,,,,,,,1239.305419921875,,22.23440170288086,,0.6333210468292236,,35.20376968383789
,7075,,,,,,,,,,1692.48876953125,,25.41732406616211,,0.7316652536392212,,41.13986587524414
,7076,,,,,,,,,,1427.524658203125,,22.20982551574707,,0.6461979150772095,,37.78260040283203
,7077,,,,,,,,,,1958.197265625,,29.423484802246094,,0.6878234148025513,,44.251522064208984
,7078,,,,,,,,,,1375.49462890625,,23.78318214416504,,0.685195803642273,,37.08766174316406
,7079,,,,,,,,,,1272.818603515625,,21.270341873168945,,0.7416170835494995,,35.67658233642578
,7080,,,,,,,,,,1811.609375,,24.808853149414062,,0.7490972280502319,,42.56300354003906
,7081,,,,,,,,,,1570.293212890625,,25.306110382080078,,0.7226719856262207,,39.62692642211914
,7082,,,,,,,,,,1539.83642578125,,23.501901626586914,,0.7609982490539551,,39.24074935913086
,7083,,,,,,,,,,879.2159423828125,,15.42998218536377,,0.8154218196868896,,29.651575088500977
45,21251,,,,,,,,,1665.0712890625,,25.07883071899414,,0.7025521397590637,,40.50920486450195,
45,21251,1511.452392578125,,23.96368408203125,,0.7180869579315186,,38.61506271362305,,,,,,,,,
46,21299,,1471.795654296875,,23.695985794067383,,0.7471539974212646,,38.363990783691406,,,,,,,,
46,21349,,1151.0982666015625,,21.25029945373535,,0.674543023109436,,33.92784118652344,,,,,,,,
46,21399,,1790.0748291015625,,28.031246185302734,,0.7395617961883545,,42.30927658081055,,,,,,,,
46,21449,,1076.1119384765625,,20.001075744628906,,0.7053674459457397,,32.80414581298828,,,,,,,,
46,21499,,1262.067626953125,,21.74947166442871,,0.6787286996841431,,35.52559280395508,,,,,,,,
46,21549,,1335.009033203125,,21.92241859436035,,0.7965897917747498,,36.537776947021484,,,,,,,,
46,21599,,985.3655395507812,,15.506858825683594,,0.7620514631271362,,31.390531539916992,,,,,,,,
46,21649,,1513.6895751953125,,23.07837677001953,,0.723170280456543,,38.90616226196289,,,,,,,,
46,21699,,871.66748046875,,16.382814407348633,,0.7662189602851868,,29.524015426635742,,,,,,,,
,7084,,,,,,,,,,2196.7177734375,,27.290971755981445,,0.7166614532470703,,46.86915588378906
,7085,,,,,,,,,,1793.8277587890625,,24.17686653137207,,0.7336975336074829,,42.35360336303711
,7086,,,,,,,,,,2008.4781494140625,,29.1249942779541,,0.6904235482215881,,44.81604766845703
,7087,,,,,,,,,,2159.408203125,,30.168277740478516,,0.6581535935401917,,46.46943283081055
,7088,,,,,,,,,,2006.1383056640625,,24.7576847076416,,0.6625730991363525,,44.78993606567383
,7089,,,,,,,,,,1822.980224609375,,26.819448471069336,,0.6331416368484497,,42.696372985839844
,7090,,,,,,,,,,1387.5765380859375,,21.148448944091797,,0.7074356079101562,,37.25019073486328
,7091,,,,,,,,,,1912.3807373046875,,26.42062759399414,,0.7234035730361938,,43.73077392578125
,7092,,,,,,,,,,2266.1552734375,,33.955291748046875,,0.5804940462112427,,47.60415267944336
,7093,,,,,,,,,,1203.559814453125,,20.58028221130371,,0.7000287771224976,,34.692359924316406
,7094,,,,,,,,,,1381.6285400390625,,20.047061920166016,,0.7424660921096802,,37.170265197753906
,7095,,,,,,,,,,1839.3516845703125,,27.428359985351562,,0.712776243686676,,42.88766098022461
,7096,,,,,,,,,,1757.308349609375,,26.44406509399414,,0.7576254606246948,,41.92026138305664
,7097,,,,,,,,,,1279.32373046875,,22.57889747619629,,0.7493574023246765,,35.767635345458984
,7098,,,,,,,,,,1214.078857421875,,18.997577667236328,,0.7508558034896851,,34.84363555908203
,7099,,,,,,,,,,1641.68115234375,,27.112485885620117,,0.6933090090751648,,40.51766586303711
,7100,,,,,,,,,,1699.9200439453125,,23.019596099853516,,0.7509118318557739,,41.23008346557617
,7101,,,,,,,,,,1339.42041015625,,19.51490592956543,,0.7365775108337402,,36.59809112548828
,7102,,,,,,,,,,1634.9967041015625,,23.633098602294922,,0.7032954692840576,,40.43509292602539
,7103,,,,,,,,,,1403.539306640625,,22.514320373535156,,0.6896762251853943,,37.46384048461914
,7104,,,,,,,,,,1708.236328125,,25.379575729370117,,0.7388019561767578,,41.330814361572266
,7105,,,,,,,,,,2100.098876953125,,29.045074462890625,,0.6855342388153076,,45.82683563232422
,7106,,,,,,,,,,1998.7215576171875,,29.79803466796875,,0.7099871635437012,,44.70706558227539
,7107,,,,,,,,,,2188.862548828125,,31.6398868560791,,0.6558059453964233,,46.785282135009766
,7108,,,,,,,,,,1683.7337646484375,,26.97376251220703,,0.7072734832763672,,41.0333251953125
,7109,,,,,,,,,,1452.66796875,,25.569616317749023,,0.683923065662384,,38.1138801574707
,7110,,,,,,,,,,994.555908203125,,15.968097686767578,,0.7910677194595337,,31.53658103942871
,7111,,,,,,,,,,2274.57080078125,,31.435077667236328,,0.6743375062942505,,47.69245910644531
,7112,,,,,,,,,,2782.9970703125,,32.072200775146484,,0.5416653156280518,,52.754119873046875
,7113,,,,,,,,,,1196.7047119140625,,20.20792007446289,,0.7078207731246948,,34.593421936035156
,7114,,,,,,,,,,1239.1995849609375,,20.99634552001953,,0.6810539960861206,,35.202266693115234
,7115,,,,,,,,,,1184.0467529296875,,21.024578094482422,,0.7471261024475098,,34.409976959228516
,7116,,,,,,,,,,1208.3240966796875,,20.940040588378906,,0.7181712985038757,,34.760955810546875
,7117,,,,,,,,,,1460.643310546875,,23.099727630615234,,0.7482430934906006,,38.21836471557617
,7118,,,,,,,,,,1501.60546875,,23.1210994720459,,0.7312660813331604,,38.75055694580078
,7119,,,,,,,,,,1060.4952392578125,,19.0416202545166,,0.7372869253158569,,32.56524658203125
,7120,,,,,,,,,,1426.071044921875,,22.729768753051758,,0.6593930721282959,,37.76335525512695
,7121,,,,,,,,,,1691.85791015625,,25.815149307250977,,0.6885843276977539,,41.1322021484375
,7122,,,,,,,,,,1769.1260986328125,,25.988834381103516,,0.7247726917266846,,42.060977935791016
,7123,,,,,,,,,,1561.8712158203125,,22.531402587890625,,0.7631797790527344,,39.52051544189453
,7124,,,,,,,,,,1964.904541015625,,29.422502517700195,,0.6685909628868103,,44.32724380493164
,7125,,,,,,,,,,1501.670166015625,,23.331754684448242,,0.6912227869033813,,38.75138854980469
,7126,,,,,,,,,,1339.134765625,,20.681049346923828,,0.6816327571868896,,36.59419250488281
,7127,,,,,,,,,,1510.13818359375,,23.75712013244629,,0.7131892442703247,,38.860496520996094
,7128,,,,,,,,,,1545.0618896484375,,22.65210723876953,,0.7002747058868408,,39.307273864746094
,7129,,,,,,,,,,1685.7589111328125,,26.98908042907715,,0.6757266521453857,,41.0579948425293
,7130,,,,,,,,,,1487.1766357421875,,23.17399024963379,,0.7385637164115906,,38.56393051147461
,7131,,,,,,,,,,1823.0328369140625,,28.995763778686523,,0.6848820447921753,,42.69698715209961
,7132,,,,,,,,,,1749.05029296875,,28.1634464263916,,0.6555538177490234,,41.82164764404297
,7133,,,,,,,,,,2605.947265625,,35.547122955322266,,0.6824252605438232,,51.04847717285156
,7134,,,,,,,,,,1311.6903076171875,,20.844402313232422,,0.7478119134902954,,36.21726608276367
,7135,,,,,,,,,,1737.578369140625,,25.748233795166016,,0.7419149875640869,,41.684268951416016
,7136,,,,,,,,,,1809.0302734375,,28.719751358032227,,0.6779436469078064,,42.53269577026367
,7137,,,,,,,,,,1451.2838134765625,,22.46053123474121,,0.7786028385162354,,38.09571838378906
,7138,,,,,,,,,,1432.94775390625,,23.83833885192871,,0.6855462789535522,,37.85429382324219
,7139,,,,,,,,,,1648.489990234375,,27.42152214050293,,0.7163989543914795,,40.601600646972656
,7140,,,,,,,,,,1135.56787109375,,22.485666275024414,,0.6248213052749634,,33.69818878173828
,7141,,,,,,,,,,1193.6280517578125,,20.581233978271484,,0.7603051662445068,,34.54892349243164
,7142,,,,,,,,,,1587.841064453125,,24.635854721069336,,0.6658953428268433,,39.84772491455078
,7143,,,,,,,,,,1886.3302001953125,,27.17678451538086,,0.7057996988296509,,43.43190383911133
,7144,,,,,,,,,,1429.0179443359375,,22.332067489624023,,0.7713950872421265,,37.80235290527344
,7145,,,,,,,,,,2548.13623046875,,31.310710906982422,,0.6643998622894287,,50.479068756103516
,7146,,,,,,,,,,2074.517822265625,,30.303417205810547,,0.7020446062088013,,45.546875
,7147,,,,,,,,,,1877.6636962890625,,28.47169303894043,,0.6519641876220703,,43.33201599121094
,7148,,,,,,,,,,1343.2462158203125,,23.214725494384766,,0.7167578935623169,,36.65032196044922
,7149,,,,,,,,,,1651.788330078125,,24.25044059753418,,0.7418846487998962,,40.6422004699707
,7150,,,,,,,,,,1586.635986328125,,26.165517807006836,,0.7133417129516602,,39.83259963989258
,7151,,,,,,,,,,1389.803955078125,,22.280054092407227,,0.7684387564659119,,37.28007125854492
,7152,,,,,,,,,,2075.58984375,,26.772974014282227,,0.7070823311805725,,45.55864334106445
,7153,,,,,,,,,,1658.4447021484375,,26.210411071777344,,0.7331271171569824,,40.72400665283203
,7154,,,,,,,,,,1306.44873046875,,21.31624984741211,,0.7387226223945618,,36.14482879638672
,7155,,,,,,,,,,1629.0308837890625,,25.231538772583008,,0.7208594083786011,,40.36125564575195
,7156,,,,,,,,,,2197.878662109375,,31.603675842285156,,0.6912676692008972,,46.88153839111328
,7157,,,,,,,,,,2223.97900390625,,32.43313980102539,,0.6255923509597778,,47.159080505371094
,7158,,,,,,,,,,1762.5712890625,,26.78097915649414,,0.6902018785476685,,41.98298645019531
,7159,,,,,,,,,,1670.2010498046875,,24.232662200927734,,0.7374715805053711,,40.86809158325195
,7160,,,,,,,,,,1915.6607666015625,,28.647104263305664,,0.6129909753799438,,43.76826095581055
,7161,,,,,,,,,,1301.1617431640625,,21.789474487304688,,0.7702987790107727,,36.07162094116211
,7162,,,,,,,,,,1454.46435546875,,23.65917205810547,,0.7443774938583374,,38.1374397277832
,7163,,,,,,,,,,1731.489013671875,,25.272977828979492,,0.636869490146637,,41.61116409301758
,7164,,,,,,,,,,3247.841552734375,,41.37942886352539,,0.6150397062301636,,56.989837646484375
,7165,,,,,,,,,,1606.8795166015625,,23.240009307861328,,0.6991153359413147,,40.085899353027344
,7166,,,,,,,,,,2346.998291015625,,30.988718032836914,,0.7212564945220947,,48.44582748413086
,7167,,,,,,,,,,1650.338623046875,,25.12024688720703,,0.7122020125389099,,40.624359130859375
,7168,,,,,,,,,,1300.758544921875,,21.281620025634766,,0.6854773759841919,,36.0660285949707
,7169,,,,,,,,,,1806.9866943359375,,28.062847137451172,,0.6529295444488525,,42.508663177490234
,7170,,,,,,,,,,1344.4932861328125,,22.400833129882812,,0.782317578792572,,36.66733169555664
,7171,,,,,,,,,,2657.140625,,32.01021957397461,,0.6993640065193176,,51.54745864868164
,7172,,,,,,,,,,1666.0657958984375,,24.792404174804688,,0.6468470096588135,,40.81747055053711
,7173,,,,,,,,,,871.630615234375,,17.31667709350586,,0.6955761909484863,,29.523391723632812
,7174,,,,,,,,,,1754.4561767578125,,23.12521743774414,,0.7096891403198242,,41.88623046875
,7175,,,,,,,,,,1190.966064453125,,17.195533752441406,,0.6800185441970825,,34.5103759765625
,7176,,,,,,,,,,2053.312744140625,,29.040739059448242,,0.7107252478599548,,45.31349182128906
,7177,,,,,,,,,,2041.025634765625,,29.61217498779297,,0.661115825176239,,45.177711486816406
,7178,,,,,,,,,,1773.06005859375,,26.92688751220703,,0.6898372769355774,,42.10771942138672
,7179,,,,,,,,,,1795.5821533203125,,26.209701538085938,,0.7041004300117493,,42.37431335449219
,7180,,,,,,,,,,1328.2041015625,,20.302785873413086,,0.7271708250045776,,36.44453430175781
,7181,,,,,,,,,,2471.10693359375,,30.296541213989258,,0.6886141300201416,,49.710227966308594
,7182,,,,,,,,,,2267.9765625,,31.50674057006836,,0.6964768171310425,,47.62327575683594
,7183,,,,,,,,,,1731.021240234375,,25.652889251708984,,0.6733432412147522,,41.60554504394531
,7184,,,,,,,,,,1612.2705078125,,25.812610626220703,,0.7175130844116211,,40.1530876159668
,7185,,,,,,,,,,1838.0013427734375,,29.369619369506836,,0.5861297845840454,,42.871917724609375
,7186,,,,,,,,,,987.8585815429688,,17.534488677978516,,0.7124401330947876,,31.43021583557129
,7187,,,,,,,,,,1179.4283447265625,,20.49221420288086,,0.7040035724639893,,34.34280776977539
,7188,,,,,,,,,,1337.8170166015625,,22.33597183227539,,0.6996516585350037,,36.57617950439453
,7189,,,,,,,,,,1253.5853271484375,,21.514434814453125,,0.7518834471702576,,35.406005859375
,7190,,,,,,,,,,1484.2108154296875,,24.17803955078125,,0.6814571619033813,,38.525455474853516
,7191,,,,,,,,,,3548.741455078125,,34.13907241821289,,0.6009856462478638,,59.57131576538086
,7192,,,,,,,,,,943.8041381835938,,14.942551612854004,,0.6936923265457153,,30.72139549255371
,7193,,,,,,,,,,1395.0743408203125,,24.147478103637695,,0.6480947732925415,,37.3506965637207
,7194,,,,,,,,,,1746.451171875,,27.747844696044922,,0.6440725326538086,,41.790565490722656
,7195,,,,,,,,,,1876.6275634765625,,30.292015075683594,,0.6734046936035156,,43.32006072998047
,7196,,,,,,,,,,1551.7843017578125,,27.081565856933594,,0.6641128063201904,,39.39269256591797
,7197,,,,,,,,,,1434.71337890625,,24.048843383789062,,0.7738363146781921,,37.87760925292969
,7198,,,,,,,,,,1082.3902587890625,,19.449893951416016,,0.7309813499450684,,32.89970016479492
,7199,,,,,,,,,,1305.37158203125,,20.23238182067871,,0.7708961367607117,,36.12992477416992
,7200,,,,,,,,,,1766.173095703125,,28.44962501525879,,0.7399764657020569,,42.02586364746094
,7201,,,,,,,,,,1409.256591796875,,22.808889389038086,,0.7735234498977661,,37.54006576538086
,7202,,,,,,,,,,1337.0943603515625,,21.44998550415039,,0.6702145338058472,,36.56629943847656
,7203,,,,,,,,,,1866.236572265625,,28.150760650634766,,0.7064951658248901,,43.19995880126953
,7204,,,,,,,,,,1474.1107177734375,,23.41162872314453,,0.7225090265274048,,38.39414978027344
,7205,,,,,,,,,,1577.330322265625,,25.43294334411621,,0.6641162633895874,,39.71561813354492
,7206,,,,,,,,,,1506.256591796875,,23.231971740722656,,0.7069302201271057,,38.81052017211914
,7207,,,,,,,,,,1336.839111328125,,19.714502334594727,,0.6901761293411255,,36.562808990478516
,7208,,,,,,,,,,1309.22314453125,,21.50963020324707,,0.7866922616958618,,36.183189392089844
,7209,,,,,,,,,,1928.007568359375,,28.39972496032715,,0.6913358569145203,,43.90908432006836
,7210,,,,,,,,,,1764.8983154296875,,24.86739730834961,,0.7441067099571228,,42.01069259643555
,7211,,,,,,,,,,1818.7811279296875,,28.462799072265625,,0.6969249844551086,,42.64716720581055
,7212,,,,,,,,,,1953.818603515625,,27.518192291259766,,0.6950668692588806,,44.20201873779297
,7213,,,,,,,,,,1118.0068359375,,18.246597290039062,,0.7209540009498596,,33.43661117553711
,7214,,,,,,,,,,1660.0814208984375,,24.45722198486328,,0.7246891260147095,,40.74409866333008
,7215,,,,,,,,,,2332.78564453125,,32.993927001953125,,0.6118927001953125,,48.29891586303711
,7216,,,,,,,,,,1395.2650146484375,,21.440053939819336,,0.6823452711105347,,37.35324478149414
,7217,,,,,,,,,,1653.2078857421875,,23.8054141998291,,0.7208166122436523,,40.65966033935547
,7218,,,,,,,,,,1598.0535888671875,,24.414775848388672,,0.6432092189788818,,39.97566223144531
,7219,,,,,,,,,,2077.175537109375,,30.57901954650879,,0.6736713647842407,,45.57604217529297
,7220,,,,,,,,,,1653.3250732421875,,26.81195831298828,,0.7076042890548706,,40.66109848022461
,7221,,,,,,,,,,2117.272216796875,,29.641603469848633,,0.7328101396560669,,46.013824462890625
,7222,,,,,,,,,,1815.811279296875,,28.005199432373047,,0.6693829298019409,,42.61233901977539
,7223,,,,,,,,,,1620.499755859375,,22.75111961364746,,0.7520954608917236,,40.25543212890625
,7224,,,,,,,,,,1495.517822265625,,21.746782302856445,,0.7114589810371399,,38.67192459106445
,7225,,,,,,,,,,1385.0616455078125,,23.04686164855957,,0.6809898614883423,,37.21641540527344
,7226,,,,,,,,,,1775.52197265625,,25.79829978942871,,0.6808403730392456,,42.13694381713867
,7227,,,,,,,,,,2355.56103515625,,32.65022277832031,,0.6615691781044006,,48.534122467041016
,7228,,,,,,,,,,1245.3675537109375,,22.3100643157959,,0.6315274238586426,,35.289764404296875
,7229,,,,,,,,,,1687.1063232421875,,25.39990234375,,0.7325185537338257,,41.074398040771484
,7230,,,,,,,,,,1440.3006591796875,,22.358243942260742,,0.6430314779281616,,37.9512939453125
,7231,,,,,,,,,,1961.5494384765625,,29.458009719848633,,0.6872889995574951,,44.28938293457031
,7232,,,,,,,,,,1376.6583251953125,,23.807952880859375,,0.6849294900894165,,37.10334777832031
,7233,,,,,,,,,,1281.337158203125,,21.367511749267578,,0.7398878335952759,,35.79576873779297
,7234,,,,,,,,,,1809.69384765625,,24.839277267456055,,0.7493624687194824,,42.540496826171875
,7235,,,,,,,,,,1580.825439453125,,25.40938377380371,,0.7208119630813599,,39.75959777832031
,7236,,,,,,,,,,1536.51220703125,,23.4986515045166,,0.7615141868591309,,39.198368072509766
,7237,,,,,,,,,,884.4716186523438,,15.468886375427246,,0.8143184185028076,,29.740068435668945
46,21713,,,,,,,,,1670.468994140625,,25.155418395996094,,0.7014812231063843,,40.57788848876953,
46,21713,1511.920654296875,,23.94185447692871,,0.7202251553535461,,38.61550521850586,,,,,,,,,
47,21749,,1331.26953125,,22.088558197021484,,0.7615264654159546,,36.48656463623047,,,,,,,,
47,21799,,1204.94580078125,,20.404449462890625,,0.7767623066902161,,34.71232986450195,,,,,,,,
47,21849,,1766.39453125,,25.579809188842773,,0.7430986762046814,,42.028499603271484,,,,,,,,
47,21899,,1478.797119140625,,22.88759994506836,,0.646269679069519,,38.45513153076172,,,,,,,,
47,21949,,1103.6551513671875,,19.64247703552246,,0.7792842388153076,,33.22130584716797,,,,,,,,
47,21999,,1530.0262451171875,,24.575420379638672,,0.6649104356765747,,39.11555099487305,,,,,,,,
47,22049,,1277.2640380859375,,21.464338302612305,,0.7579752206802368,,35.73883056640625,,,,,,,,
47,22099,,940.2144775390625,,17.27236557006836,,0.8150381445884705,,30.66291618347168,,,,,,,,
47,22149,,1650.455810546875,,26.057998657226562,,0.741463840007782,,40.62580108642578,,,,,,,,
,7238,,,,,,,,,,2197.6357421875,,27.221195220947266,,0.7165430784225464,,46.87894821166992
,7239,,,,,,,,,,1768.0496826171875,,23.954252243041992,,0.7375243902206421,,42.04818344116211
,7240,,,,,,,,,,1987.4205322265625,,28.907264709472656,,0.6936692595481873,,44.58049392700195
,7241,,,,,,,,,,2148.365966796875,,30.081809997558594,,0.6599016189575195,,46.350467681884766
,7242,,,,,,,,,,1968.3348388671875,,24.573339462280273,,0.6689314842224121,,44.36592102050781
,7243,,,,,,,,,,1819.1907958984375,,26.767295837402344,,0.633904218673706,,42.65196990966797
,7244,,,,,,,,,,1379.8309326171875,,21.022348403930664,,0.709068775177002,,37.14607620239258
,7245,,,,,,,,,,1904.811279296875,,26.327919006347656,,0.7244983315467834,,43.644142150878906
,7246,,,,,,,,,,2246.54296875,,33.83908462524414,,0.5841246247291565,,47.397708892822266
,7247,,,,,,,,,,1196.101318359375,,20.43265724182129,,0.7018877267837524,,34.58469772338867
,7248,,,,,,,,,,1381.441162109375,,20.004690170288086,,0.7425010204315186,,37.16774368286133
,7249,,,,,,,,,,1816.31396484375,,27.240571975708008,,0.7163736820220947,,42.61823654174805
,7250,,,,,,,,,,1753.77978515625,,26.342065811157227,,0.7581121921539307,,41.87815475463867
,7251,,,,,,,,,,1277.952392578125,,22.557085037231445,,0.7496260404586792,,35.74846267700195
,7252,,,,,,,,,,1203.309814453125,,18.89739418029785,,0.7530657649040222,,34.68875503540039
,7253,,,,,,,,,,1629.827880859375,,26.962871551513672,,0.6955233812332153,,40.37112808227539
,7254,,,,,,,,,,1686.498046875,,22.930301666259766,,0.7528785467147827,,41.066993713378906
,7255,,,,,,,,,,1331.747802734375,,19.393749237060547,,0.738086462020874,,36.49311828613281
,7256,,,,,,,,,,1615.8333740234375,,23.584819793701172,,0.706773042678833,,40.19742965698242
,7257,,,,,,,,,,1396.14453125,,22.412628173828125,,0.691311240196228,,37.36501693725586
,7258,,,,,,,,,,1685.94482421875,,25.221332550048828,,0.7422104477882385,,41.06025695800781
,7259,,,,,,,,,,2076.9306640625,,28.884078979492188,,0.6890034675598145,,45.57335662841797
,7260,,,,,,,,,,1997.04638671875,,29.72639274597168,,0.7102302312850952,,44.68832778930664
,7261,,,,,,,,,,2173.96826171875,,31.572330474853516,,0.6581479907035828,,46.625831604003906
,7262,,,,,,,,,,1683.5047607421875,,26.949167251586914,,0.7073132991790771,,41.03053283691406
,7263,,,,,,,,,,1442.3526611328125,,25.460758209228516,,0.6861675381660461,,37.97831726074219
,7264,,,,,,,,,,991.7760009765625,,15.894434928894043,,0.7916516661643982,,31.492475509643555
,7265,,,,,,,,,,2249.359130859375,,31.234745025634766,,0.6779472231864929,,47.42741012573242
,7266,,,,,,,,,,2731.666748046875,,31.88288116455078,,0.5501189231872559,,52.265350341796875
,7267,,,,,,,,,,1187.23974609375,,20.091529846191406,,0.7101317048072815,,34.45634460449219
,7268,,,,,,,,,,1239.6346435546875,,20.965774536132812,,0.6809420585632324,,35.20844650268555
,7269,,,,,,,,,,1181.578857421875,,20.98805809020996,,0.7476531863212585,,34.37409973144531
,7270,,,,,,,,,,1185.641357421875,,20.72630500793457,,0.7234618067741394,,34.433143615722656
,7271,,,,,,,,,,1458.232177734375,,23.077327728271484,,0.7486586570739746,,38.186805725097656
,7272,,,,,,,,,,1500.219482421875,,23.09811782836914,,0.7315140962600708,,38.732669830322266
,7273,,,,,,,,,,1061.949462890625,,18.98744773864746,,0.7369266748428345,,32.58756637573242
,7274,,,,,,,,,,1408.5574951171875,,22.54568099975586,,0.663576066493988,,37.53075408935547
,7275,,,,,,,,,,1684.6610107421875,,25.71441078186035,,0.6899091005325317,,41.044620513916016
,7276,,,,,,,,,,1760.5369873046875,,25.875539779663086,,0.7261089086532593,,41.9587516784668
,7277,,,,,,,,,,1540.5703125,,22.347707748413086,,0.7664095163345337,,39.250099182128906
,7278,,,,,,,,,,1925.974609375,,29.215356826782227,,0.6751570701599121,,43.88592529296875
,7279,,,,,,,,,,1489.4609375,,23.23312759399414,,0.6937333345413208,,38.593536376953125
,7280,,,,,,,,,,1340.477294921875,,20.661287307739258,,0.6813136339187622,,36.61252975463867
,7281,,,,,,,,,,1504.092529296875,,23.681272506713867,,0.7143374085426331,,38.78263473510742
,7282,,,,,,,,,,1542.7037353515625,,22.596467971801758,,0.7007322311401367,,39.27726745605469
,7283,,,,,,,,,,1672.8504638671875,,26.907991409301758,,0.6782097220420837,,40.90049362182617
,7284,,,,,,,,,,1485.555419921875,,23.154726028442383,,0.7388486862182617,,38.542903900146484
,7285,,,,,,,,,,1803.9718017578125,,28.883468627929688,,0.6881768703460693,,42.47319030761719
,7286,,,,,,,,,,1739.246826171875,,28.062084197998047,,0.6574844121932983,,41.70427703857422
,7287,,,,,,,,,,2577.4990234375,,35.25527572631836,,0.6858921051025391,,50.769073486328125
,7288,,,,,,,,,,1293.4639892578125,,20.66512107849121,,0.7513161301612854,,35.964759826660156
,7289,,,,,,,,,,1695.657470703125,,25.359426498413086,,0.7481415867805481,,41.17835998535156
,7290,,,,,,,,,,1791.97705078125,,28.559045791625977,,0.6809796094894409,,42.331748962402344
,7291,,,,,,,,,,1453.252197265625,,22.454631805419922,,0.7783025503158569,,38.121543884277344
,7292,,,,,,,,,,1424.1170654296875,,23.760469436645508,,0.6874841451644897,,37.73747634887695
,7293,,,,,,,,,,1642.790771484375,,27.382970809936523,,0.7173793911933899,,40.53135681152344
,7294,,,,,,,,,,1136.920654296875,,22.483678817749023,,0.6243743300437927,,33.71825408935547
,7295,,,,,,,,,,1176.221923828125,,20.440160751342773,,0.7638005018234253,,34.29609298706055
,7296,,,,,,,,,,1587.713134765625,,24.62300682067871,,0.6659222841262817,,39.84611892700195
,7297,,,,,,,,,,1871.3455810546875,,27.040027618408203,,0.708136796951294,,43.25905227661133
,7298,,,,,,,,,,1432.473388671875,,22.34645652770996,,0.7708423137664795,,37.84803009033203
,7299,,,,,,,,,,2513.2421875,,31.081584930419922,,0.6689955592155457,,50.13224792480469
,7300,,,,,,,,,,2048.760009765625,,30.082042694091797,,0.7057440280914307,,45.26322937011719
,7301,,,,,,,,,,1864.301025390625,,28.347869873046875,,0.6544411182403564,,43.17755126953125
,7302,,,,,,,,,,1325.9456787109375,,23.040678024291992,,0.7204059362411499,,36.41353988647461
,7303,,,,,,,,,,1644.0015869140625,,24.186811447143555,,0.7431014776229858,,40.546287536621094
,7304,,,,,,,,,,1583.833740234375,,26.109878540039062,,0.7138479948043823,,39.79740905761719
,7305,,,,,,,,,,1380.537109375,,22.194059371948242,,0.7699826955795288,,37.15557861328125
,7306,,,,,,,,,,2070.61376953125,,26.708030700683594,,0.7077845335006714,,45.50400161743164
,7307,,,,,,,,,,1657.887939453125,,26.114320755004883,,0.7332167029380798,,40.71717071533203
,7308,,,,,,,,,,1298.990234375,,21.200164794921875,,0.7402142286300659,,36.041507720947266
,7309,,,,,,,,,,1640.5518798828125,,25.43229103088379,,0.7188851833343506,,40.503726959228516
,7310,,,,,,,,,,2181.571044921875,,31.486160278320312,,0.693558394908905,,46.70729064941406
,7311,,,,,,,,,,2207.98779296875,,32.37846755981445,,0.6282844543457031,,46.98923110961914
,7312,,,,,,,,,,1758.9608154296875,,26.677579879760742,,0.6908364295959473,,41.93996810913086
,7313,,,,,,,,,,1662.12353515625,,24.12171173095703,,0.7387412786483765,,40.76914978027344
,7314,,,,,,,,,,1890.1260986328125,,28.436786651611328,,0.6181495785713196,,43.475582122802734
,7315,,,,,,,,,,1288.2750244140625,,21.668777465820312,,0.772573709487915,,35.892547607421875
,7316,,,,,,,,,,1461.2899169921875,,23.63147735595703,,0.7431778907775879,,38.22682189941406
,7317,,,,,,,,,,1718.827392578125,,25.130659103393555,,0.6395249366760254,,41.458744049072266
,7318,,,,,,,,,,3217.540771484375,,41.12615966796875,,0.6186311841011047,,56.72336959838867
,7319,,,,,,,,,,1595.304931640625,,23.150693893432617,,0.7012826204299927,,39.94126892089844
,7320,,,,,,,,,,2354.16357421875,,30.851818084716797,,0.7204055190086365,,48.51972198486328
,7321,,,,,,,,,,1622.46240234375,,24.827632904052734,,0.717063307762146,,40.27980041503906
,7322,,,,,,,,,,1297.6287841796875,,21.23756980895996,,0.6862342357635498,,36.022613525390625
,7323,,,,,,,,,,1788.40283203125,,27.89087677001953,,0.6564989686012268,,42.28950881958008
,7324,,,,,,,,,,1337.792724609375,,22.29401206970215,,0.7834024429321289,,36.57584762573242
,7325,,,,,,,,,,2643.281005859375,,31.88119888305664,,0.7009321451187134,,51.41284942626953
,7326,,,,,,,,,,1656.5372314453125,,24.697586059570312,,0.6488667726516724,,40.70058059692383
,7327,,,,,,,,,,870.0631713867188,,17.2340145111084,,0.6961236596107483,,29.49683380126953
,7328,,,,,,,,,,1727.8726806640625,,22.955839157104492,,0.714087963104248,,41.56768798828125
,7329,,,,,,,,,,1182.42138671875,,17.126035690307617,,0.6823142766952515,,34.386356353759766
,7330,,,,,,,,,,2036.157470703125,,28.888214111328125,,0.7131421566009521,,45.12379837036133
,7331,,,,,,,,,,2028.481201171875,,29.441801071166992,,0.6631986498832703,,45.03866195678711
,7332,,,,,,,,,,1765.68603515625,,26.843015670776367,,0.6911271810531616,,42.02006530761719
,7333,,,,,,,,,,1784.2001953125,,26.088171005249023,,0.705976128578186,,42.23979568481445
,7334,,,,,,,,,,1311.3455810546875,,20.075122833251953,,0.7306337356567383,,36.21250534057617
,7335,,,,,,,,,,2442.11376953125,,30.12251853942871,,0.6922675967216492,,49.417747497558594
,7336,,,,,,,,,,2253.323486328125,,31.38435935974121,,0.6984378099441528,,47.46918869018555
,7337,,,,,,,,,,1720.010498046875,,25.54840087890625,,0.6754210591316223,,41.4730110168457
,7338,,,,,,,,,,1598.589599609375,,25.692758560180664,,0.7199100852012634,,39.98236846923828
,7339,,,,,,,,,,1816.353515625,,29.145727157592773,,0.5910043716430664,,42.61869812011719
,7340,,,,,,,,,,994.6145629882812,,17.542194366455078,,0.7104735374450684,,31.53750991821289
,7341,,,,,,,,,,1174.4920654296875,,20.347965240478516,,0.705242395401001,,34.2708625793457
,7342,,,,,,,,,,1321.04345703125,,22.168424606323242,,0.7034174203872681,,36.346160888671875
,7343,,,,,,,,,,1234.1070556640625,,21.355690002441406,,0.7557386755943298,,35.129859924316406
,7344,,,,,,,,,,1474.8765869140625,,24.11075782775879,,0.683460533618927,,38.40412139892578
,7345,,,,,,,,,,3546.766357421875,,34.140602111816406,,0.6012076735496521,,59.55473327636719
,7346,,,,,,,,,,939.8353881835938,,14.86514663696289,,0.6949803829193115,,30.656736373901367
,7347,,,,,,,,,,1373.236083984375,,23.905824661254883,,0.6536034345626831,,37.05720138549805
,7348,,,,,,,,,,1726.338134765625,,27.531763076782227,,0.6481715440750122,,41.549224853515625
,7349,,,,,,,,,,1865.7528076171875,,30.18160629272461,,0.6752972602844238,,43.19436264038086
,7350,,,,,,,,,,1537.260009765625,,26.951862335205078,,0.6672566533088684,,39.207908630371094
,7351,,,,,,,,,,1424.5362548828125,,23.92923927307129,,0.7754406332969666,,37.74302673339844
,7352,,,,,,,,,,1080.7490234375,,19.322763442993164,,0.7313892841339111,,32.87474822998047
,7353,,,,,,,,,,1291.989013671875,,20.09642791748047,,0.7732449173927307,,35.94424819946289
,7354,,,,,,,,,,1757.4715576171875,,28.32794189453125,,0.7412575483322144,,41.92220687866211
,7355,,,,,,,,,,1403.2308349609375,,22.735950469970703,,0.7744918465614319,,37.45972442626953
,7356,,,,,,,,,,1317.7999267578125,,21.328691482543945,,0.6749733686447144,,36.301513671875
,7357,,,,,,,,,,1844.834716796875,,28.00183868408203,,0.7098610401153564,,42.9515380859375
,7358,,,,,,,,,,1477.379638671875,,23.374378204345703,,0.7218936681747437,,38.43669509887695
,7359,,,,,,,,,,1570.053466796875,,25.304594039916992,,0.6656657457351685,,39.6239013671875
,7360,,,,,,,,,,1504.60791015625,,23.178354263305664,,0.7072509527206421,,38.789276123046875
,7361,,,,,,,,,,1330.0,,19.680692672729492,,0.6917611360549927,,36.46916580200195
,7362,,,,,,,,,,1305.28271484375,,21.454965591430664,,0.7873343229293823,,36.12869644165039
,7363,,,,,,,,,,1916.9735107421875,,28.294090270996094,,0.6931023597717285,,43.78325653076172
,7364,,,,,,,,,,1752.32568359375,,24.748640060424805,,0.7459295988082886,,41.86079025268555
,7365,,,,,,,,,,1805.7349853515625,,28.326330184936523,,0.6990989446640015,,42.49394226074219
,7366,,,,,,,,,,1937.0692138671875,,27.37456703186035,,0.6976809501647949,,44.012149810791016
,7367,,,,,,,,,,1110.845703125,,18.142902374267578,,0.7227413654327393,,33.32935333251953
,7368,,,,,,,,,,1639.38134765625,,24.29190444946289,,0.7281220555305481,,40.48927307128906
,7369,,,,,,,,,,2315.99560546875,,32.846553802490234,,0.614686131477356,,48.12479019165039
,7370,,,,,,,,,,1394.18408203125,,21.37837028503418,,0.6825913190841675,,37.338775634765625
,7371,,,,,,,,,,1651.3753662109375,,23.747785568237305,,0.7211260795593262,,40.63711929321289
,7372,,,,,,,,,,1600.052490234375,,24.43766975402832,,0.6427630186080933,,40.00065612792969
,7373,,,,,,,,,,2076.29638671875,,30.554410934448242,,0.6738094091415405,,45.5663948059082
,7374,,,,,,,,,,1652.22802734375,,26.80901336669922,,0.7077983617782593,,40.64760971069336
,7375,,,,,,,,,,2115.74365234375,,29.645530700683594,,0.7330030202865601,,45.997215270996094
,7376,,,,,,,,,,1798.4364013671875,,27.85927963256836,,0.6725465059280396,,42.40797424316406
,7377,,,,,,,,,,1612.412841796875,,22.726444244384766,,0.7533325552940369,,40.15486145019531
,7378,,,,,,,,,,1489.2486572265625,,21.661088943481445,,0.7126685380935669,,38.59078598022461
,7379,,,,,,,,,,1381.8642578125,,22.987165451049805,,0.6817262768745422,,37.17343521118164
,7380,,,,,,,,,,1759.7691650390625,,25.658239364624023,,0.6836720108985901,,41.94960403442383
,7381,,,,,,,,,,2344.131103515625,,32.55673599243164,,0.6632113456726074,,48.416229248046875
,7382,,,,,,,,,,1232.72705078125,,22.176422119140625,,0.635267436504364,,35.11021423339844
,7383,,,,,,,,,,1678.3603515625,,25.308408737182617,,0.7339051961898804,,40.967796325683594
,7384,,,,,,,,,,1437.7149658203125,,22.297243118286133,,0.6436723470687866,,37.917213439941406
,7385,,,,,,,,,,1963.8759765625,,29.45938491821289,,0.6869181394577026,,44.31563949584961
,7386,,,,,,,,,,1373.1307373046875,,23.751806259155273,,0.6857368350028992,,37.05577850341797
,7387,,,,,,,,,,1281.87744140625,,21.311321258544922,,0.7397781014442444,,35.803314208984375
,7388,,,,,,,,,,1803.50048828125,,24.737577438354492,,0.7502202391624451,,42.4676399230957
,7389,,,,,,,,,,1572.6114501953125,,25.303016662597656,,0.7222626209259033,,39.656166076660156
,7390,,,,,,,,,,1534.221923828125,,23.443281173706055,,0.7618696689605713,,39.16914367675781
,7391,,,,,,,,,,884.1497192382812,,15.501555442810059,,0.8143860101699829,,29.734655380249023
47,22175,,,,,,,,,1659.689453125,,25.049076080322266,,0.7033809423446655,,40.449039459228516,
47,22175,1503.8402099609375,,23.903156280517578,,0.720403254032135,,38.5043830871582,,,,,,,,,
48,22199,,1701.7982177734375,,25.118030548095703,,0.7565403580665588,,41.25285720825195,,,,,,,,
48,22249,,1680.85302734375,,25.122201919555664,,0.7879546880722046,,40.998207092285156,,,,,,,,
48,22299,,1023.1655883789062,,19.03934669494629,,0.6838901042938232,,31.98695945739746,,,,,,,,
48,22349,,1583.436279296875,,22.998504638671875,,0.7280187606811523,,39.792415618896484,,,,,,,,
48,22399,,1102.0933837890625,,17.728832244873047,,0.7700702548027039,,33.197792053222656,,,,,,,,
48,22449,,1416.4786376953125,,22.555477142333984,,0.7282636165618896,,37.63613510131836,,,,,,,,
48,22499,,1691.68994140625,,26.117855072021484,,0.7124847173690796,,41.130157470703125,,,,,,,,
48,22549,,1603.872314453125,,23.36516571044922,,0.6909087896347046,,40.048377990722656,,,,,,,,
48,22599,,1528.995849609375,,23.887123107910156,,0.7553516030311584,,39.102378845214844,,,,,,,,
,7392,,,,,,,,,,2211.315673828125,,27.324371337890625,,0.7147786617279053,,47.024627685546875
,7393,,,,,,,,,,1792.8638916015625,,24.143550872802734,,0.7338405847549438,,42.34222412109375
,7394,,,,,,,,,,2013.7938232421875,,29.096609115600586,,0.6896042227745056,,44.87531280517578
,7395,,,,,,,,,,2166.17822265625,,30.210336685180664,,0.6570818424224854,,46.54222106933594
,7396,,,,,,,,,,2005.6025390625,,24.80063247680664,,0.6626632213592529,,44.78395462036133
,7397,,,,,,,,,,1819.51220703125,,26.71466636657715,,0.6338395476341248,,42.655738830566406
,7398,,,,,,,,,,1398.2388916015625,,21.187536239624023,,0.7051874995231628,,37.393035888671875
,7399,,,,,,,,,,1918.8125,,26.41175651550293,,0.7224732637405396,,43.80425262451172
,7400,,,,,,,,,,2267.19091796875,,33.90519714355469,,0.580302357673645,,47.615028381347656
,7401,,,,,,,,,,1195.0537109375,,20.454898834228516,,0.7021487951278687,,34.569549560546875
,7402,,,,,,,,,,1382.8421630859375,,20.01369285583496,,0.7422398924827576,,37.18658447265625
,7403,,,,,,,,,,1849.05029296875,,27.463626861572266,,0.7112617492675781,,43.00058364868164
,7404,,,,,,,,,,1758.552001953125,,26.39301109313965,,0.757453978061676,,41.93509292602539
,7405,,,,,,,,,,1273.402587890625,,22.489179611206055,,0.7505174279212952,,35.68476867675781
,7406,,,,,,,,,,1207.5263671875,,18.90213394165039,,0.7522004842758179,,34.74947738647461
,7407,,,,,,,,,,1640.4766845703125,,27.05805778503418,,0.6935340166091919,,40.50279998779297
,7408,,,,,,,,,,1709.88916015625,,23.074277877807617,,0.7494510412216187,,41.350807189941406
,7409,,,,,,,,,,1341.853759765625,,19.47016143798828,,0.7360989451408386,,36.63132095336914
,7410,,,,,,,,,,1633.568115234375,,23.587377548217773,,0.7035547494888306,,40.417423248291016
,7411,,,,,,,,,,1401.632568359375,,22.46210289001465,,0.6900978088378906,,37.438385009765625
,7412,,,,,,,,,,1707.810791015625,,25.34408950805664,,0.7388670444488525,,41.32566833496094
,7413,,,,,,,,,,2099.55078125,,29.013805389404297,,0.6856163740158081,,45.82085418701172
,7414,,,,,,,,,,1999.7288818359375,,29.751651763916016,,0.7098410129547119,,44.718326568603516
,7415,,,,,,,,,,2184.98876953125,,31.57685661315918,,0.6564150452613831,,46.74386215209961
,7416,,,,,,,,,,1686.7694091796875,,26.990694046020508,,0.7067456841468811,,41.07029724121094
,7417,,,,,,,,,,1450.2078857421875,,25.5108642578125,,0.6844583749771118,,38.08159255981445
,7418,,,,,,,,,,996.8875732421875,,15.972639083862305,,0.7905778884887695,,31.57352638244629
,7419,,,,,,,,,,2259.927734375,,31.302616119384766,,0.6764340400695801,,47.5386962890625
,7420,,,,,,,,,,2759.88623046875,,31.9826717376709,,0.5454714298248291,,52.53461837768555
,7421,,,,,,,,,,1193.2421875,,20.119342803955078,,0.708666205406189,,34.543338775634766
,7422,,,,,,,,,,1239.4801025390625,,20.929790496826172,,0.6809818148612976,,35.20624923706055
,7423,,,,,,,,,,1188.97705078125,,21.05832862854004,,0.7460731267929077,,34.48154830932617
,7424,,,,,,,,,,1203.7127685546875,,20.89596176147461,,0.7192468643188477,,34.69456100463867
,7425,,,,,,,,,,1461.0545654296875,,23.076749801635742,,0.7481721639633179,,38.2237434387207
,7426,,,,,,,,,,1507.819091796875,,23.121456146240234,,0.7301540374755859,,38.83064651489258
,7427,,,,,,,,,,1060.7109375,,19.019060134887695,,0.7372334599494934,,32.56855773925781
,7428,,,,,,,,,,1407.2210693359375,,22.52796745300293,,0.6638952493667603,,37.51294708251953
,7429,,,,,,,,,,1692.27197265625,,25.753787994384766,,0.688508152961731,,41.13723373413086
,7430,,,,,,,,,,1768.519775390625,,25.919157028198242,,0.7248669862747192,,42.05377197265625
,7431,,,,,,,,,,1565.3599853515625,,22.547508239746094,,0.7626507878303528,,39.56462860107422
,7432,,,,,,,,,,1963.229248046875,,29.398643493652344,,0.6688735485076904,,44.30834197998047
,7433,,,,,,,,,,1502.326171875,,23.27948760986328,,0.6910879611968994,,38.75985336303711
,7434,,,,,,,,,,1337.5125732421875,,20.62010955810547,,0.6820183992385864,,36.572021484375
,7435,,,,,,,,,,1513.9913330078125,,23.763317108154297,,0.7124574184417725,,38.91004180908203
,7436,,,,,,,,,,1548.3017578125,,22.636022567749023,,0.6996462345123291,,39.34846496582031
,7437,,,,,,,,,,1685.7908935546875,,26.926834106445312,,0.6757204532623291,,41.05838394165039
,7438,,,,,,,,,,1491.404052734375,,23.171077728271484,,0.7378206253051758,,38.61870193481445
,7439,,,,,,,,,,1822.44287109375,,28.93293571472168,,0.6849840879440308,,42.69007873535156
,7440,,,,,,,,,,1754.266357421875,,28.165205001831055,,0.6545265913009644,,41.88396453857422
,7441,,,,,,,,,,2613.6591796875,,35.53120040893555,,0.6814854741096497,,51.12395477294922
,7442,,,,,,,,,,1298.4486083984375,,20.705623626708984,,0.7503577470779419,,36.033992767333984
,7443,,,,,,,,,,1722.2457275390625,,25.599763870239258,,0.744192361831665,,41.49994659423828
,7444,,,,,,,,,,1797.599609375,,28.55738067626953,,0.679978609085083,,42.398109436035156
,7445,,,,,,,,,,1448.6514892578125,,22.384380340576172,,0.7790043950080872,,38.061153411865234
,7446,,,,,,,,,,1433.4381103515625,,23.788774490356445,,0.6854386329650879,,37.86077117919922
,7447,,,,,,,,,,1642.8160400390625,,27.333404541015625,,0.7173750400543213,,40.53166580200195
,7448,,,,,,,,,,1137.591064453125,,22.445842742919922,,0.6241528391838074,,33.72819519042969
,7449,,,,,,,,,,1203.04248046875,,20.605623245239258,,0.758414626121521,,34.68490219116211
,7450,,,,,,,,,,1587.4814453125,,24.58360481262207,,0.665971040725708,,39.84321212768555
,7451,,,,,,,,,,1879.229736328125,,27.116729736328125,,0.7069071531295776,,43.3500862121582
,7452,,,,,,,,,,1428.964599609375,,22.307205200195312,,0.7714036703109741,,37.8016471862793
,7453,,,,,,,,,,2549.865234375,,31.240699768066406,,0.6641721725463867,,50.49618911743164
,7454,,,,,,,,,,2077.254638671875,,30.312389373779297,,0.7016514539718628,,45.576908111572266
,7455,,,,,,,,,,1877.3653564453125,,28.435224533081055,,0.6520195007324219,,43.328575134277344
,7456,,,,,,,,,,1341.4486083984375,,23.145793914794922,,0.7171369791030884,,36.62579345703125
,7457,,,,,,,,,,1654.82421875,,24.250226974487305,,0.7414102554321289,,40.67953109741211
,7458,,,,,,,,,,1595.6397705078125,,26.202529907226562,,0.7117149829864502,,39.94546127319336
,7459,,,,,,,,,,1391.7327880859375,,22.265954971313477,,0.768117368221283,,37.30593490600586
,7460,,,,,,,,,,2079.40625,,26.738731384277344,,0.7065436840057373,,45.60050964355469
,7461,,,,,,,,,,1653.0892333984375,,26.10556411743164,,0.733988881111145,,40.658199310302734
,7462,,,,,,,,,,1304.5872802734375,,21.245826721191406,,0.7390948534011841,,36.11907196044922
,7463,,,,,,,,,,1633.3685302734375,,25.233951568603516,,0.720116138458252,,40.414955139160156
,7464,,,,,,,,,,2202.438232421875,,31.623640060424805,,0.6906272172927856,,46.93014144897461
,7465,,,,,,,,,,2219.654541015625,,32.395721435546875,,0.6263203620910645,,47.11320877075195
,7466,,,,,,,,,,1758.478515625,,26.716989517211914,,0.6909211874008179,,41.9342155456543
,7467,,,,,,,,,,1675.0966796875,,24.18764877319336,,0.7367020845413208,,40.927947998046875
,7468,,,,,,,,,,1912.187744140625,,28.559072494506836,,0.6136926412582397,,43.72856903076172
,7469,,,,,,,,,,1297.0345458984375,,21.731801986694336,,0.7710273861885071,,36.014366149902344
,7470,,,,,,,,,,1463.103759765625,,23.687952041625977,,0.7428591251373291,,38.25053787231445
,7471,,,,,,,,,,1734.715087890625,,25.212038040161133,,0.6361929178237915,,41.64990997314453
,7472,,,,,,,,,,3255.492431640625,,41.39209747314453,,0.6141328811645508,,57.056922912597656
,7473,,,,,,,,,,1610.2774658203125,,23.227802276611328,,0.6984790563583374,,40.12826156616211
,7474,,,,,,,,,,2365.93310546875,,30.991640090942383,,0.719007670879364,,48.6408576965332
,7475,,,,,,,,,,1649.3997802734375,,25.05908203125,,0.7123657464981079,,40.6128044128418
,7476,,,,,,,,,,1301.4720458984375,,21.244924545288086,,0.6853048801422119,,36.075923919677734
,7477,,,,,,,,,,1813.4581298828125,,28.087377548217773,,0.6516865491867065,,42.584716796875
,7478,,,,,,,,,,1348.7252197265625,,22.37999725341797,,0.7816324234008789,,36.72499465942383
,7479,,,,,,,,,,2676.21240234375,,32.062721252441406,,0.6972061395645142,,51.732120513916016
,7480,,,,,,,,,,1661.0802001953125,,24.67741584777832,,0.6479038000106812,,40.756351470947266
,7481,,,,,,,,,,866.8936157226562,,17.178363800048828,,0.6972306966781616,,29.443058013916016
,7482,,,,,,,,,,1765.2586669921875,,23.118301391601562,,0.7079017162322998,,42.01498031616211
,7483,,,,,,,,,,1191.4755859375,,17.200056076049805,,0.6798816919326782,,34.517757415771484
,7484,,,,,,,,,,2060.4306640625,,29.06004524230957,,0.7097223997116089,,45.3919677734375
,7485,,,,,,,,,,2038.66552734375,,29.541677474975586,,0.6615077257156372,,45.15158462524414
,7486,,,,,,,,,,1773.898193359375,,26.935636520385742,,0.6896907091140747,,42.117671966552734
,7487,,,,,,,,,,1792.416015625,,26.13851547241211,,0.7046221494674683,,42.33693313598633
,7488,,,,,,,,,,1333.9931640625,,20.282560348510742,,0.7259816527366638,,36.52387237548828
,7489,,,,,,,,,,2469.386474609375,,30.268625259399414,,0.6888309717178345,,49.69292068481445
,7490,,,,,,,,,,2267.3193359375,,31.465957641601562,,0.696564793586731,,47.61637496948242
,7491,,,,,,,,,,1731.1365966796875,,25.61376190185547,,0.6733214855194092,,41.606929779052734
,7492,,,,,,,,,,1624.399658203125,,25.8934268951416,,0.7153879404067993,,40.30384063720703
,7493,,,,,,,,,,1822.7423095703125,,29.180444717407227,,0.5895657539367676,,42.69358444213867
,7494,,,,,,,,,,985.0357666015625,,17.462560653686523,,0.7132618427276611,,31.385278701782227
,7495,,,,,,,,,,1186.8580322265625,,20.503862380981445,,0.7021389007568359,,34.4508056640625
,7496,,,,,,,,,,1340.2303466796875,,22.34482765197754,,0.6991098523139954,,36.60915756225586
,7497,,,,,,,,,,1255.01123046875,,21.485578536987305,,0.7516012191772461,,35.4261360168457
,7498,,,,,,,,,,1487.5885009765625,,24.177377700805664,,0.680732250213623,,38.56926727294922
,7499,,,,,,,,,,3550.99560546875,,34.15654754638672,,0.600732147693634,,59.59022903442383
,7500,,,,,,,,,,945.615234375,,14.920849800109863,,0.6931045651435852,,30.750858306884766
,7501,,,,,,,,,,1397.76806640625,,24.117847442626953,,0.647415280342102,,37.38673782348633
,7502,,,,,,,,,,1748.6539306640625,,27.69536781311035,,0.6436235904693604,,41.81690979003906
,7503,,,,,,,,,,1883.0914306640625,,30.33115005493164,,0.6722797751426697,,43.39459991455078
,7504,,,,,,,,,,1558.182373046875,,27.10197639465332,,0.662727952003479,,39.473819732666016
,7505,,,,,,,,,,1435.832275390625,,24.00746726989746,,0.7736599445343018,,37.89237594604492
,7506,,,,,,,,,,1087.3759765625,,19.441566467285156,,0.729742169380188,,32.97538375854492
,7507,,,,,,,,,,1305.4830322265625,,20.201976776123047,,0.7708765864372253,,36.1314697265625
,7508,,,,,,,,,,1775.3538818359375,,28.499664306640625,,0.7386248111724854,,42.13494873046875
,7509,,,,,,,,,,1408.4552001953125,,22.794368743896484,,0.7736522555351257,,37.52939224243164
,7510,,,,,,,,,,1337.90380859375,,21.416921615600586,,0.6700148582458496,,36.57736587524414
,7511,,,,,,,,,,1859.4669189453125,,28.08881950378418,,0.7075598239898682,,43.12153625488281
,7512,,,,,,,,,,1488.9368896484375,,23.398298263549805,,0.7197180986404419,,38.58674621582031
,7513,,,,,,,,,,1580.8084716796875,,25.423139572143555,,0.6633756160736084,,39.75938034057617
,7514,,,,,,,,,,1495.378662109375,,23.086257934570312,,0.7090467214584351,,38.670127868652344
,7515,,,,,,,,,,1340.0025634765625,,19.682584762573242,,0.6894429326057434,,36.60604476928711
,7516,,,,,,,,,,1322.6456298828125,,21.61662483215332,,0.7845053672790527,,36.368194580078125
,7517,,,,,,,,,,1942.9530029296875,,28.43109130859375,,0.6889431476593018,,44.078941345214844
,7518,,,,,,,,,,1761.677978515625,,24.839088439941406,,0.7445736527442932,,41.972347259521484
,7519,,,,,,,,,,1827.121337890625,,28.493885040283203,,0.6955351829528809,,42.74483871459961
,7520,,,,,,,,,,1958.8797607421875,,27.538921356201172,,0.6942769885063171,,44.25923538208008
,7521,,,,,,,,,,1116.1414794921875,,18.20656394958496,,0.7214195728302002,,33.4087028503418
,7522,,,,,,,,,,1658.7869873046875,,24.39529800415039,,0.7249038219451904,,40.72821044921875
,7523,,,,,,,,,,2338.875244140625,,32.9921760559082,,0.6108796000480652,,48.361915588378906
,7524,,,,,,,,,,1397.5537109375,,21.391632080078125,,0.6818242073059082,,37.383872985839844
,7525,,,,,,,,,,1658.014892578125,,23.768020629882812,,0.7200047969818115,,40.718727111816406
,7526,,,,,,,,,,1590.9822998046875,,24.342235565185547,,0.6447880268096924,,39.88711929321289
,7527,,,,,,,,,,2078.8662109375,,30.536457061767578,,0.6734057068824768,,45.59458541870117
,7528,,,,,,,,,,1652.2628173828125,,26.770795822143555,,0.7077921628952026,,40.64803695678711
,7529,,,,,,,,,,2134.518310546875,,29.7166748046875,,0.7306337356567383,,46.20084762573242
,7530,,,,,,,,,,1807.9102783203125,,27.90801239013672,,0.6708215475082397,,42.51953125
,7531,,,,,,,,,,1624.6917724609375,,22.73006248474121,,0.7514541149139404,,40.307464599609375
,7532,,,,,,,,,,1492.927734375,,21.688997268676758,,0.7119587063789368,,38.638423919677734
,7533,,,,,,,,,,1387.261474609375,,23.044458389282227,,0.6804831624031067,,37.2459602355957
,7534,,,,,,,,,,1780.77294921875,,25.81182098388672,,0.6798964738845825,,42.1992073059082
,7535,,,,,,,,,,2362.10205078125,,32.675357818603516,,0.660629391670227,,48.60145950317383
,7536,,,,,,,,,,1251.2344970703125,,22.3449764251709,,0.6297915577888489,,35.3727912902832
,7537,,,,,,,,,,1687.7401123046875,,25.400564193725586,,0.7324181199073792,,41.08211135864258
,7538,,,,,,,,,,1440.7318115234375,,22.30651092529297,,0.6429246068000793,,37.956974029541016
,7539,,,,,,,,,,1967.08251953125,,29.491907119750977,,0.6864069700241089,,44.351802825927734
,7540,,,,,,,,,,1377.434326171875,,23.76764678955078,,0.6847518682479858,,37.11380386352539
,7541,,,,,,,,,,1282.1875,,21.32891273498535,,0.7397151589393616,,35.807647705078125
,7542,,,,,,,,,,1811.3599853515625,,24.80660057067871,,0.7491317391395569,,42.56007385253906
,7543,,,,,,,,,,1577.74365234375,,25.349485397338867,,0.721356213092804,,39.720821380615234
,7544,,,,,,,,,,1547.7913818359375,,23.560503005981445,,0.7597635388374329,,39.34197998046875
,7545,,,,,,,,,,896.8018798828125,,15.578210830688477,,0.811729907989502,,29.946651458740234
48,22637,,,,,,,,,1671.8060302734375,,25.12520980834961,,0.7012910842895508,,40.59377670288086,
48,22637,1514.0848388671875,,23.981393814086914,,0.7189404368400574,,38.62741470336914,,,,,,,,,
49,22649,,1724.034423828125,,25.842905044555664,,0.7333216667175293,,41.52149200439453,,,,,,,,
49,22699,,1029.037841796875,,17.791582107543945,,0.7807630300521851,,32.07862091064453,,,,,,,,
49,22749,,1946.60791015625,,27.690013885498047,,0.7400707006454468,,44.12038040161133,,,,,,,,
49,22799,,1238.7960205078125,,22.705968856811523,,0.6712419986724854,,35.196533203125,,,,,,,,
49,22849,,1256.4610595703125,,21.00511932373047,,0.7419151067733765,,35.44659423828125,,,,,,,,
49,22899,,2097.142578125,,28.675825119018555,,0.6639722585678101,,45.79457092285156,,,,,,,,
49,22949,,1693.4736328125,,23.962121963500977,,0.757771909236908,,41.15183639526367,,,,,,,,
49,22999,,2194.214599609375,,28.48250389099121,,0.6358174085617065,,46.842445373535156,,,,,,,,
49,23049,,2135.7578125,,28.774757385253906,,0.7302031517028809,,46.21426010131836,,,,,,,,
49,23099,,937.7030639648438,,17.947528839111328,,0.8897279500961304,,30.621938705444336,,,,,,,,
,7546,,,,,,,,,,2211.182373046875,,27.367183685302734,,0.7147958278656006,,47.02321243286133
,7547,,,,,,,,,,1778.1805419921875,,24.106294631958008,,0.7360204458236694,,42.168479919433594
,7548,,,,,,,,,,1983.350341796875,,28.954835891723633,,0.6942965984344482,,44.534820556640625
,7549,,,,,,,,,,2163.427734375,,30.248212814331055,,0.6575173139572144,,46.51266098022461
,7550,,,,,,,,,,1986.339111328125,,24.75432777404785,,0.6659032106399536,,44.568363189697266
,7551,,,,,,,,,,1822.96630859375,,26.830495834350586,,0.6331444382667542,,42.69620895385742
,7552,,,,,,,,,,1373.183349609375,,21.072032928466797,,0.7104703187942505,,37.05649185180664
,7553,,,,,,,,,,1916.7130126953125,,26.44659996032715,,0.7227768898010254,,43.78028106689453
,7554,,,,,,,,,,2258.219482421875,,33.888916015625,,0.581963062286377,,47.52072525024414
,7555,,,,,,,,,,1204.9764404296875,,20.675424575805664,,0.6996756792068481,,34.712772369384766
,7556,,,,,,,,,,1381.516357421875,,20.14557647705078,,0.7424870133399963,,37.168758392333984
,7557,,,,,,,,,,1829.7947998046875,,27.37558937072754,,0.7142685651779175,,42.776100158691406
,7558,,,,,,,,,,1759.740966796875,,26.496349334716797,,0.7572900056838989,,41.94926834106445
,7559,,,,,,,,,,1272.8140869140625,,22.54193878173828,,0.7506327629089355,,35.67652130126953
,7560,,,,,,,,,,1204.3289794921875,,18.95027732849121,,0.7528566122055054,,34.70344161987305
,7561,,,,,,,,,,1637.0355224609375,,27.077831268310547,,0.6941769123077393,,40.460296630859375
,7562,,,,,,,,,,1704.975341796875,,23.066164016723633,,0.7501710653305054,,41.291343688964844
,7563,,,,,,,,,,1333.1890869140625,,19.50006103515625,,0.7378029823303223,,36.51286315917969
,7564,,,,,,,,,,1630.1527099609375,,23.64869499206543,,0.7041745185852051,,40.37514877319336
,7565,,,,,,,,,,1403.63818359375,,22.551424026489258,,0.6896543502807617,,37.46516036987305
,7566,,,,,,,,,,1697.5579833984375,,25.32707977294922,,0.7404347658157349,,41.20143127441406
,7567,,,,,,,,,,2094.94140625,,28.987295150756836,,0.6863065958023071,,45.770530700683594
,7568,,,,,,,,,,1996.084228515625,,29.743465423583984,,0.7103698253631592,,44.67755889892578
,7569,,,,,,,,,,2179.69873046875,,31.64653205871582,,0.6572468876838684,,46.6872444152832
,7570,,,,,,,,,,1681.422607421875,,26.985755920410156,,0.7076752781867981,,41.00515365600586
,7571,,,,,,,,,,1453.513671875,,25.642885208129883,,0.6837390661239624,,38.12497329711914
,7572,,,,,,,,,,992.1650390625,,15.980762481689453,,0.7915699481964111,,31.4986515045166
,7573,,,,,,,,,,2262.426513671875,,31.37799072265625,,0.6760762929916382,,47.564971923828125
,7574,,,,,,,,,,2710.786376953125,,31.856887817382812,,0.5535577535629272,,52.06521224975586
,7575,,,,,,,,,,1194.832763671875,,20.185348510742188,,0.7082778215408325,,34.56635284423828
,7576,,,,,,,,,,1239.1954345703125,,21.02653694152832,,0.6810550689697266,,35.20220947265625
,7577,,,,,,,,,,1187.6153564453125,,21.13037109375,,0.7463639974594116,,34.461795806884766
,7578,,,,,,,,,,1195.822998046875,,20.890775680541992,,0.7210870981216431,,34.58067321777344
,7579,,,,,,,,,,1461.3326416015625,,23.14768409729004,,0.7481242418289185,,38.22738265991211
,7580,,,,,,,,,,1506.785888671875,,23.206823348999023,,0.7303389310836792,,38.81734085083008
,7581,,,,,,,,,,1062.6502685546875,,19.108806610107422,,0.7367530465126038,,32.59831619262695
,7582,,,,,,,,,,1409.2354736328125,,22.59364128112793,,0.6634141206741333,,37.5397834777832
,7583,,,,,,,,,,1692.3203125,,25.865121841430664,,0.6884992122650146,,41.137821197509766
,7584,,,,,,,,,,1765.45556640625,,25.98396110534668,,0.7253437042236328,,42.01732635498047
,7585,,,,,,,,,,1551.5826416015625,,22.47964096069336,,0.7647397518157959,,39.390132904052734
,7586,,,,,,,,,,1945.725830078125,,29.375308990478516,,0.6718257069587708,,44.110382080078125
,7587,,,,,,,,,,1496.0003662109375,,23.32175636291504,,0.692388653755188,,38.678165435791016
,7588,,,,,,,,,,1341.869140625,,20.767879486083984,,0.6809827089309692,,36.63153076171875
,7589,,,,,,,,,,1513.312744140625,,23.82497215270996,,0.7125862836837769,,38.90132141113281
,7590,,,,,,,,,,1541.5767822265625,,22.648263931274414,,0.7009508013725281,,39.26292037963867
,7591,,,,,,,,,,1672.28173828125,,26.897018432617188,,0.6783190965652466,,40.8935432434082
,7592,,,,,,,,,,1485.371337890625,,23.184886932373047,,0.7388811111450195,,38.5405158996582
,7593,,,,,,,,,,1815.151123046875,,28.961801528930664,,0.6862444877624512,,42.604591369628906
,7594,,,,,,,,,,1741.134521484375,,28.12302589416504,,0.657112717628479,,41.726905822753906
,7595,,,,,,,,,,2594.035888671875,,35.46820831298828,,0.6838768720626831,,50.93167495727539
,7596,,,,,,,,,,1297.350341796875,,20.755617141723633,,0.7505689263343811,,36.01874923706055
,7597,,,,,,,,,,1724.4857177734375,,25.616132736206055,,0.7438596487045288,,41.52692794799805
,7598,,,,,,,,,,1792.26123046875,,28.564510345458984,,0.6809289455413818,,42.335105895996094
,7599,,,,,,,,,,1450.964111328125,,22.46617317199707,,0.7786515951156616,,38.091522216796875
,7600,,,,,,,,,,1425.205078125,,23.786346435546875,,0.6872453689575195,,37.751888275146484
,7601,,,,,,,,,,1645.435302734375,,27.425003051757812,,0.7169244289398193,,40.56396484375
,7602,,,,,,,,,,1139.19287109375,,22.550430297851562,,0.6236236095428467,,33.751930236816406
,7603,,,,,,,,,,1183.92138671875,,20.55475616455078,,0.7622543573379517,,34.40815734863281
,7604,,,,,,,,,,1583.3170166015625,,24.61092185974121,,0.666847288608551,,39.790916442871094
,7605,,,,,,,,,,1871.40966796875,,27.12411117553711,,0.7081267833709717,,43.25979232788086
,7606,,,,,,,,,,1429.7896728515625,,22.424293518066406,,0.7712716460227966,,37.812557220458984
,7607,,,,,,,,,,2518.0966796875,,31.150239944458008,,0.66835618019104,,50.180641174316406
,7608,,,,,,,,,,2071.853759765625,,30.30556869506836,,0.7024271488189697,,45.51762008666992
,7609,,,,,,,,,,1882.95751953125,,28.543842315673828,,0.6509829759597778,,43.39305877685547
,7610,,,,,,,,,,1340.4005126953125,,23.190826416015625,,0.7173579931259155,,36.611480712890625
,7611,,,,,,,,,,1650.194091796875,,24.269065856933594,,0.7421337366104126,,40.622581481933594
,7612,,,,,,,,,,1597.2401123046875,,26.278806686401367,,0.7114258408546448,,39.965484619140625
,7613,,,,,,,,,,1389.069091796875,,22.312335968017578,,0.7685611844062805,,37.27021408081055
,7614,,,,,,,,,,2075.073486328125,,26.762908935546875,,0.7071552276611328,,45.552974700927734
,7615,,,,,,,,,,1653.879638671875,,26.163450241088867,,0.7338616847991943,,40.66791915893555
,7616,,,,,,,,,,1306.8931884765625,,21.328157424926758,,0.7386337518692017,,36.15097427368164
,7617,,,,,,,,,,1645.0843505859375,,25.52219009399414,,0.7181085348129272,,40.55963897705078
,7618,,,,,,,,,,2202.888916015625,,31.668941497802734,,0.6905639171600342,,46.934940338134766
,7619,,,,,,,,,,2223.0078125,,32.49951171875,,0.625755786895752,,47.14878463745117
,7620,,,,,,,,,,1771.4144287109375,,26.89166831970215,,0.6886475086212158,,42.088172912597656
,7621,,,,,,,,,,1667.295166015625,,24.207015991210938,,0.7379283905029297,,40.83252716064453
,7622,,,,,,,,,,1910.8773193359375,,28.625551223754883,,0.6139572858810425,,43.71358108520508
,7623,,,,,,,,,,1298.68896484375,,21.831497192382812,,0.7707353234291077,,36.03732681274414
,7624,,,,,,,,,,1450.5185546875,,23.6369686126709,,0.7450709342956543,,38.08567428588867
,7625,,,,,,,,,,1721.7305908203125,,25.22312355041504,,0.638916015625,,41.493743896484375
,7626,,,,,,,,,,3237.905517578125,,41.28279113769531,,0.6162173748016357,,56.90259552001953
,7627,,,,,,,,,,1602.8516845703125,,23.264726638793945,,0.6998695135116577,,40.03562927246094
,7628,,,,,,,,,,2338.331298828125,,30.961929321289062,,0.7222858667373657,,48.35629653930664
,7629,,,,,,,,,,1644.0948486328125,,25.08458709716797,,0.713290810585022,,40.54743957519531
,7630,,,,,,,,,,1299.3087158203125,,21.32232093811035,,0.6858279705047607,,36.04592514038086
,7631,,,,,,,,,,1802.96826171875,,28.053916931152344,,0.6537013649940491,,42.46137237548828
,7632,,,,,,,,,,1344.3448486328125,,22.44595718383789,,0.7823415994644165,,36.66530990600586
,7633,,,,,,,,,,2630.818603515625,,31.879247665405273,,0.70234215259552,,51.291507720947266
,7634,,,,,,,,,,1658.958251953125,,24.777917861938477,,0.6483535766601562,,40.73031234741211
,7635,,,,,,,,,,875.8538818359375,,17.39801788330078,,0.6941012144088745,,29.59482765197754
,7636,,,,,,,,,,1756.0711669921875,,23.162477493286133,,0.7094219326972961,,41.90550231933594
,7637,,,,,,,,,,1183.8924560546875,,17.23676300048828,,0.6819190382957458,,34.407737731933594
,7638,,,,,,,,,,2040.4952392578125,,28.936233520507812,,0.7125309705734253,,45.17184066772461
,7639,,,,,,,,,,2037.0640869140625,,29.593671798706055,,0.6617735624313354,,45.133846282958984
,7640,,,,,,,,,,1769.3037109375,,26.94899559020996,,0.6904944181442261,,42.06309127807617
,7641,,,,,,,,,,1789.3790283203125,,26.20953941345215,,0.705122709274292,,42.30105209350586
,7642,,,,,,,,,,1321.7220458984375,,20.21671485900879,,0.7285022735595703,,36.35549545288086
,7643,,,,,,,,,,2472.7421875,,30.33641242980957,,0.6884080767631531,,49.7266731262207
,7644,,,,,,,,,,2260.2939453125,,31.474374771118164,,0.697504997253418,,47.54254913330078
,7645,,,,,,,,,,1735.856689453125,,25.709028244018555,,0.6724307537078857,,41.66361618041992
,7646,,,,,,,,,,1616.5684814453125,,25.872013092041016,,0.7167600393295288,,40.206573486328125
,7647,,,,,,,,,,1823.3726806640625,,29.266380310058594,,0.5894238352775574,,42.700965881347656
,7648,,,,,,,,,,989.0046997070312,,17.598495483398438,,0.7121065258979797,,31.448444366455078
,7649,,,,,,,,,,1179.1807861328125,,20.496746063232422,,0.7040656805038452,,34.339202880859375
,7650,,,,,,,,,,1335.59619140625,,22.366281509399414,,0.7001502513885498,,36.54581069946289
,7651,,,,,,,,,,1250.3272705078125,,21.529891967773438,,0.7525283098220825,,35.35996627807617
,7652,,,,,,,,,,1482.0423583984375,,24.174211502075195,,0.6819225549697876,,38.4973030090332
,7653,,,,,,,,,,3544.7421875,,34.167972564697266,,0.6014353036880493,,59.53773880004883
,7654,,,,,,,,,,937.9326782226562,,14.91212272644043,,0.6955978870391846,,30.625686645507812
,7655,,,,,,,,,,1378.8824462890625,,24.012765884399414,,0.6521791219711304,,37.13330841064453
,7656,,,,,,,,,,1749.8973388671875,,27.794429779052734,,0.6433701515197754,,41.8317756652832
,7657,,,,,,,,,,1871.9287109375,,30.26803207397461,,0.674222469329834,,43.26579284667969
,7658,,,,,,,,,,1546.3057861328125,,27.05608558654785,,0.6652987003326416,,39.323097229003906
,7659,,,,,,,,,,1429.7933349609375,,23.998085021972656,,0.7746118903160095,,37.81260681152344
,7660,,,,,,,,,,1080.2530517578125,,19.411348342895508,,0.7315125465393066,,32.86720275878906
,7661,,,,,,,,,,1301.8870849609375,,20.24057960510254,,0.771507740020752,,36.08167266845703
,7662,,,,,,,,,,1762.1240234375,,28.455623626708984,,0.7405725717544556,,41.9776611328125
,7663,,,,,,,,,,1417.2999267578125,,22.862661361694336,,0.772230863571167,,37.64704513549805
,7664,,,,,,,,,,1334.83935546875,,21.48298454284668,,0.6707706451416016,,36.53545379638672
,7665,,,,,,,,,,1862.030029296875,,28.184961318969727,,0.7071566581726074,,43.1512451171875
,7666,,,,,,,,,,1479.6796875,,23.48326873779297,,0.7214607000350952,,38.46660614013672
,7667,,,,,,,,,,1583.0999755859375,,25.50777244567871,,0.6628875732421875,,39.78818893432617
,7668,,,,,,,,,,1510.5198974609375,,23.263134002685547,,0.7061007022857666,,38.86540603637695
,7669,,,,,,,,,,1336.48974609375,,19.76791763305664,,0.6902570724487305,,36.55803298950195
,7670,,,,,,,,,,1306.5565185546875,,21.485509872436523,,0.7871267795562744,,36.14632034301758
,7671,,,,,,,,,,1935.7666015625,,28.460315704345703,,0.6900936365127563,,43.99734878540039
,7672,,,,,,,,,,1758.7669677734375,,24.856088638305664,,0.7449957132339478,,41.937652587890625
,7673,,,,,,,,,,1814.440185546875,,28.411754608154297,,0.6976483464241028,,42.59624481201172
,7674,,,,,,,,,,1951.7222900390625,,27.519227981567383,,0.6953940391540527,,44.17830276489258
,7675,,,,,,,,,,1112.8140869140625,,18.21932029724121,,0.7222501039505005,,33.35886764526367
,7676,,,,,,,,,,1641.55419921875,,24.33815574645996,,0.7277617454528809,,40.51609802246094
,7677,,,,,,,,,,2333.43359375,,32.991641998291016,,0.6117849349975586,,48.305625915527344
,7678,,,,,,,,,,1394.8560791015625,,21.464298248291016,,0.6824383735656738,,37.347774505615234
,7679,,,,,,,,,,1657.6614990234375,,23.839170455932617,,0.7200645208358765,,40.71438980102539
,7680,,,,,,,,,,1598.0504150390625,,24.46731948852539,,0.6432099938392639,,39.975624084472656
,7681,,,,,,,,,,2082.7021484375,,30.642980575561523,,0.6728030443191528,,45.63663101196289
,7682,,,,,,,,,,1656.774169921875,,26.88235855102539,,0.706994354724884,,40.7034912109375
,7683,,,,,,,,,,2117.98486328125,,29.646221160888672,,0.7327201962471008,,46.021568298339844
,7684,,,,,,,,,,1804.7210693359375,,27.93679428100586,,0.6714022159576416,,42.48200988769531
,7685,,,,,,,,,,1629.4085693359375,,22.850330352783203,,0.7507325410842896,,40.36593246459961
,7686,,,,,,,,,,1488.1055908203125,,21.71894073486328,,0.7128890752792358,,38.57597351074219
,7687,,,,,,,,,,1372.746337890625,,22.982757568359375,,0.6838263273239136,,37.05059051513672
,7688,,,,,,,,,,1781.428466796875,,25.86739158630371,,0.6797786355018616,,42.206974029541016
,7689,,,,,,,,,,2365.895751953125,,32.750205993652344,,0.6600843667984009,,48.64047622680664
,7690,,,,,,,,,,1242.32861328125,,22.33045768737793,,0.6324265599250793,,35.246681213378906
,7691,,,,,,,,,,1687.25830078125,,25.401554107666016,,0.7324944734573364,,41.07624816894531
,7692,,,,,,,,,,1441.787841796875,,22.37183952331543,,0.6426628828048706,,37.970882415771484
,7693,,,,,,,,,,1955.3013916015625,,29.45909309387207,,0.6882851123809814,,44.218788146972656
,7694,,,,,,,,,,1381.102294921875,,23.892351150512695,,0.6839123964309692,,37.163185119628906
,7695,,,,,,,,,,1290.22607421875,,21.514469146728516,,0.7380833625793457,,35.919715881347656
,7696,,,,,,,,,,1810.8604736328125,,24.85130500793457,,0.7492009401321411,,42.554203033447266
,7697,,,,,,,,,,1575.5877685546875,,25.40448760986328,,0.7217369079589844,,39.69367599487305
,7698,,,,,,,,,,1542.35595703125,,23.584131240844727,,0.7606071829795837,,39.2728385925293
,7699,,,,,,,,,,880.9898071289062,,15.457295417785645,,0.815049409866333,,29.681472778320312
49,23099,,,,,,,,,1666.712646484375,,25.157278060913086,,0.702142059803009,,40.53406524658203,
49,23099,1511.79248046875,,23.940393447875977,,0.7184937596321106,,38.605018615722656,,,,,,,,,
50,23149,,1741.821533203125,,27.172805786132812,,0.7813066840171814,,41.735137939453125,,,,,,,,
50,23199,,1884.8997802734375,,29.959041595458984,,0.6573033332824707,,43.41543197631836,,,,,,,,
50,23249,,1145.7882080078125,,19.00533103942871,,0.7232709527015686,,33.849491119384766,,,,,,,,
50,23299,,1662.582275390625,,27.85013198852539,,0.6940367221832275,,40.774776458740234,,,,,,,,
50,23349,,1145.34912109375,,20.12750244140625,,0.7950543761253357,,33.8430061340332,,,,,,,,
50,23399,,2732.188232421875,,36.911224365234375,,0.4903867244720459,,52.27033615112305,,,,,,,,
50,23449,,1254.7081298828125,,22.425458908081055,,0.7636570930480957,,35.42185974121094,,,,,,,,
50,23499,,1611.5531005859375,,25.842716217041016,,0.6330337524414062,,40.1441535949707,,,,,,,,
50,23549,,1758.7706298828125,,27.86692237854004,,0.7248615026473999,,41.93770217895508,,,,,,,,
,7700,,,,,,,,,,2209.65673828125,,27.347421646118164,,0.7149926424026489,,47.00698471069336
,7701,,,,,,,,,,1762.0089111328125,,23.93897819519043,,0.7384212017059326,,41.97629165649414
,7702,,,,,,,,,,1983.5753173828125,,28.90091896057129,,0.694261908531189,,44.53734588623047
,7703,,,,,,,,,,2150.2099609375,,30.149972915649414,,0.6596097350120544,,46.370357513427734
,7704,,,,,,,,,,1986.962890625,,24.712066650390625,,0.6657983064651489,,44.57536315917969
,7705,,,,,,,,,,1822.8900146484375,,26.839479446411133,,0.6331597566604614,,42.695316314697266
,7706,,,,,,,,,,1361.0343017578125,,20.907621383666992,,0.7130319476127625,,36.89219665527344
,7707,,,,,,,,,,1901.7415771484375,,26.29916000366211,,0.7249423265457153,,43.60895919799805
,7708,,,,,,,,,,2258.98388671875,,33.90422058105469,,0.5818215608596802,,47.528770446777344
,7709,,,,,,,,,,1202.49658203125,,20.554121017456055,,0.700293779373169,,34.677032470703125
,7710,,,,,,,,,,1384.5545654296875,,20.12449073791504,,0.7419207096099854,,37.20960235595703
,7711,,,,,,,,,,1807.888916015625,,27.1586856842041,,0.7176892757415771,,42.5192756652832
,7712,,,,,,,,,,1755.0235595703125,,26.38681983947754,,0.7579406499862671,,41.893001556396484
,7713,,,,,,,,,,1271.9810791015625,,22.505640029907227,,0.7507959604263306,,35.66484451293945
,7714,,,,,,,,,,1209.25732421875,,18.9282169342041,,0.7518452405929565,,34.774375915527344
,7715,,,,,,,,,,1633.6390380859375,,27.01241111755371,,0.6948114037513733,,40.41830062866211
,7716,,,,,,,,,,1691.594482421875,,22.948284149169922,,0.7521317601203918,,41.128997802734375
,7717,,,,,,,,,,1322.45361328125,,19.366626739501953,,0.7399143576622009,,36.36555480957031
,7718,,,,,,,,,,1623.0235595703125,,23.611141204833984,,0.7054682374000549,,40.28676986694336
,7719,,,,,,,,,,1396.1490478515625,,22.43495750427246,,0.6913102269172668,,37.36507797241211
,7720,,,,,,,,,,1698.2308349609375,,25.327503204345703,,0.7403318881988525,,41.2095947265625
,7721,,,,,,,,,,2073.318115234375,,28.79918670654297,,0.6895444393157959,,45.5337028503418
,7722,,,,,,,,,,1994.940673828125,,29.687021255493164,,0.7105357646942139,,44.66476058959961
,7723,,,,,,,,,,2173.822265625,,31.56877326965332,,0.6581709384918213,,46.624263763427734
,7724,,,,,,,,,,1684.15625,,26.97222137451172,,0.7071999907493591,,41.03847122192383
,7725,,,,,,,,,,1442.1661376953125,,25.490009307861328,,0.6862081289291382,,37.975860595703125
,7726,,,,,,,,,,982.5028686523438,,15.850956916809082,,0.7935997247695923,,31.34490203857422
,7727,,,,,,,,,,2249.8896484375,,31.216798782348633,,0.6778712868690491,,47.43299865722656
,7728,,,,,,,,,,2729.4951171875,,31.909255981445312,,0.5504765510559082,,52.244571685791016
,7729,,,,,,,,,,1187.3212890625,,20.08854103088379,,0.7101117968559265,,34.45752716064453
,7730,,,,,,,,,,1239.1561279296875,,20.976900100708008,,0.6810652017593384,,35.2016487121582
,7731,,,,,,,,,,1181.9180908203125,,21.041812896728516,,0.7475807070732117,,34.37903594970703
,7732,,,,,,,,,,1195.5726318359375,,20.855676651000977,,0.7211454510688782,,34.57705307006836
,7733,,,,,,,,,,1459.2581787109375,,23.108327865600586,,0.7484818696975708,,38.20023727416992
,7734,,,,,,,,,,1496.28564453125,,23.082109451293945,,0.7322181463241577,,38.68185043334961
,7735,,,,,,,,,,1059.9527587890625,,19.010223388671875,,0.7374212741851807,,32.556915283203125
,7736,,,,,,,,,,1411.62109375,,22.578170776367188,,0.6628443598747253,,37.57154846191406
,7737,,,,,,,,,,1690.760009765625,,25.837566375732422,,0.6887864470481873,,41.11885070800781
,7738,,,,,,,,,,1761.51123046875,,25.899789810180664,,0.7259573340415955,,41.970359802246094
,7739,,,,,,,,,,1536.55419921875,,22.293455123901367,,0.7670184969902039,,39.19890213012695
,7740,,,,,,,,,,1933.7088623046875,,29.280399322509766,,0.6738525629043579,,43.97395706176758
,7741,,,,,,,,,,1495.40576171875,,23.322053909301758,,0.6925109028816223,,38.670475006103516
,7742,,,,,,,,,,1335.5916748046875,,20.697036743164062,,0.6824750900268555,,36.545745849609375
,7743,,,,,,,,,,1498.9488525390625,,23.69484519958496,,0.7153143286705017,,38.71626281738281
,7744,,,,,,,,,,1537.345703125,,22.57061195373535,,0.70177161693573,,39.20900344848633
,7745,,,,,,,,,,1667.130615234375,,26.859800338745117,,0.6793099641799927,,40.830509185791016
,7746,,,,,,,,,,1477.5045166015625,,23.08815574645996,,0.7402640581130981,,38.43832015991211
,7747,,,,,,,,,,1803.992919921875,,28.847719192504883,,0.6881731748580933,,42.47343826293945
,7748,,,,,,,,,,1739.822998046875,,28.075613021850586,,0.657370924949646,,41.711185455322266
,7749,,,,,,,,,,2578.496826171875,,35.280208587646484,,0.6857705116271973,,50.778900146484375
,7750,,,,,,,,,,1295.8653564453125,,20.669267654418945,,0.7508544325828552,,35.998130798339844
,7751,,,,,,,,,,1703.3035888671875,,25.415264129638672,,0.7470058798789978,,41.27109909057617
,7752,,,,,,,,,,1786.4964599609375,,28.463960647583008,,0.6819552183151245,,42.2669677734375
,7753,,,,,,,,,,1450.476806640625,,22.421855926513672,,0.7787259221076965,,38.08512496948242
,7754,,,,,,,,,,1421.4261474609375,,23.708520889282227,,0.6880745887756348,,37.701805114746094
,7755,,,,,,,,,,1641.5728759765625,,27.426197052001953,,0.7175889015197754,,40.516326904296875
,7756,,,,,,,,,,1134.053466796875,,22.42530059814453,,0.625321626663208,,33.67570877075195
,7757,,,,,,,,,,1174.651123046875,,20.44622230529785,,0.7641159296035767,,34.2731819152832
,7758,,,,,,,,,,1578.8482666015625,,24.54832649230957,,0.6677875518798828,,39.73472595214844
,7759,,,,,,,,,,1874.2244873046875,,27.084962844848633,,0.7076877355575562,,43.29231643676758
,7760,,,,,,,,,,1431.8367919921875,,22.368701934814453,,0.7709441781044006,,37.83961868286133
,7761,,,,,,,,,,2489.467041015625,,30.9820556640625,,0.672126829624176,,49.89455795288086
,7762,,,,,,,,,,2054.396728515625,,30.13482666015625,,0.7049344778060913,,45.32545471191406
,7763,,,,,,,,,,1872.259521484375,,28.402788162231445,,0.6529659032821655,,43.269615173339844
,7764,,,,,,,,,,1330.98046875,,23.08123779296875,,0.7193443179130554,,36.48260498046875
,7765,,,,,,,,,,1644.7607421875,,24.208072662353516,,0.742982804775238,,40.55564880371094
,7766,,,,,,,,,,1594.587890625,,26.239154815673828,,0.7119050025939941,,39.932289123535156
,7767,,,,,,,,,,1385.0767822265625,,22.240772247314453,,0.7692263126373291,,37.21662139892578
,7768,,,,,,,,,,2073.763916015625,,26.73845100402832,,0.7073400020599365,,45.53860092163086
,7769,,,,,,,,,,1653.529296875,,26.10285758972168,,0.7339180707931519,,40.663612365722656
,7770,,,,,,,,,,1301.876953125,,21.2337646484375,,0.7396368980407715,,36.0815315246582
,7771,,,,,,,,,,1644.8292236328125,,25.450119018554688,,0.7181522846221924,,40.556495666503906
,7772,,,,,,,,,,2185.9541015625,,31.501853942871094,,0.69294273853302,,46.754188537597656
,7773,,,,,,,,,,2199.744140625,,32.318885803222656,,0.6296722888946533,,46.90142822265625
,7774,,,,,,,,,,1767.495361328125,,26.80715560913086,,0.6893364191055298,,42.04159164428711
,7775,,,,,,,,,,1658.837158203125,,24.118173599243164,,0.7392578125,,40.728824615478516
,7776,,,,,,,,,,1900.0648193359375,,28.51824951171875,,0.6161417365074158,,43.5897331237793
,7777,,,,,,,,,,1299.1107177734375,,21.79663848876953,,0.7706608772277832,,36.04317855834961
,7778,,,,,,,,,,1459.4931640625,,23.659866333007812,,0.7434936761856079,,38.203311920166016
,7779,,,,,,,,,,1710.4344482421875,,25.088970184326172,,0.6412850618362427,,41.357398986816406
,7780,,,,,,,,,,3214.687255859375,,41.07999801635742,,0.6189694404602051,,56.698211669921875
,7781,,,,,,,,,,1594.4769287109375,,23.151805877685547,,0.7014377117156982,,39.93090057373047
,7782,,,,,,,,,,2341.453369140625,,30.87859344482422,,0.7219150066375732,,48.38856887817383
,7783,,,,,,,,,,1635.305908203125,,24.982152938842773,,0.7148234844207764,,40.43891525268555
,7784,,,,,,,,,,1300.3067626953125,,21.275171279907227,,0.68558669090271,,36.05976486206055
,7785,,,,,,,,,,1789.880126953125,,27.90180015563965,,0.6562151908874512,,42.306976318359375
,7786,,,,,,,,,,1340.2708740234375,,22.366636276245117,,0.7830012440681458,,36.609710693359375
,7787,,,,,,,,,,2620.26611328125,,31.845977783203125,,0.7035360932350159,,51.188533782958984
,7788,,,,,,,,,,1658.4232177734375,,24.752933502197266,,0.6484670639038086,,40.7237434387207
,7789,,,,,,,,,,874.491943359375,,17.3249568939209,,0.6945768594741821,,29.571809768676758
,7790,,,,,,,,,,1742.7279052734375,,23.065738677978516,,0.7116298675537109,,41.74599075317383
,7791,,,,,,,,,,1186.19677734375,,17.177677154541016,,0.6812999248504639,,34.44120788574219
,7792,,,,,,,,,,2032.3389892578125,,28.854045867919922,,0.7136800289154053,,45.08147048950195
,7793,,,,,,,,,,2036.6201171875,,29.54509162902832,,0.6618472933769226,,45.128929138183594
,7794,,,,,,,,,,1764.697265625,,26.860366821289062,,0.6913001537322998,,42.00830078125
,7795,,,,,,,,,,1788.8929443359375,,26.162260055541992,,0.7052027583122253,,42.29530715942383
,7796,,,,,,,,,,1312.1177978515625,,20.091054916381836,,0.7304750680923462,,36.223167419433594
,7797,,,,,,,,,,2450.533935546875,,30.203996658325195,,0.6912065744400024,,49.50286865234375
,7798,,,,,,,,,,2253.263916015625,,31.38987922668457,,0.6984457969665527,,47.46855545043945
,7799,,,,,,,,,,1726.3486328125,,25.593727111816406,,0.6742249727249146,,41.549354553222656
,7800,,,,,,,,,,1589.0789794921875,,25.588560104370117,,0.721576452255249,,39.86325454711914
,7801,,,,,,,,,,1825.2681884765625,,29.239259719848633,,0.5889970064163208,,42.7231559753418
,7802,,,,,,,,,,995.0756225585938,,17.594825744628906,,0.7103393077850342,,31.544818878173828
,7803,,,,,,,,,,1178.8267822265625,,20.422725677490234,,0.7041544914245605,,34.33404541015625
,7804,,,,,,,,,,1325.0074462890625,,22.237382888793945,,0.7025274634361267,,36.40065002441406
,7805,,,,,,,,,,1245.87646484375,,21.475053787231445,,0.753409206867218,,35.296974182128906
,7806,,,,,,,,,,1475.942626953125,,24.085317611694336,,0.6832317113876343,,38.417999267578125
,7807,,,,,,,,,,3535.45263671875,,34.149444580078125,,0.6024798154830933,,59.45967102050781
,7808,,,,,,,,,,943.3731689453125,,14.943190574645996,,0.6938322186470032,,30.71438217163086
,7809,,,,,,,,,,1376.744384765625,,23.921173095703125,,0.6527184247970581,,37.10450744628906
,7810,,,,,,,,,,1729.37353515625,,27.54994010925293,,0.6475529670715332,,41.58573913574219
,7811,,,,,,,,,,1861.1456298828125,,30.123254776000977,,0.6760990619659424,,43.14099884033203
,7812,,,,,,,,,,1542.3538818359375,,26.976348876953125,,0.6661540865898132,,39.27281188964844
,7813,,,,,,,,,,1426.400634765625,,23.936487197875977,,0.7751467227935791,,37.76771926879883
,7814,,,,,,,,,,1080.848388671875,,19.376611709594727,,0.7313646078109741,,32.876258850097656
,7815,,,,,,,,,,1295.4287109375,,20.13884162902832,,0.7726411819458008,,35.9920654296875
,7816,,,,,,,,,,1757.05810546875,,28.338685989379883,,0.7413184642791748,,41.91727828979492
,7817,,,,,,,,,,1400.536376953125,,22.71390724182129,,0.7749248743057251,,37.42374038696289
,7818,,,,,,,,,,1321.871826171875,,21.3498477935791,,0.673969030380249,,36.3575553894043
,7819,,,,,,,,,,1849.01953125,,28.107585906982422,,0.7092028856277466,,43.00022888183594
,7820,,,,,,,,,,1481.4342041015625,,23.450355529785156,,0.7211304306983948,,38.489402770996094
,7821,,,,,,,,,,1579.735107421875,,25.42784881591797,,0.6636041402816772,,39.745880126953125
,7822,,,,,,,,,,1506.27001953125,,23.194154739379883,,0.7069275975227356,,38.810691833496094
,7823,,,,,,,,,,1328.382080078125,,19.6704158782959,,0.6921360492706299,,36.44697570800781
,7824,,,,,,,,,,1298.394287109375,,21.38568687438965,,0.7884566187858582,,36.03323745727539
,7825,,,,,,,,,,1930.810791015625,,28.387670516967773,,0.6908870935440063,,43.94099044799805
,7826,,,,,,,,,,1751.9658203125,,24.756881713867188,,0.7459818124771118,,41.85649108886719
,7827,,,,,,,,,,1797.7431640625,,28.257726669311523,,0.700430691242218,,42.399803161621094
,7828,,,,,,,,,,1930.453857421875,,27.341014862060547,,0.6987134218215942,,43.93693161010742
,7829,,,,,,,,,,1110.503173828125,,18.15948486328125,,0.7228268384933472,,33.324214935302734
,7830,,,,,,,,,,1633.204345703125,,24.25552749633789,,0.7291464805603027,,40.412925720214844
,7831,,,,,,,,,,2313.1318359375,,32.82197952270508,,0.6151624917984009,,48.095027923583984
,7832,,,,,,,,,,1393.8897705078125,,21.41534996032715,,0.682658314704895,,37.334835052490234
,7833,,,,,,,,,,1652.58251953125,,23.7869815826416,,0.7209222316741943,,40.65196990966797
,7834,,,,,,,,,,1607.783447265625,,24.482933044433594,,0.6410369277000427,,40.09717559814453
,7835,,,,,,,,,,2075.96337890625,,30.560470581054688,,0.6738617420196533,,45.562740325927734
,7836,,,,,,,,,,1654.9698486328125,,26.8529052734375,,0.7073134183883667,,40.68132019042969
,7837,,,,,,,,,,2115.75390625,,29.601858139038086,,0.733001708984375,,45.9973258972168
,7838,,,,,,,,,,1788.5758056640625,,27.777956008911133,,0.6743419170379639,,42.29155731201172
,7839,,,,,,,,,,1617.443115234375,,22.779462814331055,,0.7525629997253418,,40.21744918823242
,7840,,,,,,,,,,1487.5172119140625,,21.668472290039062,,0.7130025625228882,,38.56834411621094
,7841,,,,,,,,,,1372.3017578125,,22.933547973632812,,0.6839287281036377,,37.04458999633789
,7842,,,,,,,,,,1767.4725341796875,,25.742164611816406,,0.6822872757911682,,42.04132080078125
,7843,,,,,,,,,,2347.959716796875,,32.576175689697266,,0.6626612544059753,,48.45574951171875
,7844,,,,,,,,,,1247.798095703125,,22.325122833251953,,0.6308082938194275,,35.32418441772461
,7845,,,,,,,,,,1677.684326171875,,25.277494430541992,,0.7340123653411865,,40.95954513549805
,7846,,,,,,,,,,1441.921875,,22.338512420654297,,0.6426296234130859,,37.9726448059082
,7847,,,,,,,,,,1962.4730224609375,,29.475692749023438,,0.6871417760848999,,44.299808502197266
,7848,,,,,,,,,,1384.1029052734375,,23.863855361938477,,0.6832256317138672,,37.20353317260742
,7849,,,,,,,,,,1290.6903076171875,,21.503860473632812,,0.737989068031311,,35.926177978515625
,7850,,,,,,,,,,1802.6468505859375,,24.740488052368164,,0.7503384947776794,,42.45758819580078
,7851,,,,,,,,,,1576.7633056640625,,25.386930465698242,,0.7215293645858765,,39.70848083496094
,7852,,,,,,,,,,1537.45751953125,,23.482004165649414,,0.7613674998283386,,39.210426330566406
,7853,,,,,,,,,,877.64404296875,,15.438258171081543,,0.8157517910003662,,29.625057220458984
50,23561,,,,,,,,,1660.5716552734375,,25.07301902770996,,0.703169047832489,,40.46107864379883,
50,23561,1520.6710205078125,,24.014543533325195,,0.718098521232605,,38.703758239746094,,,,,,,,,
51,23599,,1376.931884765625,,21.670076370239258,,0.7445970773696899,,37.107032775878906,,,,,,,,
51,23649,,1357.33203125,,23.393293380737305,,0.7105260491371155,,36.84198760986328,,,,,,,,
51,23699,,1421.6317138671875,,22.093093872070312,,0.7371532917022705,,37.704532623291016,,,,,,,,
51,23749,,1629.1483154296875,,24.989633560180664,,0.6463660597801208,,40.362709045410156,,,,,,,,
51,23799,,1729.18017578125,,28.3570499420166,,0.7374528050422668,,41.583412170410156,,,,,,,,
51,23849,,1644.40234375,,24.952743530273438,,0.6526507139205933,,40.551231384277344,,,,,,,,
51,23899,,1946.647705078125,,29.221988677978516,,0.6488395929336548,,44.12083053588867,,,,,,,,
51,23949,,1340.778564453125,,23.01603126525879,,0.7615705728530884,,36.616641998291016,,,,,,,,
51,23999,,1481.12158203125,,24.932415008544922,,0.6130738258361816,,38.48534393310547,,,,,,,,
,7854,,,,,,,,,,2207.873779296875,,27.335254669189453,,0.7152225971221924,,46.98801803588867
,7855,,,,,,,,,,1765.515869140625,,23.96339988708496,,0.7379005551338196,,42.018043518066406
,7856,,,,,,,,,,1974.43505859375,,28.85624885559082,,0.6956707239151001,,44.43461608886719
,7857,,,,,,,,,,2149.226318359375,,30.154356002807617,,0.6597654223442078,,46.35974884033203
,7858,,,,,,,,,,1977.7447509765625,,24.704803466796875,,0.6673488020896912,,44.47184371948242
,7859,,,,,,,,,,1822.0552978515625,,26.849468231201172,,0.6333277821540833,,42.68553924560547
,7860,,,,,,,,,,1384.7691650390625,,21.108570098876953,,0.7080275416374207,,37.21249008178711
,7861,,,,,,,,,,1898.88232421875,,26.304479598999023,,0.725355863571167,,43.576168060302734
,7862,,,,,,,,,,2249.6220703125,,33.86964797973633,,0.5835546255111694,,47.43018341064453
,7863,,,,,,,,,,1192.9656982421875,,20.451940536499023,,0.7026692628860474,,34.539337158203125
,7864,,,,,,,,,,1376.05517578125,,19.99318504333496,,0.7435050010681152,,37.095218658447266
,7865,,,,,,,,,,1812.9136962890625,,27.225658416748047,,0.7169046401977539,,42.57832336425781
,7866,,,,,,,,,,1757.189697265625,,26.410429000854492,,0.7576418519020081,,41.918846130371094
,7867,,,,,,,,,,1271.25537109375,,22.526426315307617,,0.7509381175041199,,35.654666900634766
,7868,,,,,,,,,,1203.0089111328125,,18.912199020385742,,0.7531275153160095,,34.684417724609375
,7869,,,,,,,,,,1633.4439697265625,,27.032318115234375,,0.694847822189331,,40.41588592529297
,7870,,,,,,,,,,1686.778564453125,,22.940185546875,,0.7528374195098877,,41.070411682128906
,7871,,,,,,,,,,1326.3131103515625,,19.388221740722656,,0.7391552925109863,,36.418582916259766
,7872,,,,,,,,,,1629.369384765625,,23.670801162719727,,0.7043166756629944,,40.365447998046875
,7873,,,,,,,,,,1395.5552978515625,,22.449522018432617,,0.691441535949707,,37.35713195800781
,7874,,,,,,,,,,1695.5299072265625,,25.314470291137695,,0.7407448291778564,,41.17681121826172
,7875,,,,,,,,,,2070.604736328125,,28.828857421875,,0.689950704574585,,45.50389862060547
,7876,,,,,,,,,,1998.8216552734375,,29.77243423461914,,0.709972620010376,,44.70818328857422
,7877,,,,,,,,,,2172.06396484375,,31.61159896850586,,0.6584475040435791,,46.605403900146484
,7878,,,,,,,,,,1679.463623046875,,26.95638656616211,,0.7080157995223999,,40.981258392333984
,7879,,,,,,,,,,1441.4603271484375,,25.478593826293945,,0.6863616704940796,,37.96656799316406
,7880,,,,,,,,,,986.7044677734375,,15.880035400390625,,0.7927170991897583,,31.41185188293457
,7881,,,,,,,,,,2238.9775390625,,31.200876235961914,,0.6794335842132568,,47.31783676147461
,7882,,,,,,,,,,2709.815185546875,,31.818296432495117,,0.5537176728248596,,52.055885314941406
,7883,,,,,,,,,,1187.7808837890625,,20.119647979736328,,0.7099995613098145,,34.464195251464844
,7884,,,,,,,,,,1238.6412353515625,,20.986713409423828,,0.6811977624893188,,35.1943359375
,7885,,,,,,,,,,1190.2889404296875,,21.12885284423828,,0.7457929849624634,,34.50056457519531
,7886,,,,,,,,,,1186.7027587890625,,20.797861099243164,,0.7232142686843872,,34.448551177978516
,7887,,,,,,,,,,1466.13427734375,,23.182893753051758,,0.7472966313362122,,38.29013442993164
,7888,,,,,,,,,,1507.4217529296875,,23.191509246826172,,0.7302252054214478,,38.825531005859375
,7889,,,,,,,,,,1061.611083984375,,19.044483184814453,,0.7370104789733887,,32.582374572753906
,7890,,,,,,,,,,1397.215576171875,,22.47322654724121,,0.6662850379943848,,37.37934875488281
,7891,,,,,,,,,,1688.1302490234375,,25.780588150024414,,0.6892704963684082,,41.08686065673828
,7892,,,,,,,,,,1766.277099609375,,25.97701644897461,,0.7252159118652344,,42.027099609375
,7893,,,,,,,,,,1541.5113525390625,,22.35771942138672,,0.7662668228149414,,39.2620849609375
,7894,,,,,,,,,,1932.4716796875,,29.264528274536133,,0.6740612387657166,,43.95988464355469
,7895,,,,,,,,,,1489.213134765625,,23.255945205688477,,0.693784236907959,,38.59032440185547
,7896,,,,,,,,,,1335.2021484375,,20.662010192871094,,0.6825677156448364,,36.54042053222656
,7897,,,,,,,,,,1504.5191650390625,,23.746891021728516,,0.7142564058303833,,38.78813171386719
,7898,,,,,,,,,,1533.4112548828125,,22.55453109741211,,0.7025347948074341,,39.15879440307617
,7899,,,,,,,,,,1667.9620361328125,,26.877906799316406,,0.6791500449180603,,40.84069061279297
,7900,,,,,,,,,,1479.470703125,,23.12995147705078,,0.7399183511734009,,38.463890075683594
,7901,,,,,,,,,,1801.7618408203125,,28.865196228027344,,0.68855881690979,,42.447166442871094
,7902,,,,,,,,,,1732.7528076171875,,28.029935836791992,,0.6587632894515991,,41.626346588134766
,7903,,,,,,,,,,2574.020263671875,,35.2964973449707,,0.6863160729408264,,50.73480224609375
,7904,,,,,,,,,,1289.801025390625,,20.653072357177734,,0.7520203590393066,,35.91379928588867
,7905,,,,,,,,,,1704.4267578125,,25.459606170654297,,0.7468390464782715,,41.28470230102539
,7906,,,,,,,,,,1788.330810546875,,28.537342071533203,,0.6816287040710449,,42.28866195678711
,7907,,,,,,,,,,1448.3287353515625,,22.402170181274414,,0.7790536284446716,,38.056915283203125
,7908,,,,,,,,,,1423.417236328125,,23.74167251586914,,0.6876376867294312,,37.72819900512695
,7909,,,,,,,,,,1640.7396240234375,,27.390722274780273,,0.717732310295105,,40.50604248046875
,7910,,,,,,,,,,1143.82373046875,,22.608211517333984,,0.622093677520752,,33.82046127319336
,7911,,,,,,,,,,1179.7249755859375,,20.476539611816406,,0.7630970478057861,,34.34712600708008
,7912,,,,,,,,,,1581.99072265625,,24.596458435058594,,0.6671263575553894,,39.77424621582031
,7913,,,,,,,,,,1859.7579345703125,,27.055282592773438,,0.7099440097808838,,43.12491226196289
,7914,,,,,,,,,,1430.6846923828125,,22.343305587768555,,0.7711284756660461,,37.82439041137695
,7915,,,,,,,,,,2495.066162109375,,30.996444702148438,,0.6713894009590149,,49.95063781738281
,7916,,,,,,,,,,2053.815185546875,,30.16571617126465,,0.7050180435180664,,45.31904220581055
,7917,,,,,,,,,,1871.1634521484375,,28.4365234375,,0.6531690955162048,,43.2569465637207
,7918,,,,,,,,,,1328.91064453125,,23.09421730041504,,0.7197808027267456,,36.454227447509766
,7919,,,,,,,,,,1646.2744140625,,24.227619171142578,,0.7427462935447693,,40.57430648803711
,7920,,,,,,,,,,1586.2913818359375,,26.153339385986328,,0.7134039402008057,,39.82827377319336
,7921,,,,,,,,,,1384.8636474609375,,22.27813720703125,,0.7692618370056152,,37.21375274658203
,7922,,,,,,,,,,2069.58544921875,,26.728477478027344,,0.7079296708106995,,45.492698669433594
,7923,,,,,,,,,,1654.60595703125,,26.112071990966797,,0.7337448596954346,,40.676849365234375
,7924,,,,,,,,,,1300.048095703125,,21.216754913330078,,0.7400026321411133,,36.05617904663086
,7925,,,,,,,,,,1655.455810546875,,25.615604400634766,,0.7163313627243042,,40.687294006347656
,7926,,,,,,,,,,2187.377197265625,,31.567630767822266,,0.6927428245544434,,46.769405364990234
,7927,,,,,,,,,,2210.386474609375,,32.43984603881836,,0.6278806924819946,,47.014747619628906
,7928,,,,,,,,,,1765.9947509765625,,26.76973533630371,,0.6896001100540161,,42.023738861083984
,7929,,,,,,,,,,1660.517578125,,24.14182472229004,,0.7389937043190002,,40.74945068359375
,7930,,,,,,,,,,1889.47802734375,,28.486705780029297,,0.6182805299758911,,43.4681282043457
,7931,,,,,,,,,,1291.356201171875,,21.744421005249023,,0.7720298171043396,,35.93544387817383
,7932,,,,,,,,,,1459.975830078125,,23.660486221313477,,0.7434087991714478,,38.20962905883789
,7933,,,,,,,,,,1709.6217041015625,,25.078123092651367,,0.6414555311203003,,41.347572326660156
,7934,,,,,,,,,,3208.95068359375,,41.08660125732422,,0.6196494102478027,,56.64760208129883
,7935,,,,,,,,,,1592.939697265625,,23.15403938293457,,0.7017254829406738,,39.91164779663086
,7936,,,,,,,,,,2336.104736328125,,30.835596084594727,,0.7225502729415894,,48.33326721191406
,7937,,,,,,,,,,1631.2552490234375,,24.94317054748535,,0.7155299186706543,,40.38880157470703
,7938,,,,,,,,,,1302.7261962890625,,21.30714988708496,,0.6850016117095947,,36.093299865722656
,7939,,,,,,,,,,1789.1036376953125,,27.91022300720215,,0.6563643217086792,,42.297794342041016
,7940,,,,,,,,,,1347.29736328125,,22.442852020263672,,0.7818635702133179,,36.70555114746094
,7941,,,,,,,,,,2634.358154296875,,31.85971450805664,,0.7019416689872742,,51.32600021362305
,7942,,,,,,,,,,1653.444580078125,,24.690998077392578,,0.6495223045349121,,40.66257095336914
,7943,,,,,,,,,,868.1010131835938,,17.223731994628906,,0.696808934211731,,29.46355438232422
,7944,,,,,,,,,,1746.1956787109375,,23.083833694458008,,0.7110560536384583,,41.787506103515625
,7945,,,,,,,,,,1186.2965087890625,,17.171669006347656,,0.6812731027603149,,34.44265365600586
,7946,,,,,,,,,,2031.5130615234375,,28.83909797668457,,0.7137964367866516,,45.07230758666992
,7947,,,,,,,,,,2035.295166015625,,29.54096221923828,,0.6620672941207886,,45.1142463684082
,7948,,,,,,,,,,1767.4249267578125,,26.89000129699707,,0.6908230781555176,,42.04075241088867
,7949,,,,,,,,,,1788.4197998046875,,26.157901763916016,,0.7052807211875916,,42.28971481323242
,7950,,,,,,,,,,1312.5726318359375,,20.114913940429688,,0.7303817272186279,,36.22944259643555
,7951,,,,,,,,,,2450.845947265625,,30.184383392333984,,0.6911672353744507,,49.506019592285156
,7952,,,,,,,,,,2252.023681640625,,31.413549423217773,,0.6986117959022522,,47.45549011230469
,7953,,,,,,,,,,1721.14599609375,,25.585718154907227,,0.6752067804336548,,41.486698150634766
,7954,,,,,,,,,,1596.51416015625,,25.694534301757812,,0.7202737331390381,,39.95640563964844
,7955,,,,,,,,,,1820.57958984375,,29.188812255859375,,0.5900527238845825,,42.66824722290039
,7956,,,,,,,,,,993.9864501953125,,17.5802001953125,,0.7106563448905945,,31.527549743652344
,7957,,,,,,,,,,1176.8994140625,,20.401548385620117,,0.7046382427215576,,34.30596923828125
,7958,,,,,,,,,,1321.0509033203125,,22.209047317504883,,0.7034157514572144,,36.34626388549805
,7959,,,,,,,,,,1246.921875,,21.46559715270996,,0.7532023191452026,,35.31178283691406
,7960,,,,,,,,,,1470.4688720703125,,24.09500503540039,,0.6844065189361572,,38.3466911315918
,7961,,,,,,,,,,3530.2548828125,,34.10478973388672,,0.6030641794204712,,59.41594696044922
,7962,,,,,,,,,,937.3796997070312,,14.879912376403809,,0.695777416229248,,30.616657257080078
,7963,,,,,,,,,,1373.4215087890625,,23.949806213378906,,0.6535566449165344,,37.0597038269043
,7964,,,,,,,,,,1727.593505859375,,27.565092086791992,,0.6479157209396362,,41.5643310546875
,7965,,,,,,,,,,1862.453369140625,,30.171194076538086,,0.6758714914321899,,43.156150817871094
,7966,,,,,,,,,,1529.064453125,,26.867137908935547,,0.6690306067466736,,39.10325241088867
,7967,,,,,,,,,,1420.198974609375,,23.904726028442383,,0.7761243581771851,,37.68552780151367
,7968,,,,,,,,,,1084.3154296875,,19.38897705078125,,0.7305028438568115,,32.9289436340332
,7969,,,,,,,,,,1295.9241943359375,,20.137107849121094,,0.7725542783737183,,35.99894714355469
,7970,,,,,,,,,,1756.1060791015625,,28.335186004638672,,0.7414585947990417,,41.90591812133789
,7971,,,,,,,,,,1404.48828125,,22.72809410095215,,0.7742897868156433,,37.47650146484375
,7972,,,,,,,,,,1330.6473388671875,,21.461124420166016,,0.6718046069145203,,36.4780387878418
,7973,,,,,,,,,,1845.8817138671875,,27.97655487060547,,0.709696352481842,,42.96372604370117
,7974,,,,,,,,,,1475.9791259765625,,23.372400283813477,,0.72215735912323,,38.41847229003906
,7975,,,,,,,,,,1572.4794921875,,25.362478256225586,,0.6651492118835449,,39.654502868652344
,7976,,,,,,,,,,1505.8642578125,,23.2092342376709,,0.7070065140724182,,38.80546569824219
,7977,,,,,,,,,,1329.6163330078125,,19.71169662475586,,0.6918500661849976,,36.463905334472656
,7978,,,,,,,,,,1301.8336181640625,,21.445640563964844,,0.7878962755203247,,36.0809326171875
,7979,,,,,,,,,,1933.08935546875,,28.429948806762695,,0.690522313117981,,43.96691131591797
,7980,,,,,,,,,,1759.5167236328125,,24.819286346435547,,0.7448869943618774,,41.94659423828125
,7981,,,,,,,,,,1798.3104248046875,,28.283912658691406,,0.7003361582756042,,42.406490325927734
,7982,,,,,,,,,,1941.0594482421875,,27.421554565429688,,0.6970582008361816,,44.057456970214844
,7983,,,,,,,,,,1116.3079833984375,,18.258852005004883,,0.7213780879974365,,33.41119384765625
,7984,,,,,,,,,,1637.750732421875,,24.283395767211914,,0.728392481803894,,40.46913528442383
,7985,,,,,,,,,,2313.2548828125,,32.84929275512695,,0.6151421070098877,,48.096309661865234
,7986,,,,,,,,,,1391.3685302734375,,21.377187728881836,,0.683232307434082,,37.30105209350586
,7987,,,,,,,,,,1650.9986572265625,,23.740449905395508,,0.7211896777153015,,40.632484436035156
,7988,,,,,,,,,,1600.8148193359375,,24.469820022583008,,0.6425927877426147,,40.01018524169922
,7989,,,,,,,,,,2075.952392578125,,30.581138610839844,,0.6738635301589966,,45.5626220703125
,7990,,,,,,,,,,1651.99658203125,,26.83719253540039,,0.7078392505645752,,40.64476013183594
,7991,,,,,,,,,,2111.909912109375,,29.597023010253906,,0.7334868311882019,,45.95552062988281
,7992,,,,,,,,,,1793.60009765625,,27.837982177734375,,0.6734271049499512,,42.35091781616211
,7993,,,,,,,,,,1617.88671875,,22.76756477355957,,0.7524951696395874,,40.22296142578125
,7994,,,,,,,,,,1484.5455322265625,,21.66188621520996,,0.7135759592056274,,38.52980041503906
,7995,,,,,,,,,,1372.7000732421875,,22.95892333984375,,0.6838369965553284,,37.049964904785156
,7996,,,,,,,,,,1769.026611328125,,25.75046157836914,,0.682007908821106,,42.05979919433594
,7997,,,,,,,,,,2343.61083984375,,32.59028244018555,,0.6632860898971558,,48.41085433959961
,7998,,,,,,,,,,1237.269287109375,,22.26451873779297,,0.6339235305786133,,35.17483901977539
,7999,,,,,,,,,,1675.8560791015625,,25.318315505981445,,0.734302282333374,,40.93722152709961
,8000,,,,,,,,,,1441.0740966796875,,22.336902618408203,,0.642839789390564,,37.961483001708984
,8001,,,,,,,,,,1955.5311279296875,,29.460248947143555,,0.6882484555244446,,44.22138595581055
,8002,,,,,,,,,,1374.9482421875,,23.807586669921875,,0.6853208541870117,,37.08029556274414
,8003,,,,,,,,,,1282.5872802734375,,21.33633041381836,,0.7396340370178223,,35.81322479248047
,8004,,,,,,,,,,1805.54150390625,,24.775800704956055,,0.7499375939369202,,42.491661071777344
,8005,,,,,,,,,,1574.6888427734375,,25.357072830200195,,0.721895694732666,,39.682350158691406
,8006,,,,,,,,,,1532.8468017578125,,23.46875,,0.762083113193512,,39.151588439941406
,8007,,,,,,,,,,880.8858642578125,,15.447486877441406,,0.8150712251663208,,29.67972183227539
51,24023,,,,,,,,,1659.6641845703125,,25.078243255615234,,0.7033567428588867,,40.450504302978516,
51,24023,1513.963134765625,,23.99260902404785,,0.7177094221115112,,38.643733978271484,,,,,,,,,
52,24049,,1991.373779296875,,26.986478805541992,,0.6892644762992859,,44.624813079833984,,,,,,,,
52,24099,,1393.6820068359375,,22.33353042602539,,0.7559828162193298,,37.33205032348633,,,,,,,,
52,24149,,1137.1009521484375,,20.204809188842773,,0.7332795858383179,,33.72092819213867,,,,,,,,
52,24199,,1673.12939453125,,21.958499908447266,,0.7534539699554443,,40.90390396118164,,,,,,,,
52,24249,,1220.705078125,,21.203369140625,,0.7899250984191895,,34.9385871887207,,,,,,,,
52,24299,,1656.94091796875,,26.751327514648438,,0.6969950199127197,,40.70553970336914,,,,,,,,
52,24349,,1678.0137939453125,,25.378093719482422,,0.7766574621200562,,40.963565826416016,,,,,,,,
52,24399,,1808.5340576171875,,26.954015731811523,,0.7140772342681885,,42.52686309814453,,,,,,,,
52,24449,,1860.9971923828125,,27.999286651611328,,0.7398357391357422,,43.139278411865234,,,,,,,,
,8008,,,,,,,,,,2203.3173828125,,27.24022102355957,,0.715810239315033,,46.93950653076172
,8009,,,,,,,,,,1771.5164794921875,,23.95861053466797,,0.7370097637176514,,42.089385986328125
,8010,,,,,,,,,,1978.3416748046875,,28.822969436645508,,0.6950685977935791,,44.47854995727539
,8011,,,,,,,,,,2151.367919921875,,30.10932159423828,,0.6594264507293701,,46.38283920288086
,8012,,,,,,,,,,1992.361083984375,,24.694162368774414,,0.6648903489112854,,44.63587188720703
,8013,,,,,,,,,,1825.950439453125,,26.78537940979004,,0.6325439214706421,,42.73114013671875
,8014,,,,,,,,,,1372.8359375,,20.950916290283203,,0.7105436325073242,,37.05180358886719
,8015,,,,,,,,,,1908.423095703125,,26.32118797302246,,0.7239758968353271,,43.68550109863281
,8016,,,,,,,,,,2255.75830078125,,33.85037612915039,,0.58241868019104,,47.49482345581055
,8017,,,,,,,,,,1195.08251953125,,20.39297103881836,,0.7021416425704956,,34.56996536254883
,8018,,,,,,,,,,1389.30078125,,20.0637149810791,,0.7410359978675842,,37.2733268737793
,8019,,,,,,,,,,1821.73193359375,,27.23897933959961,,0.7155276536941528,,42.6817512512207
,8020,,,,,,,,,,1753.7490234375,,26.29389190673828,,0.7581163644790649,,41.87778854370117
,8021,,,,,,,,,,1273.3922119140625,,22.48760223388672,,0.7505195140838623,,35.68461990356445
,8022,,,,,,,,,,1203.0142822265625,,18.840408325195312,,0.7531263828277588,,34.68449783325195
,8023,,,,,,,,,,1632.5556640625,,26.964492797851562,,0.6950137615203857,,40.40489959716797
,8024,,,,,,,,,,1689.4459228515625,,22.926406860351562,,0.7524465322494507,,41.10287094116211
,8025,,,,,,,,,,1331.74169921875,,19.371732711791992,,0.7380876541137695,,36.493038177490234
,8026,,,,,,,,,,1620.3570556640625,,23.539043426513672,,0.7059521675109863,,40.253662109375
,8027,,,,,,,,,,1398.7467041015625,,22.421964645385742,,0.6907358765602112,,37.39982223510742
,8028,,,,,,,,,,1697.2904052734375,,25.278444290161133,,0.7404756546020508,,41.198184967041016
,8029,,,,,,,,,,2078.74951171875,,28.81791114807129,,0.6887310743331909,,45.59330368041992
,8030,,,,,,,,,,1999.728515625,,29.702661514282227,,0.7098410725593567,,44.71832275390625
,8031,,,,,,,,,,2176.791748046875,,31.55757713317871,,0.6577039957046509,,46.656097412109375
,8032,,,,,,,,,,1681.858642578125,,26.93735122680664,,0.7075994610786438,,41.01047134399414
,8033,,,,,,,,,,1440.64013671875,,25.44127655029297,,0.6865401268005371,,37.95576477050781
,8034,,,,,,,,,,988.9740600585938,,15.850570678710938,,0.7922402620315552,,31.44795799255371
,8035,,,,,,,,,,2242.1640625,,31.159954071044922,,0.678977370262146,,47.35149383544922
,8036,,,,,,,,,,2713.44580078125,,31.765090942382812,,0.5531197190284729,,52.09074401855469
,8037,,,,,,,,,,1187.3878173828125,,20.049774169921875,,0.7100955247879028,,34.458492279052734
,8038,,,,,,,,,,1237.290283203125,,20.91779136657715,,0.6815454363822937,,35.175140380859375
,8039,,,,,,,,,,1184.205078125,,20.993648529052734,,0.7470922470092773,,34.41228103637695
,8040,,,,,,,,,,1180.80126953125,,20.697288513183594,,0.7245906591415405,,34.362789154052734
,8041,,,,,,,,,,1466.150634765625,,23.130596160888672,,0.7472938299179077,,38.290348052978516
,8042,,,,,,,,,,1502.32470703125,,23.08209991455078,,0.7311373949050903,,38.75983428955078
,8043,,,,,,,,,,1063.0623779296875,,19.004741668701172,,0.7366509437561035,,32.604637145996094
,8044,,,,,,,,,,1393.1531982421875,,22.38071060180664,,0.6672552824020386,,37.32497024536133
,8045,,,,,,,,,,1691.0762939453125,,25.724123001098633,,0.6887282133102417,,41.12269973754883
,8046,,,,,,,,,,1764.7799072265625,,25.89055061340332,,0.7254488468170166,,42.00928497314453
,8047,,,,,,,,,,1548.08984375,,22.329504013061523,,0.76526939868927,,39.34577178955078
,8048,,,,,,,,,,1941.9462890625,,29.290119171142578,,0.6724631786346436,,44.06752014160156
,8049,,,,,,,,,,1494.1058349609375,,23.233230590820312,,0.6927782297134399,,38.653663635253906
,8050,,,,,,,,,,1335.04150390625,,20.594118118286133,,0.6826059222221375,,36.5382194519043
,8051,,,,,,,,,,1507.588623046875,,23.731199264526367,,0.7136734127998352,,38.82767868041992
,8052,,,,,,,,,,1543.3712158203125,,22.56448745727539,,0.7006027102470398,,39.285762786865234
,8053,,,,,,,,,,1669.9007568359375,,26.83110809326172,,0.6787770986557007,,40.864418029785156
,8054,,,,,,,,,,1486.7720947265625,,23.127592086791992,,0.7386348247528076,,38.558685302734375
,8055,,,,,,,,,,1809.807373046875,,28.881526947021484,,0.6871681213378906,,42.54182815551758
,8056,,,,,,,,,,1741.126708984375,,28.04747200012207,,0.6571142673492432,,41.726810455322266
,8057,,,,,,,,,,2580.94921875,,35.259674072265625,,0.6854716539382935,,50.80303955078125
,8058,,,,,,,,,,1292.5849609375,,20.616727828979492,,0.7514851093292236,,35.952537536621094
,8059,,,,,,,,,,1707.6407470703125,,25.415130615234375,,0.7463616728782654,,41.3236083984375
,8060,,,,,,,,,,1785.663330078125,,28.450546264648438,,0.6821035742759705,,42.257110595703125
,8061,,,,,,,,,,1446.552490234375,,22.341733932495117,,0.7793245911598206,,38.0335693359375
,8062,,,,,,,,,,1428.8695068359375,,23.735904693603516,,0.6864412426948547,,37.80038833618164
,8063,,,,,,,,,,1639.3311767578125,,27.357587814331055,,0.7179746031761169,,40.48865509033203
,8064,,,,,,,,,,1137.504150390625,,22.446483612060547,,0.6241815686225891,,33.726905822753906
,8065,,,,,,,,,,1180.3692626953125,,20.423717498779297,,0.7629677057266235,,34.356502532958984
,8066,,,,,,,,,,1590.4830322265625,,24.608280181884766,,0.665339469909668,,39.880859375
,8067,,,,,,,,,,1875.0198974609375,,27.070810317993164,,0.7075637578964233,,43.3015022277832
,8068,,,,,,,,,,1427.5621337890625,,22.265430450439453,,0.7716280221939087,,37.7830924987793
,8069,,,,,,,,,,2503.529541015625,,30.98632049560547,,0.6702747344970703,,50.035282135009766
,8070,,,,,,,,,,2052.25634765625,,30.094884872436523,,0.7052419185638428,,45.30183792114258
,8071,,,,,,,,,,1871.63330078125,,28.377790451049805,,0.653082013130188,,43.26237487792969
,8072,,,,,,,,,,1333.6514892578125,,23.070207595825195,,0.7187811136245728,,36.519195556640625
,8073,,,,,,,,,,1646.2548828125,,24.205732345581055,,0.7427493333816528,,40.574066162109375
,8074,,,,,,,,,,1584.5086669921875,,26.090858459472656,,0.7137260437011719,,39.80588912963867
,8075,,,,,,,,,,1383.3968505859375,,22.188867568969727,,0.7695062160491943,,37.19404220581055
,8076,,,,,,,,,,2074.517333984375,,26.67596435546875,,0.7072336673736572,,45.546871185302734
,8077,,,,,,,,,,1652.8692626953125,,26.08517074584961,,0.7340242862701416,,40.655494689941406
,8078,,,,,,,,,,1295.264892578125,,21.085752487182617,,0.7409592866897583,,35.98978805541992
,8079,,,,,,,,,,1639.5462646484375,,25.33861541748047,,0.719057559967041,,40.49131393432617
,8080,,,,,,,,,,2187.016357421875,,31.492910385131836,,0.6927934885025024,,46.76554489135742
,8081,,,,,,,,,,2211.348876953125,,32.38080596923828,,0.6277186274528503,,47.02498245239258
,8082,,,,,,,,,,1760.1776123046875,,26.690916061401367,,0.6906225681304932,,41.954471588134766
,8083,,,,,,,,,,1666.5103759765625,,24.108957290649414,,0.7380517721176147,,40.822914123535156
,8084,,,,,,,,,,1893.2393798828125,,28.449262619018555,,0.6175206303596497,,43.51137161254883
,8085,,,,,,,,,,1292.9793701171875,,21.72361946105957,,0.7717432379722595,,35.95802307128906
,8086,,,,,,,,,,1463.8310546875,,23.65012550354004,,0.7427312731742859,,38.26004409790039
,8087,,,,,,,,,,1724.3758544921875,,25.10698127746582,,0.6383612751960754,,41.525604248046875
,8088,,,,,,,,,,3221.101806640625,,41.102176666259766,,0.6182091236114502,,56.75475311279297
,8089,,,,,,,,,,1596.679931640625,,23.125953674316406,,0.7010251879692078,,39.95847702026367
,8090,,,,,,,,,,2344.98046875,,30.843000411987305,,0.7214961647987366,,48.42499923706055
,8091,,,,,,,,,,1631.3018798828125,,24.88982582092285,,0.7155218124389648,,40.38937759399414
,8092,,,,,,,,,,1305.8450927734375,,21.2935848236084,,0.6842474937438965,,36.13648223876953
,8093,,,,,,,,,,1790.48388671875,,27.874385833740234,,0.6560992002487183,,42.314109802246094
,8094,,,,,,,,,,1340.7711181640625,,22.30965805053711,,0.782920241355896,,36.61654281616211
,8095,,,,,,,,,,2638.70263671875,,31.830598831176758,,0.7014501094818115,,51.36830520629883
,8096,,,,,,,,,,1655.3983154296875,,24.636934280395508,,0.6491081714630127,,40.686588287353516
,8097,,,,,,,,,,867.6544799804688,,17.180633544921875,,0.6969649195671082,,29.455974578857422
,8098,,,,,,,,,,1747.902587890625,,23.026325225830078,,0.7107735872268677,,41.807926177978516
,8099,,,,,,,,,,1197.3914794921875,,17.186471939086914,,0.6782922148704529,,34.60334396362305
,8100,,,,,,,,,,2041.470458984375,,28.90535545349121,,0.7123936414718628,,45.18263244628906
,8101,,,,,,,,,,2034.85107421875,,29.47343635559082,,0.6621410250663757,,45.10932540893555
,8102,,,,,,,,,,1766.03857421875,,26.832609176635742,,0.6910655498504639,,42.024261474609375
,8103,,,,,,,,,,1787.3687744140625,,26.074678421020508,,0.7054539322853088,,42.277286529541016
,8104,,,,,,,,,,1315.5604248046875,,20.080541610717773,,0.729767918586731,,36.270652770996094
,8105,,,,,,,,,,2459.470947265625,,30.18485450744629,,0.6900804042816162,,49.59305191040039
,8106,,,,,,,,,,2255.69580078125,,31.35700798034668,,0.6981203556060791,,47.49416732788086
,8107,,,,,,,,,,1724.2110595703125,,25.558523178100586,,0.6746283769607544,,41.52362060546875
,8108,,,,,,,,,,1598.4925537109375,,25.672067642211914,,0.7199270725250244,,39.98115158081055
,8109,,,,,,,,,,1821.33349609375,,29.140520095825195,,0.5898829698562622,,42.67708206176758
,8110,,,,,,,,,,988.3855590820312,,17.481897354125977,,0.7122867107391357,,31.4385986328125
,8111,,,,,,,,,,1178.370361328125,,20.347312927246094,,0.7042690515518188,,34.32740020751953
,8112,,,,,,,,,,1328.02587890625,,22.21945571899414,,0.7018498182296753,,36.44208908081055
,8113,,,,,,,,,,1242.6651611328125,,21.386520385742188,,0.7540448307991028,,35.25145721435547
,8114,,,,,,,,,,1478.4576416015625,,24.093685150146484,,0.6826919317245483,,38.450714111328125
,8115,,,,,,,,,,3540.369384765625,,34.09503173828125,,0.6019269227981567,,59.50100326538086
,8116,,,,,,,,,,941.7689819335938,,14.873358726501465,,0.6943528652191162,,30.688255310058594
,8117,,,,,,,,,,1377.59375,,23.902511596679688,,0.6525042057037354,,37.11595153808594
,8118,,,,,,,,,,1729.6282958984375,,27.492860794067383,,0.6475009918212891,,41.588802337646484
,8119,,,,,,,,,,1861.69873046875,,30.13294792175293,,0.6760028004646301,,43.14740753173828
,8120,,,,,,,,,,1533.755615234375,,26.882022857666016,,0.66801518201828,,39.16319274902344
,8121,,,,,,,,,,1425.5931396484375,,23.9071102142334,,0.7752740383148193,,37.75702667236328
,8122,,,,,,,,,,1083.0635986328125,,19.356447219848633,,0.7308139801025391,,32.90993118286133
,8123,,,,,,,,,,1295.6326904296875,,20.091501235961914,,0.7726054191589355,,35.99489974975586
,8124,,,,,,,,,,1759.31201171875,,28.31174659729004,,0.7409865856170654,,41.94415283203125
,8125,,,,,,,,,,1400.3697509765625,,22.651721954345703,,0.7749516367912292,,37.42151641845703
,8126,,,,,,,,,,1328.383544921875,,21.362314224243164,,0.6723629236221313,,36.44699478149414
,8127,,,,,,,,,,1848.2698974609375,,28.003116607666016,,0.7093207836151123,,42.99150848388672
,8128,,,,,,,,,,1473.5225830078125,,23.301910400390625,,0.7226197719573975,,38.38648986816406
,8129,,,,,,,,,,1572.3095703125,,25.318016052246094,,0.6651853322982788,,39.65235900878906
,8130,,,,,,,,,,1502.591796875,,23.123271942138672,,0.7076432704925537,,38.76327896118164
,8131,,,,,,,,,,1332.165283203125,,19.652528762817383,,0.6912592649459839,,36.49884033203125
,8132,,,,,,,,,,1306.66357421875,,21.44780921936035,,0.7871093153953552,,36.14780044555664
,8133,,,,,,,,,,1933.3436279296875,,28.3762264251709,,0.6904815435409546,,43.96980285644531
,8134,,,,,,,,,,1764.758544921875,,24.793712615966797,,0.7441269755363464,,42.009029388427734
,8135,,,,,,,,,,1804.869140625,,28.30597496032715,,0.6992431879043579,,42.4837532043457
,8136,,,,,,,,,,1939.4439697265625,,27.360239028930664,,0.6973103284835815,,44.039119720458984
,8137,,,,,,,,,,1111.708251953125,,18.13766098022461,,0.7225260734558105,,33.342288970947266
,8138,,,,,,,,,,1634.8941650390625,,24.218244552612305,,0.7288662195205688,,40.43382263183594
,8139,,,,,,,,,,2320.962646484375,,32.86776351928711,,0.6138597726821899,,48.176368713378906
,8140,,,,,,,,,,1396.2183837890625,,21.34015464782715,,0.6821281909942627,,37.366004943847656
,8141,,,,,,,,,,1655.5115966796875,,23.732261657714844,,0.7204275727272034,,40.6879768371582
,8142,,,,,,,,,,1596.6029052734375,,24.388498306274414,,0.6435331702232361,,39.95751190185547
,8143,,,,,,,,,,2068.84130859375,,30.46828842163086,,0.674980640411377,,45.48451614379883
,8144,,,,,,,,,,1650.489990234375,,26.766395568847656,,0.7081056833267212,,40.626224517822266
,8145,,,,,,,,,,2122.213134765625,,29.599058151245117,,0.7321866154670715,,46.06748580932617
,8146,,,,,,,,,,1793.9998779296875,,27.763429641723633,,0.6733543276786804,,42.35563659667969
,8147,,,,,,,,,,1618.1966552734375,,22.72389030456543,,0.7524477243423462,,40.22681427001953
,8148,,,,,,,,,,1487.4429931640625,,21.619958877563477,,0.713016927242279,,38.5673828125
,8149,,,,,,,,,,1380.287109375,,22.970441818237305,,0.6820895075798035,,37.15221405029297
,8150,,,,,,,,,,1772.965087890625,,25.731481552124023,,0.6812999248504639,,42.10659408569336
,8151,,,,,,,,,,2352.85888671875,,32.593116760253906,,0.6619573831558228,,48.50627517700195
,8152,,,,,,,,,,1240.47119140625,,22.252410888671875,,0.6329761743545532,,35.22032165527344
,8153,,,,,,,,,,1684.6788330078125,,25.32624053955078,,0.7329034805297852,,41.044837951660156
,8154,,,,,,,,,,1436.55712890625,,22.241262435913086,,0.6439592838287354,,37.90194320678711
,8155,,,,,,,,,,1959.604736328125,,29.413806915283203,,0.6875990629196167,,44.26742172241211
,8156,,,,,,,,,,1380.2142333984375,,23.791990280151367,,0.6841156482696533,,37.1512336730957
,8157,,,,,,,,,,1282.805908203125,,21.34687614440918,,0.7395896315574646,,35.816280364990234
,8158,,,,,,,,,,1806.3072509765625,,24.74040412902832,,0.7498315572738647,,42.500675201416016
,8159,,,,,,,,,,1571.8896484375,,25.26091957092285,,0.7223900556564331,,39.647064208984375
,8160,,,,,,,,,,1539.7803955078125,,23.4822998046875,,0.7610069513320923,,39.24003601074219
,8161,,,,,,,,,,881.2110595703125,,15.420717239379883,,0.8150029182434082,,29.685199737548828
52,24485,,,,,,,,,1661.8292236328125,,25.035938262939453,,0.7030001282691956,,40.47524642944336,
52,24485,1501.1776123046875,,23.859920501708984,,0.720221996307373,,38.476749420166016,,,,,,,,,
53,24499,,1482.872802734375,,23.493432998657227,,0.7595895528793335,,38.508087158203125,,,,,,,,
53,24549,,1582.7374267578125,,26.363492965698242,,0.6949025392532349,,39.783634185791016,,,,,,,,
53,24599,,928.51708984375,,18.92349624633789,,0.6810086369514465,,30.47157859802246,,,,,,,,
53,24649,,2387.360595703125,,32.267154693603516,,0.6785500049591064,,48.86062240600586,,,,,,,,
53,24699,,1831.44287109375,,26.954511642456055,,0.6659343242645264,,42.79536056518555,,,,,,,,
53,24749,,1387.285888671875,,24.798025131225586,,0.7333320379257202,,37.24628829956055,,,,,,,,
53,24799,,1805.886474609375,,26.27279281616211,,0.5853188037872314,,42.495723724365234,,,,,,,,
53,24849,,1203.3857421875,,21.000709533691406,,0.7505481839179993,,34.689849853515625,,,,,,,,
53,24899,,1349.6494140625,,23.86846351623535,,0.7607241272926331,,36.737571716308594,,,,,,,,
,8162,,,,,,,,,,2215.751220703125,,27.335826873779297,,0.7142064571380615,,47.0717658996582
,8163,,,,,,,,,,1780.205078125,,24.057531356811523,,0.7357198596000671,,42.19247817993164
,8164,,,,,,,,,,1980.866455078125,,28.876331329345703,,0.6946794986724854,,44.506927490234375
,8165,,,,,,,,,,2155.423583984375,,30.149930953979492,,0.6587843894958496,,46.42654037475586
,8166,,,,,,,,,,1998.8304443359375,,24.73508071899414,,0.6638022661209106,,44.708282470703125
,8167,,,,,,,,,,1823.41845703125,,26.774084091186523,,0.6330534219741821,,42.70150375366211
,8168,,,,,,,,,,1376.9033203125,,21.0228328704834,,0.7096860408782959,,37.10664749145508
,8169,,,,,,,,,,1910.011474609375,,26.346309661865234,,0.7237461805343628,,43.703678131103516
,8170,,,,,,,,,,2267.94140625,,33.94697570800781,,0.5801633596420288,,47.62290954589844
,8171,,,,,,,,,,1195.62939453125,,20.442102432250977,,0.7020053863525391,,34.57787322998047
,8172,,,,,,,,,,1390.1802978515625,,20.099363327026367,,0.7408720254898071,,37.28512191772461
,8173,,,,,,,,,,1824.8936767578125,,27.28899574279785,,0.7150338888168335,,42.718772888183594
,8174,,,,,,,,,,1754.5545654296875,,26.34547996520996,,0.7580053210258484,,41.88740158081055
,8175,,,,,,,,,,1275.0443115234375,,22.516075134277344,,0.7501958012580872,,35.707763671875
,8176,,,,,,,,,,1203.9276123046875,,18.862241744995117,,0.752938985824585,,34.69765853881836
,8177,,,,,,,,,,1634.85302734375,,27.012136459350586,,0.6945846080780029,,40.43331527709961
,8178,,,,,,,,,,1698.297119140625,,22.998699188232422,,0.751149594783783,,41.21039962768555
,8179,,,,,,,,,,1334.126220703125,,19.422414779663086,,0.7376186847686768,,36.525691986083984
,8180,,,,,,,,,,1623.599609375,,23.55082893371582,,0.7053637504577637,,40.293914794921875
,8181,,,,,,,,,,1400.7086181640625,,22.44356918334961,,0.6903021335601807,,37.42604064941406
,8182,,,,,,,,,,1695.9188232421875,,25.284420013427734,,0.7406853437423706,,41.18153381347656
,8183,,,,,,,,,,2082.057373046875,,28.8504581451416,,0.6882357597351074,,45.62956619262695
,8184,,,,,,,,,,1999.5294189453125,,29.70298957824707,,0.7098699808120728,,44.71609878540039
,8185,,,,,,,,,,2181.179443359375,,31.597936630249023,,0.6570140719413757,,46.70309829711914
,8186,,,,,,,,,,1684.578857421875,,26.993749618530273,,0.7071264982223511,,41.04362106323242
,8187,,,,,,,,,,1445.21337890625,,25.504545211791992,,0.6855450868606567,,38.015960693359375
,8188,,,,,,,,,,991.3912963867188,,15.909703254699707,,0.7917324900627136,,31.48636817932129
,8189,,,,,,,,,,2246.053955078125,,31.202850341796875,,0.6784204244613647,,47.39255142211914
,8190,,,,,,,,,,2745.50341796875,,31.914098739624023,,0.5478401184082031,,52.397552490234375
,8191,,,,,,,,,,1191.7451171875,,20.118227005004883,,0.7090317010879517,,34.52165985107422
,8192,,,,,,,,,,1238.2569580078125,,20.96525764465332,,0.6812965869903564,,35.18887710571289
,8193,,,,,,,,,,1182.6268310546875,,20.997713088989258,,0.747429370880127,,34.38934326171875
,8194,,,,,,,,,,1183.80859375,,20.72032928466797,,0.7238892912864685,,34.406517028808594
,8195,,,,,,,,,,1465.005126953125,,23.139301300048828,,0.7474912405014038,,38.27538299560547
,8196,,,,,,,,,,1500.7667236328125,,23.100696563720703,,0.7314161658287048,,38.73973083496094
,8197,,,,,,,,,,1060.941650390625,,19.030263900756836,,0.7371763586997986,,32.57209777832031
,8198,,,,,,,,,,1402.979248046875,,22.486684799194336,,0.6649084091186523,,37.456363677978516
,8199,,,,,,,,,,1692.7685546875,,25.762540817260742,,0.6884167194366455,,41.14326858520508
,8200,,,,,,,,,,1765.2645263671875,,25.914596557617188,,0.7253734469413757,,42.01504898071289
,8201,,,,,,,,,,1552.7381591796875,,22.40206527709961,,0.764564573764801,,39.40480041503906
,8202,,,,,,,,,,1953.3128662109375,,29.371337890625,,0.6705460548400879,,44.19629669189453
,8203,,,,,,,,,,1495.88623046875,,23.264087677001953,,0.6924121379852295,,38.67668914794922
,8204,,,,,,,,,,1337.490966796875,,20.636240005493164,,0.6820235848426819,,36.57172393798828
,8205,,,,,,,,,,1510.6273193359375,,23.753433227539062,,0.7130963206291199,,38.866790771484375
,8206,,,,,,,,,,1546.07373046875,,22.605239868164062,,0.7000784873962402,,39.32014465332031
,8207,,,,,,,,,,1668.995849609375,,26.82889175415039,,0.6789511442184448,,40.85334396362305
,8208,,,,,,,,,,1490.1572265625,,23.17177963256836,,0.7380397319793701,,38.60255432128906
,8209,,,,,,,,,,1811.9197998046875,,28.910417556762695,,0.6868029832839966,,42.566650390625
,8210,,,,,,,,,,1746.7025146484375,,28.110322952270508,,0.6560161709785461,,41.79357147216797
,8211,,,,,,,,,,2590.240478515625,,35.34842300415039,,0.6843394041061401,,50.89440155029297
,8212,,,,,,,,,,1296.442138671875,,20.691516876220703,,0.7507435083389282,,36.006141662597656
,8213,,,,,,,,,,1718.5955810546875,,25.536361694335938,,0.744734525680542,,41.45594787597656
,8214,,,,,,,,,,1793.8187255859375,,28.550548553466797,,0.6806516647338867,,42.35349655151367
,8215,,,,,,,,,,1451.544677734375,,22.43278694152832,,0.7785630226135254,,38.099143981933594
,8216,,,,,,,,,,1430.40234375,,23.779359817504883,,0.6861048936843872,,37.82065963745117
,8217,,,,,,,,,,1639.8487548828125,,27.371885299682617,,0.7178854942321777,,40.49504470825195
,8218,,,,,,,,,,1137.1632080078125,,22.477811813354492,,0.6242941617965698,,33.72185134887695
,8219,,,,,,,,,,1181.2755126953125,,20.469707489013672,,0.7627856731414795,,34.36968994140625
,8220,,,,,,,,,,1587.8663330078125,,24.607437133789062,,0.6658900380134583,,39.84804153442383
,8221,,,,,,,,,,1889.8480224609375,,27.191537857055664,,0.7052510976791382,,43.472381591796875
,8222,,,,,,,,,,1430.0135498046875,,22.302587509155273,,0.7712358236312866,,37.815521240234375
,8223,,,,,,,,,,2511.414794921875,,31.068586349487305,,0.6692362427711487,,50.114017486572266
,8224,,,,,,,,,,2056.141845703125,,30.15912437438965,,0.7046838998794556,,45.34469985961914
,8225,,,,,,,,,,1874.6177978515625,,28.421600341796875,,0.6525288224220276,,43.29685592651367
,8226,,,,,,,,,,1338.3275146484375,,23.12725067138672,,0.7177950739860535,,36.583160400390625
,8227,,,,,,,,,,1649.4180908203125,,24.236421585083008,,0.7422550320625305,,40.61302947998047
,8228,,,,,,,,,,1583.7520751953125,,26.10049057006836,,0.7138627767562866,,39.796382904052734
,8229,,,,,,,,,,1385.4588623046875,,22.21741485595703,,0.7691627144813538,,37.22175216674805
,8230,,,,,,,,,,2074.210205078125,,26.70022964477539,,0.7072769999504089,,45.54349899291992
,8231,,,,,,,,,,1662.849853515625,,26.21400260925293,,0.7324182391166687,,40.77805709838867
,8232,,,,,,,,,,1294.7520751953125,,21.1385498046875,,0.741061806678772,,35.982662200927734
,8233,,,,,,,,,,1641.72216796875,,25.364107131958008,,0.7186846733093262,,40.51816940307617
,8234,,,,,,,,,,2189.062255859375,,31.524471282958984,,0.6925060749053955,,46.78741455078125
,8235,,,,,,,,,,2214.85693359375,,32.40840148925781,,0.627128005027771,,47.0622673034668
,8236,,,,,,,,,,1758.9388427734375,,26.706605911254883,,0.6908403635025024,,41.93970489501953
,8237,,,,,,,,,,1666.9652099609375,,24.139436721801758,,0.7379802465438843,,40.82848358154297
,8238,,,,,,,,,,1899.2193603515625,,28.502836227416992,,0.6163125038146973,,43.58003234863281
,8239,,,,,,,,,,1300.34765625,,21.799728393554688,,0.7704424858093262,,36.06033706665039
,8240,,,,,,,,,,1469.682373046875,,23.703054428100586,,0.7417029142379761,,38.3364372253418
,8241,,,,,,,,,,1723.3203125,,25.13801383972168,,0.6385826468467712,,41.51289367675781
,8242,,,,,,,,,,3235.054931640625,,41.19310760498047,,0.6165552735328674,,56.87754440307617
,8243,,,,,,,,,,1599.7266845703125,,23.180421829223633,,0.7004546523094177,,39.99658203125
,8244,,,,,,,,,,2349.704833984375,,30.885066986083984,,0.720935046672821,,48.4737548828125
,8245,,,,,,,,,,1636.9600830078125,,24.952037811279297,,0.7145350575447083,,40.45936584472656
,8246,,,,,,,,,,1306.6976318359375,,21.3292236328125,,0.6840413212776184,,36.14827346801758
,8247,,,,,,,,,,1795.389404296875,,27.932117462158203,,0.6551570296287537,,42.37203598022461
,8248,,,,,,,,,,1338.4261474609375,,22.309642791748047,,0.7832999229431152,,36.58450698852539
,8249,,,,,,,,,,2644.218505859375,,31.885482788085938,,0.7008260488510132,,51.421966552734375
,8250,,,,,,,,,,1656.2877197265625,,24.66109848022461,,0.6489197015762329,,40.697513580322266
,8251,,,,,,,,,,867.7035522460938,,17.21775245666504,,0.6969478130340576,,29.45680809020996
,8252,,,,,,,,,,1751.9398193359375,,23.06925392150879,,0.7101055383682251,,41.856178283691406
,8253,,,,,,,,,,1200.736328125,,17.229642868041992,,0.6773935556411743,,34.651641845703125
,8254,,,,,,,,,,2047.721923828125,,28.976896286010742,,0.7115128636360168,,45.25176239013672
,8255,,,,,,,,,,2042.862060546875,,29.5557804107666,,0.6608109474182129,,45.19803237915039
,8256,,,,,,,,,,1767.723388671875,,26.870332717895508,,0.6907708644866943,,42.04430389404297
,8257,,,,,,,,,,1788.357421875,,26.113313674926758,,0.7052910327911377,,42.28897476196289
,8258,,,,,,,,,,1318.2349853515625,,20.14487648010254,,0.729218602180481,,36.3075065612793
,8259,,,,,,,,,,2464.475830078125,,30.24359893798828,,0.6894497871398926,,49.64348602294922
,8260,,,,,,,,,,2261.65576171875,,31.422056198120117,,0.6973227262496948,,47.55686950683594
,8261,,,,,,,,,,1731.38427734375,,25.62273597717285,,0.6732747554779053,,41.60990905761719
,8262,,,,,,,,,,1602.7279052734375,,25.715938568115234,,0.7191849946975708,,40.03408432006836
,8263,,,,,,,,,,1826.6585693359375,,29.20315170288086,,0.5886839032173157,,42.73942565917969
,8264,,,,,,,,,,989.594482421875,,17.535051345825195,,0.7119348049163818,,31.457820892333984
,8265,,,,,,,,,,1178.84130859375,,20.381786346435547,,0.704150915145874,,34.33425521850586
,8266,,,,,,,,,,1334.3297119140625,,22.285430908203125,,0.7004345655441284,,36.52847671508789
,8267,,,,,,,,,,1248.75537109375,,21.46001434326172,,0.7528394460678101,,35.33773422241211
,8268,,,,,,,,,,1482.6939697265625,,24.125789642333984,,0.6817827224731445,,38.50576400756836
,8269,,,,,,,,,,3545.541748046875,,34.129364013671875,,0.601345419883728,,59.54444885253906
,8270,,,,,,,,,,939.0906982421875,,14.851766586303711,,0.6952220797538757,,30.64458656311035
,8271,,,,,,,,,,1381.55078125,,23.973663330078125,,0.6515060663223267,,37.169219970703125
,8272,,,,,,,,,,1734.5250244140625,,27.56134796142578,,0.6465030908584595,,41.64763259887695
,8273,,,,,,,,,,1866.235107421875,,30.186220169067383,,0.6752133369445801,,43.19994354248047
,8274,,,,,,,,,,1541.235595703125,,26.943422317504883,,0.6663961410522461,,39.258575439453125
,8275,,,,,,,,,,1428.3564453125,,23.952383041381836,,0.7748384475708008,,37.793601989746094
,8276,,,,,,,,,,1083.4837646484375,,19.398473739624023,,0.7307095527648926,,32.91631317138672
,8277,,,,,,,,,,1302.3939208984375,,20.189607620239258,,0.7714187502861023,,36.08869552612305
,8278,,,,,,,,,,1760.728515625,,28.34920883178711,,0.7407780885696411,,41.961036682128906
,8279,,,,,,,,,,1406.5911865234375,,22.727813720703125,,0.7739518284797668,,37.504547119140625
,8280,,,,,,,,,,1328.0755615234375,,21.365236282348633,,0.67243891954422,,36.442771911621094
,8281,,,,,,,,,,1847.1307373046875,,27.994421005249023,,0.7094999551773071,,42.9782600402832
,8282,,,,,,,,,,1466.651611328125,,23.285676956176758,,0.7239131927490234,,38.2968864440918
,8283,,,,,,,,,,1575.906494140625,,25.38092613220215,,0.664419412612915,,39.697689056396484
,8284,,,,,,,,,,1504.5023193359375,,23.157760620117188,,0.7072715163230896,,38.78791427612305
,8285,,,,,,,,,,1333.685791015625,,19.690814971923828,,0.6909068822860718,,36.5196647644043
,8286,,,,,,,,,,1309.617431640625,,21.478546142578125,,0.7866280674934387,,36.188636779785156
,8287,,,,,,,,,,1924.146728515625,,28.324108123779297,,0.6919539570808411,,43.86509704589844
,8288,,,,,,,,,,1763.5257568359375,,24.823347091674805,,0.7443057298660278,,41.994354248046875
,8289,,,,,,,,,,1809.9066162109375,,28.37264633178711,,0.6984038352966309,,42.54299545288086
,8290,,,,,,,,,,1943.1231689453125,,27.402334213256836,,0.6967360973358154,,44.08087158203125
,8291,,,,,,,,,,1114.177734375,,18.190750122070312,,0.721909761428833,,33.37929916381836
,8292,,,,,,,,,,1641.5228271484375,,24.279396057128906,,0.7277668714523315,,40.51571273803711
,8293,,,,,,,,,,2320.262451171875,,32.87492370605469,,0.613976240158081,,48.16910171508789
,8294,,,,,,,,,,1392.267578125,,21.34477424621582,,0.6830276250839233,,37.31310272216797
,8295,,,,,,,,,,1655.532470703125,,23.77056121826172,,0.7204240560531616,,40.688236236572266
,8296,,,,,,,,,,1597.753173828125,,24.413497924804688,,0.6432763338088989,,39.97190475463867
,8297,,,,,,,,,,2069.793701171875,,30.4856014251709,,0.6748310327529907,,45.4949836730957
,8298,,,,,,,,,,1650.9075927734375,,26.778217315673828,,0.7080318927764893,,40.63136291503906
,8299,,,,,,,,,,2127.529052734375,,29.655324935913086,,0.7315157651901245,,46.125144958496094
,8300,,,,,,,,,,1799.421875,,27.81999397277832,,0.6723670959472656,,42.419593811035156
,8301,,,,,,,,,,1623.4649658203125,,22.72929573059082,,0.7516418099403381,,40.29224395751953
,8302,,,,,,,,,,1485.6690673828125,,21.630855560302734,,0.7133592367172241,,38.544376373291016
,8303,,,,,,,,,,1381.4412841796875,,23.016633987426758,,0.68182373046875,,37.16774368286133
,8304,,,,,,,,,,1774.951904296875,,25.762359619140625,,0.6809428334236145,,42.13018035888672
,8305,,,,,,,,,,2355.465576171875,,32.61484146118164,,0.6615828275680542,,48.533138275146484
,8306,,,,,,,,,,1242.709716796875,,22.304574966430664,,0.6323137879371643,,35.2520866394043
,8307,,,,,,,,,,1686.2216796875,,25.368972778320312,,0.732658863067627,,41.063629150390625
,8308,,,,,,,,,,1438.3787841796875,,22.293725967407227,,0.6435077786445618,,37.92596435546875
,8309,,,,,,,,,,1964.7445068359375,,29.467504501342773,,0.6867796182632446,,44.325439453125
,8310,,,,,,,,,,1380.0255126953125,,23.815717697143555,,0.6841588616371155,,37.1486930847168
,8311,,,,,,,,,,1283.25830078125,,21.37376594543457,,0.7394977807998657,,35.822593688964844
,8312,,,,,,,,,,1809.42724609375,,24.786029815673828,,0.7493994235992432,,42.53736114501953
,8313,,,,,,,,,,1574.220703125,,25.2939395904541,,0.7219784259796143,,39.676448822021484
,8314,,,,,,,,,,1543.2618408203125,,23.525192260742188,,0.7604665756225586,,39.28437042236328
,8315,,,,,,,,,,886.4275512695312,,15.475713729858398,,0.8139078617095947,,29.772933959960938
53,24947,,,,,,,,,1665.033447265625,,25.080656051635742,,0.7024529576301575,,40.5130729675293,
53,24947,1505.939453125,,23.921144485473633,,0.7202703952789307,,38.55223846435547,,,,,,,,,
54,24949,,1224.0330810546875,,18.903345108032227,,0.7655318379402161,,34.986183166503906,,,,,,,,
54,24999,,1402.07666015625,,24.127288818359375,,0.7007723450660706,,37.444313049316406,,,,,,,,
54,25049,,1419.8470458984375,,24.024187088012695,,0.752201497554779,,37.68085861206055,,,,,,,,
54,25099,,943.0886840820312,,16.619529724121094,,0.7453824281692505,,30.709749221801758,,,,,,,,
54,25149,,1319.2606201171875,,23.745624542236328,,0.761974036693573,,36.321624755859375,,,,,,,,
54,25199,,1905.68896484375,,28.76219940185547,,0.7569507360458374,,43.654197692871094,,,,,,,,
54,25249,,1035.2889404296875,,18.986413955688477,,0.778702974319458,,32.175907135009766,,,,,,,,
54,25299,,1497.7235107421875,,24.500946044921875,,0.6995291113853455,,38.70043182373047,,,,,,,,
54,25349,,1252.9132080078125,,20.95220947265625,,0.710171103477478,,35.396514892578125,,,,,,,,
54,25399,,1703.8035888671875,,27.06368064880371,,0.7004475593566895,,41.277156829833984,,,,,,,,
,8316,,,,,,,,,,2201.920166015625,,27.34468650817871,,0.7159904837608337,,46.92462158203125
,8317,,,,,,,,,,1784.6588134765625,,24.122053146362305,,0.7350586652755737,,42.24522399902344
,8318,,,,,,,,,,2001.400634765625,,29.0418758392334,,0.6915144324302673,,44.73701477050781
,8319,,,,,,,,,,2156.133544921875,,30.21665382385254,,0.6586719751358032,,46.43418884277344
,8320,,,,,,,,,,2007.541015625,,24.82685661315918,,0.6623371243476868,,44.80559158325195
,8321,,,,,,,,,,1828.1798095703125,,26.849111557006836,,0.632095217704773,,42.75722122192383
,8322,,,,,,,,,,1375.769287109375,,21.04802894592285,,0.70992511510849,,37.091365814208984
,8323,,,,,,,,,,1909.0477294921875,,26.355575561523438,,0.7238855957984924,,43.692649841308594
,8324,,,,,,,,,,2269.486328125,,33.97345733642578,,0.5798773765563965,,47.63912582397461
,8325,,,,,,,,,,1202.2886962890625,,20.567420959472656,,0.7003456354141235,,34.674034118652344
,8326,,,,,,,,,,1383.3831787109375,,20.0875244140625,,0.7421390414237976,,37.1938591003418
,8327,,,,,,,,,,1820.33837890625,,27.252111434936523,,0.715745210647583,,42.66542434692383
,8328,,,,,,,,,,1761.5218505859375,,26.42653465270996,,0.7570443153381348,,41.970489501953125
,8329,,,,,,,,,,1277.495849609375,,22.57167625427246,,0.7497155070304871,,35.7420768737793
,8330,,,,,,,,,,1209.90625,,18.915189743041992,,0.7517120838165283,,34.78370666503906
,8331,,,,,,,,,,1642.933837890625,,27.089975357055664,,0.6930749416351318,,40.53312301635742
,8332,,,,,,,,,,1705.199462890625,,23.039575576782227,,0.7501382231712341,,41.29405975341797
,8333,,,,,,,,,,1333.2569580078125,,19.447359085083008,,0.7377896308898926,,36.513790130615234
,8334,,,,,,,,,,1628.84765625,,23.60000228881836,,0.7044113874435425,,40.358985900878906
,8335,,,,,,,,,,1400.6683349609375,,22.475305557250977,,0.6903110146522522,,37.42550277709961
,8336,,,,,,,,,,1713.7879638671875,,25.423511505126953,,0.7379530668258667,,41.39792251586914
,8337,,,,,,,,,,2088.432373046875,,28.883424758911133,,0.6872812509536743,,45.699371337890625
,8338,,,,,,,,,,2003.600830078125,,29.774343490600586,,0.7092791795730591,,44.761600494384766
,8339,,,,,,,,,,2184.0810546875,,31.62143898010254,,0.6565577983856201,,46.73414993286133
,8340,,,,,,,,,,1687.3270263671875,,26.998716354370117,,0.7066487073898315,,41.07708740234375
,8341,,,,,,,,,,1448.7642822265625,,25.545433044433594,,0.6847724914550781,,38.06263732910156
,8342,,,,,,,,,,993.021484375,,15.941411018371582,,0.7913900017738342,,31.512245178222656
,8343,,,,,,,,,,2254.669189453125,,31.256717681884766,,0.6771869659423828,,47.48335647583008
,8344,,,,,,,,,,2760.106201171875,,32.002784729003906,,0.5454351902008057,,52.536712646484375
,8345,,,,,,,,,,1194.3553466796875,,20.15387725830078,,0.7083944082260132,,34.559444427490234
,8346,,,,,,,,,,1237.0238037109375,,20.95427894592285,,0.6816140413284302,,35.17135238647461
,8347,,,,,,,,,,1183.4559326171875,,21.029184341430664,,0.747252345085144,,34.40139389038086
,8348,,,,,,,,,,1204.899169921875,,20.928848266601562,,0.7189701795578003,,34.71165466308594
,8349,,,,,,,,,,1462.955322265625,,23.14183235168457,,0.7478445768356323,,38.248600006103516
,8350,,,,,,,,,,1502.3238525390625,,23.117950439453125,,0.7311375141143799,,38.759822845458984
,8351,,,,,,,,,,1063.1285400390625,,19.06147575378418,,0.7366346120834351,,32.60565185546875
,8352,,,,,,,,,,1424.4473876953125,,22.67599105834961,,0.6597808599472046,,37.741851806640625
,8353,,,,,,,,,,1689.560791015625,,25.79332733154297,,0.6890071630477905,,41.10426712036133
,8354,,,,,,,,,,1772.480712890625,,25.980451583862305,,0.7242507934570312,,42.1008415222168
,8355,,,,,,,,,,1553.407958984375,,22.443267822265625,,0.7644630074501038,,39.41329574584961
,8356,,,,,,,,,,1953.752685546875,,29.452346801757812,,0.6704719066619873,,44.20127487182617
,8357,,,,,,,,,,1495.5069580078125,,23.280759811401367,,0.6924901008605957,,38.671783447265625
,8358,,,,,,,,,,1331.924560546875,,20.649091720581055,,0.6833469271659851,,36.49554443359375
,8359,,,,,,,,,,1504.4873046875,,23.730735778808594,,0.7142624855041504,,38.7877197265625
,8360,,,,,,,,,,1547.8165283203125,,22.645116806030273,,0.6997404098510742,,39.34230041503906
,8361,,,,,,,,,,1674.1700439453125,,26.892974853515625,,0.6779558658599854,,40.916622161865234
,8362,,,,,,,,,,1481.7384033203125,,23.11520004272461,,0.7395197153091431,,38.49335479736328
,8363,,,,,,,,,,1820.9097900390625,,28.97748565673828,,0.6852490305900574,,42.672119140625
,8364,,,,,,,,,,1749.6573486328125,,28.15419578552246,,0.655434250831604,,41.82890701293945
,8365,,,,,,,,,,2612.36376953125,,35.58681106567383,,0.6816433668136597,,51.11128616333008
,8366,,,,,,,,,,1307.1083984375,,20.76557731628418,,0.7486928701400757,,36.153953552246094
,8367,,,,,,,,,,1714.3035888671875,,25.500835418701172,,0.7453720569610596,,41.40414810180664
,8368,,,,,,,,,,1795.19482421875,,28.542709350585938,,0.6804066896438599,,42.3697395324707
,8369,,,,,,,,,,1445.2791748046875,,22.37969970703125,,0.7795188426971436,,38.01683044433594
,8370,,,,,,,,,,1430.7552490234375,,23.79456329345703,,0.6860274076461792,,37.82532501220703
,8371,,,,,,,,,,1647.4210205078125,,27.42060089111328,,0.7165828347206116,,40.58843231201172
,8372,,,,,,,,,,1134.1939697265625,,22.400768280029297,,0.6252752542495728,,33.67779541015625
,8373,,,,,,,,,,1185.7847900390625,,20.52155303955078,,0.7618801593780518,,34.43522644042969
,8374,,,,,,,,,,1585.8759765625,,24.607851028442383,,0.6663088202476501,,39.82305908203125
,8375,,,,,,,,,,1892.243896484375,,27.199504852294922,,0.7048773765563965,,43.49993133544922
,8376,,,,,,,,,,1439.3419189453125,,22.43523406982422,,0.7697435617446899,,37.93865966796875
,8377,,,,,,,,,,2519.3662109375,,31.171735763549805,,0.6681889891624451,,50.19328689575195
,8378,,,,,,,,,,2072.35400390625,,30.284727096557617,,0.7023553848266602,,45.52311706542969
,8379,,,,,,,,,,1879.2005615234375,,28.473785400390625,,0.6516793966293335,,43.34974670410156
,8380,,,,,,,,,,1340.891357421875,,23.167280197143555,,0.7172544598579407,,36.61818313598633
,8381,,,,,,,,,,1651.6617431640625,,24.26688575744629,,0.7419044375419617,,40.64064025878906
,8382,,,,,,,,,,1594.144775390625,,26.240692138671875,,0.7119851112365723,,39.92674255371094
,8383,,,,,,,,,,1394.051025390625,,22.289127349853516,,0.7677311301231384,,37.33699035644531
,8384,,,,,,,,,,2076.762939453125,,26.74695587158203,,0.7069167494773865,,45.57151794433594
,8385,,,,,,,,,,1656.8668212890625,,26.119110107421875,,0.7333810329437256,,40.704627990722656
,8386,,,,,,,,,,1310.4447021484375,,21.334373474121094,,0.7379234433174133,,36.20006561279297
,8387,,,,,,,,,,1638.0303955078125,,25.320453643798828,,0.7193173170089722,,40.472591400146484
,8388,,,,,,,,,,2198.146240234375,,31.588979721069336,,0.6912301182746887,,46.8843879699707
,8389,,,,,,,,,,2213.553955078125,,32.38148880004883,,0.6273474097251892,,47.04841995239258
,8390,,,,,,,,,,1770.213623046875,,26.887218475341797,,0.6888586282730103,,42.07390594482422
,8391,,,,,,,,,,1664.8494873046875,,24.17424201965332,,0.7383127808570862,,40.80256652832031
,8392,,,,,,,,,,1909.926025390625,,28.572816848754883,,0.6141495108604431,,43.702701568603516
,8393,,,,,,,,,,1303.6536865234375,,21.807477951049805,,0.7698588371276855,,36.106143951416016
,8394,,,,,,,,,,1455.858642578125,,23.663732528686523,,0.744132399559021,,38.15571594238281
,8395,,,,,,,,,,1728.119140625,,25.23057746887207,,0.6375762224197388,,41.57065200805664
,8396,,,,,,,,,,3243.46435546875,,41.30466842651367,,0.6155585050582886,,56.951419830322266
,8397,,,,,,,,,,1607.3818359375,,23.242782592773438,,0.6990212202072144,,40.092166900634766
,8398,,,,,,,,,,2329.36767578125,,30.890810012817383,,0.7233504056930542,,48.26352310180664
,8399,,,,,,,,,,1652.740478515625,,25.108816146850586,,0.7117831707000732,,40.65391159057617
,8400,,,,,,,,,,1300.3558349609375,,21.30841636657715,,0.6855747699737549,,36.060447692871094
,8401,,,,,,,,,,1808.15625,,28.042272567749023,,0.6527048945426941,,42.52241897583008
,8402,,,,,,,,,,1335.8909912109375,,22.284521102905273,,0.7837103605270386,,36.549842834472656
,8403,,,,,,,,,,2619.08740234375,,31.836496353149414,,0.7036694288253784,,51.17702102661133
,8404,,,,,,,,,,1662.9312744140625,,24.75518035888672,,0.6475114822387695,,40.779056549072266
,8405,,,,,,,,,,874.4261474609375,,17.32347869873047,,0.6945998668670654,,29.570697784423828
,8406,,,,,,,,,,1752.136962890625,,23.08966827392578,,0.710072934627533,,41.8585319519043
,8407,,,,,,,,,,1211.333984375,,17.300735473632812,,0.6745462417602539,,34.80422592163086
,8408,,,,,,,,,,2041.5560302734375,,28.960514068603516,,0.7123815417289734,,45.1835823059082
,8409,,,,,,,,,,2048.0302734375,,29.618282318115234,,0.6599527597427368,,45.25516891479492
,8410,,,,,,,,,,1780.2452392578125,,26.977785110473633,,0.6885803937911987,,42.19295120239258
,8411,,,,,,,,,,1790.7305908203125,,26.17083168029785,,0.7048999071121216,,42.31702423095703
,8412,,,,,,,,,,1321.893798828125,,20.1398868560791,,0.7284669876098633,,36.35785675048828
,8413,,,,,,,,,,2463.853515625,,30.281457901000977,,0.6895281076431274,,49.6372184753418
,8414,,,,,,,,,,2263.355224609375,,31.457456588745117,,0.6970952749252319,,47.57473373413086
,8415,,,,,,,,,,1731.92041015625,,25.655630111694336,,0.6731735467910767,,41.61634826660156
,8416,,,,,,,,,,1608.044677734375,,25.76548194885254,,0.718253493309021,,40.100433349609375
,8417,,,,,,,,,,1833.39990234375,,29.304014205932617,,0.5871659517288208,,42.81821823120117
,8418,,,,,,,,,,991.1966552734375,,17.56316375732422,,0.7114684581756592,,31.4832763671875
,8419,,,,,,,,,,1183.7838134765625,,20.524946212768555,,0.7029104232788086,,34.406158447265625
,8420,,,,,,,,,,1332.735595703125,,22.29926109313965,,0.7007924318313599,,36.50665283203125
,8421,,,,,,,,,,1251.048583984375,,21.50446128845215,,0.7523854970932007,,35.37016677856445
,8422,,,,,,,,,,1481.7264404296875,,24.121206283569336,,0.681990385055542,,38.49319839477539
,8423,,,,,,,,,,3536.137939453125,,34.1285514831543,,0.6024027466773987,,59.465431213378906
,8424,,,,,,,,,,934.217529296875,,14.814102172851562,,0.696803629398346,,30.564973831176758
,8425,,,,,,,,,,1396.8353271484375,,24.093610763549805,,0.6476505994796753,,37.37425994873047
,8426,,,,,,,,,,1738.9600830078125,,27.628904342651367,,0.6455992460250854,,41.70083999633789
,8427,,,,,,,,,,1876.3575439453125,,30.27684783935547,,0.6734516620635986,,43.31694412231445
,8428,,,,,,,,,,1546.8514404296875,,27.006999969482422,,0.6651805639266968,,39.33003234863281
,8429,,,,,,,,,,1431.2890625,,23.985485076904297,,0.7743761539459229,,37.83237838745117
,8430,,,,,,,,,,1084.389892578125,,19.453880310058594,,0.7304843664169312,,32.930076599121094
,8431,,,,,,,,,,1304.7962646484375,,20.201950073242188,,0.7709971070289612,,36.12196350097656
,8432,,,,,,,,,,1767.8704833984375,,28.48598861694336,,0.7397265434265137,,42.04605484008789
,8433,,,,,,,,,,1408.0941162109375,,22.80682945251465,,0.7737102508544922,,37.52458190917969
,8434,,,,,,,,,,1343.4962158203125,,21.47791290283203,,0.6686354875564575,,36.65373229980469
,8435,,,,,,,,,,1862.3175048828125,,28.142908096313477,,0.7071114778518677,,43.15457534790039
,8436,,,,,,,,,,1489.28857421875,,23.505035400390625,,0.7196519374847412,,38.59130096435547
,8437,,,,,,,,,,1575.2669677734375,,25.393247604370117,,0.6645556092262268,,39.689632415771484
,8438,,,,,,,,,,1498.4007568359375,,23.12053871154785,,0.708458662033081,,38.70918273925781
,8439,,,,,,,,,,1337.0179443359375,,19.706748962402344,,0.6901346445083618,,36.56525421142578
,8440,,,,,,,,,,1308.6875,,21.48904037475586,,0.786779522895813,,36.175785064697266
,8441,,,,,,,,,,1920.4835205078125,,28.3481388092041,,0.6925404071807861,,43.82332229614258
,8442,,,,,,,,,,1750.3511962890625,,24.749683380126953,,0.7462159395217896,,41.83720016479492
,8443,,,,,,,,,,1807.64892578125,,28.37713623046875,,0.6987800002098083,,42.516456604003906
,8444,,,,,,,,,,1942.930419921875,,27.405811309814453,,0.696766197681427,,44.07868576049805
,8445,,,,,,,,,,1111.479736328125,,18.157817840576172,,0.7225831747055054,,33.338863372802734
,8446,,,,,,,,,,1643.8624267578125,,24.34339141845703,,0.7273789048194885,,40.54457473754883
,8447,,,,,,,,,,2325.99755859375,,32.92251968383789,,0.6130220890045166,,48.22859573364258
,8448,,,,,,,,,,1397.974609375,,21.407594680786133,,0.6817283630371094,,37.38949966430664
,8449,,,,,,,,,,1657.187744140625,,23.793306350708008,,0.720144510269165,,40.70857238769531
,8450,,,,,,,,,,1601.7208251953125,,24.45355987548828,,0.6423904895782471,,40.02150344848633
,8451,,,,,,,,,,2072.108154296875,,30.51131820678711,,0.6744674444198608,,45.520416259765625
,8452,,,,,,,,,,1658.6328125,,26.889545440673828,,0.7066656351089478,,40.726314544677734
,8453,,,,,,,,,,2112.549560546875,,29.55901527404785,,0.7334060668945312,,45.96247863769531
,8454,,,,,,,,,,1804.77783203125,,27.925329208374023,,0.6713919043540955,,42.4826774597168
,8455,,,,,,,,,,1617.912109375,,22.723453521728516,,0.752491295337677,,40.2232780456543
,8456,,,,,,,,,,1490.0047607421875,,21.683040618896484,,0.7125226259231567,,38.60057830810547
,8457,,,,,,,,,,1379.72021484375,,22.988861083984375,,0.6822201013565063,,37.14458465576172
,8458,,,,,,,,,,1776.7476806640625,,25.805021286010742,,0.680620014667511,,42.151485443115234
,8459,,,,,,,,,,2356.51708984375,,32.66697311401367,,0.6614317893981934,,48.54397201538086
,8460,,,,,,,,,,1250.88427734375,,22.379680633544922,,0.6298952102661133,,35.36783981323242
,8461,,,,,,,,,,1688.975341796875,,25.334815979003906,,0.7322222590446472,,41.097145080566406
,8462,,,,,,,,,,1447.6077880859375,,22.390411376953125,,0.6412204504013062,,38.04743957519531
,8463,,,,,,,,,,1964.906005859375,,29.486526489257812,,0.6867538690567017,,44.3272590637207
,8464,,,,,,,,,,1380.563232421875,,23.814258575439453,,0.6840357780456543,,37.15592956542969
,8465,,,,,,,,,,1291.00390625,,21.441326141357422,,0.7379254102706909,,35.9305419921875
,8466,,,,,,,,,,1804.1060791015625,,24.783016204833984,,0.7501363754272461,,42.474769592285156
,8467,,,,,,,,,,1578.4820556640625,,25.399438858032227,,0.7212257981300354,,39.7301139831543
,8468,,,,,,,,,,1540.6861572265625,,23.541353225708008,,0.7608663439750671,,39.2515754699707
,8469,,,,,,,,,,887.7073364257812,,15.4826078414917,,0.8136391639709473,,29.794418334960938
54,25409,,,,,,,,,1667.9835205078125,,25.126501083374023,,0.7018581628799438,,40.55034255981445,
54,25409,1500.1810302734375,,23.865875244140625,,0.7206573486328125,,38.46282958984375,,,,,,,,,
