epoch,step,train_loss_epoch,train_loss_step,train_mae_epoch,train_mae_step,train_r2_epoch,train_r2_step,train_rmse_epoch,train_rmse_step,val_loss_epoch,val_loss_step,val_mae_epoch,val_mae_step,val_r2_epoch,val_r2_step,val_rmse_epoch,val_rmse_step
0,49,,13091.7724609375,,83.79729461669922,,-0.7140464782714844,,114.4192886352539,,,,,,,,
0,99,,10525.6787109375,,74.51921081542969,,-0.5726871490478516,,102.59473419189453,,,,,,,,
0,149,,5191.6787109375,,42.45243453979492,,0.21505433320999146,,72.05330657958984,,,,,,,,
0,199,,6397.62744140625,,56.49256134033203,,0.10372275114059448,,79.98516845703125,,,,,,,,
0,249,,2398.904052734375,,30.13115119934082,,0.5629560947418213,,48.978607177734375,,,,,,,,
0,299,,7927.85009765625,,63.99968338012695,,-0.2847757339477539,,89.0384750366211,,,,,,,,
0,349,,3517.382080078125,,37.37956619262695,,0.4768165349960327,,59.30752182006836,,,,,,,,
0,399,,3533.455078125,,39.913185119628906,,0.27411288022994995,,59.44287109375,,,,,,,,
0,449,,3536.739013671875,,38.54890060424805,,0.5237300992012024,,59.470489501953125,,,,,,,,
,0,,,,,,,,,,2538.65087890625,,28.85873031616211,,0.6339437961578369,,50.38502502441406
,1,,,,,,,,,,1817.326904296875,,24.074209213256836,,0.6761252880096436,,42.6301155090332
,2,,,,,,,,,,2265.084716796875,,27.184030532836914,,0.6552183628082275,,47.5929069519043
,3,,,,,,,,,,3417.53466796875,,38.3419189453125,,0.5872353315353394,,58.45968246459961
,4,,,,,,,,,,2658.1015625,,30.293455123901367,,0.5736929178237915,,51.55678176879883
,5,,,,,,,,,,2448.020263671875,,30.48575782775879,,0.5868302583694458,,49.47747039794922
,6,,,,,,,,,,2028.83837890625,,24.471424102783203,,0.6263402700424194,,45.04262924194336
,7,,,,,,,,,,3195.38525390625,,33.69388961791992,,0.6223422288894653,,56.52773666381836
,8,,,,,,,,,,3107.742919921875,,38.86280059814453,,0.5292150974273682,,55.747135162353516
,9,,,,,,,,,,2141.2822265625,,25.672903060913086,,0.555701732635498,,46.273990631103516
,10,,,,,,,,,,2589.282470703125,,25.256914138793945,,0.5317927598953247,,50.88499069213867
,11,,,,,,,,,,2805.747314453125,,33.13093185424805,,0.5861818790435791,,52.96930694580078
,12,,,,,,,,,,2542.856689453125,,28.659557342529297,,0.5702075958251953,,50.4267463684082
,13,,,,,,,,,,2726.46826171875,,30.14446258544922,,0.578168511390686,,52.21559524536133
,14,,,,,,,,,,2001.2982177734375,,22.32489585876465,,0.6202334761619568,,44.735870361328125
,15,,,,,,,,,,3206.229248046875,,35.785884857177734,,0.5481412410736084,,56.623573303222656
,16,,,,,,,,,,1660.117431640625,,21.80858039855957,,0.6911555528640747,,40.744537353515625
,17,,,,,,,,,,2233.308837890625,,24.20692253112793,,0.6480892896652222,,47.25789260864258
,18,,,,,,,,,,1862.51220703125,,24.84162712097168,,0.6852394938468933,,43.15683364868164
,19,,,,,,,,,,2745.099365234375,,30.22873306274414,,0.557604193687439,,52.39369583129883
,20,,,,,,,,,,2064.53662109375,,25.441852569580078,,0.6707322597503662,,45.437171936035156
,21,,,,,,,,,,2556.722900390625,,32.195133209228516,,0.5993152856826782,,50.564048767089844
,22,,,,,,,,,,2430.2890625,,30.531850814819336,,0.617332935333252,,49.29796600341797
,23,,,,,,,,,,3678.799560546875,,40.38157272338867,,0.5186578035354614,,60.653106689453125
,24,,,,,,,,,,3661.76416015625,,38.77297592163086,,0.5095017552375793,,60.51251220703125
,25,,,,,,,,,,3068.2841796875,,34.09192657470703,,0.5886064767837524,,55.392093658447266
,26,,,,,,,,,,1482.258056640625,,17.43840789794922,,0.6477243900299072,,38.50010299682617
,27,,,,,,,,,,3114.77978515625,,35.10200119018555,,0.5729511976242065,,55.810211181640625
,28,,,,,,,,,,2759.087646484375,,34.03528594970703,,0.533758282661438,,52.52701950073242
,29,,,,,,,,,,3090.88037109375,,31.216567993164062,,0.5967273712158203,,55.59568405151367
,30,,,,,,,,,,2515.5634765625,,27.807621002197266,,0.5507431626319885,,50.155391693115234
,31,,,,,,,,,,2758.668212890625,,30.121644973754883,,0.5466450452804565,,52.52302169799805
,32,,,,,,,,,,2244.549072265625,,26.630647659301758,,0.6519821882247925,,47.376670837402344
,33,,,,,,,,,,2617.177734375,,28.420520782470703,,0.6422691345214844,,51.15835952758789
,34,,,,,,,,,,3899.68115234375,,35.210750579833984,,0.5272696614265442,,62.44742965698242
,35,,,,,,,,,,2269.17431640625,,25.2936954498291,,0.5808631777763367,,47.6358528137207
,36,,,,,,,,,,3392.049560546875,,32.28059387207031,,0.4609309434890747,,58.24130630493164
,37,,,,,,,,,,2243.6728515625,,27.669281005859375,,0.5665956735610962,,47.36742401123047
,38,,,,,,,,,,2751.987548828125,,30.259510040283203,,0.6368395090103149,,52.459388732910156
,39,,,,,,,,,,2409.386962890625,,26.259065628051758,,0.6533944010734558,,49.085506439208984
,40,,,,,,,,,,3038.200927734375,,36.55955123901367,,0.5297713875770569,,55.119876861572266
,41,,,,,,,,,,2465.148681640625,,29.434816360473633,,0.5745000243186951,,49.650264739990234
,42,,,,,,,,,,2474.7041015625,,26.917463302612305,,0.5783909559249878,,49.74639892578125
,43,,,,,,,,,,4239.59326171875,,38.85353088378906,,0.43361347913742065,,65.1121597290039
,44,,,,,,,,,,2749.9111328125,,29.468631744384766,,0.527957558631897,,52.43959426879883
,45,,,,,,,,,,2837.478759765625,,32.65243911743164,,0.617557168006897,,53.26799011230469
,46,,,,,,,,,,2338.236572265625,,28.18198585510254,,0.5983497500419617,,48.355316162109375
,47,,,,,,,,,,2618.4658203125,,32.801734924316406,,0.5470778942108154,,51.17094421386719
,48,,,,,,,,,,3233.719970703125,,37.094085693359375,,0.5483286380767822,,56.865806579589844
,49,,,,,,,,,,3136.53076171875,,37.4830322265625,,0.575700044631958,,56.004737854003906
,50,,,,,,,,,,2786.303466796875,,27.512943267822266,,0.5144989490509033,,52.78544616699219
,51,,,,,,,,,,2913.421875,,31.798526763916016,,0.6590989232063293,,53.97612380981445
,52,,,,,,,,,,3608.75537109375,,37.88279342651367,,0.43604451417922974,,60.07291793823242
,53,,,,,,,,,,2903.720703125,,30.58246421813965,,0.6154277920722961,,53.88618469238281
,54,,,,,,,,,,3151.904052734375,,33.026851654052734,,0.5964155793190002,,56.14181900024414
,55,,,,,,,,,,2306.548828125,,31.445110321044922,,0.6082398891448975,,48.02653884887695
,56,,,,,,,,,,2748.302490234375,,33.06588363647461,,0.519062876701355,,52.42425537109375
,57,,,,,,,,,,2788.915771484375,,29.95431137084961,,0.6103718280792236,,52.810184478759766
,58,,,,,,,,,,2949.337158203125,,32.08101272583008,,0.5184275507926941,,54.307804107666016
,59,,,,,,,,,,2138.95556640625,,28.51615333557129,,0.6558248996734619,,46.248844146728516
,60,,,,,,,,,,1890.716796875,,24.71747589111328,,0.6872208118438721,,43.48237228393555
,61,,,,,,,,,,2644.041748046875,,31.37136459350586,,0.6063636541366577,,51.42024612426758
,62,,,,,,,,,,2714.022216796875,,32.912567138671875,,0.5688449144363403,,52.09627914428711
,63,,,,,,,,,,2681.9814453125,,32.779075622558594,,0.594612717628479,,51.78784942626953
,64,,,,,,,,,,3520.177978515625,,35.86660385131836,,0.5462914705276489,,59.33108901977539
,65,,,,,,,,,,2037.038330078125,,26.372800827026367,,0.6788382530212402,,45.13356018066406
,66,,,,,,,,,,3130.661376953125,,34.08149337768555,,0.49690282344818115,,55.95231246948242
,67,,,,,,,,,,2840.701904296875,,31.285144805908203,,0.592560887336731,,53.29823684692383
,68,,,,,,,,,,2488.63916015625,,27.32302474975586,,0.5480983257293701,,49.886260986328125
,69,,,,,,,,,,2637.41259765625,,30.47796058654785,,0.546951174736023,,51.35574722290039
,70,,,,,,,,,,2552.6328125,,27.989173889160156,,0.6429905295372009,,50.52358627319336
,71,,,,,,,,,,2773.69580078125,,29.972383499145508,,0.6001240015029907,,52.665889739990234
,72,,,,,,,,,,4691.82470703125,,46.66374588012695,,0.4581381678581238,,68.49689483642578
,73,,,,,,,,,,3357.770263671875,,37.84830093383789,,0.48491036891937256,,57.94626998901367
,74,,,,,,,,,,2885.85498046875,,32.634674072265625,,0.5820127725601196,,53.72015380859375
,75,,,,,,,,,,2406.45751953125,,27.604917526245117,,0.6453415751457214,,49.05565643310547
,76,,,,,,,,,,4377.48486328125,,43.87521743774414,,0.4030125141143799,,66.16256713867188
,77,,,,,,,,,,2544.43603515625,,29.19263458251953,,0.6102660894393921,,50.44240188598633
,78,,,,,,,,,,2955.55859375,,32.697547912597656,,0.4992132782936096,,54.36505126953125
,79,,,,,,,,,,2587.911376953125,,29.397890090942383,,0.49305254220962524,,50.87152099609375
,80,,,,,,,,,,2869.1162109375,,35.71891403198242,,0.5290610790252686,,53.56413269042969
,81,,,,,,,,,,2929.6962890625,,32.08795928955078,,0.5586777925491333,,54.12666702270508
,82,,,,,,,,,,2481.933349609375,,29.43447494506836,,0.6292334794998169,,49.81900405883789
,83,,,,,,,,,,2445.348876953125,,29.20608139038086,,0.5671179890632629,,49.450469970703125
,84,,,,,,,,,,2019.0159912109375,,23.787250518798828,,0.656083881855011,,44.9334602355957
,85,,,,,,,,,,3103.88037109375,,36.050926208496094,,0.5353831052780151,,55.71247863769531
,86,,,,,,,,,,2628.2626953125,,29.315340042114258,,0.5951156616210938,,51.26658630371094
,87,,,,,,,,,,2839.185791015625,,32.605995178222656,,0.5998321771621704,,53.28401184082031
,88,,,,,,,,,,3256.660400390625,,34.700721740722656,,0.5316802263259888,,57.06715774536133
,89,,,,,,,,,,2086.377685546875,,24.33340835571289,,0.6207387447357178,,45.676883697509766
,90,,,,,,,,,,2342.946044921875,,26.43229103088379,,0.6124405264854431,,48.403987884521484
,91,,,,,,,,,,2727.058837890625,,25.658708572387695,,0.5076830983161926,,52.221248626708984
,92,,,,,,,,,,2579.51953125,,33.05703353881836,,0.6364257335662842,,50.788970947265625
,93,,,,,,,,,,3187.337158203125,,35.74052429199219,,0.5322076082229614,,56.45650863647461
,94,,,,,,,,,,2879.1337890625,,32.95720291137695,,0.6042729020118713,,53.657562255859375
,95,,,,,,,,,,2707.3720703125,,30.691120147705078,,0.5817675590515137,,52.03241729736328
,96,,,,,,,,,,2238.308349609375,,24.75349998474121,,0.606286883354187,,47.31076431274414
,97,,,,,,,,,,3004.05712890625,,32.72303009033203,,0.5780766010284424,,54.80928039550781
,98,,,,,,,,,,2989.866943359375,,34.838871002197266,,0.5776627063751221,,54.6796760559082
,99,,,,,,,,,,2852.537841796875,,32.172847747802734,,0.569624662399292,,53.409156799316406
,100,,,,,,,,,,2812.081298828125,,31.802637100219727,,0.5734971165657043,,53.0290641784668
,101,,,,,,,,,,2938.3837890625,,35.775962829589844,,0.5136945247650146,,54.20685958862305
,102,,,,,,,,,,2261.130126953125,,25.109909057617188,,0.5987653732299805,,47.55134201049805
,103,,,,,,,,,,2842.206298828125,,29.058513641357422,,0.5453258156776428,,53.312347412109375
,104,,,,,,,,,,1899.314453125,,24.247779846191406,,0.5699065327644348,,43.58112335205078
,105,,,,,,,,,,2878.114990234375,,30.606447219848633,,0.5448399782180786,,53.648067474365234
,106,,,,,,,,,,2888.98974609375,,33.20526123046875,,0.6308181285858154,,53.74932098388672
,107,,,,,,,,,,2757.17578125,,35.404151916503906,,0.5890288949012756,,52.50881576538086
,108,,,,,,,,,,2053.948486328125,,21.12418556213379,,0.525393009185791,,45.32050704956055
,109,,,,,,,,,,3289.810791015625,,35.82709503173828,,0.48684120178222656,,57.35687255859375
,110,,,,,,,,,,3458.3154296875,,38.02263641357422,,0.40312469005584717,,58.80744552612305
,111,,,,,,,,,,2898.646240234375,,35.063114166259766,,0.5888382792472839,,53.83907699584961
,112,,,,,,,,,,2685.779541015625,,34.83782196044922,,0.5910521745681763,,51.82450866699219
,113,,,,,,,,,,3159.381591796875,,34.00157165527344,,0.5465673804283142,,56.2083740234375
,114,,,,,,,,,,2114.86767578125,,25.40810775756836,,0.5298029184341431,,45.98768997192383
,115,,,,,,,,,,3426.461181640625,,30.634950637817383,,0.5818771719932556,,58.535980224609375
,116,,,,,,,,,,2580.758056640625,,31.114065170288086,,0.5776103138923645,,50.80116271972656
,117,,,,,,,,,,2650.088134765625,,29.729612350463867,,0.5966807007789612,,51.479007720947266
,118,,,,,,,,,,2440.4150390625,,28.569414138793945,,0.5855292081832886,,49.40055847167969
,119,,,,,,,,,,2841.7138671875,,32.47661209106445,,0.6087721586227417,,53.30772399902344
,120,,,,,,,,,,3667.068115234375,,35.282386779785156,,0.41593557596206665,,60.55632019042969
,121,,,,,,,,,,3305.758056640625,,34.435577392578125,,0.4993482828140259,,57.495723724365234
,122,,,,,,,,,,2319.756103515625,,27.363853454589844,,0.6701997518539429,,48.16384506225586
,123,,,,,,,,,,2788.51025390625,,27.808242797851562,,0.4894833564758301,,52.80634689331055
,124,,,,,,,,,,2128.651611328125,,26.572343826293945,,0.6560304164886475,,46.13731384277344
,125,,,,,,,,,,2417.04248046875,,29.77387046813965,,0.5951982736587524,,49.163429260253906
,126,,,,,,,,,,2205.373291015625,,25.010879516601562,,0.6592692136764526,,46.961402893066406
,127,,,,,,,,,,3805.594482421875,,42.51388931274414,,0.48898059129714966,,61.68949890136719
,128,,,,,,,,,,3065.7119140625,,34.780033111572266,,0.5479164123535156,,55.36886978149414
,129,,,,,,,,,,1831.7105712890625,,22.607463836669922,,0.7085556983947754,,42.79848861694336
,130,,,,,,,,,,2091.773193359375,,25.875526428222656,,0.6131460666656494,,45.73590850830078
,131,,,,,,,,,,3746.565673828125,,41.10663986206055,,0.5060036182403564,,61.20919418334961
,132,,,,,,,,,,2607.2412109375,,28.15169334411621,,0.5564853549003601,,51.061153411865234
,133,,,,,,,,,,2466.1025390625,,27.768512725830078,,0.658785343170166,,49.65987014770508
,134,,,,,,,,,,3307.32275390625,,34.359039306640625,,0.4843440055847168,,57.50933074951172
,135,,,,,,,,,,2872.48681640625,,34.46523666381836,,0.5153123736381531,,53.595584869384766
,136,,,,,,,,,,3463.18603515625,,37.858890533447266,,0.5725841522216797,,58.848838806152344
,137,,,,,,,,,,2279.8994140625,,29.603710174560547,,0.6240440607070923,,47.748291015625
,138,,,,,,,,,,3512.453857421875,,38.6519775390625,,0.6158943176269531,,59.265960693359375
,139,,,,,,,,,,2191.49560546875,,25.58700942993164,,0.6553106904029846,,46.813411712646484
,140,,,,,,,,,,2519.2548828125,,26.402881622314453,,0.5631972551345825,,50.19218063354492
,141,,,,,,,,,,2737.959228515625,,31.874496459960938,,0.5397087335586548,,52.32551193237305
,142,,,,,,,,,,2987.468017578125,,32.49577713012695,,0.5547666549682617,,54.65773391723633
,143,,,,,,,,,,3158.723876953125,,37.391456604003906,,0.5333867073059082,,56.2025260925293
,144,,,,,,,,,,4186.74072265625,,40.68561553955078,,0.4501033425331116,,64.70503234863281
,145,,,,,,,,,,2876.818115234375,,32.500030517578125,,0.5629715919494629,,53.63597869873047
,146,,,,,,,,,,3751.652587890625,,35.741329193115234,,0.48537135124206543,,61.250736236572266
,147,,,,,,,,,,2513.920654296875,,31.375125885009766,,0.6156045198440552,,50.139015197753906
,148,,,,,,,,,,4187.55078125,,41.36117172241211,,0.4689597487449646,,64.71128845214844
,149,,,,,,,,,,2688.276611328125,,29.962848663330078,,0.6320207118988037,,51.848594665527344
,150,,,,,,,,,,2394.5908203125,,27.575645446777344,,0.6307594776153564,,48.93455505371094
,151,,,,,,,,,,2804.577392578125,,32.44404602050781,,0.5639795064926147,,52.95825958251953
,152,,,,,,,,,,3340.6943359375,,33.07838821411133,,0.5422524213790894,,57.79874038696289
,153,,,,,,,,,,1923.6021728515625,,20.780868530273438,,0.6877695322036743,,43.858890533447266
0,461,,,,,,,,,2776.30712890625,,31.18181610107422,,0.5742816925048828,,52.43720245361328,
0,461,5493.607421875,,46.97320556640625,,0.17421607673168182,,71.19976043701172,,,,,,,,,
1,499,,2479.3232421875,,30.960472106933594,,0.6219395995140076,,49.79280471801758,,,,,,,,
1,549,,2015.9814453125,,29.44998550415039,,0.6350468397140503,,44.89968490600586,,,,,,,,
1,599,,2344.931396484375,,29.387102127075195,,0.6353375911712646,,48.42449188232422,,,,,,,,
1,649,,3390.073486328125,,38.53611373901367,,0.5109902620315552,,58.22433853149414,,,,,,,,
1,699,,2680.467529296875,,36.38774490356445,,0.6370570659637451,,51.773231506347656,,,,,,,,
1,749,,2840.5751953125,,33.48927307128906,,0.6515750885009766,,53.29704666137695,,,,,,,,
1,799,,3208.2392578125,,36.82012176513672,,0.5116902589797974,,56.641319274902344,,,,,,,,
1,849,,2211.480224609375,,30.396926879882812,,0.6514910459518433,,47.02638244628906,,,,,,,,
1,899,,2591.13037109375,,33.023536682128906,,0.6275439262390137,,50.90314483642578,,,,,,,,
,154,,,,,,,,,,2113.609130859375,,30.059173583984375,,0.6952319145202637,,45.97400665283203
,155,,,,,,,,,,1751.301513671875,,27.22833251953125,,0.687891960144043,,41.84855270385742
,156,,,,,,,,,,2026.7734375,,29.686800003051758,,0.6914931535720825,,45.01969909667969
,157,,,,,,,,,,2843.310791015625,,37.462135314941406,,0.6565892696380615,,53.32270431518555
,158,,,,,,,,,,2615.55419921875,,33.092525482177734,,0.5805166959762573,,51.14249038696289
,159,,,,,,,,,,2294.11279296875,,32.50338363647461,,0.6128063201904297,,47.89689636230469
,160,,,,,,,,,,1904.7681884765625,,28.06279754638672,,0.6491907835006714,,43.64365005493164
,161,,,,,,,,,,2639.109619140625,,33.8289794921875,,0.6880875825881958,,51.37226486206055
,162,,,,,,,,,,2894.487060546875,,39.385780334472656,,0.5615206956863403,,53.800437927246094
,163,,,,,,,,,,1958.5994873046875,,30.07647132873535,,0.5936068296432495,,44.256065368652344
,164,,,,,,,,,,1948.98876953125,,26.536334991455078,,0.6475739479064941,,44.14735412597656
,165,,,,,,,,,,2430.97412109375,,33.933265686035156,,0.6414569616317749,,49.304908752441406
,166,,,,,,,,,,2192.275634765625,,31.3496036529541,,0.6294625997543335,,46.821746826171875
,167,,,,,,,,,,2041.79736328125,,29.27216148376465,,0.6840988397598267,,45.18625259399414
,168,,,,,,,,,,1802.5909423828125,,25.490432739257812,,0.657940149307251,,42.456932067871094
,169,,,,,,,,,,2932.48828125,,38.23918914794922,,0.5867199301719666,,54.15245819091797
,170,,,,,,,,,,1536.7713623046875,,24.69043731689453,,0.714102566242218,,39.20167541503906
,171,,,,,,,,,,1780.3360595703125,,25.586137771606445,,0.7194658517837524,,42.194026947021484
,172,,,,,,,,,,1810.4154052734375,,28.332130432128906,,0.694043755531311,,42.54897689819336
,173,,,,,,,,,,2170.204833984375,,30.980436325073242,,0.6502532958984375,,46.58545684814453
,174,,,,,,,,,,1793.454833984375,,26.941390991210938,,0.713966429233551,,42.34920120239258
,175,,,,,,,,,,2428.52001953125,,32.78366470336914,,0.6194069385528564,,49.2800178527832
,176,,,,,,,,,,2076.009765625,,31.16790771484375,,0.6731168031692505,,45.56325149536133
,177,,,,,,,,,,3357.4951171875,,42.60928726196289,,0.5606980323791504,,57.94389343261719
,178,,,,,,,,,,2732.02294921875,,35.530086517333984,,0.6340418457984924,,52.26875686645508
,179,,,,,,,,,,2732.938720703125,,35.0412712097168,,0.6335693597793579,,52.27751541137695
,180,,,,,,,,,,1244.908203125,,21.10626792907715,,0.7041332721710205,,35.28325653076172
,181,,,,,,,,,,2652.424560546875,,35.92374801635742,,0.63634192943573,,51.50169372558594
,182,,,,,,,,,,1952.6729736328125,,30.303119659423828,,0.6700295209884644,,44.18906021118164
,183,,,,,,,,,,2621.505126953125,,31.755783081054688,,0.6579675674438477,,51.20063781738281
,184,,,,,,,,,,2040.4844970703125,,28.815673828125,,0.6355879306793213,,45.171722412109375
,185,,,,,,,,,,2279.850830078125,,31.826648712158203,,0.6253331303596497,,47.747779846191406
,186,,,,,,,,,,1903.617431640625,,28.463499069213867,,0.7048436999320984,,43.630462646484375
,187,,,,,,,,,,2056.074462890625,,28.111923217773438,,0.7189639210700989,,45.343955993652344
,188,,,,,,,,,,3249.741943359375,,36.18319320678711,,0.6060571670532227,,57.006507873535156
,189,,,,,,,,,,1924.4229736328125,,28.045658111572266,,0.64454185962677,,43.86824417114258
,190,,,,,,,,,,2731.68896484375,,33.99189376831055,,0.5658763647079468,,52.265560150146484
,191,,,,,,,,,,2058.895751953125,,30.327476501464844,,0.6022886037826538,,45.375057220458984
,192,,,,,,,,,,2521.50390625,,32.74400329589844,,0.6672548055648804,,50.214576721191406
,193,,,,,,,,,,2306.8671875,,29.848426818847656,,0.668142557144165,,48.02985382080078
,194,,,,,,,,,,2505.19482421875,,36.453880310058594,,0.6122658252716064,,50.051918029785156
,195,,,,,,,,,,2284.980224609375,,31.752079010009766,,0.6055982112884521,,47.80146789550781
,196,,,,,,,,,,2088.35498046875,,28.809295654296875,,0.6442122459411621,,45.698524475097656
,197,,,,,,,,,,3005.254638671875,,37.13369369506836,,0.5985143780708313,,54.8202018737793
,198,,,,,,,,,,2059.802978515625,,29.26210594177246,,0.6464196443557739,,45.38505172729492
,199,,,,,,,,,,2437.57470703125,,33.255191802978516,,0.6714572906494141,,49.37179946899414
,200,,,,,,,,,,1975.370361328125,,29.541650772094727,,0.6606810092926025,,44.44513702392578
,201,,,,,,,,,,2126.45654296875,,31.83793067932129,,0.6321818232536316,,46.11351776123047
,202,,,,,,,,,,2643.076171875,,36.02229690551758,,0.6308271288871765,,51.410858154296875
,203,,,,,,,,,,2763.463134765625,,37.353981018066406,,0.6261674761772156,,52.56864929199219
,204,,,,,,,,,,2183.440673828125,,29.558082580566406,,0.6195451021194458,,46.72730255126953
,205,,,,,,,,,,2491.8046875,,33.096290588378906,,0.7084325551986694,,49.9179801940918
,206,,,,,,,,,,3032.122314453125,,38.47459030151367,,0.5261573791503906,,55.0647087097168
,207,,,,,,,,,,2327.569580078125,,31.16284942626953,,0.6917339563369751,,48.24489212036133
,208,,,,,,,,,,2938.73583984375,,36.882930755615234,,0.6237106323242188,,54.21010971069336
,209,,,,,,,,,,2025.2080078125,,31.134815216064453,,0.6560247540473938,,45.0023078918457
,210,,,,,,,,,,2679.93896484375,,37.40215301513672,,0.5310261249542236,,51.768123626708984
,211,,,,,,,,,,2199.66259765625,,29.965375900268555,,0.6926939487457275,,46.90056228637695
,212,,,,,,,,,,2346.887451171875,,31.25358009338379,,0.6167964935302734,,48.44468307495117
,213,,,,,,,,,,1850.1312255859375,,29.51607894897461,,0.7022990584373474,,43.013153076171875
,214,,,,,,,,,,1786.2659912109375,,28.03655242919922,,0.7044999599456787,,42.26424026489258
,215,,,,,,,,,,2415.4208984375,,33.80035400390625,,0.6403999924659729,,49.14693069458008
,216,,,,,,,,,,2396.07373046875,,33.5373420715332,,0.6193548440933228,,48.94970703125
,217,,,,,,,,,,2404.868896484375,,33.690486907958984,,0.6364988684654236,,49.03946304321289
,218,,,,,,,,,,2610.01123046875,,34.43483352661133,,0.6636010408401489,,51.08827209472656
,219,,,,,,,,,,1970.7835693359375,,28.954750061035156,,0.6892840266227722,,44.39350891113281
,220,,,,,,,,,,2395.665771484375,,33.48081588745117,,0.6150165796279907,,48.94553756713867
,221,,,,,,,,,,1928.238037109375,,28.9244441986084,,0.7234346866607666,,43.91170883178711
,222,,,,,,,,,,2177.970458984375,,30.655698776245117,,0.6045113801956177,,46.66873550415039
,223,,,,,,,,,,2220.857177734375,,31.60383415222168,,0.6185060739517212,,47.125972747802734
,224,,,,,,,,,,2155.58984375,,30.326644897460938,,0.6985206604003906,,46.42832565307617
,225,,,,,,,,,,2354.636962890625,,32.332401275634766,,0.6605385541915894,,48.524600982666016
,226,,,,,,,,,,3884.47314453125,,45.92476272583008,,0.5513796806335449,,62.32554244995117
,227,,,,,,,,,,2898.88720703125,,38.6324577331543,,0.5553040504455566,,53.84131622314453
,228,,,,,,,,,,2471.647705078125,,33.95261764526367,,0.642006516456604,,49.715667724609375
,229,,,,,,,,,,2116.923828125,,30.147750854492188,,0.688012421131134,,46.01004409790039
,230,,,,,,,,,,3443.3740234375,,42.87020492553711,,0.5304036140441895,,58.68027114868164
,231,,,,,,,,,,2564.772705078125,,32.73677062988281,,0.6071511507034302,,50.643585205078125
,232,,,,,,,,,,2343.6787109375,,32.49244689941406,,0.6028895378112793,,48.411556243896484
,233,,,,,,,,,,2010.498046875,,29.737096786499023,,0.606162428855896,,44.83857727050781
,234,,,,,,,,,,2616.71630859375,,36.36114501953125,,0.5704901814460754,,51.15385055541992
,235,,,,,,,,,,2340.212158203125,,31.60811424255371,,0.6474761962890625,,48.37574005126953
,236,,,,,,,,,,2087.34521484375,,30.182571411132812,,0.6881794929504395,,45.687477111816406
,237,,,,,,,,,,1934.895751953125,,29.778717041015625,,0.6574797630310059,,43.987449645996094
,238,,,,,,,,,,1906.1427001953125,,26.446218490600586,,0.6753105521202087,,43.659393310546875
,239,,,,,,,,,,2853.97705078125,,37.536556243896484,,0.5727909207344055,,53.42262268066406
,240,,,,,,,,,,2288.429931640625,,32.219173431396484,,0.6474669575691223,,47.8375358581543
,241,,,,,,,,,,2331.54833984375,,33.26361083984375,,0.671380877494812,,48.286109924316406
,242,,,,,,,,,,2631.8505859375,,35.415740966796875,,0.6215301752090454,,51.30156326293945
,243,,,,,,,,,,1796.3067626953125,,26.460887908935547,,0.673467755317688,,42.38285827636719
,244,,,,,,,,,,1947.008544921875,,28.665081024169922,,0.6779347062110901,,44.12491989135742
,245,,,,,,,,,,1928.5831298828125,,25.357324600219727,,0.6518322229385376,,43.9156379699707
,246,,,,,,,,,,2150.76123046875,,32.066131591796875,,0.696857750415802,,46.37630081176758
,247,,,,,,,,,,2481.1689453125,,34.42179489135742,,0.6358489990234375,,49.81133270263672
,248,,,,,,,,,,2447.697998046875,,32.601993560791016,,0.6635723114013672,,49.47421646118164
,249,,,,,,,,,,2514.857177734375,,34.70631408691406,,0.6115070581436157,,50.148353576660156
,250,,,,,,,,,,1702.398193359375,,25.3054256439209,,0.700552225112915,,41.260128021240234
,251,,,,,,,,,,2376.085205078125,,31.965795516967773,,0.6662759780883789,,48.7451057434082
,252,,,,,,,,,,2428.489013671875,,34.38302993774414,,0.6569607853889465,,49.279701232910156
,253,,,,,,,,,,2352.9052734375,,32.4527473449707,,0.6450064778327942,,48.50675582885742
,254,,,,,,,,,,2257.346435546875,,31.647254943847656,,0.6576326489448547,,47.51154327392578
,255,,,,,,,,,,2745.79345703125,,38.054222106933594,,0.5455684065818787,,52.40031814575195
,256,,,,,,,,,,1848.5081787109375,,26.228206634521484,,0.6719846725463867,,42.99428176879883
,257,,,,,,,,,,2420.2783203125,,31.891870498657227,,0.6128225922584534,,49.19632339477539
,258,,,,,,,,,,1858.883544921875,,28.16581916809082,,0.5790619850158691,,43.11477279663086
,259,,,,,,,,,,2017.8797607421875,,28.603504180908203,,0.6808820962905884,,44.92081832885742
,260,,,,,,,,,,2458.005126953125,,33.56234359741211,,0.6858932971954346,,49.57827377319336
,261,,,,,,,,,,2625.715576171875,,37.19920349121094,,0.6086236834526062,,51.241737365722656
,262,,,,,,,,,,1964.8099365234375,,26.285173416137695,,0.5459903478622437,,44.326175689697266
,263,,,,,,,,,,2633.53564453125,,35.82382583618164,,0.589209794998169,,51.31798553466797
,264,,,,,,,,,,2746.378173828125,,37.33713150024414,,0.5259988903999329,,52.40589904785156
,265,,,,,,,,,,2333.8984375,,33.765472412109375,,0.6689455509185791,,48.31044006347656
,266,,,,,,,,,,2250.828369140625,,33.99775695800781,,0.6572796702384949,,47.44289779663086
,267,,,,,,,,,,2583.085693359375,,34.35014343261719,,0.6292769908905029,,50.824066162109375
,268,,,,,,,,,,1701.9334716796875,,26.615293502807617,,0.6216102838516235,,41.25449752807617
,269,,,,,,,,,,2688.798828125,,31.230180740356445,,0.6718923449516296,,51.8536262512207
,270,,,,,,,,,,2394.620849609375,,33.80965805053711,,0.6080751419067383,,48.93486404418945
,271,,,,,,,,,,2211.057373046875,,30.864118576049805,,0.6634972095489502,,47.021881103515625
,272,,,,,,,,,,2133.95751953125,,29.98891830444336,,0.6375768184661865,,46.19477844238281
,273,,,,,,,,,,2521.42626953125,,33.925445556640625,,0.6528671383857727,,50.21380615234375
,274,,,,,,,,,,2533.36669921875,,32.61190414428711,,0.5965034365653992,,50.332557678222656
,275,,,,,,,,,,2677.908935546875,,34.131465911865234,,0.5944350361824036,,51.74851608276367
,276,,,,,,,,,,1912.26904296875,,28.66031265258789,,0.7281322479248047,,43.72949981689453
,277,,,,,,,,,,2288.541015625,,30.142696380615234,,0.581017017364502,,47.83869934082031
,278,,,,,,,,,,1880.1607666015625,,28.351285934448242,,0.6961841583251953,,43.36082077026367
,279,,,,,,,,,,2368.66064453125,,32.968265533447266,,0.6033012270927429,,48.668888092041016
,280,,,,,,,,,,1853.1859130859375,,26.36432456970215,,0.7136822938919067,,43.04864501953125
,281,,,,,,,,,,2700.084228515625,,37.28660583496094,,0.6374297142028809,,51.96233367919922
,282,,,,,,,,,,2604.167724609375,,35.152252197265625,,0.6159777641296387,,51.03104782104492
,283,,,,,,,,,,1680.124267578125,,26.13425636291504,,0.7326745986938477,,40.98931884765625
,284,,,,,,,,,,1958.0736083984375,,28.444902420043945,,0.637872576713562,,44.250125885009766
,285,,,,,,,,,,3257.34326171875,,41.096702575683594,,0.570509135723114,,57.07313919067383
,286,,,,,,,,,,2043.6407470703125,,28.89316749572754,,0.6523587703704834,,45.20664596557617
,287,,,,,,,,,,1963.486572265625,,28.266826629638672,,0.7283282279968262,,44.31124496459961
,288,,,,,,,,,,2652.126220703125,,34.31987380981445,,0.5864979028701782,,51.498802185058594
,289,,,,,,,,,,2676.501220703125,,36.67897415161133,,0.5483819246292114,,51.73491287231445
,290,,,,,,,,,,3102.8251953125,,39.930110931396484,,0.6170587539672852,,55.70301055908203
,291,,,,,,,,,,1991.3824462890625,,30.65284538269043,,0.6716205477714539,,44.624908447265625
,292,,,,,,,,,,3087.287109375,,39.02482986450195,,0.6623885631561279,,55.56336212158203
,293,,,,,,,,,,1723.2080078125,,26.184152603149414,,0.7289652824401855,,41.511539459228516
,294,,,,,,,,,,1868.915283203125,,26.48499298095703,,0.6759567856788635,,43.230953216552734
,295,,,,,,,,,,2300.478515625,,31.687524795532227,,0.6132556200027466,,47.96330261230469
,296,,,,,,,,,,2693.28564453125,,34.34865951538086,,0.5986096858978271,,51.89687728881836
,297,,,,,,,,,,2838.416748046875,,38.16835403442383,,0.5807031393051147,,53.27679443359375
,298,,,,,,,,,,2914.9833984375,,35.93739318847656,,0.6171390414237976,,53.99058532714844
,299,,,,,,,,,,2438.433837890625,,33.70576477050781,,0.6295682191848755,,49.38050079345703
,300,,,,,,,,,,2813.6015625,,34.1970329284668,,0.6140474081039429,,53.043392181396484
,301,,,,,,,,,,2115.31298828125,,31.517623901367188,,0.6765543222427368,,45.992530822753906
,302,,,,,,,,,,3119.6396484375,,38.0207405090332,,0.6043858528137207,,55.85373306274414
,303,,,,,,,,,,2229.190673828125,,29.937503814697266,,0.6948617696762085,,47.21430587768555
,304,,,,,,,,,,2193.287109375,,31.07256317138672,,0.6618000864982605,,46.832542419433594
,305,,,,,,,,,,2491.05908203125,,33.84756088256836,,0.6127214431762695,,49.91051483154297
,306,,,,,,,,,,2272.364990234375,,31.0330753326416,,0.6886367201805115,,47.66933059692383
,307,,,,,,,,,,1739.3876953125,,23.91490364074707,,0.7176704406738281,,41.70596694946289
1,923,,,,,,,,,2334.511962890625,,32.13784408569336,,0.6412675380706787,,48.128929138183594,
1,923,2575.952392578125,,32.706138610839844,,0.6088030338287354,,50.475093841552734,,,,,,,,,
2,949,,2367.688232421875,,31.60103416442871,,0.6697016954421997,,48.658897399902344,,,,,,,,
2,999,,2138.538330078125,,27.95912742614746,,0.6878407001495361,,46.24433135986328,,,,,,,,
2,1049,,2513.90625,,32.752662658691406,,0.6310127377510071,,50.13887023925781,,,,,,,,
2,1099,,1741.7005615234375,,25.44066619873047,,0.7416808605194092,,41.73368453979492,,,,,,,,
2,1149,,2293.53515625,,31.456947326660156,,0.6149799823760986,,47.890865325927734,,,,,,,,
2,1199,,3199.523681640625,,36.564125061035156,,0.5538514852523804,,56.5643310546875,,,,,,,,
2,1249,,2307.311279296875,,31.529338836669922,,0.6867380142211914,,48.034481048583984,,,,,,,,
2,1299,,2222.52197265625,,29.514284133911133,,0.688090980052948,,47.14363098144531,,,,,,,,
2,1349,,2873.935302734375,,34.57731628417969,,0.6589716672897339,,53.60909652709961,,,,,,,,
,308,,,,,,,,,,2090.60791015625,,29.43216323852539,,0.6985485553741455,,45.723167419433594
,309,,,,,,,,,,1610.1536865234375,,25.389909744262695,,0.713046669960022,,40.1267204284668
,310,,,,,,,,,,1940.7879638671875,,28.40047264099121,,0.7045814990997314,,44.05437469482422
,311,,,,,,,,,,2977.740966796875,,38.48634719848633,,0.6403529644012451,,54.56867980957031
,312,,,,,,,,,,2503.482421875,,32.3848991394043,,0.598490834236145,,50.034812927246094
,313,,,,,,,,,,2174.511474609375,,31.38828468322754,,0.6329922676086426,,46.631656646728516
,314,,,,,,,,,,1723.544189453125,,26.36924934387207,,0.6825675964355469,,41.51559066772461
,315,,,,,,,,,,2640.882568359375,,33.725120544433594,,0.6878780126571655,,51.38951873779297
,316,,,,,,,,,,2819.939208984375,,38.67522048950195,,0.5728138089179993,,53.10309982299805
,317,,,,,,,,,,1818.1868896484375,,28.56341552734375,,0.6227413415908813,,42.640201568603516
,318,,,,,,,,,,1978.687255859375,,25.96879005432129,,0.642203688621521,,44.48243713378906
,319,,,,,,,,,,2394.130859375,,33.786136627197266,,0.6468909382820129,,48.92985534667969
,320,,,,,,,,,,2139.0244140625,,30.868478775024414,,0.6384631395339966,,46.24958801269531
,321,,,,,,,,,,2055.80126953125,,29.38134765625,,0.6819322109222412,,45.340946197509766
,322,,,,,,,,,,1711.1728515625,,24.26998519897461,,0.675287663936615,,41.36632537841797
,323,,,,,,,,,,2807.014404296875,,36.98640823364258,,0.6044031381607056,,52.981266021728516
,324,,,,,,,,,,1499.3302001953125,,23.75271987915039,,0.7210680246353149,,38.72118377685547
,325,,,,,,,,,,1749.85302734375,,24.96729278564453,,0.7242691516876221,,41.83124542236328
,326,,,,,,,,,,1667.1282958984375,,26.402692794799805,,0.7182589173316956,,40.830482482910156
,327,,,,,,,,,,2176.368896484375,,30.682945251464844,,0.6492599248886108,,46.65156936645508
,328,,,,,,,,,,1718.3543701171875,,25.70878791809082,,0.7259440422058105,,41.453041076660156
,329,,,,,,,,,,2301.11279296875,,32.12016296386719,,0.6393740177154541,,47.96991729736328
,330,,,,,,,,,,2065.304931640625,,30.969947814941406,,0.6748024225234985,,45.44562530517578
,331,,,,,,,,,,3278.4873046875,,42.1771354675293,,0.5710355639457703,,57.25807571411133
,332,,,,,,,,,,2698.099609375,,35.27207565307617,,0.6385859251022339,,51.943233489990234
,333,,,,,,,,,,2711.405029296875,,34.495262145996094,,0.6364566087722778,,52.07115173339844
,334,,,,,,,,,,1159.4927978515625,,19.511308670043945,,0.7244333028793335,,34.051326751708984
,335,,,,,,,,,,2657.41162109375,,35.829769134521484,,0.6356581449508667,,51.550086975097656
,336,,,,,,,,,,1926.4840087890625,,29.98628807067871,,0.6744550466537476,,43.89173126220703
,337,,,,,,,,,,2607.03662109375,,31.04215431213379,,0.6598552465438843,,51.059146881103516
,338,,,,,,,,,,2010.0146484375,,28.12959861755371,,0.6410295963287354,,44.833187103271484
,339,,,,,,,,,,2204.24951171875,,31.4007568359375,,0.6377573013305664,,46.94943618774414
,340,,,,,,,,,,1873.3155517578125,,27.349756240844727,,0.7095420360565186,,43.28181457519531
,341,,,,,,,,,,2076.910888671875,,27.614849090576172,,0.7161158919334412,,45.57313919067383
,342,,,,,,,,,,3086.643310546875,,34.81986618041992,,0.6258283853530884,,55.55756759643555
,343,,,,,,,,,,1906.6446533203125,,27.630203247070312,,0.6478255987167358,,43.66514205932617
,344,,,,,,,,,,2697.146484375,,33.20523452758789,,0.5713658928871155,,51.93406295776367
,345,,,,,,,,,,1942.520263671875,,29.083524703979492,,0.6247684955596924,,44.074031829833984
,346,,,,,,,,,,2360.7373046875,,31.387460708618164,,0.6884700655937195,,48.58741760253906
,347,,,,,,,,,,2276.968505859375,,28.724164962768555,,0.6724436283111572,,47.71759033203125
,348,,,,,,,,,,2368.492919921875,,35.25048065185547,,0.6334234476089478,,48.66716384887695
,349,,,,,,,,,,2104.593505859375,,29.73123550415039,,0.636734127998352,,45.875850677490234
,350,,,,,,,,,,2058.2734375,,28.269329071044922,,0.6493371725082397,,45.368202209472656
,351,,,,,,,,,,2948.900390625,,37.07168197631836,,0.6060429811477661,,54.30377960205078
,352,,,,,,,,,,2054.153564453125,,28.989503860473633,,0.6473894119262695,,45.32276916503906
,353,,,,,,,,,,2394.161865234375,,32.40907287597656,,0.6773085594177246,,48.930171966552734
,354,,,,,,,,,,1876.2293701171875,,27.84807014465332,,0.677711009979248,,43.31546401977539
,355,,,,,,,,,,2041.9791259765625,,31.00666618347168,,0.6467940807342529,,45.188262939453125
,356,,,,,,,,,,2601.84033203125,,35.660972595214844,,0.6365867853164673,,51.00823974609375
,357,,,,,,,,,,2730.44921875,,37.23263168334961,,0.6306334733963013,,52.25369644165039
,358,,,,,,,,,,2105.954833984375,,28.535295486450195,,0.6330466866493225,,45.890682220458984
,359,,,,,,,,,,2436.06103515625,,32.72609329223633,,0.71495521068573,,49.356468200683594
,360,,,,,,,,,,2882.810546875,,37.192440032958984,,0.5494909882545471,,53.691810607910156
,361,,,,,,,,,,2368.462158203125,,30.728395462036133,,0.686318039894104,,48.666847229003906
,362,,,,,,,,,,2712.592529296875,,34.79553985595703,,0.6526670455932617,,52.08255386352539
,363,,,,,,,,,,2011.58544921875,,30.968778610229492,,0.6583385467529297,,44.85070037841797
,364,,,,,,,,,,2513.51171875,,35.9986686706543,,0.5601499080657959,,50.13493347167969
,365,,,,,,,,,,2140.391845703125,,29.021947860717773,,0.7009744644165039,,46.26436996459961
,366,,,,,,,,,,2266.872802734375,,30.306915283203125,,0.6298614740371704,,47.61168670654297
,367,,,,,,,,,,1701.6031494140625,,27.957286834716797,,0.7261984348297119,,41.250492095947266
,368,,,,,,,,,,1678.190673828125,,26.633726119995117,,0.7223787307739258,,40.96572494506836
,369,,,,,,,,,,2307.808837890625,,32.47235870361328,,0.6564209461212158,,48.03965759277344
,370,,,,,,,,,,2310.857177734375,,33.01494216918945,,0.6328925490379333,,48.07137680053711
,371,,,,,,,,,,2375.57666015625,,33.450950622558594,,0.6409264802932739,,48.73988723754883
,372,,,,,,,,,,2508.35595703125,,33.53788375854492,,0.676703155040741,,50.083492279052734
,373,,,,,,,,,,1861.51025390625,,27.62625503540039,,0.7065122127532959,,43.14522171020508
,374,,,,,,,,,,2251.84814453125,,32.399688720703125,,0.6381281018257141,,47.45363998413086
,375,,,,,,,,,,1945.464111328125,,28.6907958984375,,0.7209639549255371,,44.10741424560547
,376,,,,,,,,,,2069.91943359375,,29.143239974975586,,0.6241319179534912,,45.496368408203125
,377,,,,,,,,,,2156.2177734375,,31.164833068847656,,0.6296097040176392,,46.43509292602539
,378,,,,,,,,,,2041.6400146484375,,28.961315155029297,,0.714457631111145,,45.18450927734375
,379,,,,,,,,,,2322.027587890625,,31.378339767456055,,0.6652397513389587,,48.18742370605469
,380,,,,,,,,,,3781.753173828125,,45.007415771484375,,0.5632429122924805,,61.4959602355957
,381,,,,,,,,,,2750.310791015625,,37.09284210205078,,0.5780960321426392,,52.44340896606445
,382,,,,,,,,,,2413.67626953125,,33.34210968017578,,0.6504031419754028,,49.129180908203125
,383,,,,,,,,,,2045.490234375,,28.91536521911621,,0.6985401511192322,,45.22709655761719
,384,,,,,,,,,,3362.470703125,,42.33418655395508,,0.5414369106292725,,57.98681640625
,385,,,,,,,,,,2443.22802734375,,31.455631256103516,,0.6257681846618652,,49.429019927978516
,386,,,,,,,,,,2296.099609375,,31.489120483398438,,0.61095130443573,,47.917633056640625
,387,,,,,,,,,,1939.6378173828125,,29.04697608947754,,0.6200432181358337,,44.04132080078125
,388,,,,,,,,,,2584.357666015625,,35.2825927734375,,0.5758016109466553,,50.836578369140625
,389,,,,,,,,,,2281.400634765625,,30.65131950378418,,0.6563354730606079,,47.764007568359375
,390,,,,,,,,,,2052.71728515625,,29.781017303466797,,0.6933524012565613,,45.306922912597656
,391,,,,,,,,,,1888.6363525390625,,28.766355514526367,,0.6656686663627625,,43.45844268798828
,392,,,,,,,,,,1799.06982421875,,25.09537124633789,,0.6935491561889648,,42.415443420410156
,393,,,,,,,,,,2809.381591796875,,36.7467041015625,,0.5794663429260254,,53.00360107421875
,394,,,,,,,,,,2277.881591796875,,31.881437301635742,,0.6490919589996338,,47.72715759277344
,395,,,,,,,,,,2385.896728515625,,33.365631103515625,,0.6637208461761475,,48.84564208984375
,396,,,,,,,,,,2588.833984375,,35.01448440551758,,0.6277161836624146,,50.880584716796875
,397,,,,,,,,,,1778.4078369140625,,25.806808471679688,,0.676721453666687,,42.171173095703125
,398,,,,,,,,,,1953.350341796875,,27.917043685913086,,0.6768856644630432,,44.19672393798828
,399,,,,,,,,,,1930.86865234375,,24.772157669067383,,0.6514196395874023,,43.941650390625
,400,,,,,,,,,,2191.740966796875,,32.1781120300293,,0.6910818219184875,,46.81603240966797
,401,,,,,,,,,,2539.570556640625,,34.63840866088867,,0.6272776126861572,,50.3941535949707
,402,,,,,,,,,,2423.811767578125,,32.174076080322266,,0.6668553352355957,,49.23222351074219
,403,,,,,,,,,,2271.19580078125,,32.41038513183594,,0.649147629737854,,47.657066345214844
,404,,,,,,,,,,1719.18115234375,,24.983057022094727,,0.6976001262664795,,41.463008880615234
,405,,,,,,,,,,2348.690673828125,,31.397907257080078,,0.6701235771179199,,48.46329116821289
,406,,,,,,,,,,2373.274169921875,,33.94977951049805,,0.6647602319717407,,48.71626281738281
,407,,,,,,,,,,2270.427490234375,,31.81255340576172,,0.6574503183364868,,47.64900207519531
,408,,,,,,,,,,2274.083251953125,,31.593883514404297,,0.6550942659378052,,47.687347412109375
,409,,,,,,,,,,2624.09814453125,,36.88484573364258,,0.565709114074707,,51.225948333740234
,410,,,,,,,,,,1753.6192626953125,,25.22281837463379,,0.6888225674629211,,41.87623596191406
,411,,,,,,,,,,2403.684814453125,,31.293258666992188,,0.6154770851135254,,49.02738952636719
,412,,,,,,,,,,1690.38330078125,,25.929397583007812,,0.6172183156013489,,41.11427307128906
,413,,,,,,,,,,2053.034912109375,,28.451080322265625,,0.675322413444519,,45.310428619384766
,414,,,,,,,,,,2489.587890625,,33.72570037841797,,0.6818573474884033,,49.89577102661133
,415,,,,,,,,,,2433.108642578125,,35.02615737915039,,0.6373327374458313,,49.3265495300293
,416,,,,,,,,,,1841.9342041015625,,24.56545639038086,,0.5743832588195801,,42.917762756347656
,417,,,,,,,,,,2629.8681640625,,35.38437271118164,,0.5897818803787231,,51.28224182128906
,418,,,,,,,,,,2590.931884765625,,36.37111282348633,,0.5528275966644287,,50.90119552612305
,419,,,,,,,,,,2292.21728515625,,33.113582611083984,,0.6748578548431396,,47.877105712890625
,420,,,,,,,,,,2211.792236328125,,33.981712341308594,,0.6632234454154968,,47.02969741821289
,421,,,,,,,,,,2537.748046875,,33.63312530517578,,0.6357839107513428,,50.37606430053711
,422,,,,,,,,,,1681.509765625,,25.986621856689453,,0.6261510848999023,,41.00621795654297
,423,,,,,,,,,,2685.95947265625,,30.799453735351562,,0.672238826751709,,51.82624435424805
,424,,,,,,,,,,2297.446533203125,,32.65569305419922,,0.6239795684814453,,47.93168640136719
,425,,,,,,,,,,2256.872314453125,,31.24419593811035,,0.6565245389938354,,47.50654983520508
,426,,,,,,,,,,2109.040283203125,,28.796213150024414,,0.6418086290359497,,45.92428970336914
,427,,,,,,,,,,2313.448486328125,,32.16974639892578,,0.6815000772476196,,48.09832000732422
,428,,,,,,,,,,2500.865478515625,,32.593082427978516,,0.6016799807548523,,50.00865173339844
,429,,,,,,,,,,2521.2373046875,,32.64192581176758,,0.6181627511978149,,50.2119255065918
,430,,,,,,,,,,1930.3228759765625,,28.599956512451172,,0.7255655527114868,,43.93544006347656
,431,,,,,,,,,,2212.5263671875,,29.209640502929688,,0.5949336886405945,,47.037498474121094
,432,,,,,,,,,,1808.2259521484375,,27.1547908782959,,0.7078081369400024,,42.52323913574219
,433,,,,,,,,,,2229.72607421875,,31.418493270874023,,0.6265697479248047,,47.219974517822266
,434,,,,,,,,,,1830.4053955078125,,25.012903213500977,,0.7172018885612488,,42.78323745727539
,435,,,,,,,,,,2698.673828125,,37.86238098144531,,0.637619137763977,,51.948760986328125
,436,,,,,,,,,,2548.440673828125,,34.608642578125,,0.6241955161094666,,50.48208236694336
,437,,,,,,,,,,1603.4716796875,,24.897258758544922,,0.7448709011077881,,40.043373107910156
,438,,,,,,,,,,1871.051513671875,,26.83664321899414,,0.65396648645401,,43.255653381347656
,439,,,,,,,,,,3183.8408203125,,40.48997497558594,,0.5802006721496582,,56.425533294677734
,440,,,,,,,,,,1971.239501953125,,27.743852615356445,,0.6646748781204224,,44.398643493652344
,441,,,,,,,,,,1940.1395263671875,,27.57015609741211,,0.731558620929718,,44.04701232910156
,442,,,,,,,,,,2560.975341796875,,33.480712890625,,0.6007096171379089,,50.6060791015625
,443,,,,,,,,,,2548.67919921875,,35.73920822143555,,0.5699499249458313,,50.48444366455078
,444,,,,,,,,,,3110.1826171875,,39.66265106201172,,0.6161507368087769,,55.769012451171875
,445,,,,,,,,,,1930.1458740234375,,29.787717819213867,,0.6817184686660767,,43.93342590332031
,446,,,,,,,,,,3002.2763671875,,38.302337646484375,,0.671684980392456,,54.793033599853516
,447,,,,,,,,,,1631.8875732421875,,24.800579071044922,,0.7433286309242249,,40.396629333496094
,448,,,,,,,,,,1795.743896484375,,25.388341903686523,,0.6886436939239502,,42.376216888427734
,449,,,,,,,,,,2184.17919921875,,30.376262664794922,,0.6328072547912598,,46.73520278930664
,450,,,,,,,,,,2536.44140625,,32.941524505615234,,0.6219847798347473,,50.363094329833984
,451,,,,,,,,,,2712.8232421875,,37.51264953613281,,0.5992560386657715,,52.084774017333984
,452,,,,,,,,,,2948.4150390625,,36.3772087097168,,0.6127480268478394,,54.29930877685547
,453,,,,,,,,,,2428.9091796875,,33.625030517578125,,0.6310151815414429,,49.283966064453125
,454,,,,,,,,,,2727.341796875,,33.04231262207031,,0.6258800029754639,,52.22395706176758
,455,,,,,,,,,,2071.505126953125,,31.28398323059082,,0.6832528710365295,,45.513790130615234
,456,,,,,,,,,,3003.075927734375,,37.195716857910156,,0.6191678047180176,,54.80032730102539
,457,,,,,,,,,,2169.108154296875,,28.854555130004883,,0.7030860185623169,,46.57368087768555
,458,,,,,,,,,,2184.923095703125,,30.800321578979492,,0.6630897521972656,,46.743160247802734
,459,,,,,,,,,,2326.583740234375,,32.413814544677734,,0.6382919549942017,,48.234676361083984
,460,,,,,,,,,,2325.93798828125,,31.226449966430664,,0.6812961101531982,,48.22797775268555
,461,,,,,,,,,,1646.1025390625,,21.870952606201172,,0.7328120470046997,,40.57218933105469
2,1385,,,,,,,,,2270.83349609375,,31.326873779296875,,0.6515069603919983,,47.459693908691406,
2,1385,2443.36572265625,,32.11956024169922,,0.6287611126899719,,49.17490768432617,,,,,,,,,
3,1399,,2360.60693359375,,31.149484634399414,,0.6757585406303406,,48.58607864379883,,,,,,,,
3,1449,,3220.080078125,,35.43779373168945,,0.6032052040100098,,56.745750427246094,,,,,,,,
3,1499,,2626.650634765625,,34.47471618652344,,0.4844202995300293,,51.250858306884766,,,,,,,,
3,1549,,3122.70458984375,,41.52643585205078,,0.5131369829177856,,55.88116455078125,,,,,,,,
3,1599,,2698.500244140625,,33.607521057128906,,0.5733650922775269,,51.94709014892578,,,,,,,,
3,1649,,2525.309326171875,,34.086299896240234,,0.621062159538269,,50.2524528503418,,,,,,,,
3,1699,,2664.393310546875,,33.61103820800781,,0.6110122799873352,,51.617759704589844,,,,,,,,
3,1749,,2308.16845703125,,30.388015747070312,,0.6274358034133911,,48.04340362548828,,,,,,,,
3,1799,,2311.248291015625,,31.11180305480957,,0.6701006889343262,,48.07544708251953,,,,,,,,
,462,,,,,,,,,,2129.404296875,,29.558656692504883,,0.692954421043396,,46.14546585083008
,463,,,,,,,,,,1866.6417236328125,,27.200674057006836,,0.667336642742157,,43.20465087890625
,464,,,,,,,,,,2057.52783203125,,29.940488815307617,,0.6868118047714233,,45.35997772216797
,465,,,,,,,,,,2745.876708984375,,35.76723861694336,,0.6683571338653564,,52.40111541748047
,466,,,,,,,,,,2613.520263671875,,32.43885803222656,,0.5808429718017578,,51.12260055541992
,467,,,,,,,,,,2259.12060546875,,31.600566864013672,,0.6187121868133545,,47.53020477294922
,468,,,,,,,,,,1980.401611328125,,28.08332061767578,,0.635261058807373,,44.501705169677734
,469,,,,,,,,,,2661.831787109375,,33.23094940185547,,0.6854020357131958,,51.59294128417969
,470,,,,,,,,,,2967.107177734375,,39.5731201171875,,0.550519585609436,,54.471160888671875
,471,,,,,,,,,,1933.575439453125,,29.02276611328125,,0.5987991094589233,,43.97243881225586
,472,,,,,,,,,,1905.3941650390625,,24.60057830810547,,0.6554569005966187,,43.650821685791016
,473,,,,,,,,,,2433.078857421875,,33.75840377807617,,0.6411465406417847,,49.32624816894531
,474,,,,,,,,,,2227.49853515625,,31.157054901123047,,0.6235092878341675,,47.19638442993164
,475,,,,,,,,,,2037.1435546875,,28.751007080078125,,0.6848188638687134,,45.134727478027344
,476,,,,,,,,,,1836.36474609375,,25.07878303527832,,0.6515312194824219,,42.85282516479492
,477,,,,,,,,,,2884.006591796875,,36.96449661254883,,0.5935525894165039,,53.70294952392578
,478,,,,,,,,,,1622.41796875,,24.507530212402344,,0.6981690526008606,,40.27925109863281
,479,,,,,,,,,,1764.8974609375,,24.324295043945312,,0.7218985557556152,,42.01068115234375
,480,,,,,,,,,,1876.6607666015625,,28.173355102539062,,0.6828483939170837,,43.3204460144043
,481,,,,,,,,,,2281.18701171875,,31.608402252197266,,0.6323676109313965,,47.76177215576172
,482,,,,,,,,,,1837.1319580078125,,26.37408447265625,,0.7070004940032959,,42.861778259277344
,483,,,,,,,,,,2425.41943359375,,32.21503448486328,,0.6198928952217102,,49.2485466003418
,484,,,,,,,,,,2149.77001953125,,31.659719467163086,,0.6615027189254761,,46.3656120300293
,485,,,,,,,,,,3375.39794921875,,42.664066314697266,,0.5583555698394775,,58.098175048828125
,486,,,,,,,,,,2610.77294921875,,34.243160247802734,,0.6502834558486938,,51.09572219848633
,487,,,,,,,,,,2746.1240234375,,35.19779586791992,,0.6318014860153198,,52.403472900390625
,488,,,,,,,,,,1238.0926513671875,,19.803726196289062,,0.7057530879974365,,35.18654251098633
,489,,,,,,,,,,2620.041748046875,,34.743263244628906,,0.6407817602157593,,51.186344146728516
,490,,,,,,,,,,1978.9600830078125,,30.329511642456055,,0.6655874252319336,,44.485504150390625
,491,,,,,,,,,,2565.94775390625,,31.010305404663086,,0.6652162075042725,,50.65518569946289
,492,,,,,,,,,,2102.850830078125,,28.311246871948242,,0.6244499087333679,,45.856849670410156
,493,,,,,,,,,,2243.910400390625,,31.419706344604492,,0.6312395334243774,,47.369930267333984
,494,,,,,,,,,,1957.0323486328125,,28.054105758666992,,0.6965616941452026,,44.23835754394531
,495,,,,,,,,,,2072.450927734375,,27.402599334716797,,0.7167254686355591,,45.5241813659668
,496,,,,,,,,,,3056.50146484375,,34.011470794677734,,0.6294822692871094,,55.28563690185547
,497,,,,,,,,,,2048.452880859375,,28.062129974365234,,0.6216323971748352,,45.25983810424805
,498,,,,,,,,,,2952.254638671875,,34.938446044921875,,0.5308237671852112,,54.33465576171875
,499,,,,,,,,,,2213.044189453125,,30.891372680664062,,0.572512149810791,,47.04300308227539
,500,,,,,,,,,,2553.472900390625,,32.345481872558594,,0.6630361080169678,,50.531898498535156
,501,,,,,,,,,,2214.868896484375,,28.316974639892578,,0.6813770532608032,,47.06239318847656
,502,,,,,,,,,,2508.725341796875,,35.59423065185547,,0.6117194294929504,,50.08717346191406
,503,,,,,,,,,,2341.427001953125,,31.233036041259766,,0.595855176448822,,48.3882942199707
,504,,,,,,,,,,2133.714111328125,,28.19561004638672,,0.6364845037460327,,46.192142486572266
,505,,,,,,,,,,2938.96435546875,,36.358524322509766,,0.6073703765869141,,54.212215423583984
,506,,,,,,,,,,2030.9739990234375,,28.429868698120117,,0.6513683795928955,,45.06632995605469
,507,,,,,,,,,,2422.439208984375,,32.62246322631836,,0.6734973192214966,,49.21828079223633
,508,,,,,,,,,,1949.4266357421875,,28.48650360107422,,0.665137529373169,,44.152313232421875
,509,,,,,,,,,,2271.199462890625,,32.84211349487305,,0.6071453094482422,,47.6571044921875
,510,,,,,,,,,,2574.7490234375,,34.811683654785156,,0.6403707265853882,,50.74198532104492
,511,,,,,,,,,,2819.056884765625,,37.34970474243164,,0.6186468601226807,,53.094791412353516
,512,,,,,,,,,,2125.350830078125,,28.68862533569336,,0.6296670436859131,,46.10152816772461
,513,,,,,,,,,,2406.984375,,32.314666748046875,,0.7183574438095093,,49.06102752685547
,514,,,,,,,,,,3031.251953125,,38.0289306640625,,0.5262933969497681,,55.05680847167969
,515,,,,,,,,,,2289.71630859375,,30.32393455505371,,0.6967472434043884,,47.85097885131836
,516,,,,,,,,,,2837.870361328125,,35.6811408996582,,0.6366258859634399,,53.27166748046875
,517,,,,,,,,,,2098.123046875,,31.57209014892578,,0.6436403393745422,,45.805274963378906
,518,,,,,,,,,,2668.381103515625,,35.95676040649414,,0.5330486297607422,,51.656375885009766
,519,,,,,,,,,,2159.732666015625,,28.40889549255371,,0.6982724666595459,,46.472923278808594
,520,,,,,,,,,,2355.4365234375,,30.7154483795166,,0.6154006123542786,,48.532840728759766
,521,,,,,,,,,,1811.2376708984375,,28.460012435913086,,0.7085573673248291,,42.55863952636719
,522,,,,,,,,,,1806.2669677734375,,27.46697425842285,,0.701191246509552,,42.50019836425781
,523,,,,,,,,,,2446.497802734375,,33.44791793823242,,0.6357734203338623,,49.46208572387695
,524,,,,,,,,,,2416.77197265625,,33.72483444213867,,0.6160666942596436,,49.160675048828125
,525,,,,,,,,,,2492.90966796875,,33.582122802734375,,0.6231913566589355,,49.92904281616211
,526,,,,,,,,,,2510.56982421875,,33.061038970947266,,0.6764178276062012,,50.1055908203125
,527,,,,,,,,,,2050.301025390625,,28.684547424316406,,0.67674720287323,,45.280250549316406
,528,,,,,,,,,,2380.882080078125,,33.61288070678711,,0.6173923015594482,,48.794281005859375
,529,,,,,,,,,,1904.290771484375,,28.303203582763672,,0.7268694639205933,,43.638179779052734
,530,,,,,,,,,,2249.91650390625,,30.447343826293945,,0.5914469957351685,,47.433284759521484
,531,,,,,,,,,,2359.73046875,,32.64751434326172,,0.5946507453918457,,48.577056884765625
,532,,,,,,,,,,2088.65966796875,,28.983566284179688,,0.707881510257721,,45.70185470581055
,533,,,,,,,,,,2377.921875,,32.07745361328125,,0.6571816205978394,,48.763938903808594
,534,,,,,,,,,,3794.876953125,,44.52482223510742,,0.5617272853851318,,61.602569580078125
,535,,,,,,,,,,2971.48876953125,,38.6537971496582,,0.5441668033599854,,54.51136779785156
,536,,,,,,,,,,2541.223876953125,,33.96416091918945,,0.6319291591644287,,50.410552978515625
,537,,,,,,,,,,2031.1796875,,28.34801483154297,,0.7006492018699646,,45.06861114501953
,538,,,,,,,,,,3426.0703125,,42.46387481689453,,0.5327634811401367,,58.53264236450195
,539,,,,,,,,,,2493.818359375,,31.67566680908203,,0.6180192232131958,,49.938148498535156
,540,,,,,,,,,,2302.770751953125,,31.455810546875,,0.6098209619522095,,47.9871940612793
,541,,,,,,,,,,2094.075927734375,,30.359525680541992,,0.5897902250289917,,45.761077880859375
,542,,,,,,,,,,2617.58203125,,36.546627044677734,,0.5703481435775757,,51.16231155395508
,543,,,,,,,,,,2313.289306640625,,29.63224220275879,,0.6515318155288696,,48.09666442871094
,544,,,,,,,,,,2154.743896484375,,30.214811325073242,,0.6781110763549805,,46.419219970703125
,545,,,,,,,,,,1906.33837890625,,28.790157318115234,,0.6625350117683411,,43.66163635253906
,546,,,,,,,,,,1986.060302734375,,26.312450408935547,,0.661697506904602,,44.56523513793945
,547,,,,,,,,,,2905.61572265625,,36.95416259765625,,0.5650611519813538,,53.90376281738281
,548,,,,,,,,,,2347.197265625,,31.978702545166016,,0.6384137868881226,,48.44788360595703
,549,,,,,,,,,,2315.079833984375,,32.32889175415039,,0.6737020611763,,48.11527633666992
,550,,,,,,,,,,2546.430419921875,,34.172569274902344,,0.6338139176368713,,50.4621696472168
,551,,,,,,,,,,1822.18798828125,,25.62255859375,,0.6687631011009216,,42.68709182739258
,552,,,,,,,,,,1981.40771484375,,27.905380249023438,,0.6722445487976074,,44.513004302978516
,553,,,,,,,,,,1842.7060546875,,23.424951553344727,,0.6673356294631958,,42.926753997802734
,554,,,,,,,,,,2159.860595703125,,31.73089027404785,,0.6955752372741699,,46.474300384521484
,555,,,,,,,,,,2346.98876953125,,32.575355529785156,,0.6555421352386475,,48.44572830200195
,556,,,,,,,,,,2431.744140625,,31.8066349029541,,0.6657650470733643,,49.31271743774414
,557,,,,,,,,,,2419.125244140625,,33.289756774902344,,0.6262956857681274,,49.18460464477539
,558,,,,,,,,,,1680.5166015625,,24.412261962890625,,0.7044011354446411,,40.99410629272461
,559,,,,,,,,,,2318.328125,,31.121856689453125,,0.67438805103302,,48.14902114868164
,560,,,,,,,,,,2454.302978515625,,33.94487380981445,,0.6533144116401672,,49.540924072265625
,561,,,,,,,,,,2414.604736328125,,32.199790954589844,,0.635697603225708,,49.13862609863281
,562,,,,,,,,,,2250.360107421875,,30.892518997192383,,0.6586923003196716,,47.43796157836914
,563,,,,,,,,,,2803.69091796875,,37.76414489746094,,0.5359863042831421,,52.94989013671875
,564,,,,,,,,,,1848.1173095703125,,24.986562728881836,,0.6720540523529053,,42.9897346496582
,565,,,,,,,,,,2436.419677734375,,31.401569366455078,,0.6102404594421387,,49.36009979248047
,566,,,,,,,,,,1913.331787109375,,27.884838104248047,,0.5667323470115662,,43.74164962768555
,567,,,,,,,,,,2004.5606689453125,,28.450462341308594,,0.6829884052276611,,44.77231979370117
,568,,,,,,,,,,2423.642333984375,,32.26494598388672,,0.6902844905853271,,49.230499267578125
,569,,,,,,,,,,2639.34130859375,,36.9385986328125,,0.6065927743911743,,51.37451934814453
,570,,,,,,,,,,1876.06884765625,,24.16005516052246,,0.5664957761764526,,43.3136100769043
,571,,,,,,,,,,2620.4833984375,,35.04092025756836,,0.5912457704544067,,51.19065856933594
,572,,,,,,,,,,2810.935791015625,,37.148075103759766,,0.5148568153381348,,53.01825714111328
,573,,,,,,,,,,2352.53662109375,,33.84520721435547,,0.6663018465042114,,48.50295639038086
,574,,,,,,,,,,2243.400634765625,,33.206092834472656,,0.6584106683731079,,47.36455154418945
,575,,,,,,,,,,2515.1396484375,,33.06569290161133,,0.6390286087989807,,50.15116882324219
,576,,,,,,,,,,1749.810791015625,,26.20135498046875,,0.6109657883644104,,41.83073806762695
,577,,,,,,,,,,2556.330810546875,,29.408185958862305,,0.6880570650100708,,50.5601692199707
,578,,,,,,,,,,2487.091552734375,,34.25511169433594,,0.5929405689239502,,49.87074661254883
,579,,,,,,,,,,2302.385498046875,,30.41042137145996,,0.6495978832244873,,47.98318099975586
,580,,,,,,,,,,2136.68701171875,,29.315914154052734,,0.6371132135391235,,46.22431182861328
,581,,,,,,,,,,2452.241455078125,,33.046382904052734,,0.6623920202255249,,49.520111083984375
,582,,,,,,,,,,2432.434814453125,,31.160770416259766,,0.6125791072845459,,49.31971740722656
,583,,,,,,,,,,2660.52001953125,,33.34459686279297,,0.5970685482025146,,51.580230712890625
,584,,,,,,,,,,1975.6533203125,,28.31888198852539,,0.7191208600997925,,44.44832229614258
,585,,,,,,,,,,2337.6591796875,,29.95433235168457,,0.5720245838165283,,48.34934616088867
,586,,,,,,,,,,1924.6068115234375,,28.012344360351562,,0.6890020966529846,,43.87034225463867
,587,,,,,,,,,,2421.0029296875,,32.77518081665039,,0.5945349931716919,,49.20368957519531
,588,,,,,,,,,,1842.7398681640625,,24.969242095947266,,0.71529620885849,,42.92714309692383
,589,,,,,,,,,,2614.375732421875,,35.821346282958984,,0.648938775062561,,51.13096618652344
,590,,,,,,,,,,2648.07421875,,34.723358154296875,,0.6095030903816223,,51.45944595336914
,591,,,,,,,,,,1626.8748779296875,,24.150598526000977,,0.7411471605300903,,40.334537506103516
,592,,,,,,,,,,2006.6365966796875,,28.049909591674805,,0.6288912892341614,,44.79549789428711
,593,,,,,,,,,,3113.677734375,,39.26633071899414,,0.5894519090652466,,55.80033874511719
,594,,,,,,,,,,2037.510498046875,,28.083251953125,,0.6534016132354736,,45.138790130615234
,595,,,,,,,,,,1870.708251953125,,26.717945098876953,,0.741165280342102,,43.251686096191406
,596,,,,,,,,,,2690.173828125,,33.80913543701172,,0.5805658102035522,,51.866886138916016
,597,,,,,,,,,,2720.7216796875,,36.42913055419922,,0.5409204363822937,,52.1605339050293
,598,,,,,,,,,,3043.246826171875,,38.925987243652344,,0.6244117021560669,,55.16563034057617
,599,,,,,,,,,,2102.798095703125,,31.0961856842041,,0.6532480716705322,,45.85627746582031
,600,,,,,,,,,,2906.611083984375,,37.276397705078125,,0.682146430015564,,53.912994384765625
,601,,,,,,,,,,1721.2615966796875,,25.74992561340332,,0.729271411895752,,41.48809051513672
,602,,,,,,,,,,1868.2945556640625,,25.884225845336914,,0.6760644316673279,,43.22377395629883
,603,,,,,,,,,,2146.37158203125,,29.750791549682617,,0.6391632556915283,,46.328948974609375
,604,,,,,,,,,,2728.40673828125,,34.06645965576172,,0.5933755040168762,,52.234153747558594
,605,,,,,,,,,,2817.221923828125,,37.58694076538086,,0.5838340520858765,,53.07750701904297
,606,,,,,,,,,,2881.319091796875,,35.50018310546875,,0.6215605735778809,,53.677921295166016
,607,,,,,,,,,,2466.630615234375,,33.24040222167969,,0.625284731388092,,49.665184020996094
,608,,,,,,,,,,2713.978515625,,32.76718521118164,,0.6277130842208862,,52.09585952758789
,609,,,,,,,,,,2149.521240234375,,31.338092803955078,,0.6713236570358276,,46.36293029785156
,610,,,,,,,,,,2901.23388671875,,35.655670166015625,,0.6320828199386597,,53.863101959228516
,611,,,,,,,,,,2244.736572265625,,28.935861587524414,,0.6927337646484375,,47.3786506652832
,612,,,,,,,,,,2290.09912109375,,31.849960327148438,,0.6468719244003296,,47.854976654052734
,613,,,,,,,,,,2535.7333984375,,33.511512756347656,,0.6057759523391724,,50.3560676574707
,614,,,,,,,,,,2210.697265625,,29.709104537963867,,0.6970865726470947,,47.01805114746094
,615,,,,,,,,,,1670.3692626953125,,22.622560501098633,,0.7288731932640076,,40.87015151977539
3,1847,,,,,,,,,2333.997314453125,,31.485811233520508,,0.6407150626182556,,48.13922882080078,
3,1847,2415.080078125,,31.843786239624023,,0.6327616572380066,,48.88348388671875,,,,,,,,,
4,1849,,1764.996337890625,,25.60847282409668,,0.6968154907226562,,42.01185989379883,,,,,,,,
4,1899,,2354.8701171875,,31.017744064331055,,0.676340639591217,,48.527008056640625,,,,,,,,
4,1949,,2935.31201171875,,34.77095031738281,,0.6256608963012695,,54.17852020263672,,,,,,,,
4,1999,,1991.3887939453125,,25.630191802978516,,0.6562683582305908,,44.624977111816406,,,,,,,,
4,2049,,2895.698974609375,,35.874298095703125,,0.651258111000061,,53.81169891357422,,,,,,,,
4,2099,,2356.492431640625,,31.6362361907959,,0.6589447259902954,,48.54371643066406,,,,,,,,
4,2149,,1859.5078125,,26.99350929260254,,0.7393221259117126,,43.12200927734375,,,,,,,,
4,2199,,2274.00439453125,,31.25518226623535,,0.6903383731842041,,47.6865234375,,,,,,,,
4,2249,,2046.6881103515625,,29.4185848236084,,0.6704913377761841,,45.24033737182617,,,,,,,,
4,2299,,2456.4814453125,,33.19416809082031,,0.6077566146850586,,49.562904357910156,,,,,,,,
,616,,,,,,,,,,2050.56640625,,28.27094268798828,,0.7043222784996033,,45.28317642211914
,617,,,,,,,,,,1649.491455078125,,25.231853485107422,,0.7060360908508301,,40.61393356323242
,618,,,,,,,,,,1938.672119140625,,28.414766311645508,,0.7049035429954529,,44.03035354614258
,619,,,,,,,,,,2856.782470703125,,36.51468276977539,,0.6549621820449829,,53.448875427246094
,620,,,,,,,,,,2332.242431640625,,30.546615600585938,,0.6259543299674988,,48.293296813964844
,621,,,,,,,,,,2170.06494140625,,30.726282119750977,,0.6337427496910095,,46.58395767211914
,622,,,,,,,,,,1798.04736328125,,26.113080978393555,,0.6688460111618042,,42.40338897705078
,623,,,,,,,,,,2791.799072265625,,33.69035339355469,,0.6700414419174194,,52.83747863769531
,624,,,,,,,,,,2776.275390625,,38.02885818481445,,0.5794283151626587,,52.690372467041016
,625,,,,,,,,,,1838.236328125,,28.048280715942383,,0.6185811758041382,,42.874656677246094
,626,,,,,,,,,,1942.66064453125,,24.381074905395508,,0.6487181782722473,,44.075626373291016
,627,,,,,,,,,,2337.207763671875,,32.728553771972656,,0.6552865505218506,,48.34467315673828
,628,,,,,,,,,,2146.61865234375,,29.810083389282227,,0.6371795535087585,,46.33161926269531
,629,,,,,,,,,,2036.5604248046875,,28.561065673828125,,0.6849091053009033,,45.128265380859375
,630,,,,,,,,,,1701.1279296875,,23.687387466430664,,0.6771937608718872,,41.24473190307617
,631,,,,,,,,,,2848.55419921875,,36.67951965332031,,0.5985488891601562,,53.371849060058594
,632,,,,,,,,,,1459.57666015625,,22.62982940673828,,0.7284636497497559,,38.20440673828125
,633,,,,,,,,,,1794.140380859375,,24.336713790893555,,0.7172906398773193,,42.35729217529297
,634,,,,,,,,,,1712.2099609375,,26.3774471282959,,0.7106401920318604,,41.37886047363281
,635,,,,,,,,,,2277.092041015625,,30.81715965270996,,0.6330275535583496,,47.71888732910156
,636,,,,,,,,,,1733.232666015625,,25.437606811523438,,0.7235710620880127,,41.632110595703125
,637,,,,,,,,,,2224.221435546875,,30.878450393676758,,0.6514242887496948,,47.161651611328125
,638,,,,,,,,,,2047.9154052734375,,29.857070922851562,,0.6775405406951904,,45.25389862060547
,639,,,,,,,,,,3184.441162109375,,40.7403450012207,,0.5833407640457153,,56.430850982666016
,640,,,,,,,,,,2733.280029296875,,35.03308868408203,,0.633873462677002,,52.28078079223633
,641,,,,,,,,,,2637.644775390625,,33.922027587890625,,0.6463463306427002,,51.35800552368164
,642,,,,,,,,,,1152.64990234375,,18.579931259155273,,0.7260595560073853,,33.95069885253906
,643,,,,,,,,,,2498.500244140625,,33.70124816894531,,0.6574455499649048,,49.98500061035156
,644,,,,,,,,,,2039.4552001953125,,30.603038787841797,,0.6553646922111511,,45.16032791137695
,645,,,,,,,,,,2632.947265625,,30.977163314819336,,0.6564747095108032,,51.312252044677734
,646,,,,,,,,,,2010.7445068359375,,27.38756561279297,,0.6408992409706116,,44.84132766723633
,647,,,,,,,,,,2168.415771484375,,30.393531799316406,,0.6436461210250854,,46.56624984741211
,648,,,,,,,,,,1849.674072265625,,26.442100524902344,,0.7132076025009155,,43.007835388183594
,649,,,,,,,,,,2119.498046875,,27.35678482055664,,0.7102948427200317,,46.03800582885742
,650,,,,,,,,,,3077.547607421875,,33.786399841308594,,0.6269310116767883,,55.475650787353516
,651,,,,,,,,,,1912.700439453125,,26.357166290283203,,0.6467070579528809,,43.734432220458984
,652,,,,,,,,,,2917.9853515625,,33.30882263183594,,0.5362699031829834,,54.01837921142578
,653,,,,,,,,,,2011.209228515625,,29.033466339111328,,0.6115000247955322,,44.84650802612305
,654,,,,,,,,,,2408.3955078125,,31.03528594970703,,0.6821810007095337,,49.07540512084961
,655,,,,,,,,,,2072.604736328125,,27.200307846069336,,0.7018426656723022,,45.5258674621582
,656,,,,,,,,,,2282.24072265625,,33.688114166259766,,0.6467728614807129,,47.772804260253906
,657,,,,,,,,,,2185.100830078125,,29.91522789001465,,0.622838020324707,,46.74506378173828
,658,,,,,,,,,,2020.900390625,,27.07390594482422,,0.6557042598724365,,44.95442581176758
,659,,,,,,,,,,3042.939697265625,,36.22059631347656,,0.5934798717498779,,55.162845611572266
,660,,,,,,,,,,2129.1181640625,,28.7211856842041,,0.6345211863517761,,46.14236831665039
,661,,,,,,,,,,2361.306884765625,,31.58733558654785,,0.6817368865013123,,48.59327697753906
,662,,,,,,,,,,1885.1705322265625,,27.6250057220459,,0.6761751174926758,,43.41855239868164
,663,,,,,,,,,,2179.985107421875,,31.52216148376465,,0.6229228973388672,,46.690311431884766
,664,,,,,,,,,,2612.018310546875,,34.96113586425781,,0.6351651549339294,,51.10791015625
,665,,,,,,,,,,2732.212158203125,,36.63071823120117,,0.6303949952125549,,52.270565032958984
,666,,,,,,,,,,2124.49609375,,27.73040199279785,,0.629815936088562,,46.092254638671875
,667,,,,,,,,,,2427.39404296875,,31.81311798095703,,0.7159693241119385,,49.26858901977539
,668,,,,,,,,,,2989.285400390625,,37.51997756958008,,0.5328516960144043,,54.67435836791992
,669,,,,,,,,,,2353.318603515625,,30.124595642089844,,0.6883236765861511,,48.511016845703125
,670,,,,,,,,,,2746.26513671875,,34.316429138183594,,0.6483554840087891,,52.40481948852539
,671,,,,,,,,,,1953.8721923828125,,30.193378448486328,,0.6681408882141113,,44.2026252746582
,672,,,,,,,,,,2470.13232421875,,34.81721115112305,,0.5677410960197449,,49.70042419433594
,673,,,,,,,,,,2185.9833984375,,28.387487411499023,,0.6946050524711609,,46.75450134277344
,674,,,,,,,,,,2352.41259765625,,30.33953285217285,,0.6158943176269531,,48.501678466796875
,675,,,,,,,,,,1736.45703125,,27.75484275817871,,0.7205901145935059,,41.67081832885742
,676,,,,,,,,,,1648.7752685546875,,25.800662994384766,,0.7272449135780334,,40.6051139831543
,677,,,,,,,,,,2316.96728515625,,31.808746337890625,,0.655057430267334,,48.1348876953125
,678,,,,,,,,,,2287.80712890625,,32.327457427978516,,0.6365543007850647,,47.83102798461914
,679,,,,,,,,,,2367.333984375,,32.57522201538086,,0.6421723365783691,,48.65525817871094
,680,,,,,,,,,,2581.45458984375,,32.88486099243164,,0.6672816276550293,,50.80801773071289
,681,,,,,,,,,,1891.4317626953125,,27.182212829589844,,0.7017947435379028,,43.49059295654297
,682,,,,,,,,,,2331.00732421875,,32.21411895751953,,0.6254072189331055,,48.28050231933594
,683,,,,,,,,,,2012.7882080078125,,28.604291915893555,,0.7113077640533447,,44.864105224609375
,684,,,,,,,,,,2093.35302734375,,28.303516387939453,,0.6198767423629761,,45.753173828125
,685,,,,,,,,,,2195.47607421875,,30.739307403564453,,0.6228660345077515,,46.85590744018555
,686,,,,,,,,,,2053.845947265625,,28.21965980529785,,0.7127505540847778,,45.319374084472656
,687,,,,,,,,,,2265.501953125,,30.032546997070312,,0.6733888983726501,,47.5972900390625
,688,,,,,,,,,,3884.04541015625,,44.38184356689453,,0.5514291524887085,,62.32210922241211
,689,,,,,,,,,,2864.89501953125,,37.01749038696289,,0.5605185627937317,,53.524715423583984
,690,,,,,,,,,,2494.588623046875,,33.22955322265625,,0.6386837959289551,,49.945858001708984
,691,,,,,,,,,,2040.07763671875,,28.318065643310547,,0.6993378400802612,,45.16721725463867
,692,,,,,,,,,,3485.871826171875,,42.10991668701172,,0.5246078968048096,,59.0412712097168
,693,,,,,,,,,,2316.75048828125,,29.8906192779541,,0.6451408863067627,,48.13263702392578
,694,,,,,,,,,,2258.5380859375,,30.9508056640625,,0.6173156499862671,,47.524078369140625
,695,,,,,,,,,,2031.523681640625,,28.986003875732422,,0.6020436882972717,,45.072425842285156
,696,,,,,,,,,,2512.85498046875,,35.09587478637695,,0.5875380635261536,,50.12838363647461
,697,,,,,,,,,,2320.21435546875,,30.17520523071289,,0.6504886150360107,,48.168601989746094
,698,,,,,,,,,,2031.85400390625,,29.029088973999023,,0.6964691281318665,,45.07609176635742
,699,,,,,,,,,,1831.69091796875,,27.84380340576172,,0.6757493019104004,,42.79825973510742
,700,,,,,,,,,,1843.5894775390625,,25.125375747680664,,0.6859657764434814,,42.937042236328125
,701,,,,,,,,,,2721.44873046875,,35.552642822265625,,0.5926289558410645,,52.16750717163086
,702,,,,,,,,,,2189.88427734375,,30.17086410522461,,0.6626479625701904,,46.796199798583984
,703,,,,,,,,,,2389.3115234375,,32.365631103515625,,0.6632394790649414,,48.880584716796875
,704,,,,,,,,,,2466.47802734375,,33.137149810791016,,0.6453113555908203,,49.66365051269531
,705,,,,,,,,,,1753.2091064453125,,25.028989791870117,,0.6813020706176758,,41.871341705322266
,706,,,,,,,,,,1886.3629150390625,,26.61945915222168,,0.6879664659500122,,43.432281494140625
,707,,,,,,,,,,2003.340576171875,,24.528583526611328,,0.638336181640625,,44.75869369506836
,708,,,,,,,,,,2166.302001953125,,31.637128829956055,,0.6946673393249512,,46.543548583984375
,709,,,,,,,,,,2465.279541015625,,33.298667907714844,,0.6381810307502747,,49.651580810546875
,710,,,,,,,,,,2453.230224609375,,31.732954025268555,,0.6628118753433228,,49.530094146728516
,711,,,,,,,,,,2361.375,,32.297393798828125,,0.6352168321609497,,48.5939826965332
,712,,,,,,,,,,1696.5819091796875,,24.324172973632812,,0.7015752792358398,,41.18958282470703
,713,,,,,,,,,,2368.91650390625,,31.013883590698242,,0.6672828793525696,,48.67151641845703
,714,,,,,,,,,,2404.139404296875,,33.34279251098633,,0.6604003310203552,,49.03202438354492
,715,,,,,,,,,,2313.842041015625,,31.380464553833008,,0.65090012550354,,48.102413177490234
,716,,,,,,,,,,2283.025634765625,,30.603578567504883,,0.6537379622459412,,47.7810173034668
,717,,,,,,,,,,2618.492919921875,,36.27139663696289,,0.5666368007659912,,51.17121124267578
,718,,,,,,,,,,1795.6683349609375,,24.724266052246094,,0.6813609600067139,,42.375328063964844
,719,,,,,,,,,,2445.7470703125,,30.823251724243164,,0.6087483167648315,,49.45449447631836
,720,,,,,,,,,,1702.320068359375,,25.345529556274414,,0.6145152449607849,,41.25918197631836
,721,,,,,,,,,,2083.945068359375,,28.079845428466797,,0.6704341173171997,,45.650245666503906
,722,,,,,,,,,,2470.40673828125,,32.61149597167969,,0.6843085289001465,,49.703182220458984
,723,,,,,,,,,,2509.285888671875,,35.84546661376953,,0.6259781122207642,,50.0927734375
,724,,,,,,,,,,1779.546142578125,,23.148263931274414,,0.5887993574142456,,42.18466567993164
,725,,,,,,,,,,2674.853515625,,34.7822151184082,,0.5827648639678955,,51.71898651123047
,726,,,,,,,,,,2748.962646484375,,36.532569885253906,,0.5255528688430786,,52.43054962158203
,727,,,,,,,,,,2345.279052734375,,33.282249450683594,,0.6673312783241272,,48.42808151245117
,728,,,,,,,,,,2184.35693359375,,33.10232925415039,,0.6674008369445801,,46.73710632324219
,729,,,,,,,,,,2537.57080078125,,32.69512939453125,,0.6358093023300171,,50.374305725097656
,730,,,,,,,,,,1648.817626953125,,25.020021438598633,,0.6334195137023926,,40.60563659667969
,731,,,,,,,,,,2675.88525390625,,29.86292266845703,,0.6734681129455566,,51.72895812988281
,732,,,,,,,,,,2338.80029296875,,32.5797233581543,,0.6172112226486206,,48.36114501953125
,733,,,,,,,,,,2271.01123046875,,30.189929962158203,,0.6543726921081543,,47.65513229370117
,734,,,,,,,,,,2071.3212890625,,28.590150833129883,,0.6482146978378296,,45.51177215576172
,735,,,,,,,,,,2361.612060546875,,32.01258850097656,,0.6748692989349365,,48.59642028808594
,736,,,,,,,,,,2575.3173828125,,32.082759857177734,,0.5898218154907227,,50.74758529663086
,737,,,,,,,,,,2688.845947265625,,32.79573440551758,,0.5927786827087402,,51.85408401489258
,738,,,,,,,,,,1952.6009521484375,,27.837852478027344,,0.7223982810974121,,44.1882438659668
,739,,,,,,,,,,2267.069580078125,,28.490842819213867,,0.5849480032920837,,47.61375427246094
,740,,,,,,,,,,1863.8902587890625,,26.913890838623047,,0.6988133192062378,,43.172794342041016
,741,,,,,,,,,,2130.6611328125,,30.271778106689453,,0.6431609392166138,,46.15908432006836
,742,,,,,,,,,,1817.038818359375,,24.40623664855957,,0.7192670106887817,,42.626739501953125
,743,,,,,,,,,,2777.523193359375,,37.09354019165039,,0.627031147480011,,52.70220947265625
,744,,,,,,,,,,2568.218994140625,,33.86514663696289,,0.6212789416313171,,50.67759704589844
,745,,,,,,,,,,1566.5205078125,,23.41171646118164,,0.7507501840591431,,39.57929611206055
,746,,,,,,,,,,1865.893798828125,,26.476102828979492,,0.6549203395843506,,43.19599151611328
,747,,,,,,,,,,3131.278564453125,,39.1617546081543,,0.587131142616272,,55.957828521728516
,748,,,,,,,,,,2068.23779296875,,27.986282348632812,,0.6481746435165405,,45.477882385253906
,749,,,,,,,,,,1969.3736572265625,,27.305561065673828,,0.7275137305259705,,44.37762451171875
,750,,,,,,,,,,2731.271728515625,,33.545806884765625,,0.5741580724716187,,52.261573791503906
,751,,,,,,,,,,2525.746826171875,,34.82414245605469,,0.5738193988800049,,50.25680923461914
,752,,,,,,,,,,3030.8701171875,,38.0752067565918,,0.6259392499923706,,55.05333709716797
,753,,,,,,,,,,1931.9739990234375,,29.317100524902344,,0.6814169883728027,,43.954227447509766
,754,,,,,,,,,,2991.42724609375,,37.481056213378906,,0.6728713512420654,,54.69394302368164
,755,,,,,,,,,,1694.6177978515625,,24.959890365600586,,0.7334620952606201,,41.16573715209961
,756,,,,,,,,,,1882.3995361328125,,25.385351181030273,,0.6736187934875488,,43.386627197265625
,757,,,,,,,,,,2149.8037109375,,29.96088218688965,,0.6385862827301025,,46.36597442626953
,758,,,,,,,,,,2585.047119140625,,32.73515319824219,,0.6147408485412598,,50.84335708618164
,759,,,,,,,,,,2776.692626953125,,36.974281311035156,,0.5898211002349854,,52.694332122802734
,760,,,,,,,,,,3049.99853515625,,36.601898193359375,,0.599405825138092,,55.22679138183594
,761,,,,,,,,,,2427.2939453125,,32.32735061645508,,0.6312605142593384,,49.267574310302734
,762,,,,,,,,,,2816.254150390625,,32.99755096435547,,0.6136835813522339,,53.068389892578125
,763,,,,,,,,,,2091.00146484375,,30.429445266723633,,0.6802717447280884,,45.72747039794922
,764,,,,,,,,,,3001.90966796875,,36.36580276489258,,0.6193156838417053,,54.7896842956543
,765,,,,,,,,,,2225.20458984375,,28.599550247192383,,0.6954073905944824,,47.17207336425781
,766,,,,,,,,,,2108.203125,,29.588891983032227,,0.674919843673706,,45.9151725769043
,767,,,,,,,,,,2402.7763671875,,32.4039421081543,,0.6264464855194092,,49.018123626708984
,768,,,,,,,,,,2349.46533203125,,30.25711441040039,,0.6780723333358765,,48.471282958984375
,769,,,,,,,,,,1641.23583984375,,21.07744598388672,,0.7336020469665527,,40.512168884277344
4,2309,,,,,,,,,2283.290771484375,,30.703651428222656,,0.6495531797409058,,47.58567428588867,
4,2309,2349.24462890625,,31.304197311401367,,0.6423126459121704,,48.21393585205078,,,,,,,,,
5,2349,,2242.760986328125,,29.253990173339844,,0.5901608467102051,,47.3577995300293,,,,,,,,
5,2399,,2489.3369140625,,34.22943115234375,,0.5931259393692017,,49.893253326416016,,,,,,,,
5,2449,,2045.4630126953125,,28.534042358398438,,0.6538713574409485,,45.2267951965332,,,,,,,,
5,2499,,2584.833740234375,,31.188688278198242,,0.6538099050521851,,50.84125900268555,,,,,,,,
5,2549,,1472.0220947265625,,24.665475845336914,,0.7251907587051392,,38.366939544677734,,,,,,,,
5,2599,,2211.055908203125,,29.391916275024414,,0.708919107913971,,47.02186584472656,,,,,,,,
5,2649,,2205.332763671875,,30.715951919555664,,0.6262228488922119,,46.96097183227539,,,,,,,,
5,2699,,1362.50830078125,,24.345958709716797,,0.7070434093475342,,36.912166595458984,,,,,,,,
5,2749,,2451.557373046875,,30.333654403686523,,0.659515917301178,,49.51320266723633,,,,,,,,
,770,,,,,,,,,,2103.85498046875,,28.24803924560547,,0.6966384053230286,,45.8677978515625
,771,,,,,,,,,,1661.30126953125,,24.780052185058594,,0.7039313316345215,,40.759063720703125
,772,,,,,,,,,,1974.5948486328125,,28.125171661376953,,0.6994355320930481,,44.4364128112793
,773,,,,,,,,,,2814.830810546875,,35.41122817993164,,0.6600290536880493,,53.05497741699219
,774,,,,,,,,,,2262.3623046875,,29.69028663635254,,0.6371617317199707,,47.56429672241211
,775,,,,,,,,,,2150.2607421875,,30.1367130279541,,0.6370852589607239,,46.37090301513672
,776,,,,,,,,,,1744.3870849609375,,24.70686912536621,,0.6787289381027222,,41.76586151123047
,777,,,,,,,,,,2726.40478515625,,32.281333923339844,,0.6777703166007996,,52.21498489379883
,778,,,,,,,,,,2744.392333984375,,37.5235595703125,,0.5842581987380981,,52.3869514465332
,779,,,,,,,,,,1793.0655517578125,,26.562829971313477,,0.6279537677764893,,42.3446044921875
,780,,,,,,,,,,1994.24560546875,,23.985292434692383,,0.6393903493881226,,44.656978607177734
,781,,,,,,,,,,2330.952392578125,,32.144039154052734,,0.6562091112136841,,48.279937744140625
,782,,,,,,,,,,2195.265380859375,,29.41253662109375,,0.6289573311805725,,46.853660583496094
,783,,,,,,,,,,2091.1982421875,,28.384994506835938,,0.6764557361602783,,45.72962188720703
,784,,,,,,,,,,1702.80615234375,,22.877309799194336,,0.6768753528594971,,41.265071868896484
,785,,,,,,,,,,2804.12109375,,35.62412643432617,,0.6048109531402588,,52.953956604003906
,786,,,,,,,,,,1487.53271484375,,22.350982666015625,,0.7232627868652344,,38.568546295166016
,787,,,,,,,,,,1707.895751953125,,22.649232864379883,,0.7308805584907532,,41.32669448852539
,788,,,,,,,,,,1690.699462890625,,25.646825790405273,,0.7142754793167114,,41.11811828613281
,789,,,,,,,,,,2306.1103515625,,30.431257247924805,,0.6283509731292725,,48.021976470947266
,790,,,,,,,,,,1762.72802734375,,25.36061668395996,,0.7188669443130493,,41.98485565185547
,791,,,,,,,,,,2114.557373046875,,29.90665626525879,,0.6686105728149414,,45.984317779541016
,792,,,,,,,,,,2068.59521484375,,29.59175682067871,,0.6742843389511108,,45.4818115234375
,793,,,,,,,,,,3148.76220703125,,39.75347900390625,,0.5880091190338135,,56.113834381103516
,794,,,,,,,,,,2696.99951171875,,34.14924240112305,,0.6387332677841187,,51.93264389038086
,795,,,,,,,,,,2584.07958984375,,33.2635383605957,,0.6535283327102661,,50.833839416503906
,796,,,,,,,,,,1161.5345458984375,,17.65837860107422,,0.7239480018615723,,34.081295013427734
,797,,,,,,,,,,2463.63916015625,,32.523494720458984,,0.6622251272201538,,49.63505554199219
,798,,,,,,,,,,2018.0208740234375,,29.808500289916992,,0.6589867472648621,,44.922386169433594
,799,,,,,,,,,,2541.01611328125,,29.633569717407227,,0.6684690713882446,,50.40849304199219
,800,,,,,,,,,,1963.0997314453125,,26.1622371673584,,0.649408221244812,,44.306880950927734
,801,,,,,,,,,,2202.8076171875,,29.8212833404541,,0.6379942893981934,,46.934078216552734
,802,,,,,,,,,,1860.6199951171875,,25.93490982055664,,0.7115104794502258,,43.13490295410156
,803,,,,,,,,,,2143.748291015625,,26.777524948120117,,0.7069801688194275,,46.300628662109375
,804,,,,,,,,,,3048.58056640625,,32.86394500732422,,0.6304425001144409,,55.213951110839844
,805,,,,,,,,,,1952.2569580078125,,25.996492385864258,,0.6394006013870239,,44.18435287475586
,806,,,,,,,,,,3027.88720703125,,32.9510612487793,,0.518804132938385,,55.0262451171875
,807,,,,,,,,,,1978.8492431640625,,28.193716049194336,,0.6177510023117065,,44.484256744384766
,808,,,,,,,,,,2422.2412109375,,30.484270095825195,,0.6803538799285889,,49.216270446777344
,809,,,,,,,,,,2037.095947265625,,25.963409423828125,,0.706950843334198,,45.13419723510742
,810,,,,,,,,,,2309.813720703125,,33.495025634765625,,0.6425053477287292,,48.06052017211914
,811,,,,,,,,,,2148.951171875,,29.12320899963379,,0.629077672958374,,46.356781005859375
,812,,,,,,,,,,1995.767333984375,,26.066699981689453,,0.659986138343811,,44.674015045166016
,813,,,,,,,,,,2998.072998046875,,34.543800354003906,,0.5994738340377808,,54.754661560058594
,814,,,,,,,,,,2103.083740234375,,27.474029541015625,,0.6389901638031006,,45.85939025878906
,815,,,,,,,,,,2348.7373046875,,30.701946258544922,,0.6834310293197632,,48.46377182006836
,816,,,,,,,,,,1934.0477294921875,,27.5051212310791,,0.6677792072296143,,43.97780990600586
,817,,,,,,,,,,2162.962890625,,31.34552574157715,,0.6258672475814819,,46.50766372680664
,818,,,,,,,,,,2569.124267578125,,34.04143524169922,,0.6411564350128174,,50.68653106689453
,819,,,,,,,,,,2660.69873046875,,35.639408111572266,,0.6400691270828247,,51.58196258544922
,820,,,,,,,,,,2086.481689453125,,26.371753692626953,,0.6364398002624512,,45.67802047729492
,821,,,,,,,,,,2278.236328125,,30.23655128479004,,0.7334223389625549,,47.730873107910156
,822,,,,,,,,,,2958.7783203125,,36.66593551635742,,0.5376192331314087,,54.3946533203125
,823,,,,,,,,,,2304.039794921875,,29.10253143310547,,0.6948502063751221,,48.00041580200195
,824,,,,,,,,,,2622.756103515625,,32.694637298583984,,0.6641701459884644,,51.212852478027344
,825,,,,,,,,,,1997.7745361328125,,30.30063819885254,,0.6606842279434204,,44.696468353271484
,826,,,,,,,,,,2533.724365234375,,33.932071685791016,,0.5566128492355347,,50.33611297607422
,827,,,,,,,,,,2143.491455078125,,27.57691192626953,,0.7005414366722107,,46.29785919189453
,828,,,,,,,,,,2347.7294921875,,29.583959579467773,,0.6166590452194214,,48.453372955322266
,829,,,,,,,,,,1706.3463134765625,,26.59740447998047,,0.725435197353363,,41.307945251464844
,830,,,,,,,,,,1661.217529296875,,25.054908752441406,,0.7251865863800049,,40.75803756713867
,831,,,,,,,,,,2291.56201171875,,31.084142684936523,,0.6588397026062012,,47.870262145996094
,832,,,,,,,,,,2290.776611328125,,32.06435775756836,,0.636082649230957,,47.862056732177734
,833,,,,,,,,,,2381.810791015625,,31.851613998413086,,0.639984130859375,,48.80379867553711
,834,,,,,,,,,,2545.550048828125,,31.92698097229004,,0.6719093322753906,,50.45344543457031
,835,,,,,,,,,,1874.2606201171875,,26.499317169189453,,0.7045019865036011,,43.29273223876953
,836,,,,,,,,,,2349.5830078125,,31.90189552307129,,0.6224220991134644,,48.472496032714844
,837,,,,,,,,,,1975.68701171875,,27.881980895996094,,0.716629147529602,,44.448699951171875
,838,,,,,,,,,,2069.063720703125,,27.3060359954834,,0.6242873072624207,,45.486961364746094
,839,,,,,,,,,,2258.0546875,,30.712087631225586,,0.6121164560317993,,47.51899337768555
,840,,,,,,,,,,1947.880859375,,26.50273895263672,,0.7275707125663757,,44.134803771972656
,841,,,,,,,,,,2293.494140625,,29.518756866455078,,0.6693533658981323,,47.890438079833984
,842,,,,,,,,,,3787.665283203125,,43.09538269042969,,0.5625600814819336,,61.544010162353516
,843,,,,,,,,,,2913.3544921875,,37.00862503051758,,0.5530847907066345,,53.97549819946289
,844,,,,,,,,,,2411.89501953125,,31.813962936401367,,0.6506611108779907,,49.11104965209961
,845,,,,,,,,,,1988.9444580078125,,26.70549201965332,,0.7068737745285034,,44.59758377075195
,846,,,,,,,,,,3435.71337890625,,40.781673431396484,,0.5314483642578125,,58.614959716796875
,847,,,,,,,,,,2273.3984375,,29.213014602661133,,0.6517812013626099,,47.680171966552734
,848,,,,,,,,,,2281.26318359375,,30.51599884033203,,0.6134651899337769,,47.762569427490234
,849,,,,,,,,,,2066.779052734375,,28.416196823120117,,0.5951374769210815,,45.46184158325195
,850,,,,,,,,,,2519.7333984375,,34.930171966552734,,0.5864090919494629,,50.19694519042969
,851,,,,,,,,,,2260.2392578125,,28.810190200805664,,0.6595231294631958,,47.54197311401367
,852,,,,,,,,,,2067.7490234375,,28.53048324584961,,0.691106915473938,,45.47250747680664
,853,,,,,,,,,,1827.3834228515625,,27.07413101196289,,0.676511824131012,,42.74790573120117
,854,,,,,,,,,,1830.328857421875,,24.34144401550293,,0.6882245540618896,,42.78234100341797
,855,,,,,,,,,,2736.337158203125,,34.9675178527832,,0.5904003381729126,,52.31000900268555
,856,,,,,,,,,,2118.97705078125,,28.528284072875977,,0.6735712289810181,,46.0323486328125
,857,,,,,,,,,,2342.968994140625,,30.87410545349121,,0.6697711944580078,,48.40422821044922
,858,,,,,,,,,,2384.255126953125,,31.680381774902344,,0.6571353673934937,,48.828834533691406
,859,,,,,,,,,,1747.98486328125,,24.201831817626953,,0.6822516918182373,,41.80891036987305
,860,,,,,,,,,,1863.4915771484375,,25.5672550201416,,0.6917496919631958,,43.16817855834961
,861,,,,,,,,,,1956.1981201171875,,23.479511260986328,,0.6468468904495239,,44.22892761230469
,862,,,,,,,,,,2122.522705078125,,30.550378799438477,,0.7008378505706787,,46.07084274291992
,863,,,,,,,,,,2463.713134765625,,32.347023010253906,,0.6384109258651733,,49.63580322265625
,864,,,,,,,,,,2455.882080078125,,30.970701217651367,,0.662447452545166,,49.55685806274414
,865,,,,,,,,,,2318.87158203125,,31.120548248291016,,0.6417827606201172,,48.1546630859375
,866,,,,,,,,,,1708.36669921875,,23.558425903320312,,0.6995023488998413,,41.332393646240234
,867,,,,,,,,,,2359.303955078125,,30.53404998779297,,0.668632984161377,,48.57266616821289
,868,,,,,,,,,,2364.07568359375,,32.58003616333008,,0.6660595536231995,,48.621761322021484
,869,,,,,,,,,,2364.993896484375,,30.83460235595703,,0.643182635307312,,48.63120651245117
,870,,,,,,,,,,2247.37939453125,,29.88107681274414,,0.6591443419456482,,47.406532287597656
,871,,,,,,,,,,2587.47314453125,,35.446754455566406,,0.5717705488204956,,50.867210388183594
,872,,,,,,,,,,1763.124267578125,,23.609216690063477,,0.6871359348297119,,41.98957061767578
,873,,,,,,,,,,2436.3857421875,,29.646093368530273,,0.6102458238601685,,49.35975646972656
,874,,,,,,,,,,1705.8399658203125,,25.03238868713379,,0.6137181520462036,,41.301815032958984
,875,,,,,,,,,,1977.3455810546875,,26.795347213745117,,0.6872923374176025,,44.46735382080078
,876,,,,,,,,,,2461.728271484375,,31.665441513061523,,0.6854175329208374,,49.615806579589844
,877,,,,,,,,,,2559.049560546875,,35.327754974365234,,0.6185606122016907,,50.5870475769043
,878,,,,,,,,,,1702.28125,,21.362579345703125,,0.6066529750823975,,41.25871276855469
,879,,,,,,,,,,2544.824462890625,,33.310707092285156,,0.6030473709106445,,50.44625473022461
,880,,,,,,,,,,2702.69189453125,,35.513336181640625,,0.5335387587547302,,51.987422943115234
,881,,,,,,,,,,2319.469482421875,,32.72098159790039,,0.6709922552108765,,48.16086959838867
,882,,,,,,,,,,2126.64404296875,,32.02280044555664,,0.6761884689331055,,46.11555480957031
,883,,,,,,,,,,2516.907470703125,,32.046966552734375,,0.6387748718261719,,50.16878890991211
,884,,,,,,,,,,1617.631591796875,,23.95408058166504,,0.6403530836105347,,40.219791412353516
,885,,,,,,,,,,2552.4658203125,,28.259811401367188,,0.6885287165641785,,50.521934509277344
,886,,,,,,,,,,2330.46533203125,,31.93992042541504,,0.6185754537582397,,48.27489471435547
,887,,,,,,,,,,2214.01025390625,,29.088029861450195,,0.6630477905273438,,47.05327224731445
,888,,,,,,,,,,2042.6058349609375,,27.600008010864258,,0.6530916094779968,,45.195194244384766
,889,,,,,,,,,,2349.417236328125,,30.966388702392578,,0.676548182964325,,48.47078323364258
,890,,,,,,,,,,2599.585205078125,,31.43035888671875,,0.5859565734863281,,50.98612594604492
,891,,,,,,,,,,2621.631103515625,,31.749774932861328,,0.6029582023620605,,51.201866149902344
,892,,,,,,,,,,1924.379638671875,,26.699077606201172,,0.7264105081558228,,43.86775207519531
,893,,,,,,,,,,2230.65869140625,,27.362695693969727,,0.5916140079498291,,47.22985076904297
,894,,,,,,,,,,1868.2274169921875,,26.142257690429688,,0.6981124877929688,,43.22299575805664
,895,,,,,,,,,,2145.396240234375,,29.783716201782227,,0.6406931281089783,,46.31842041015625
,896,,,,,,,,,,1831.6351318359375,,24.053043365478516,,0.7170118689537048,,42.797603607177734
,897,,,,,,,,,,2735.570556640625,,36.25266647338867,,0.6326645612716675,,52.30268096923828
,898,,,,,,,,,,2564.463134765625,,33.33482360839844,,0.6218327879905701,,50.64052963256836
,899,,,,,,,,,,1512.4500732421875,,21.873620986938477,,0.7593533396720886,,38.89023208618164
,900,,,,,,,,,,1826.46435546875,,25.526641845703125,,0.6622124910354614,,42.73715591430664
,901,,,,,,,,,,3026.67822265625,,37.697906494140625,,0.6009230613708496,,55.015254974365234
,902,,,,,,,,,,2027.6767578125,,26.54389190673828,,0.6550743579864502,,45.02973175048828
,903,,,,,,,,,,1969.289794921875,,26.246116638183594,,0.7275253534317017,,44.37668228149414
,904,,,,,,,,,,2764.12158203125,,33.30625534057617,,0.5690363645553589,,52.574913024902344
,905,,,,,,,,,,2521.907958984375,,34.31336975097656,,0.5744671821594238,,50.218597412109375
,906,,,,,,,,,,2980.659423828125,,37.09290313720703,,0.6321361064910889,,54.59541702270508
,907,,,,,,,,,,1916.1878662109375,,28.876209259033203,,0.6840201616287231,,43.77428436279297
,908,,,,,,,,,,2814.96435546875,,35.73062515258789,,0.6921685338020325,,53.05624008178711
,909,,,,,,,,,,1686.5096435546875,,24.26436424255371,,0.7347373962402344,,41.067134857177734
,910,,,,,,,,,,1917.1265869140625,,24.913663864135742,,0.6675976514816284,,43.785003662109375
,911,,,,,,,,,,2064.202880859375,,28.461891174316406,,0.6529770493507385,,45.43349838256836
,912,,,,,,,,,,2603.44287109375,,32.30158996582031,,0.6119992733001709,,51.02394485473633
,913,,,,,,,,,,2772.662353515625,,36.42103958129883,,0.5904164910316467,,52.65607833862305
,914,,,,,,,,,,2921.9931640625,,34.77859115600586,,0.6162183284759521,,54.05546188354492
,915,,,,,,,,,,2500.656982421875,,32.012123107910156,,0.6201156377792358,,50.006568908691406
,916,,,,,,,,,,2671.032958984375,,31.19406509399414,,0.633604109287262,,51.682037353515625
,917,,,,,,,,,,2100.3173828125,,29.93589973449707,,0.6788473129272461,,45.829219818115234
,918,,,,,,,,,,3069.34033203125,,36.04781723022461,,0.6107645034790039,,55.40162658691406
,919,,,,,,,,,,2182.456787109375,,27.550783157348633,,0.7012587785720825,,46.71677017211914
,920,,,,,,,,,,2069.902587890625,,28.376245498657227,,0.6808257102966309,,45.49618148803711
,921,,,,,,,,,,2404.486572265625,,31.950374603271484,,0.6261806488037109,,49.03556442260742
,922,,,,,,,,,,2437.444580078125,,30.12717056274414,,0.6660172343254089,,49.3704833984375
,923,,,,,,,,,,1611.1162109375,,20.55199432373047,,0.738490879535675,,40.13871383666992
5,2771,,,,,,,,,2262.470947265625,,29.85405158996582,,0.6525071859359741,,47.373626708984375,
5,2771,2325.7412109375,,31.039243698120117,,0.6473327875137329,,47.983551025390625,,,,,,,,,
6,2799,,1846.5631103515625,,27.889339447021484,,0.7054792642593384,,42.97165298461914,,,,,,,,
6,2849,,2245.205078125,,31.517717361450195,,0.6631921529769897,,47.38359451293945,,,,,,,,
6,2899,,2617.126220703125,,33.96834182739258,,0.6124575734138489,,51.15785598754883,,,,,,,,
6,2949,,1777.655517578125,,24.147789001464844,,0.6581524610519409,,42.16225051879883,,,,,,,,
6,2999,,2068.55078125,,28.4095516204834,,0.6496603488922119,,45.4813232421875,,,,,,,,
6,3049,,2210.414306640625,,29.291288375854492,,0.6826391220092773,,47.01504135131836,,,,,,,,
6,3099,,1975.2691650390625,,27.924795150756836,,0.7092080116271973,,44.444000244140625,,,,,,,,
6,3149,,2760.342041015625,,33.57133865356445,,0.6176787614822388,,52.53895950317383,,,,,,,,
6,3199,,2349.23095703125,,32.23292541503906,,0.7027816772460938,,48.46886444091797,,,,,,,,
,924,,,,,,,,,,2093.1240234375,,28.992935180664062,,0.6981856822967529,,45.75067138671875
,925,,,,,,,,,,1708.20263671875,,26.122879028320312,,0.6955728530883789,,41.33041000366211
,926,,,,,,,,,,1952.04638671875,,29.031620025634766,,0.7028677463531494,,44.181968688964844
,927,,,,,,,,,,2841.65771484375,,37.26832962036133,,0.6567889451980591,,53.30720138549805
,928,,,,,,,,,,2467.623291015625,,31.678930282592773,,0.6042419075965881,,49.67517852783203
,929,,,,,,,,,,2212.026611328125,,31.6345157623291,,0.6266605854034424,,47.032188415527344
,930,,,,,,,,,,1852.7562255859375,,27.177961349487305,,0.6587700843811035,,43.04365539550781
,931,,,,,,,,,,2625.249267578125,,32.75691223144531,,0.6897257566452026,,51.237186431884766
,932,,,,,,,,,,2807.607421875,,38.6749153137207,,0.5746818780899048,,52.98686218261719
,933,,,,,,,,,,1895.6129150390625,,29.127464294433594,,0.6066760420799255,,43.53863525390625
,934,,,,,,,,,,1924.90380859375,,25.602392196655273,,0.6519290804862976,,43.87372589111328
,935,,,,,,,,,,2384.82275390625,,33.941802978515625,,0.6482638120651245,,48.83464431762695
,936,,,,,,,,,,2198.539794921875,,31.05302619934082,,0.628403902053833,,46.88859176635742
,937,,,,,,,,,,2009.2454833984375,,29.19842529296875,,0.6891351938247681,,44.824607849121094
,938,,,,,,,,,,1719.4012451171875,,24.20439338684082,,0.6737262606620789,,41.46566390991211
,939,,,,,,,,,,2808.680908203125,,36.69345474243164,,0.6041682958602905,,52.99699020385742
,940,,,,,,,,,,1485.0916748046875,,23.42609214782715,,0.7237169742584229,,38.536888122558594
,941,,,,,,,,,,1686.2607421875,,24.09376335144043,,0.7342896461486816,,41.06410598754883
,942,,,,,,,,,,1724.0751953125,,26.506032943725586,,0.7086350321769714,,41.5219841003418
,943,,,,,,,,,,2260.951904296875,,31.53510856628418,,0.6356286406517029,,47.549468994140625
,944,,,,,,,,,,1773.1160888671875,,26.042186737060547,,0.7172101736068726,,42.10838317871094
,945,,,,,,,,,,2200.71142578125,,30.94931983947754,,0.6551086902618408,,46.911739349365234
,946,,,,,,,,,,2052.44384765625,,30.516782760620117,,0.6768274307250977,,45.30390548706055
,947,,,,,,,,,,3201.7314453125,,41.399600982666016,,0.5810784697532654,,56.58384323120117
,948,,,,,,,,,,2580.942138671875,,34.559410095214844,,0.654279351234436,,50.802974700927734
,949,,,,,,,,,,2647.318359375,,34.99330139160156,,0.6450492739677429,,51.45209884643555
,950,,,,,,,,,,1153.97802734375,,18.96965217590332,,0.7257438898086548,,33.970252990722656
,951,,,,,,,,,,2422.906982421875,,33.48009490966797,,0.6678097248077393,,49.2230339050293
,952,,,,,,,,,,1884.5780029296875,,29.526123046875,,0.6815364360809326,,43.41172790527344
,953,,,,,,,,,,2522.943603515625,,30.943544387817383,,0.6708270311355591,,50.228912353515625
,954,,,,,,,,,,1957.8079833984375,,27.556827545166016,,0.6503532528877258,,44.24712371826172
,955,,,,,,,,,,2154.27392578125,,30.61396026611328,,0.6459702253341675,,46.414154052734375
,956,,,,,,,,,,1856.6180419921875,,27.009593963623047,,0.7121309638023376,,43.0884895324707
,957,,,,,,,,,,2077.9912109375,,27.3338623046875,,0.7159682512283325,,45.58498764038086
,958,,,,,,,,,,2957.6083984375,,33.907962799072266,,0.6414703726768494,,54.3838996887207
,959,,,,,,,,,,1978.4681396484375,,27.95768928527832,,0.634559154510498,,44.47997283935547
,960,,,,,,,,,,2662.135498046875,,33.37873077392578,,0.5769298672676086,,51.595890045166016
,961,,,,,,,,,,2025.0338134765625,,29.532270431518555,,0.6088296175003052,,45.00037384033203
,962,,,,,,,,,,2391.716064453125,,31.585189819335938,,0.6843820810317993,,48.905174255371094
,963,,,,,,,,,,2106.862548828125,,27.74260902404785,,0.6969144344329834,,45.90057373046875
,964,,,,,,,,,,2380.878662109375,,35.178672790527344,,0.6315065026283264,,48.794246673583984
,965,,,,,,,,,,2148.28662109375,,30.31142234802246,,0.6291924118995667,,46.349613189697266
,966,,,,,,,,,,2016.606201171875,,27.635982513427734,,0.6564358472824097,,44.906639099121094
,967,,,,,,,,,,2743.064697265625,,34.8757438659668,,0.6335415244102478,,52.37427520751953
,968,,,,,,,,,,2070.68212890625,,28.986421585083008,,0.6445521712303162,,45.5047492980957
,969,,,,,,,,,,2337.4521484375,,31.64923858642578,,0.6849520802497864,,48.34720230102539
,970,,,,,,,,,,1917.6466064453125,,28.234596252441406,,0.6705965399742126,,43.79094314575195
,971,,,,,,,,,,2061.41064453125,,31.155607223510742,,0.6434329748153687,,45.40275955200195
,972,,,,,,,,,,2504.1044921875,,34.628353118896484,,0.650238037109375,,50.0410270690918
,973,,,,,,,,,,2710.962646484375,,36.568199157714844,,0.6332695484161377,,52.06690216064453
,974,,,,,,,,,,2022.8634033203125,,27.69063377380371,,0.6475250124931335,,44.976253509521484
,975,,,,,,,,,,2184.580078125,,30.810087203979492,,0.7443810701370239,,46.7394905090332
,976,,,,,,,,,,2854.645263671875,,37.47532272338867,,0.5538924932479858,,53.42887878417969
,977,,,,,,,,,,2227.505615234375,,29.73826026916504,,0.7049865126609802,,47.19645690917969
,978,,,,,,,,,,2598.774658203125,,34.181217193603516,,0.6672408580780029,,50.978179931640625
,979,,,,,,,,,,2008.3564453125,,31.001863479614258,,0.6588869094848633,,44.81468963623047
,980,,,,,,,,,,2613.793701171875,,36.7263069152832,,0.5426011085510254,,51.125274658203125
,981,,,,,,,,,,2064.70751953125,,28.18085289001465,,0.7115480303764343,,45.43905258178711
,982,,,,,,,,,,2273.83154296875,,30.299598693847656,,0.6287251710891724,,47.68471145629883
,983,,,,,,,,,,1782.7320556640625,,28.947202682495117,,0.7131441235542297,,42.222412109375
,984,,,,,,,,,,1724.5296630859375,,26.697124481201172,,0.7147129774093628,,41.5274543762207
,985,,,,,,,,,,2302.27734375,,32.02660369873047,,0.6572444438934326,,47.982051849365234
,986,,,,,,,,,,2306.42578125,,33.00116729736328,,0.6335965394973755,,48.02526092529297
,987,,,,,,,,,,2400.997314453125,,33.1641845703125,,0.6370840668678284,,48.99997329711914
,988,,,,,,,,,,2422.39208984375,,32.385101318359375,,0.687782883644104,,49.217803955078125
,989,,,,,,,,,,1883.414306640625,,26.90688133239746,,0.7030587196350098,,43.39832305908203
,990,,,,,,,,,,2260.825927734375,,32.93473815917969,,0.6366853713989258,,47.54814147949219
,991,,,,,,,,,,1852.1319580078125,,27.946712493896484,,0.7343505620956421,,43.036399841308594
,992,,,,,,,,,,2019.4202880859375,,28.15609359741211,,0.633301854133606,,44.93796157836914
,993,,,,,,,,,,2168.621337890625,,31.563568115234375,,0.627479076385498,,46.568458557128906
,994,,,,,,,,,,1901.2354736328125,,27.935869216918945,,0.734094500541687,,43.60315704345703
,995,,,,,,,,,,2330.18310546875,,31.993120193481445,,0.6640639901161194,,48.271968841552734
,996,,,,,,,,,,3713.17041015625,,44.05647659301758,,0.571163535118103,,60.935791015625
,997,,,,,,,,,,2849.764892578125,,37.9437370300293,,0.5628395676612854,,53.3831901550293
,998,,,,,,,,,,2371.683349609375,,32.674072265625,,0.6564854383468628,,48.69993209838867
,999,,,,,,,,,,1996.5450439453125,,27.82950210571289,,0.7057535648345947,,44.682716369628906
,1000,,,,,,,,,,3330.73486328125,,41.78486633300781,,0.5457649827003479,,57.71251678466797
,1001,,,,,,,,,,2447.423095703125,,31.41476058959961,,0.6251256465911865,,49.471435546875
,1002,,,,,,,,,,2253.314453125,,31.0782527923584,,0.6182007789611816,,47.46908950805664
,1003,,,,,,,,,,1943.9676513671875,,29.137500762939453,,0.6191951036453247,,44.090450286865234
,1004,,,,,,,,,,2517.809326171875,,35.41826629638672,,0.5867248773574829,,50.17777633666992
,1005,,,,,,,,,,2178.155029296875,,29.13630485534668,,0.6718881130218506,,46.67070770263672
,1006,,,,,,,,,,2040.7916259765625,,29.42790985107422,,0.6951339244842529,,45.17512130737305
,1007,,,,,,,,,,1833.2265625,,28.53573989868164,,0.6754774451255798,,42.81619644165039
,1008,,,,,,,,,,1857.9415283203125,,25.542314529418945,,0.683521032333374,,43.10384750366211
,1009,,,,,,,,,,2813.98681640625,,36.89836120605469,,0.578777015209198,,53.04702377319336
,1010,,,,,,,,,,2180.427490234375,,30.80372428894043,,0.6641047596931458,,46.69504928588867
,1011,,,,,,,,,,2269.2373046875,,31.6492977142334,,0.6801632642745972,,47.636512756347656
,1012,,,,,,,,,,2316.254638671875,,32.807857513427734,,0.6669141054153442,,48.12748336791992
,1013,,,,,,,,,,1784.2852783203125,,25.904653549194336,,0.6756530404090881,,42.24079895019531
,1014,,,,,,,,,,1880.0802001953125,,26.836610794067383,,0.6890057325363159,,43.35988998413086
,1015,,,,,,,,,,1789.6943359375,,23.62554931640625,,0.6769058704376221,,42.304779052734375
,1016,,,,,,,,,,2138.7021484375,,31.222923278808594,,0.698557436466217,,46.2461051940918
,1017,,,,,,,,,,2360.884521484375,,32.289146423339844,,0.6535027027130127,,48.58893585205078
,1018,,,,,,,,,,2366.395263671875,,31.330564498901367,,0.674747109413147,,48.645606994628906
,1019,,,,,,,,,,2403.9931640625,,33.301544189453125,,0.6286332607269287,,49.03053283691406
,1020,,,,,,,,,,1669.5487060546875,,24.542078018188477,,0.7063302993774414,,40.860111236572266
,1021,,,,,,,,,,2291.642578125,,31.104293823242188,,0.6781361103057861,,47.8711051940918
,1022,,,,,,,,,,2343.566650390625,,33.691261291503906,,0.6689566373825073,,48.410396575927734
,1023,,,,,,,,,,2339.551513671875,,31.851940155029297,,0.6470212340354919,,48.36891174316406
,1024,,,,,,,,,,2170.813720703125,,30.372684478759766,,0.6707569360733032,,46.59199142456055
,1025,,,,,,,,,,2622.1005859375,,36.5864372253418,,0.5660396814346313,,51.206451416015625
,1026,,,,,,,,,,1725.7774658203125,,24.65159034729004,,0.693763017654419,,41.542476654052734
,1027,,,,,,,,,,2420.51416015625,,31.112316131591797,,0.6127848625183105,,49.1987190246582
,1028,,,,,,,,,,1816.894287109375,,26.620914459228516,,0.5885702967643738,,42.62504196166992
,1029,,,,,,,,,,1934.507568359375,,28.093677520751953,,0.6940670013427734,,43.983036041259766
,1030,,,,,,,,,,2423.291015625,,32.46318817138672,,0.6903294324874878,,49.226932525634766
,1031,,,,,,,,,,2630.416259765625,,36.87118911743164,,0.6079230308532715,,51.28758239746094
,1032,,,,,,,,,,1807.288818359375,,23.49118995666504,,0.5823887586593628,,42.5122184753418
,1033,,,,,,,,,,2459.1767578125,,34.3254280090332,,0.616407036781311,,49.590087890625
,1034,,,,,,,,,,2626.168212890625,,36.31602478027344,,0.5467461347579956,,51.24615478515625
,1035,,,,,,,,,,2251.344970703125,,32.91840744018555,,0.6806554794311523,,47.448341369628906
,1036,,,,,,,,,,2156.64990234375,,32.94034194946289,,0.6716196537017822,,46.43974304199219
,1037,,,,,,,,,,2512.888427734375,,33.15440368652344,,0.6393517255783081,,50.128719329833984
,1038,,,,,,,,,,1661.0213623046875,,25.447912216186523,,0.6307063102722168,,40.75563049316406
,1039,,,,,,,,,,2470.09521484375,,29.416385650634766,,0.698580265045166,,49.700050354003906
,1040,,,,,,,,,,2329.9404296875,,33.41744613647461,,0.6186613440513611,,48.26945495605469
,1041,,,,,,,,,,2264.285888671875,,30.69678497314453,,0.6553962826728821,,47.58451461791992
,1042,,,,,,,,,,2063.255615234375,,28.719757080078125,,0.6495845317840576,,45.423072814941406
,1043,,,,,,,,,,2280.81005859375,,31.78575897216797,,0.6859935522079468,,47.75782775878906
,1044,,,,,,,,,,2385.5185546875,,31.70453453063965,,0.6200516223907471,,48.84177017211914
,1045,,,,,,,,,,2526.79052734375,,32.90129089355469,,0.6173216700553894,,50.26719284057617
,1046,,,,,,,,,,1821.75048828125,,27.094125747680664,,0.7410012483596802,,42.681968688964844
,1047,,,,,,,,,,2197.231689453125,,28.791824340820312,,0.5977338552474976,,46.874637603759766
,1048,,,,,,,,,,1863.9248046875,,27.11590576171875,,0.6988077163696289,,43.173194885253906
,1049,,,,,,,,,,2256.923095703125,,31.311967849731445,,0.6220148205757141,,47.507083892822266
,1050,,,,,,,,,,1821.8951416015625,,25.01335906982422,,0.7185167074203491,,42.68366241455078
,1051,,,,,,,,,,2565.7353515625,,35.97758865356445,,0.6554702520370483,,50.6530876159668
,1052,,,,,,,,,,2567.578125,,34.847835540771484,,0.6213734149932861,,50.6712760925293
,1053,,,,,,,,,,1562.36376953125,,23.978349685668945,,0.7514115571975708,,39.52674865722656
,1054,,,,,,,,,,1875.3988037109375,,26.673036575317383,,0.6531624794006348,,43.30587387084961
,1055,,,,,,,,,,3070.42529296875,,39.053653717041016,,0.595154881477356,,55.411415100097656
,1056,,,,,,,,,,1938.76513671875,,27.135095596313477,,0.6701990365982056,,44.031410217285156
,1057,,,,,,,,,,1896.4949951171875,,26.645784378051758,,0.7375973463058472,,43.54876708984375
,1058,,,,,,,,,,2576.722412109375,,33.645057678222656,,0.5982544422149658,,50.76142501831055
,1059,,,,,,,,,,2627.12060546875,,36.089378356933594,,0.5567141771316528,,51.25544357299805
,1060,,,,,,,,,,2969.527587890625,,38.230838775634766,,0.6335099339485168,,54.493370056152344
,1061,,,,,,,,,,1947.93603515625,,30.03829002380371,,0.6787848472595215,,44.13542938232422
,1062,,,,,,,,,,2802.49560546875,,36.53754425048828,,0.6935320496559143,,52.938602447509766
,1063,,,,,,,,,,1563.0118408203125,,24.2753849029541,,0.7541617155075073,,39.53494644165039
,1064,,,,,,,,,,1799.4102783203125,,25.530397415161133,,0.6880079507827759,,42.419456481933594
,1065,,,,,,,,,,2084.23095703125,,29.352659225463867,,0.6496100425720215,,45.653377532958984
,1066,,,,,,,,,,2562.8310546875,,33.3383674621582,,0.6180518269538879,,50.624412536621094
,1067,,,,,,,,,,2748.8291015625,,37.15165328979492,,0.5939372181892395,,52.42927551269531
,1068,,,,,,,,,,2868.423095703125,,35.61674499511719,,0.6232544183731079,,53.55766296386719
,1069,,,,,,,,,,2444.183349609375,,33.11417007446289,,0.6286947727203369,,49.438682556152344
,1070,,,,,,,,,,2553.895751953125,,31.182472229003906,,0.649672269821167,,50.53608703613281
,1071,,,,,,,,,,2087.034912109375,,31.106260299682617,,0.6808782815933228,,45.68407440185547
,1072,,,,,,,,,,2920.779541015625,,36.316497802734375,,0.6296041011810303,,54.04423522949219
,1073,,,,,,,,,,2147.31640625,,27.969058990478516,,0.7060689330101013,,46.33914566040039
,1074,,,,,,,,,,2113.856689453125,,29.9616756439209,,0.6740480661392212,,45.9766960144043
,1075,,,,,,,,,,2400.265380859375,,32.91320037841797,,0.626836895942688,,48.99250411987305
,1076,,,,,,,,,,2169.5849609375,,29.503278732299805,,0.7027198076248169,,46.57880401611328
,1077,,,,,,,,,,1629.102294921875,,21.875633239746094,,0.7355715036392212,,40.36214065551758
6,3233,,,,,,,,,2238.910888671875,,30.916898727416992,,0.6556878089904785,,47.13965606689453,
6,3233,2302.848876953125,,30.871089935302734,,0.651027500629425,,47.74903106689453,,,,,,,,,
7,3249,,1888.6695556640625,,27.442869186401367,,0.7158880233764648,,43.458824157714844,,,,,,,,
7,3299,,1965.5904541015625,,28.692222595214844,,0.6869881749153137,,44.33498001098633,,,,,,,,
7,3349,,2642.248291015625,,33.007972717285156,,0.6302016973495483,,51.40280532836914,,,,,,,,
7,3399,,2544.076416015625,,33.65094757080078,,0.687352180480957,,50.438838958740234,,,,,,,,
7,3449,,2022.216552734375,,27.335988998413086,,0.6292209029197693,,44.96906280517578,,,,,,,,
7,3499,,2238.95751953125,,31.05461883544922,,0.6431743502616882,,47.317623138427734,,,,,,,,
7,3549,,2342.66552734375,,31.62615394592285,,0.7014116048812866,,48.40108871459961,,,,,,,,
7,3599,,2030.4029541015625,,29.27347183227539,,0.6890475749969482,,45.059993743896484,,,,,,,,
7,3649,,2144.236083984375,,28.457599639892578,,0.6017736196517944,,46.3058967590332,,,,,,,,
,1078,,,,,,,,,,2026.354736328125,,28.15216064453125,,0.7078133821487427,,45.01504898071289
,1079,,,,,,,,,,1595.2359619140625,,24.69962501525879,,0.715705156326294,,39.940406799316406
,1080,,,,,,,,,,1900.7501220703125,,27.75784683227539,,0.710675835609436,,43.597591400146484
,1081,,,,,,,,,,2814.42626953125,,36.94013214111328,,0.6600778698921204,,53.05116653442383
,1082,,,,,,,,,,2201.361083984375,,29.26719093322754,,0.6469451189041138,,46.918663024902344
,1083,,,,,,,,,,2166.282470703125,,31.451677322387695,,0.6343811750411987,,46.543338775634766
,1084,,,,,,,,,,1698.4814453125,,25.705753326416016,,0.6871834993362427,,41.21263885498047
,1085,,,,,,,,,,2597.487060546875,,33.014076232910156,,0.6930068731307983,,50.96554946899414
,1086,,,,,,,,,,2712.24365234375,,37.91487503051758,,0.589128315448761,,52.07920837402344
,1087,,,,,,,,,,1776.6142578125,,27.984407424926758,,0.6313672661781311,,42.14990234375
,1088,,,,,,,,,,1977.092041015625,,26.59918212890625,,0.6424921751022339,,44.46450424194336
,1089,,,,,,,,,,2294.1513671875,,32.195316314697266,,0.6616368889808655,,47.89729690551758
,1090,,,,,,,,,,2200.22314453125,,30.460784912109375,,0.6281193494796753,,46.90653610229492
,1091,,,,,,,,,,2000.1014404296875,,28.990690231323242,,0.6905499696731567,,44.722496032714844
,1092,,,,,,,,,,1669.9019775390625,,24.026805877685547,,0.6831192374229431,,40.86443328857422
,1093,,,,,,,,,,2894.044677734375,,37.17360305786133,,0.5921379327774048,,53.79632568359375
,1094,,,,,,,,,,1468.0201416015625,,23.294002532958984,,0.72689288854599,,38.31475067138672
,1095,,,,,,,,,,1685.45068359375,,23.60675811767578,,0.7344173192977905,,41.054237365722656
,1096,,,,,,,,,,1601.7171630859375,,25.14402198791504,,0.7293132543563843,,40.021461486816406
,1097,,,,,,,,,,2151.5810546875,,29.68157386779785,,0.6532546281814575,,46.38513946533203
,1098,,,,,,,,,,1662.3387451171875,,24.69155502319336,,0.7348778247833252,,40.77178955078125
,1099,,,,,,,,,,2025.1971435546875,,30.053272247314453,,0.6826149225234985,,45.00218963623047
,1100,,,,,,,,,,1963.86865234375,,29.60370635986328,,0.6907743215560913,,44.31555938720703
,1101,,,,,,,,,,3237.86376953125,,41.50274658203125,,0.5763508081436157,,56.90222930908203
,1102,,,,,,,,,,2613.7734375,,34.64777374267578,,0.6498814821243286,,51.12507629394531
,1103,,,,,,,,,,2581.0107421875,,33.29926300048828,,0.6539397239685059,,50.80364990234375
,1104,,,,,,,,,,1166.8714599609375,,19.125041961669922,,0.722679615020752,,34.15950012207031
,1105,,,,,,,,,,2468.607421875,,33.81365203857422,,0.6615439653396606,,49.685081481933594
,1106,,,,,,,,,,1871.8265380859375,,29.378524780273438,,0.6836912631988525,,43.264610290527344
,1107,,,,,,,,,,2614.02392578125,,31.419780731201172,,0.6589436531066895,,51.127525329589844
,1108,,,,,,,,,,1880.585693359375,,26.88518714904785,,0.6641444563865662,,43.365718841552734
,1109,,,,,,,,,,2146.0107421875,,30.23796272277832,,0.6473281979560852,,46.32505416870117
,1110,,,,,,,,,,1843.2161865234375,,26.864215850830078,,0.7142089605331421,,42.93269348144531
,1111,,,,,,,,,,2083.72998046875,,27.754972457885742,,0.7151838541030884,,45.647891998291016
,1112,,,,,,,,,,3012.312255859375,,34.14436721801758,,0.6348390579223633,,54.88453674316406
,1113,,,,,,,,,,1823.6812744140625,,25.941577911376953,,0.6631497144699097,,42.70458221435547
,1114,,,,,,,,,,2629.276611328125,,31.967397689819336,,0.5821518898010254,,51.27647399902344
,1115,,,,,,,,,,1886.882080078125,,28.14794921875,,0.6355159878730774,,43.43825912475586
,1116,,,,,,,,,,2336.888427734375,,30.831871032714844,,0.6916172504425049,,48.341373443603516
,1117,,,,,,,,,,2344.62109375,,30.959047317504883,,0.6627113819122314,,48.421287536621094
,1118,,,,,,,,,,2199.4287109375,,33.45236587524414,,0.6595898866653442,,46.898067474365234
,1119,,,,,,,,,,2041.6396484375,,29.440311431884766,,0.6476002931594849,,45.184505462646484
,1120,,,,,,,,,,1996.2425537109375,,27.139738082885742,,0.659905195236206,,44.67932891845703
,1121,,,,,,,,,,2736.7880859375,,34.799678802490234,,0.634380042552948,,52.31432342529297
,1122,,,,,,,,,,2121.027099609375,,28.912452697753906,,0.6359100937843323,,46.05461120605469
,1123,,,,,,,,,,2388.35595703125,,31.56745719909668,,0.6780911684036255,,48.87080764770508
,1124,,,,,,,,,,1834.6590576171875,,27.1396427154541,,0.6848517060279846,,42.83292007446289
,1125,,,,,,,,,,2038.9913330078125,,31.13257598876953,,0.6473109126091003,,45.15519332885742
,1126,,,,,,,,,,2516.53173828125,,34.723716735839844,,0.6485022306442261,,50.16504669189453
,1127,,,,,,,,,,2716.7646484375,,36.78888702392578,,0.6324846744537354,,52.122589111328125
,1128,,,,,,,,,,2089.56201171875,,28.133495330810547,,0.6359030604362488,,45.711727142333984
,1129,,,,,,,,,,2290.96728515625,,31.251314163208008,,0.7319326400756836,,47.864051818847656
,1130,,,,,,,,,,2891.29541015625,,37.50344467163086,,0.5481650233268738,,53.77076721191406
,1131,,,,,,,,,,2514.064453125,,32.93571472167969,,0.6670342683792114,,50.140445709228516
,1132,,,,,,,,,,2707.88037109375,,35.89484786987305,,0.6532704830169678,,52.037296295166016
,1133,,,,,,,,,,1952.202880859375,,30.34638786315918,,0.6684244871139526,,44.183738708496094
,1134,,,,,,,,,,2485.986083984375,,35.47636795043945,,0.5649667978286743,,49.85966491699219
,1135,,,,,,,,,,2138.072998046875,,29.02054786682129,,0.7012984156608582,,46.23929977416992
,1136,,,,,,,,,,2355.25732421875,,30.797344207763672,,0.6154298782348633,,48.5309944152832
,1137,,,,,,,,,,1693.1932373046875,,27.20195198059082,,0.7275516390800476,,41.14842987060547
,1138,,,,,,,,,,1695.647705078125,,26.288307189941406,,0.7194908857345581,,41.17824172973633
,1139,,,,,,,,,,2250.095703125,,31.443660736083984,,0.6650130748748779,,47.43517303466797
,1140,,,,,,,,,,2299.1376953125,,32.9181022644043,,0.6347543001174927,,47.94932556152344
,1141,,,,,,,,,,2295.982177734375,,32.012943267822266,,0.6529573202133179,,47.91640853881836
,1142,,,,,,,,,,2443.435791015625,,33.0094108581543,,0.6850705742835999,,49.43112564086914
,1143,,,,,,,,,,1788.66357421875,,26.592857360839844,,0.7179973125457764,,42.29259490966797
,1144,,,,,,,,,,2224.53515625,,31.378679275512695,,0.6425172686576843,,47.16497802734375
,1145,,,,,,,,,,1875.62353515625,,27.754627227783203,,0.730981171131134,,43.308467864990234
,1146,,,,,,,,,,1958.7889404296875,,27.594589233398438,,0.6443116664886475,,44.258209228515625
,1147,,,,,,,,,,2038.5714111328125,,29.93716812133789,,0.6498187780380249,,45.150543212890625
,1148,,,,,,,,,,1919.933349609375,,27.454851150512695,,0.7314794063568115,,43.81704330444336
,1149,,,,,,,,,,2314.196044921875,,31.039913177490234,,0.666368842124939,,48.1060905456543
,1150,,,,,,,,,,3713.19775390625,,43.79527282714844,,0.5711604356765747,,60.936012268066406
,1151,,,,,,,,,,2772.989013671875,,36.41721725463867,,0.5746171474456787,,52.6591796875
,1152,,,,,,,,,,2356.427001953125,,31.7354736328125,,0.6586951017379761,,48.54304122924805
,1153,,,,,,,,,,2061.227294921875,,28.276779174804688,,0.696220874786377,,45.40074157714844
,1154,,,,,,,,,,3326.804931640625,,41.902427673339844,,0.5463008880615234,,57.678462982177734
,1155,,,,,,,,,,2285.191162109375,,30.234283447265625,,0.6499748826026917,,47.80367660522461
,1156,,,,,,,,,,2190.45751953125,,30.337905883789062,,0.6288511753082275,,46.80232238769531
,1157,,,,,,,,,,1953.2684326171875,,29.522754669189453,,0.6173731088638306,,44.195796966552734
,1158,,,,,,,,,,2576.877197265625,,35.254150390625,,0.5770294070243835,,50.7629508972168
,1159,,,,,,,,,,2219.917724609375,,29.904401779174805,,0.6655970215797424,,47.11600112915039
,1160,,,,,,,,,,2089.87353515625,,29.983243942260742,,0.6878018379211426,,45.71513366699219
,1161,,,,,,,,,,1839.548583984375,,28.133384704589844,,0.6743583679199219,,42.889957427978516
,1162,,,,,,,,,,1815.41259765625,,25.173410415649414,,0.690765380859375,,42.60765838623047
,1163,,,,,,,,,,2771.21923828125,,35.47800827026367,,0.5851788520812988,,52.64236831665039
,1164,,,,,,,,,,2159.432373046875,,30.56429672241211,,0.6673390865325928,,46.46969223022461
,1165,,,,,,,,,,2403.71484375,,32.781620025634766,,0.6612094044685364,,49.0276985168457
,1166,,,,,,,,,,2464.50732421875,,34.66118240356445,,0.6455947756767273,,49.64380645751953
,1167,,,,,,,,,,1816.65283203125,,26.750478744506836,,0.669769287109375,,42.62221145629883
,1168,,,,,,,,,,1887.77587890625,,26.691001892089844,,0.6877326965332031,,43.448543548583984
,1169,,,,,,,,,,1921.901611328125,,25.188247680664062,,0.6530383825302124,,43.83949661254883
,1170,,,,,,,,,,2212.4345703125,,31.925432205200195,,0.6881650686264038,,47.036521911621094
,1171,,,,,,,,,,2553.779541015625,,34.0490837097168,,0.6251922845840454,,50.534934997558594
,1172,,,,,,,,,,2394.75146484375,,31.91905975341797,,0.6708495616912842,,48.93619918823242
,1173,,,,,,,,,,2324.4853515625,,31.984054565429688,,0.6409155130386353,,48.212921142578125
,1174,,,,,,,,,,1737.2178955078125,,25.40380096435547,,0.694427490234375,,41.67994689941406
,1175,,,,,,,,,,2311.0693359375,,31.26731300354004,,0.6754075884819031,,48.07358169555664
,1176,,,,,,,,,,2280.4140625,,32.7471809387207,,0.6778773069381714,,47.75368118286133
,1177,,,,,,,,,,2263.6455078125,,31.245182037353516,,0.658473551273346,,47.57778549194336
,1178,,,,,,,,,,2304.55078125,,30.985857009887695,,0.6504732966423035,,48.0057373046875
,1179,,,,,,,,,,2582.072509765625,,36.22072219848633,,0.5726643800735474,,50.8140983581543
,1180,,,,,,,,,,1680.896484375,,24.357990264892578,,0.7017271518707275,,40.99873733520508
,1181,,,,,,,,,,2503.75830078125,,31.23356819152832,,0.5994681119918823,,50.037567138671875
,1182,,,,,,,,,,1723.51416015625,,25.50181770324707,,0.6097159385681152,,41.515228271484375
,1183,,,,,,,,,,1963.029541015625,,27.499059677124023,,0.689556360244751,,44.306087493896484
,1184,,,,,,,,,,2475.79052734375,,32.84212875366211,,0.6836205720901489,,49.75731658935547
,1185,,,,,,,,,,2488.9052734375,,35.101924896240234,,0.6290159225463867,,49.88893127441406
,1186,,,,,,,,,,1702.824951171875,,23.16289520263672,,0.6065273284912109,,41.26530075073242
,1187,,,,,,,,,,2638.3154296875,,35.439945220947266,,0.5884642601013184,,51.36453628540039
,1188,,,,,,,,,,2544.85009765625,,36.256046295166016,,0.5607808828353882,,50.44650650024414
,1189,,,,,,,,,,2324.620361328125,,32.98796844482422,,0.6702616214752197,,48.214317321777344
,1190,,,,,,,,,,2174.066650390625,,33.569732666015625,,0.6689677238464355,,46.626888275146484
,1191,,,,,,,,,,2647.89697265625,,34.66316223144531,,0.6199753284454346,,51.45772171020508
,1192,,,,,,,,,,1625.7904052734375,,24.836822509765625,,0.6385391354560852,,40.32109069824219
,1193,,,,,,,,,,2738.0849609375,,32.499691009521484,,0.6658780574798584,,52.32671356201172
,1194,,,,,,,,,,2271.165283203125,,31.740352630615234,,0.6282809972763062,,47.65674591064453
,1195,,,,,,,,,,2236.0029296875,,30.77457046508789,,0.6597006320953369,,47.28639221191406
,1196,,,,,,,,,,2011.0003662109375,,28.08824348449707,,0.6584593653678894,,44.84417724609375
,1197,,,,,,,,,,2270.430419921875,,32.39277267456055,,0.687422513961792,,47.64903259277344
,1198,,,,,,,,,,2443.6396484375,,31.77923583984375,,0.6107945442199707,,49.43318176269531
,1199,,,,,,,,,,2412.205810546875,,31.93708610534668,,0.6346753835678101,,49.11421203613281
,1200,,,,,,,,,,1859.5184326171875,,27.10463523864746,,0.7356318235397339,,43.122135162353516
,1201,,,,,,,,,,2159.02197265625,,28.40043830871582,,0.604729175567627,,46.46527862548828
,1202,,,,,,,,,,1821.5714111328125,,26.37086296081543,,0.7056516408920288,,42.67987060546875
,1203,,,,,,,,,,2219.178955078125,,30.771575927734375,,0.6283361315727234,,47.10816192626953
,1204,,,,,,,,,,1807.378173828125,,24.477649688720703,,0.7207595705986023,,42.51327133178711
,1205,,,,,,,,,,2561.801513671875,,36.64887619018555,,0.6559984683990479,,50.61424255371094
,1206,,,,,,,,,,2458.710693359375,,33.73203659057617,,0.6374275088310242,,49.58538818359375
,1207,,,,,,,,,,1557.6171875,,23.934724807739258,,0.7521668076515198,,39.46665954589844
,1208,,,,,,,,,,1868.4483642578125,,27.394195556640625,,0.6544479131698608,,43.22555160522461
,1209,,,,,,,,,,3141.572265625,,39.39524841308594,,0.5857739448547363,,56.04972839355469
,1210,,,,,,,,,,1884.4163818359375,,26.58245086669922,,0.6794441938400269,,43.40986633300781
,1211,,,,,,,,,,2037.9725341796875,,28.68461799621582,,0.7180222272872925,,45.1439094543457
,1212,,,,,,,,,,2556.268798828125,,32.82080841064453,,0.6014434099197388,,50.55955505371094
,1213,,,,,,,,,,2523.662353515625,,35.119422912597656,,0.5741711258888245,,50.23606491088867
,1214,,,,,,,,,,3094.718017578125,,39.009422302246094,,0.6180593371391296,,55.63018798828125
,1215,,,,,,,,,,1900.0999755859375,,29.470943450927734,,0.6866730451583862,,43.59013748168945
,1216,,,,,,,,,,3002.513671875,,38.223976135253906,,0.671658992767334,,54.79520034790039
,1217,,,,,,,,,,1481.864013671875,,23.3990421295166,,0.7669250965118408,,38.49498748779297
,1218,,,,,,,,,,1774.8758544921875,,25.04791831970215,,0.6922619342803955,,42.129276275634766
,1219,,,,,,,,,,2166.545654296875,,30.169261932373047,,0.6357717514038086,,46.546165466308594
,1220,,,,,,,,,,2519.374267578125,,33.031009674072266,,0.6245283484458923,,50.19336700439453
,1221,,,,,,,,,,2727.371337890625,,36.835411071777344,,0.5971069931983948,,52.224239349365234
,1222,,,,,,,,,,2944.741943359375,,37.25519561767578,,0.6132304668426514,,54.26547622680664
,1223,,,,,,,,,,2374.98828125,,32.280128479003906,,0.6392065286636353,,48.733848571777344
,1224,,,,,,,,,,2602.021240234375,,31.092418670654297,,0.6430706977844238,,51.010009765625
,1225,,,,,,,,,,2113.733642578125,,30.83152198791504,,0.6767958402633667,,45.97536087036133
,1226,,,,,,,,,,2930.20751953125,,36.392601013183594,,0.6284085512161255,,54.13138961791992
,1227,,,,,,,,,,2144.452880859375,,28.28389549255371,,0.7064608931541443,,46.3082389831543
,1228,,,,,,,,,,2310.299560546875,,32.79265213012695,,0.6437569856643677,,48.065574645996094
,1229,,,,,,,,,,2299.119873046875,,31.969667434692383,,0.642561674118042,,47.94913864135742
,1230,,,,,,,,,,2193.153564453125,,29.370655059814453,,0.6994904279708862,,46.83111572265625
,1231,,,,,,,,,,1625.6387939453125,,21.274953842163086,,0.7361336350440979,,40.319210052490234
7,3695,,,,,,,,,2231.946044921875,,30.741209030151367,,0.657526433467865,,47.04652404785156,
7,3695,2287.199462890625,,30.74169921875,,0.6522448658943176,,47.59794616699219,,,,,,,,,
8,3699,,2281.506103515625,,30.798067092895508,,0.6971122026443481,,47.76511001586914,,,,,,,,
8,3749,,2757.94482421875,,34.68197250366211,,0.6373382210731506,,52.51613998413086,,,,,,,,
8,3799,,2421.2509765625,,30.857196807861328,,0.49909472465515137,,49.206207275390625,,,,,,,,
8,3849,,2389.62646484375,,32.824310302734375,,0.6552996635437012,,48.88380432128906,,,,,,,,
8,3899,,3049.49853515625,,36.94487380981445,,0.5406835079193115,,55.222267150878906,,,,,,,,
8,3949,,3325.12255859375,,40.15968322753906,,0.514991283416748,,57.66387176513672,,,,,,,,
8,3999,,3564.27880859375,,41.15354537963867,,0.398894727230072,,59.70158004760742,,,,,,,,
8,4049,,2259.275634765625,,32.42231750488281,,0.6401587128639221,,47.53183364868164,,,,,,,,
8,4099,,1645.61669921875,,26.250835418701172,,0.7105945348739624,,40.56620407104492,,,,,,,,
8,4149,,2560.82470703125,,35.35930252075195,,0.6551798582077026,,50.604591369628906,,,,,,,,
,1232,,,,,,,,,,2038.679443359375,,27.8846435546875,,0.7060362696647644,,45.151737213134766
,1233,,,,,,,,,,1584.8740234375,,24.355085372924805,,0.7175518274307251,,39.81047439575195
,1234,,,,,,,,,,1894.543212890625,,27.76848030090332,,0.7116206884384155,,43.52635192871094
,1235,,,,,,,,,,2869.202392578125,,36.708961486816406,,0.6534621119499207,,53.564937591552734
,1236,,,,,,,,,,2139.0146484375,,28.813623428344727,,0.6569442749023438,,46.249481201171875
,1237,,,,,,,,,,2158.724853515625,,30.638813018798828,,0.6356567144393921,,46.46207809448242
,1238,,,,,,,,,,1685.7554931640625,,24.727783203125,,0.6895273327827454,,41.057952880859375
,1239,,,,,,,,,,2716.838623046875,,33.056434631347656,,0.6789008975028992,,52.1233024597168
,1240,,,,,,,,,,2701.08642578125,,37.5606575012207,,0.5908185243606567,,51.97197723388672
,1241,,,,,,,,,,1748.7545166015625,,27.040098190307617,,0.6371479630470276,,41.818111419677734
,1242,,,,,,,,,,1897.0914306640625,,23.863643646240234,,0.6569582223892212,,43.55561447143555
,1243,,,,,,,,,,2264.243896484375,,31.901159286499023,,0.6660479307174683,,47.58407211303711
,1244,,,,,,,,,,2121.531494140625,,29.07752227783203,,0.6414197683334351,,46.06008529663086
,1245,,,,,,,,,,1966.6990966796875,,28.02032470703125,,0.6957178711891174,,44.34748077392578
,1246,,,,,,,,,,1674.49609375,,23.314037322998047,,0.6822474598884583,,40.92060470581055
,1247,,,,,,,,,,2836.831787109375,,36.4361457824707,,0.6002009510993958,,53.26192092895508
,1248,,,,,,,,,,1436.66162109375,,22.09736442565918,,0.7327267527580261,,37.9033203125
,1249,,,,,,,,,,1703.8629150390625,,23.220731735229492,,0.7315160036087036,,41.27787399291992
,1250,,,,,,,,,,1599.7457275390625,,24.942174911499023,,0.7296464443206787,,39.996822357177734
,1251,,,,,,,,,,2237.34912109375,,29.754932403564453,,0.639432430267334,,47.30062484741211
,1252,,,,,,,,,,1629.4029541015625,,24.2386417388916,,0.7401306629180908,,40.36586380004883
,1253,,,,,,,,,,1949.914794921875,,29.107643127441406,,0.6944130659103394,,44.157840728759766
,1254,,,,,,,,,,1984.4993896484375,,29.223665237426758,,0.6875258088111877,,44.54772186279297
,1255,,,,,,,,,,3170.544677734375,,40.625648498535156,,0.5851590633392334,,56.307586669921875
,1256,,,,,,,,,,2611.623779296875,,34.151580810546875,,0.6501694917678833,,51.10404586791992
,1257,,,,,,,,,,2550.7724609375,,32.99618911743164,,0.6579940915107727,,50.50516891479492
,1258,,,,,,,,,,1106.5989990234375,,17.533416748046875,,0.7370040416717529,,33.26558303833008
,1259,,,,,,,,,,2449.693603515625,,33.218502044677734,,0.6641371250152588,,49.494380950927734
,1260,,,,,,,,,,1903.1236572265625,,29.424041748046875,,0.6784025430679321,,43.62480545043945
,1261,,,,,,,,,,2498.15185546875,,29.372875213623047,,0.67406165599823,,49.98151397705078
,1262,,,,,,,,,,1912.31298828125,,26.34395980834961,,0.6584782600402832,,43.730003356933594
,1263,,,,,,,,,,2132.555419921875,,30.137662887573242,,0.6495393514633179,,46.17959976196289
,1264,,,,,,,,,,1783.6839599609375,,25.645872116088867,,0.7234394550323486,,42.233680725097656
,1265,,,,,,,,,,2023.380859375,,26.50015640258789,,0.7234326601028442,,44.98200607299805
,1266,,,,,,,,,,2953.909912109375,,33.0859260559082,,0.6419187188148499,,54.34988784790039
,1267,,,,,,,,,,1842.656494140625,,25.649805068969727,,0.6596448421478271,,42.92617416381836
,1268,,,,,,,,,,2818.203125,,32.169742584228516,,0.5521274209022522,,53.08675003051758
,1269,,,,,,,,,,1875.38818359375,,27.56075096130371,,0.6377362608909607,,43.30575180053711
,1270,,,,,,,,,,2316.392333984375,,30.229816436767578,,0.6943219900131226,,48.12891387939453
,1271,,,,,,,,,,1943.618408203125,,25.732511520385742,,0.7203981876373291,,44.08648681640625
,1272,,,,,,,,,,2172.1142578125,,32.70050048828125,,0.6638174057006836,,46.6059455871582
,1273,,,,,,,,,,2069.8291015625,,29.128372192382812,,0.6427346467971802,,45.4953727722168
,1274,,,,,,,,,,1916.537353515625,,25.954299926757812,,0.6734843254089355,,43.77827453613281
,1275,,,,,,,,,,2763.6953125,,34.029659271240234,,0.630785346031189,,52.57086181640625
,1276,,,,,,,,,,2094.98046875,,28.111419677734375,,0.6403811573982239,,45.770957946777344
,1277,,,,,,,,,,2349.336181640625,,31.18403434753418,,0.6833503246307373,,48.46995162963867
,1278,,,,,,,,,,1824.091796875,,26.9808292388916,,0.6866669058799744,,42.70938491821289
,1279,,,,,,,,,,1999.761474609375,,29.893455505371094,,0.6540966033935547,,44.718692779541016
,1280,,,,,,,,,,2539.53662109375,,34.520545959472656,,0.6452890634536743,,50.39381408691406
,1281,,,,,,,,,,2658.46826171875,,36.131385803222656,,0.6403708457946777,,51.560333251953125
,1282,,,,,,,,,,2026.5670166015625,,26.366344451904297,,0.6468796730041504,,45.01740646362305
,1283,,,,,,,,,,2289.071044921875,,31.00575828552246,,0.7321545481681824,,47.84423828125
,1284,,,,,,,,,,2895.962158203125,,36.98103332519531,,0.5474357604980469,,53.814144134521484
,1285,,,,,,,,,,2320.126220703125,,29.257883071899414,,0.6927196979522705,,48.16769027709961
,1286,,,,,,,,,,2555.547607421875,,32.91866683959961,,0.6727758646011353,,50.552425384521484
,1287,,,,,,,,,,1934.1304931640625,,29.793384552001953,,0.6714940071105957,,43.97875213623047
,1288,,,,,,,,,,2448.0791015625,,34.35457992553711,,0.5716002583503723,,49.478065490722656
,1289,,,,,,,,,,2115.528564453125,,27.789756774902344,,0.7044479846954346,,45.994876861572266
,1290,,,,,,,,,,2315.821044921875,,29.629045486450195,,0.6218690872192383,,48.122982025146484
,1291,,,,,,,,,,1666.0819091796875,,26.65621566772461,,0.7319140434265137,,40.81766891479492
,1292,,,,,,,,,,1620.91357421875,,25.202392578125,,0.7318540811538696,,40.26057052612305
,1293,,,,,,,,,,2232.16064453125,,31.01010513305664,,0.6676831841468811,,47.24574661254883
,1294,,,,,,,,,,2232.8349609375,,31.890417098999023,,0.645287275314331,,47.25288391113281
,1295,,,,,,,,,,2335.326171875,,32.07411575317383,,0.6470104455947876,,48.32521057128906
,1296,,,,,,,,,,2397.358642578125,,31.525394439697266,,0.6910094022750854,,48.962833404541016
,1297,,,,,,,,,,1793.963623046875,,26.28497314453125,,0.7171616554260254,,42.35520935058594
,1298,,,,,,,,,,2222.51904296875,,31.465404510498047,,0.6428412199020386,,47.14360046386719
,1299,,,,,,,,,,1946.9779052734375,,27.95076560974121,,0.7207468748092651,,44.12457275390625
,1300,,,,,,,,,,1965.8709716796875,,27.05352783203125,,0.6430256366729736,,44.33814239501953
,1301,,,,,,,,,,2071.61328125,,30.103635787963867,,0.6441428661346436,,45.51498031616211
,1302,,,,,,,,,,1879.81640625,,26.61037254333496,,0.7370901703834534,,43.356849670410156
,1303,,,,,,,,,,2251.163818359375,,29.822107315063477,,0.6754559874534607,,47.44643020629883
,1304,,,,,,,,,,3764.105712890625,,43.0766487121582,,0.5652810335159302,,61.3523063659668
,1305,,,,,,,,,,2792.516357421875,,36.230621337890625,,0.5716215968132019,,52.84426498413086
,1306,,,,,,,,,,2393.10546875,,32.04712677001953,,0.6533825993537903,,48.919376373291016
,1307,,,,,,,,,,2011.901611328125,,27.685314178466797,,0.7034903764724731,,44.854225158691406
,1308,,,,,,,,,,3460.57373046875,,42.010135650634766,,0.5280579328536987,,58.82664108276367
,1309,,,,,,,,,,2237.822509765625,,29.30088233947754,,0.6572303771972656,,47.30562973022461
,1310,,,,,,,,,,2189.76171875,,29.995502471923828,,0.6289690732955933,,46.794891357421875
,1311,,,,,,,,,,1915.965087890625,,28.090375900268555,,0.6246805191040039,,43.7717399597168
,1312,,,,,,,,,,2472.08203125,,34.45573043823242,,0.5942305326461792,,49.720035552978516
,1313,,,,,,,,,,2167.96923828125,,29.13261604309082,,0.6734224557876587,,46.56145477294922
,1314,,,,,,,,,,2017.999267578125,,28.780046463012695,,0.6985387802124023,,44.922149658203125
,1315,,,,,,,,,,1791.444091796875,,27.20550537109375,,0.6828739047050476,,42.32545471191406
,1316,,,,,,,,,,1752.1190185546875,,24.12799644470215,,0.7015467286109924,,41.85832214355469
,1317,,,,,,,,,,2658.531494140625,,34.674800872802734,,0.6020469665527344,,51.56094741821289
,1318,,,,,,,,,,2108.912841796875,,29.146512985229492,,0.675121545791626,,45.92290115356445
,1319,,,,,,,,,,2404.28125,,32.30525588989258,,0.6611295938491821,,49.033470153808594
,1320,,,,,,,,,,2380.958251953125,,32.665245056152344,,0.6576094627380371,,48.79506301879883
,1321,,,,,,,,,,1733.4830322265625,,24.647659301757812,,0.6848878860473633,,41.63511657714844
,1322,,,,,,,,,,1861.2174072265625,,25.95083999633789,,0.6921259164810181,,43.14182662963867
,1323,,,,,,,,,,1879.9703369140625,,23.790584564208984,,0.6606082916259766,,43.35862350463867
,1324,,,,,,,,,,2159.97607421875,,31.214122772216797,,0.6955589652061462,,46.47554016113281
,1325,,,,,,,,,,2526.7607421875,,33.33678436279297,,0.6291576623916626,,50.26689529418945
,1326,,,,,,,,,,2356.82080078125,,30.893600463867188,,0.676063060760498,,48.54710006713867
,1327,,,,,,,,,,2335.49365234375,,31.556631088256836,,0.6392149925231934,,48.32694625854492
,1328,,,,,,,,,,1690.899169921875,,23.94631576538086,,0.7025748491287231,,41.12054443359375
,1329,,,,,,,,,,2333.66064453125,,30.879079818725586,,0.6722345948219299,,48.30797576904297
,1330,,,,,,,,,,2286.538818359375,,32.38730239868164,,0.6770120859146118,,47.81776809692383
,1331,,,,,,,,,,2248.63818359375,,30.79413414001465,,0.6607377529144287,,47.41980743408203
,1332,,,,,,,,,,2250.004638671875,,30.16960334777832,,0.6587461829185486,,47.4342155456543
,1333,,,,,,,,,,2558.579345703125,,35.82379913330078,,0.5765525102615356,,50.582401275634766
,1334,,,,,,,,,,1678.1126708984375,,23.620031356811523,,0.7022210955619812,,40.96477508544922
,1335,,,,,,,,,,2445.7021484375,,30.48845863342285,,0.6087554693222046,,49.45404052734375
,1336,,,,,,,,,,1718.7265625,,25.066116333007812,,0.61080002784729,,41.45752716064453
,1337,,,,,,,,,,1907.14794921875,,26.658933639526367,,0.6983937621116638,,43.67090606689453
,1338,,,,,,,,,,2463.50146484375,,32.540950775146484,,0.6851909160614014,,49.633670806884766
,1339,,,,,,,,,,2578.42919921875,,35.773170471191406,,0.6156719923019409,,50.778236389160156
,1340,,,,,,,,,,1636.8570556640625,,21.740360260009766,,0.6217705607414246,,40.458091735839844
,1341,,,,,,,,,,2564.578369140625,,34.062217712402344,,0.5999660491943359,,50.641666412353516
,1342,,,,,,,,,,2602.516845703125,,35.669002532958984,,0.5508280992507935,,51.014869689941406
,1343,,,,,,,,,,2299.672607421875,,32.6383056640625,,0.6738003492355347,,47.95490264892578
,1344,,,,,,,,,,2109.37158203125,,32.53445816040039,,0.6788184642791748,,45.927894592285156
,1345,,,,,,,,,,2520.74560546875,,32.342750549316406,,0.6382240056991577,,50.207027435302734
,1346,,,,,,,,,,1570.262939453125,,24.016620635986328,,0.6508845090866089,,39.62654495239258
,1347,,,,,,,,,,2484.154296875,,28.210437774658203,,0.6968646049499512,,49.84128952026367
,1348,,,,,,,,,,2228.988525390625,,31.38140296936035,,0.6351840496063232,,47.21216583251953
,1349,,,,,,,,,,2189.029052734375,,29.540559768676758,,0.666849672794342,,46.78706359863281
,1350,,,,,,,,,,1982.6134033203125,,27.551986694335938,,0.6632804870605469,,44.526546478271484
,1351,,,,,,,,,,2245.6396484375,,30.80951690673828,,0.6908355951309204,,47.388179779052734
,1352,,,,,,,,,,2400.9931640625,,30.99040985107422,,0.6175869107246399,,48.99993133544922
,1353,,,,,,,,,,2471.86962890625,,31.49321746826172,,0.6256393194198608,,49.717899322509766
,1354,,,,,,,,,,1842.8575439453125,,26.48108673095703,,0.7380005121231079,,42.92851638793945
,1355,,,,,,,,,,2178.723388671875,,27.854434967041016,,0.601122260093689,,46.676795959472656
,1356,,,,,,,,,,1825.057373046875,,26.01974868774414,,0.7050883173942566,,42.7206916809082
,1357,,,,,,,,,,2054.38427734375,,29.26571273803711,,0.6559356451034546,,45.3253173828125
,1358,,,,,,,,,,1781.059326171875,,23.915912628173828,,0.7248258590698242,,42.202598571777344
,1359,,,,,,,,,,2552.609375,,35.70685958862305,,0.6572328209877014,,50.523353576660156
,1360,,,,,,,,,,2449.1689453125,,33.01993942260742,,0.6388345956802368,,49.48908233642578
,1361,,,,,,,,,,1527.064697265625,,22.881969451904297,,0.7570279836654663,,39.077674865722656
,1362,,,,,,,,,,1819.360107421875,,25.666257858276367,,0.6635262966156006,,42.65395736694336
,1363,,,,,,,,,,3071.684814453125,,38.55712890625,,0.5949888229370117,,55.42277908325195
,1364,,,,,,,,,,1903.937255859375,,26.171756744384766,,0.6761235594749451,,43.63412857055664
,1365,,,,,,,,,,1925.892578125,,26.76578140258789,,0.733529806137085,,43.88499450683594
,1366,,,,,,,,,,2573.34130859375,,32.39345169067383,,0.5987815856933594,,50.728111267089844
,1367,,,,,,,,,,2444.915283203125,,34.17241668701172,,0.5874584913253784,,49.446083068847656
,1368,,,,,,,,,,3001.902587890625,,37.6640625,,0.6295143365859985,,54.78961944580078
,1369,,,,,,,,,,1863.5657958984375,,28.746938705444336,,0.6926975250244141,,43.169036865234375
,1370,,,,,,,,,,2921.452880859375,,37.002872467041016,,0.6805233955383301,,54.05046463012695
,1371,,,,,,,,,,1537.642333984375,,23.777069091796875,,0.7581520080566406,,39.21278381347656
,1372,,,,,,,,,,1800.2713623046875,,24.63191032409668,,0.6878587007522583,,42.429603576660156
,1373,,,,,,,,,,2152.94189453125,,29.704790115356445,,0.6380587220191956,,46.399803161621094
,1374,,,,,,,,,,2513.673583984375,,32.19303512573242,,0.6253779530525208,,50.13655090332031
,1375,,,,,,,,,,2726.22119140625,,36.556114196777344,,0.5972769260406494,,52.213226318359375
,1376,,,,,,,,,,2854.555908203125,,35.04372024536133,,0.6250756978988647,,53.428043365478516
,1377,,,,,,,,,,2363.657958984375,,31.592676162719727,,0.6409276723861694,,48.61746597290039
,1378,,,,,,,,,,2663.818115234375,,31.246427536010742,,0.6345938444137573,,51.61219024658203
,1379,,,,,,,,,,2084.06787109375,,30.166175842285156,,0.6813319325447083,,45.65159225463867
,1380,,,,,,,,,,2872.411865234375,,35.573760986328125,,0.6357377767562866,,53.594886779785156
,1381,,,,,,,,,,2154.150146484375,,27.96002769470215,,0.7051335573196411,,46.41282272338867
,1382,,,,,,,,,,2079.865234375,,29.01911735534668,,0.6792894601821899,,45.60554122924805
,1383,,,,,,,,,,2289.32177734375,,31.415395736694336,,0.6440849900245667,,47.846858978271484
,1384,,,,,,,,,,2250.174560546875,,29.371545791625977,,0.6916773319244385,,47.43600082397461
,1385,,,,,,,,,,1585.316650390625,,20.334156036376953,,0.7426785230636597,,39.816036224365234
8,4157,,,,,,,,,2203.23876953125,,29.904067993164062,,0.6619462370872498,,46.736568450927734,
8,4157,2266.4853515625,,30.57451629638672,,0.6568178534507751,,47.364505767822266,,,,,,,,,
9,4199,,2419.490234375,,29.650182723999023,,0.6604280471801758,,49.18831253051758,,,,,,,,
9,4249,,2148.013671875,,30.585222244262695,,0.6861693263053894,,46.3466682434082,,,,,,,,
9,4299,,1765.1427001953125,,23.916507720947266,,0.7178264856338501,,42.01359939575195,,,,,,,,
9,4349,,2185.361083984375,,31.241125106811523,,0.6434032917022705,,46.74784469604492,,,,,,,,
9,4399,,1337.466796875,,23.038227081298828,,0.7151612043380737,,36.57139205932617,,,,,,,,
9,4449,,2369.6826171875,,32.3994140625,,0.678460955619812,,48.679386138916016,,,,,,,,
9,4499,,2189.36376953125,,29.85051155090332,,0.6856155395507812,,46.79064178466797,,,,,,,,
9,4549,,2025.577392578125,,28.906524658203125,,0.7219623327255249,,45.00641632080078,,,,,,,,
9,4599,,2069.508056640625,,28.046968460083008,,0.6810423135757446,,45.491844177246094,,,,,,,,
,1386,,,,,,,,,,2025.667236328125,,28.436416625976562,,0.7079125642776489,,45.00741195678711
,1387,,,,,,,,,,1610.690185546875,,25.01348304748535,,0.7129510045051575,,40.13340759277344
,1388,,,,,,,,,,1912.33447265625,,28.656700134277344,,0.7089125514030457,,43.73024368286133
,1389,,,,,,,,,,2814.935791015625,,36.767940521240234,,0.6600162982940674,,53.05596923828125
,1390,,,,,,,,,,2076.5380859375,,29.034574508666992,,0.6669642925262451,,45.56904602050781
,1391,,,,,,,,,,2153.845703125,,31.026264190673828,,0.6364802122116089,,46.409542083740234
,1392,,,,,,,,,,1685.5321044921875,,25.446491241455078,,0.6895684599876404,,41.055233001708984
,1393,,,,,,,,,,2602.7109375,,32.73392868041992,,0.6923894882202148,,51.01676940917969
,1394,,,,,,,,,,2709.227783203125,,37.92775344848633,,0.5895851850509644,,52.05024337768555
,1395,,,,,,,,,,1768.2138671875,,27.88121223449707,,0.6331102848052979,,42.05013656616211
,1396,,,,,,,,,,1877.0352783203125,,24.49519157409668,,0.6605849266052246,,43.32476806640625
,1397,,,,,,,,,,2222.442138671875,,32.44346618652344,,0.6722131967544556,,47.14278030395508
,1398,,,,,,,,,,2178.208984375,,30.64470100402832,,0.6318402290344238,,46.671287536621094
,1399,,,,,,,,,,2012.7305908203125,,29.26173210144043,,0.6885960102081299,,44.863468170166016
,1400,,,,,,,,,,1683.2652587890625,,23.708965301513672,,0.6805834174156189,,41.02761459350586
,1401,,,,,,,,,,2790.80615234375,,36.211570739746094,,0.6066874265670776,,52.82807922363281
,1402,,,,,,,,,,1493.222900390625,,23.44066619873047,,0.7222042083740234,,38.642242431640625
,1403,,,,,,,,,,1701.41357421875,,24.094772338867188,,0.731902003288269,,41.248191833496094
,1404,,,,,,,,,,1584.5235595703125,,25.22195816040039,,0.7322189807891846,,39.80607604980469
,1405,,,,,,,,,,2228.956787109375,,30.75306510925293,,0.6407849192619324,,47.211830139160156
,1406,,,,,,,,,,1640.87646484375,,25.07795524597168,,0.7383008003234863,,40.50773239135742
,1407,,,,,,,,,,1943.0771484375,,28.93877601623535,,0.6954846382141113,,44.08034896850586
,1408,,,,,,,,,,2013.243408203125,,29.82496452331543,,0.682999849319458,,44.86918258666992
,1409,,,,,,,,,,3076.849853515625,,40.276268005371094,,0.5974182486534119,,55.469356536865234
,1410,,,,,,,,,,2546.75390625,,33.868560791015625,,0.6588588953018188,,50.46537399291992
,1411,,,,,,,,,,2504.44091796875,,33.588172912597656,,0.6642061471939087,,50.04438781738281
,1412,,,,,,,,,,1092.055908203125,,18.068706512451172,,0.7404603958129883,,33.046268463134766
,1413,,,,,,,,,,2433.783447265625,,33.41632843017578,,0.6663184762001038,,49.33338928222656
,1414,,,,,,,,,,1950.3780517578125,,29.994688034057617,,0.670417308807373,,44.1630859375
,1415,,,,,,,,,,2487.4638671875,,30.25226402282715,,0.675456166267395,,49.874481201171875
,1416,,,,,,,,,,1976.0223388671875,,27.097715377807617,,0.6471003293991089,,44.45247268676758
,1417,,,,,,,,,,2113.669921875,,30.518478393554688,,0.6526430249214172,,45.97466278076172
,1418,,,,,,,,,,1858.959716796875,,26.460750579833984,,0.7117679119110107,,43.11565399169922
,1419,,,,,,,,,,2020.22021484375,,26.897369384765625,,0.7238646745681763,,44.946861267089844
,1420,,,,,,,,,,2870.088134765625,,33.0494270324707,,0.6520798206329346,,53.573204040527344
,1421,,,,,,,,,,1943.54736328125,,27.2117862701416,,0.6410093307495117,,44.0856819152832
,1422,,,,,,,,,,3010.490966796875,,33.820709228515625,,0.521568775177002,,54.867942810058594
,1423,,,,,,,,,,1968.308349609375,,28.76848030090332,,0.6197870969772339,,44.365623474121094
,1424,,,,,,,,,,2302.396728515625,,30.755596160888672,,0.6961688995361328,,47.98329544067383
,1425,,,,,,,,,,1949.96484375,,26.578792572021484,,0.7194851636886597,,44.15840530395508
,1426,,,,,,,,,,2164.6416015625,,32.85749435424805,,0.6649739742279053,,46.52570724487305
,1427,,,,,,,,,,2011.08203125,,28.756797790527344,,0.652874767780304,,44.845088958740234
,1428,,,,,,,,,,1963.7255859375,,26.860864639282227,,0.6654450297355652,,44.313941955566406
,1429,,,,,,,,,,2754.50244140625,,34.918453216552734,,0.6320134997367859,,52.48335266113281
,1430,,,,,,,,,,2115.33837890625,,29.19046401977539,,0.6368865966796875,,45.9928092956543
,1431,,,,,,,,,,2330.293212890625,,31.10480308532715,,0.6859169602394104,,48.273109436035156
,1432,,,,,,,,,,1828.0218505859375,,27.328046798706055,,0.6859918236732483,,42.75537109375
,1433,,,,,,,,,,2028.5325927734375,,30.389511108398438,,0.6491199731826782,,45.03923416137695
,1434,,,,,,,,,,2496.82177734375,,34.451663970947266,,0.6512552499771118,,49.96820831298828
,1435,,,,,,,,,,2648.501708984375,,36.106101989746094,,0.6417191028594971,,51.463592529296875
,1436,,,,,,,,,,1991.01025390625,,27.270938873291016,,0.6530752778053284,,44.6207389831543
,1437,,,,,,,,,,2270.308837890625,,31.57415771484375,,0.7343499660491943,,47.64775466918945
,1438,,,,,,,,,,2881.35400390625,,37.133819580078125,,0.5497186183929443,,53.678245544433594
,1439,,,,,,,,,,2319.98046875,,30.01201629638672,,0.6927390098571777,,48.166175842285156
,1440,,,,,,,,,,2493.30419921875,,32.8475456237793,,0.6807457804679871,,49.93299865722656
,1441,,,,,,,,,,1957.6900634765625,,30.395671844482422,,0.6674925088882446,,44.24578857421875
,1442,,,,,,,,,,2405.26708984375,,34.50812911987305,,0.5790921449661255,,49.04351806640625
,1443,,,,,,,,,,2091.582275390625,,28.180774688720703,,0.7077934741973877,,45.73381805419922
,1444,,,,,,,,,,2318.317626953125,,30.178680419921875,,0.6214614510536194,,48.14891052246094
,1445,,,,,,,,,,1693.914794921875,,27.510303497314453,,0.7274355292320251,,41.157196044921875
,1446,,,,,,,,,,1593.3521728515625,,25.14603042602539,,0.7364134788513184,,39.916812896728516
,1447,,,,,,,,,,2219.89501953125,,31.349838256835938,,0.6695092916488647,,47.115760803222656
,1448,,,,,,,,,,2317.0419921875,,33.29353332519531,,0.6319100260734558,,48.13566207885742
,1449,,,,,,,,,,2339.0390625,,32.81612014770508,,0.6464492082595825,,48.36361312866211
,1450,,,,,,,,,,2403.93994140625,,31.963287353515625,,0.6901611089706421,,49.029991149902344
,1451,,,,,,,,,,1802.8642578125,,26.769760131835938,,0.7157583832740784,,42.460147857666016
,1452,,,,,,,,,,2251.194091796875,,32.42903518676758,,0.6382331848144531,,47.44675064086914
,1453,,,,,,,,,,1924.8157958984375,,28.339136123657227,,0.7239255905151367,,43.87272262573242
,1454,,,,,,,,,,1996.6170654296875,,27.653541564941406,,0.6374425888061523,,44.68352127075195
,1455,,,,,,,,,,2095.16943359375,,30.6341552734375,,0.6400964260101318,,45.77302169799805
,1456,,,,,,,,,,1906.2943115234375,,27.777814865112305,,0.7333869934082031,,43.661128997802734
,1457,,,,,,,,,,2285.247802734375,,30.424747467041016,,0.6705421805381775,,47.804264068603516
,1458,,,,,,,,,,3692.906494140625,,43.26877212524414,,0.573503851890564,,60.769290924072266
,1459,,,,,,,,,,2776.00830078125,,36.2566032409668,,0.5741540193557739,,52.68783950805664
,1460,,,,,,,,,,2397.95703125,,32.93967819213867,,0.6526799201965332,,48.96894073486328
,1461,,,,,,,,,,1953.7779541015625,,27.542251586914062,,0.7120565176010132,,44.201560974121094
,1462,,,,,,,,,,3340.74365234375,,41.19689178466797,,0.5443999767303467,,57.79916763305664
,1463,,,,,,,,,,2231.09765625,,29.46773910522461,,0.6582604646682739,,47.234500885009766
,1464,,,,,,,,,,2201.96337890625,,30.480066299438477,,0.6269016265869141,,46.92508316040039
,1465,,,,,,,,,,1917.5489501953125,,28.61798667907715,,0.6243702173233032,,43.789825439453125
,1466,,,,,,,,,,2483.45556640625,,34.33222579956055,,0.592363715171814,,49.83428192138672
,1467,,,,,,,,,,2131.009765625,,28.784992218017578,,0.6789899468421936,,46.16286087036133
,1468,,,,,,,,,,2034.8170166015625,,29.27291488647461,,0.6960264444351196,,45.10894775390625
,1469,,,,,,,,,,1790.8778076171875,,27.6490478515625,,0.6829741597175598,,42.318763732910156
,1470,,,,,,,,,,1814.9365234375,,25.106327056884766,,0.6908464431762695,,42.602073669433594
,1471,,,,,,,,,,2718.330322265625,,35.40597915649414,,0.5930957198143005,,52.13760757446289
,1472,,,,,,,,,,2154.484375,,30.473806381225586,,0.6681013107299805,,46.41642379760742
,1473,,,,,,,,,,2382.89404296875,,32.570823669433594,,0.6641440391540527,,48.81489562988281
,1474,,,,,,,,,,2318.251953125,,32.60103988647461,,0.6666268110275269,,48.14822769165039
,1475,,,,,,,,,,1754.67236328125,,25.25223159790039,,0.681036114692688,,41.88880920410156
,1476,,,,,,,,,,1868.74560546875,,26.639142990112305,,0.6908805966377258,,43.22898864746094
,1477,,,,,,,,,,1888.2679443359375,,24.55644989013672,,0.6591103076934814,,43.45420455932617
,1478,,,,,,,,,,2149.193115234375,,31.23851776123047,,0.6970787644386292,,46.35939025878906
,1479,,,,,,,,,,2437.37255859375,,33.116153717041016,,0.6422768831253052,,49.369754791259766
,1480,,,,,,,,,,2354.209716796875,,30.817615509033203,,0.6764219403266907,,48.52019500732422
,1481,,,,,,,,,,2335.108642578125,,32.214969635009766,,0.6392744779586792,,48.32296371459961
,1482,,,,,,,,,,1634.8607177734375,,24.066484451293945,,0.7124319076538086,,40.43341064453125
,1483,,,,,,,,,,2281.326416015625,,30.78660774230957,,0.6795849800109863,,47.76323318481445
,1484,,,,,,,,,,2388.337158203125,,33.81336975097656,,0.6626324653625488,,48.8706169128418
,1485,,,,,,,,,,2272.310791015625,,31.503633499145508,,0.6571661233901978,,47.66876220703125
,1486,,,,,,,,,,2249.237060546875,,30.649290084838867,,0.6588625907897949,,47.42612075805664
,1487,,,,,,,,,,2548.972900390625,,35.340145111083984,,0.5781424045562744,,50.48735046386719
,1488,,,,,,,,,,1663.129150390625,,23.934019088745117,,0.704879879951477,,40.78147888183594
,1489,,,,,,,,,,2415.783203125,,30.967178344726562,,0.6135417222976685,,49.15061569213867
,1490,,,,,,,,,,1658.59765625,,24.965370178222656,,0.6244160532951355,,40.72588348388672
,1491,,,,,,,,,,1900.2967529296875,,27.01506233215332,,0.6994771957397461,,43.5923957824707
,1492,,,,,,,,,,2467.576904296875,,32.769954681396484,,0.6846701502799988,,49.67470932006836
,1493,,,,,,,,,,2491.208251953125,,35.1469612121582,,0.62867271900177,,49.91200256347656
,1494,,,,,,,,,,1595.829833984375,,21.94891929626465,,0.6312507390975952,,39.94784164428711
,1495,,,,,,,,,,2611.3154296875,,34.94987869262695,,0.5926758050918579,,51.10103225708008
,1496,,,,,,,,,,2678.65185546875,,36.54082107543945,,0.5376878976821899,,51.75569534301758
,1497,,,,,,,,,,2234.83837890625,,32.61591720581055,,0.6829968690872192,,47.274078369140625
,1498,,,,,,,,,,2075.494384765625,,32.53192138671875,,0.6839767694473267,,45.557594299316406
,1499,,,,,,,,,,2488.330078125,,32.62470245361328,,0.6428762674331665,,49.88316345214844
,1500,,,,,,,,,,1566.44970703125,,24.76361846923828,,0.651732325553894,,39.578399658203125
,1501,,,,,,,,,,2373.654052734375,,28.693965911865234,,0.7103487253189087,,48.72016143798828
,1502,,,,,,,,,,2277.906005859375,,32.412513732910156,,0.6271777749061584,,47.727413177490234
,1503,,,,,,,,,,2258.082275390625,,31.04066276550293,,0.6563404202461243,,47.519283294677734
,1504,,,,,,,,,,2016.58056640625,,27.860633850097656,,0.6575116515159607,,44.90635299682617
,1505,,,,,,,,,,2185.2724609375,,30.408512115478516,,0.6991465091705322,,46.74689865112305
,1506,,,,,,,,,,2433.396728515625,,31.927621841430664,,0.6124259233474731,,49.329471588134766
,1507,,,,,,,,,,2528.012451171875,,32.45268249511719,,0.6171365976333618,,50.27934265136719
,1508,,,,,,,,,,1879.6607666015625,,27.297285079956055,,0.732768177986145,,43.35505294799805
,1509,,,,,,,,,,2203.154541015625,,28.645309448242188,,0.5966494679450989,,46.937774658203125
,1510,,,,,,,,,,1867.6767578125,,26.934110641479492,,0.6982014179229736,,43.21662521362305
,1511,,,,,,,,,,2065.03662109375,,29.62276840209961,,0.6541515588760376,,45.44267272949219
,1512,,,,,,,,,,1767.0040283203125,,23.647993087768555,,0.7269973754882812,,42.03574752807617
,1513,,,,,,,,,,2501.9775390625,,35.4068603515625,,0.6640317440032959,,50.019771575927734
,1514,,,,,,,,,,2460.2958984375,,33.20762252807617,,0.6371937394142151,,49.60137176513672
,1515,,,,,,,,,,1531.6834716796875,,23.009994506835938,,0.7562931180000305,,39.13672637939453
,1516,,,,,,,,,,1801.107177734375,,25.915325164794922,,0.6669020652770996,,42.439453125
,1517,,,,,,,,,,3059.575927734375,,38.71005630493164,,0.5965853929519653,,55.31343078613281
,1518,,,,,,,,,,1910.1497802734375,,26.873632431030273,,0.6750667691230774,,43.70526123046875
,1519,,,,,,,,,,1889.7630615234375,,26.557605743408203,,0.7385287880897522,,43.471405029296875
,1520,,,,,,,,,,2607.79638671875,,33.19594955444336,,0.593409538269043,,51.06658935546875
,1521,,,,,,,,,,2437.565185546875,,34.27219009399414,,0.5886986255645752,,49.3717041015625
,1522,,,,,,,,,,2966.353271484375,,37.72651672363281,,0.6339017152786255,,54.464237213134766
,1523,,,,,,,,,,1844.0965576171875,,28.959741592407227,,0.6959080696105957,,42.94294357299805
,1524,,,,,,,,,,2811.71826171875,,36.4077033996582,,0.6925234794616699,,53.025638580322266
,1525,,,,,,,,,,1509.84228515625,,23.28688621520996,,0.7625244855880737,,38.856689453125
,1526,,,,,,,,,,1767.4161376953125,,24.90854263305664,,0.6935552954673767,,42.0406494140625
,1527,,,,,,,,,,2033.041259765625,,28.78964614868164,,0.6582158207893372,,45.089256286621094
,1528,,,,,,,,,,2500.5693359375,,32.25357437133789,,0.6273308992385864,,50.00569534301758
,1529,,,,,,,,,,2707.420654296875,,36.902523040771484,,0.600054144859314,,52.03287887573242
,1530,,,,,,,,,,2837.615234375,,35.592247009277344,,0.6273007392883301,,53.26927185058594
,1531,,,,,,,,,,2416.97314453125,,32.489227294921875,,0.6328283548355103,,49.1627197265625
,1532,,,,,,,,,,2558.986572265625,,30.870668411254883,,0.6489739418029785,,50.58642578125
,1533,,,,,,,,,,2060.892822265625,,30.559978485107422,,0.6848756074905396,,45.397056579589844
,1534,,,,,,,,,,2833.455078125,,35.73935317993164,,0.6406780481338501,,53.23020935058594
,1535,,,,,,,,,,2135.429931640625,,27.579418182373047,,0.7076959609985352,,46.21071243286133
,1536,,,,,,,,,,2076.27685546875,,29.374370574951172,,0.6798427700996399,,45.56618118286133
,1537,,,,,,,,,,2266.72265625,,32.07679748535156,,0.6475984454154968,,47.610111236572266
,1538,,,,,,,,,,2231.482177734375,,30.054719924926758,,0.694238543510437,,47.23856735229492
,1539,,,,,,,,,,1555.3624267578125,,20.44390869140625,,0.7475405931472778,,39.43808364868164
9,4619,,,,,,,,,2197.5009765625,,30.319189071655273,,0.6625192165374756,,46.68501663208008,
9,4619,2239.19091796875,,30.27051544189453,,0.6596630215644836,,47.07706069946289,,,,,,,,,
10,4649,,2168.424560546875,,28.373998641967773,,0.6689392328262329,,46.56634521484375,,,,,,,,
10,4699,,1778.7247314453125,,25.182504653930664,,0.7017357349395752,,42.174930572509766,,,,,,,,
10,4749,,2357.88037109375,,32.83159637451172,,0.6659514904022217,,48.55801010131836,,,,,,,,
10,4799,,2021.5703125,,27.15622901916504,,0.661591649055481,,44.961875915527344,,,,,,,,
10,4849,,2258.965087890625,,31.011980056762695,,0.641057014465332,,47.52857208251953,,,,,,,,
10,4899,,2149.813720703125,,28.23664665222168,,0.5710069537162781,,46.366085052490234,,,,,,,,
10,4949,,2043.329833984375,,27.73063850402832,,0.7329134941101074,,45.20320510864258,,,,,,,,
10,4999,,1610.745849609375,,22.53581428527832,,0.7377638816833496,,40.134098052978516,,,,,,,,
10,5049,,2532.06884765625,,32.25263214111328,,0.6086640357971191,,50.31966781616211,,,,,,,,
,1540,,,,,,,,,,2088.0576171875,,27.745712280273438,,0.6989163160324097,,45.69527053833008
,1541,,,,,,,,,,1585.8272705078125,,23.870166778564453,,0.7173819541931152,,39.822444915771484
,1542,,,,,,,,,,1903.043701171875,,27.32902717590332,,0.7103267908096313,,43.6238899230957
,1543,,,,,,,,,,2759.326904296875,,34.799644470214844,,0.666732668876648,,52.529296875
,1544,,,,,,,,,,2244.602783203125,,28.873458862304688,,0.6400099992752075,,47.37723922729492
,1545,,,,,,,,,,2133.523193359375,,29.751440048217773,,0.6399101614952087,,46.1900749206543
,1546,,,,,,,,,,1673.4954833984375,,23.799163818359375,,0.6917853355407715,,40.908382415771484
,1547,,,,,,,,,,2715.666748046875,,32.053958892822266,,0.6790393590927124,,52.112060546875
,1548,,,,,,,,,,2657.5595703125,,36.90774154663086,,0.5974123477935791,,51.5515251159668
,1549,,,,,,,,,,1703.9879150390625,,25.48703384399414,,0.6464366316795349,,41.279388427734375
,1550,,,,,,,,,,1869.996337890625,,22.865629196166992,,0.6618577241897583,,43.24345397949219
,1551,,,,,,,,,,2277.505615234375,,31.475996017456055,,0.664091944694519,,47.72321701049805
,1552,,,,,,,,,,2210.806884765625,,29.09465217590332,,0.6263304948806763,,47.01921844482422
,1553,,,,,,,,,,1971.521240234375,,27.3840274810791,,0.6949717998504639,,44.401817321777344
,1554,,,,,,,,,,1650.508056640625,,22.599210739135742,,0.6867994070053101,,40.62644577026367
,1555,,,,,,,,,,2733.954833984375,,34.71165466308594,,0.6146996021270752,,52.287235260009766
,1556,,,,,,,,,,1427.35888671875,,21.39545440673828,,0.7344574332237244,,37.78040313720703
,1557,,,,,,,,,,1652.9356689453125,,21.806020736694336,,0.7395408153533936,,40.65631103515625
,1558,,,,,,,,,,1586.7589111328125,,24.030431747436523,,0.7318412065505981,,39.83414077758789
,1559,,,,,,,,,,2287.28564453125,,29.526268005371094,,0.6313847303390503,,47.82557678222656
,1560,,,,,,,,,,1695.9327392578125,,24.47842788696289,,0.7295199632644653,,41.181705474853516
,1561,,,,,,,,,,1923.7113037109375,,28.30002212524414,,0.6985195875167847,,43.86013412475586
,1562,,,,,,,,,,1968.748779296875,,28.32416534423828,,0.690005898475647,,44.37058639526367
,1563,,,,,,,,,,3151.125,,39.48875427246094,,0.5876998901367188,,56.134883880615234
,1564,,,,,,,,,,2586.64453125,,33.1807975769043,,0.6535154581069946,,50.85906219482422
,1565,,,,,,,,,,2539.767578125,,32.67556381225586,,0.6594696044921875,,50.39610290527344
,1566,,,,,,,,,,1118.1585693359375,,17.156373977661133,,0.7342568039894104,,33.43887710571289
,1567,,,,,,,,,,2381.17919921875,,31.54767608642578,,0.6735307574272156,,48.79732894897461
,1568,,,,,,,,,,1921.3448486328125,,28.691497802734375,,0.6753234267234802,,43.83314895629883
,1569,,,,,,,,,,2443.130859375,,28.4851131439209,,0.6812403798103333,,49.428035736083984
,1570,,,,,,,,,,1899.7435302734375,,25.557905197143555,,0.6607230305671692,,43.5860481262207
,1571,,,,,,,,,,2116.106201171875,,29.054237365722656,,0.6522426605224609,,46.00115203857422
,1572,,,,,,,,,,1819.8289794921875,,25.2319278717041,,0.7178351283073425,,42.659454345703125
,1573,,,,,,,,,,2083.43603515625,,26.25516128540039,,0.7152239680290222,,45.64467239379883
,1574,,,,,,,,,,2824.4833984375,,31.817705154418945,,0.657608151435852,,53.145870208740234
,1575,,,,,,,,,,1908.2418212890625,,25.555479049682617,,0.6475306153297424,,43.68342971801758
,1576,,,,,,,,,,2674.157470703125,,31.133249282836914,,0.575019359588623,,51.712257385253906
,1577,,,,,,,,,,1958.233642578125,,27.526721954345703,,0.6217331886291504,,44.25193405151367
,1578,,,,,,,,,,2319.268798828125,,29.562854766845703,,0.6939423680305481,,48.15878677368164
,1579,,,,,,,,,,1946.69775390625,,25.28227996826172,,0.7199552059173584,,44.12139892578125
,1580,,,,,,,,,,2194.111328125,,32.77556228637695,,0.6604128479957581,,46.84134292602539
,1581,,,,,,,,,,2057.929443359375,,28.482778549194336,,0.6447886228561401,,45.36440658569336
,1582,,,,,,,,,,1964.28466796875,,25.47585105895996,,0.6653497815132141,,44.32025146484375
,1583,,,,,,,,,,2785.924072265625,,32.73239517211914,,0.6278157234191895,,52.781856536865234
,1584,,,,,,,,,,2064.193115234375,,26.948711395263672,,0.6456660032272339,,45.43339157104492
,1585,,,,,,,,,,2304.830810546875,,29.915964126586914,,0.6893488764762878,,48.00865173339844
,1586,,,,,,,,,,1835.4970703125,,26.516847610473633,,0.684707760810852,,42.84270095825195
,1587,,,,,,,,,,2005.445068359375,,29.629486083984375,,0.6531134843826294,,44.782196044921875
,1588,,,,,,,,,,2482.752197265625,,33.30651092529297,,0.6532204151153564,,49.82722473144531
,1589,,,,,,,,,,2593.468994140625,,34.713809967041016,,0.6491637229919434,,50.926109313964844
,1590,,,,,,,,,,2002.3695068359375,,25.40839385986328,,0.651095986366272,,44.74784469604492
,1591,,,,,,,,,,2167.19189453125,,29.215232849121094,,0.7464156746864319,,46.55310821533203
,1592,,,,,,,,,,2860.081787109375,,36.22882843017578,,0.5530428886413574,,53.479732513427734
,1593,,,,,,,,,,2215.957275390625,,28.393150329589844,,0.7065159678459167,,47.07395553588867
,1594,,,,,,,,,,2499.314208984375,,31.87126922607422,,0.679976224899292,,49.993141174316406
,1595,,,,,,,,,,1969.8690185546875,,30.033294677734375,,0.6654238700866699,,44.38320541381836
,1596,,,,,,,,,,2475.8515625,,33.450706481933594,,0.5667402744293213,,49.75792694091797
,1597,,,,,,,,,,2045.624267578125,,26.702178955078125,,0.7142140865325928,,45.228580474853516
,1598,,,,,,,,,,2367.47216796875,,29.27817726135254,,0.6134353876113892,,48.65667724609375
,1599,,,,,,,,,,1642.229248046875,,25.280183792114258,,0.7357521653175354,,40.52442932128906
,1600,,,,,,,,,,1633.1654052734375,,24.572031021118164,,0.7298272848129272,,40.41244125366211
,1601,,,,,,,,,,2223.618408203125,,30.267372131347656,,0.6689549684524536,,47.15525817871094
,1602,,,,,,,,,,2249.158447265625,,31.65035629272461,,0.6426941156387329,,47.42529296875
,1603,,,,,,,,,,2339.2421875,,31.127744674682617,,0.6464184522628784,,48.3657112121582
,1604,,,,,,,,,,2405.893798828125,,30.604394912719727,,0.6899093389511108,,49.0499153137207
,1605,,,,,,,,,,1829.9334716796875,,25.620685577392578,,0.7114906311035156,,42.7777214050293
,1606,,,,,,,,,,2251.26416015625,,31.084365844726562,,0.6382219195365906,,47.447486877441406
,1607,,,,,,,,,,1845.376220703125,,26.658357620239258,,0.7353194952011108,,42.95783996582031
,1608,,,,,,,,,,1962.4776611328125,,26.357107162475586,,0.6436418294906616,,44.299861907958984
,1609,,,,,,,,,,2140.450439453125,,29.737943649291992,,0.6323181986808777,,46.2650032043457
,1610,,,,,,,,,,1818.3975830078125,,25.428096771240234,,0.7456801533699036,,42.64267349243164
,1611,,,,,,,,,,2253.205078125,,29.28067970275879,,0.6751617193222046,,47.46794128417969
,1612,,,,,,,,,,3778.33544921875,,42.69093704223633,,0.5636376142501831,,61.46816635131836
,1613,,,,,,,,,,2810.173095703125,,36.06052017211914,,0.5689129829406738,,53.01106643676758
,1614,,,,,,,,,,2415.615234375,,31.334999084472656,,0.6501222848892212,,49.14891052246094
,1615,,,,,,,,,,1936.180908203125,,25.933748245239258,,0.7146499156951904,,44.00205612182617
,1616,,,,,,,,,,3309.71826171875,,40.15823745727539,,0.5486311912536621,,57.5301513671875
,1617,,,,,,,,,,2236.07275390625,,28.660043716430664,,0.6574984192848206,,47.287132263183594
,1618,,,,,,,,,,2172.673583984375,,29.130916595458984,,0.6318644285202026,,46.61194610595703
,1619,,,,,,,,,,1963.9461669921875,,27.610286712646484,,0.6152814626693726,,44.31643295288086
,1620,,,,,,,,,,2450.106689453125,,34.04949951171875,,0.5978376269340515,,49.49855422973633
,1621,,,,,,,,,,2117.90478515625,,27.79830551147461,,0.6809639930725098,,46.02069854736328
,1622,,,,,,,,,,2048.40625,,28.493778228759766,,0.6939964294433594,,45.25932312011719
,1623,,,,,,,,,,1757.60546875,,26.023595809936523,,0.6888641119003296,,41.923805236816406
,1624,,,,,,,,,,1819.2410888671875,,24.169130325317383,,0.6901131868362427,,42.652565002441406
,1625,,,,,,,,,,2675.5009765625,,33.95799255371094,,0.5995068550109863,,51.72524642944336
,1626,,,,,,,,,,2074.8837890625,,28.49311065673828,,0.6803637742996216,,45.5508918762207
,1627,,,,,,,,,,2355.203369140625,,30.916444778442383,,0.6680468320846558,,48.53043746948242
,1628,,,,,,,,,,2305.690185546875,,30.989404678344727,,0.6684332489967346,,48.017601013183594
,1629,,,,,,,,,,1762.59765625,,23.98033332824707,,0.679595410823822,,41.983299255371094
,1630,,,,,,,,,,1843.6702880859375,,25.075586318969727,,0.6950284242630005,,42.93798065185547
,1631,,,,,,,,,,1833.819091796875,,22.4423828125,,0.6689399480819702,,42.82311248779297
,1632,,,,,,,,,,2122.5146484375,,30.39533233642578,,0.7008390426635742,,46.07075500488281
,1633,,,,,,,,,,2463.273681640625,,31.89459991455078,,0.6384754180908203,,49.631378173828125
,1634,,,,,,,,,,2373.015869140625,,30.04488182067871,,0.6738370656967163,,48.7136116027832
,1635,,,,,,,,,,2251.108642578125,,30.060394287109375,,0.6522507667541504,,47.44585037231445
,1636,,,,,,,,,,1699.6517333984375,,23.088943481445312,,0.7010352611541748,,41.22683334350586
,1637,,,,,,,,,,2277.540283203125,,29.610126495361328,,0.6801167726516724,,47.72358322143555
,1638,,,,,,,,,,2249.280029296875,,31.452377319335938,,0.6822751760482788,,47.42657470703125
,1639,,,,,,,,,,2319.95703125,,30.182373046875,,0.6499775648117065,,48.16593551635742
,1640,,,,,,,,,,2196.259521484375,,29.25438117980957,,0.6668975949287415,,46.8642692565918
,1641,,,,,,,,,,2507.154052734375,,34.45565414428711,,0.5850634574890137,,50.07149124145508
,1642,,,,,,,,,,1664.566650390625,,22.848691940307617,,0.7046248316764832,,40.799102783203125
,1643,,,,,,,,,,2488.20751953125,,29.722257614135742,,0.601955771446228,,49.881935119628906
,1644,,,,,,,,,,1719.6168212890625,,24.89598274230957,,0.6105984449386597,,41.46826171875
,1645,,,,,,,,,,1905.5289306640625,,26.104568481445312,,0.6986497640609741,,43.65236282348633
,1646,,,,,,,,,,2425.224609375,,31.30193519592285,,0.690082311630249,,49.2465705871582
,1647,,,,,,,,,,2542.255615234375,,34.56325149536133,,0.6210638284683228,,50.42078399658203
,1648,,,,,,,,,,1655.6497802734375,,20.759140014648438,,0.6174280643463135,,40.68967819213867
,1649,,,,,,,,,,2496.875732421875,,32.811744689941406,,0.6105265617370605,,49.968746185302734
,1650,,,,,,,,,,2589.8359375,,34.68083190917969,,0.553016722202301,,50.89043045043945
,1651,,,,,,,,,,2287.6904296875,,31.98135757446289,,0.6755000352859497,,47.82980728149414
,1652,,,,,,,,,,2066.337646484375,,31.287378311157227,,0.6853709816932678,,45.45698547363281
,1653,,,,,,,,,,2540.712158203125,,32.10260009765625,,0.635358452796936,,50.40547561645508
,1654,,,,,,,,,,1613.0030517578125,,23.39222526550293,,0.641382098197937,,40.16221237182617
,1655,,,,,,,,,,2435.987548828125,,27.422016143798828,,0.7027422785758972,,49.3557243347168
,1656,,,,,,,,,,2252.895751953125,,30.971996307373047,,0.6312711238861084,,47.46467971801758
,1657,,,,,,,,,,2269.406005859375,,29.648738861083984,,0.6546170115470886,,47.63828659057617
,1658,,,,,,,,,,1949.9349365234375,,26.52482032775879,,0.6688305139541626,,44.15806579589844
,1659,,,,,,,,,,2181.42333984375,,29.35529899597168,,0.6996764540672302,,46.70570755004883
,1660,,,,,,,,,,2405.205322265625,,30.304357528686523,,0.6169160604476929,,49.04288864135742
,1661,,,,,,,,,,2491.489990234375,,31.015844345092773,,0.6226679086685181,,49.91482925415039
,1662,,,,,,,,,,1857.3463134765625,,25.78080940246582,,0.7359405755996704,,43.09693908691406
,1663,,,,,,,,,,2143.302001953125,,26.807767868041992,,0.6076071858406067,,46.29581069946289
,1664,,,,,,,,,,1832.2991943359375,,25.46451187133789,,0.7039180994033813,,42.805362701416016
,1665,,,,,,,,,,2158.0263671875,,29.306982040405273,,0.6385778188705444,,46.45456314086914
,1666,,,,,,,,,,1756.9967041015625,,23.09403419494629,,0.7285435199737549,,41.916542053222656
,1667,,,,,,,,,,2516.52880859375,,34.60805892944336,,0.662077784538269,,50.165016174316406
,1668,,,,,,,,,,2438.009765625,,32.33530044555664,,0.6404801607131958,,49.37620544433594
,1669,,,,,,,,,,1483.7421875,,21.32948112487793,,0.7639210820198059,,38.51937484741211
,1670,,,,,,,,,,1817.8897705078125,,25.219558715820312,,0.6637982726097107,,42.63671875
,1671,,,,,,,,,,2996.11474609375,,37.24635696411133,,0.6049529314041138,,54.736778259277344
,1672,,,,,,,,,,1873.148193359375,,25.239871978759766,,0.6813610792160034,,43.27988052368164
,1673,,,,,,,,,,1949.8543701171875,,25.70084571838379,,0.7302144765853882,,44.15715408325195
,1674,,,,,,,,,,2655.947998046875,,32.36029815673828,,0.5859020948410034,,51.535888671875
,1675,,,,,,,,,,2504.87158203125,,33.59414291381836,,0.5773417353630066,,50.04869079589844
,1676,,,,,,,,,,2929.026611328125,,36.31634521484375,,0.6385084390640259,,54.1204833984375
,1677,,,,,,,,,,1893.410888671875,,28.498111724853516,,0.6877760887145996,,43.51333999633789
,1678,,,,,,,,,,2773.93017578125,,35.238555908203125,,0.6966558694839478,,52.668113708496094
,1679,,,,,,,,,,1566.862060546875,,22.900943756103516,,0.7535561919212341,,39.5836067199707
,1680,,,,,,,,,,1820.8966064453125,,24.081993103027344,,0.6842825412750244,,42.67196273803711
,1681,,,,,,,,,,2022.77783203125,,27.754457473754883,,0.6599411964416504,,44.975303649902344
,1682,,,,,,,,,,2605.98046875,,32.218528747558594,,0.6116211414337158,,51.048805236816406
,1683,,,,,,,,,,2713.338623046875,,35.69767761230469,,0.5991799235343933,,52.089717864990234
,1684,,,,,,,,,,2801.419189453125,,33.59114074707031,,0.6320548057556152,,52.928436279296875
,1685,,,,,,,,,,2458.2353515625,,31.742441177368164,,0.6265600919723511,,49.58059310913086
,1686,,,,,,,,,,2553.882568359375,,29.639892578125,,0.6496740579605103,,50.535953521728516
,1687,,,,,,,,,,2120.7060546875,,29.535715103149414,,0.6757297515869141,,46.051124572753906
,1688,,,,,,,,,,2987.0654296875,,35.25356674194336,,0.6211981773376465,,54.654052734375
,1689,,,,,,,,,,2143.350341796875,,27.031110763549805,,0.7066118717193604,,46.296329498291016
,1690,,,,,,,,,,2062.781982421875,,27.813322067260742,,0.6819236874580383,,45.4178581237793
,1691,,,,,,,,,,2304.591064453125,,31.018266677856445,,0.6417111158370972,,48.006160736083984
,1692,,,,,,,,,,2207.713134765625,,27.987045288085938,,0.6974954605102539,,46.98630905151367
,1693,,,,,,,,,,1603.5703125,,20.19509506225586,,0.7397156953811646,,40.04460525512695
10,5081,,,,,,,,,2192.92333984375,,29.094104766845703,,0.6631797552108765,,46.63756561279297,
10,5081,2235.046142578125,,30.19832420349121,,0.6614187359809875,,47.046546936035156,,,,,,,,,
11,5099,,1488.4677734375,,23.050983428955078,,0.7614261507987976,,38.580665588378906,,,,,,,,
11,5149,,1812.989013671875,,25.682308197021484,,0.7344906330108643,,42.57920837402344,,,,,,,,
11,5199,,2233.003662109375,,31.76348114013672,,0.6870028972625732,,47.254669189453125,,,,,,,,
11,5249,,2199.991455078125,,27.779464721679688,,0.6308422088623047,,46.90406799316406,,,,,,,,
11,5299,,2622.772216796875,,31.286386489868164,,0.6403518915176392,,51.213008880615234,,,,,,,,
11,5349,,2402.6171875,,30.835729598999023,,0.5828820466995239,,49.01649856567383,,,,,,,,
11,5399,,2044.3868408203125,,27.90528106689453,,0.6811250448226929,,45.21489715576172,,,,,,,,
11,5449,,2939.711181640625,,33.28837585449219,,0.5551011562347412,,54.2191047668457,,,,,,,,
11,5499,,2170.201171875,,30.44683837890625,,0.6545770168304443,,46.585418701171875,,,,,,,,
,1694,,,,,,,,,,2050.95361328125,,28.31562042236328,,0.7042664289474487,,45.28745651245117
,1695,,,,,,,,,,1610.6004638671875,,24.78782081604004,,0.712967038154602,,40.13228988647461
,1696,,,,,,,,,,1915.368408203125,,28.230222702026367,,0.7084507346153259,,43.76491928100586
,1697,,,,,,,,,,2704.91015625,,35.43124008178711,,0.6733050346374512,,52.008750915527344
,1698,,,,,,,,,,2160.896484375,,29.662961959838867,,0.6534348726272583,,46.485443115234375
,1699,,,,,,,,,,2101.71875,,30.259288787841797,,0.6452780365943909,,45.844505310058594
,1700,,,,,,,,,,1732.9625244140625,,25.31844711303711,,0.6808329820632935,,41.628868103027344
,1701,,,,,,,,,,2606.435546875,,32.050079345703125,,0.6919492483139038,,51.053260803222656
,1702,,,,,,,,,,2705.673828125,,37.64829635620117,,0.5901235938072205,,52.016090393066406
,1703,,,,,,,,,,1739.4984130859375,,26.80219078063965,,0.6390684843063354,,41.70729446411133
,1704,,,,,,,,,,1809.977294921875,,23.375896453857422,,0.672710657119751,,42.543827056884766
,1705,,,,,,,,,,2202.1474609375,,31.7319278717041,,0.6752064228057861,,46.92704391479492
,1706,,,,,,,,,,2119.21435546875,,29.498451232910156,,0.6418114900588989,,46.0349235534668
,1707,,,,,,,,,,1908.815673828125,,27.6174373626709,,0.7046734094619751,,43.68999481201172
,1708,,,,,,,,,,1688.131591796875,,23.58538246154785,,0.6796599626541138,,41.08687973022461
,1709,,,,,,,,,,2714.26123046875,,35.298885345458984,,0.6174750328063965,,52.098575592041016
,1710,,,,,,,,,,1426.2188720703125,,22.151226043701172,,0.7346695065498352,,37.76531219482422
,1711,,,,,,,,,,1621.569091796875,,22.624950408935547,,0.7444833517074585,,40.26871109008789
,1712,,,,,,,,,,1560.90380859375,,24.827674865722656,,0.7362106442451477,,39.50827407836914
,1713,,,,,,,,,,2196.223876953125,,30.218854904174805,,0.6460601091384888,,46.863887786865234
,1714,,,,,,,,,,1676.3135986328125,,24.724342346191406,,0.7326489686965942,,40.94281005859375
,1715,,,,,,,,,,1900.5966796875,,28.47361183166504,,0.7021421194076538,,43.59583282470703
,1716,,,,,,,,,,1964.31787109375,,29.160879135131836,,0.6907035708427429,,44.32062530517578
,1717,,,,,,,,,,3163.605224609375,,40.5532112121582,,0.5860669612884521,,56.245933532714844
,1718,,,,,,,,,,2483.17041015625,,33.06572341918945,,0.6673759818077087,,49.8314208984375
,1719,,,,,,,,,,2497.73974609375,,33.03573226928711,,0.6651046872138977,,49.97739028930664
,1720,,,,,,,,,,1079.1221923828125,,17.468748092651367,,0.7435342669487,,32.84999465942383
,1721,,,,,,,,,,2369.086181640625,,32.289817810058594,,0.6751887798309326,,48.67325973510742
,1722,,,,,,,,,,1820.7291259765625,,28.821765899658203,,0.6923258900642395,,42.67000198364258
,1723,,,,,,,,,,2427.766357421875,,29.632312774658203,,0.6832450032234192,,49.272369384765625
,1724,,,,,,,,,,1886.373779296875,,26.53307342529297,,0.6631107330322266,,43.43240737915039
,1725,,,,,,,,,,2113.6572265625,,30.119304656982422,,0.6526451110839844,,45.97452926635742
,1726,,,,,,,,,,1801.3607177734375,,26.061145782470703,,0.7206985950469971,,42.442440032958984
,1727,,,,,,,,,,1971.169189453125,,26.116714477539062,,0.7305692434310913,,44.397850036621094
,1728,,,,,,,,,,2791.097412109375,,32.382591247558594,,0.6616553068161011,,52.83083724975586
,1729,,,,,,,,,,1921.4774169921875,,26.575767517089844,,0.6450859308242798,,43.834659576416016
,1730,,,,,,,,,,2764.201416015625,,32.60968780517578,,0.5607094168663025,,52.57567596435547
,1731,,,,,,,,,,1938.79736328125,,28.08416175842285,,0.6254876852035522,,44.031776428222656
,1732,,,,,,,,,,2312.44287109375,,30.290796279907227,,0.6948431730270386,,48.087867736816406
,1733,,,,,,,,,,1951.8306884765625,,25.796602249145508,,0.7192168235778809,,44.179527282714844
,1734,,,,,,,,,,2194.337158203125,,33.174503326416016,,0.6603779196739197,,46.84375
,1735,,,,,,,,,,2120.43994140625,,29.600303649902344,,0.6339989304542542,,46.04823684692383
,1736,,,,,,,,,,1927.984375,,26.269800186157227,,0.6715341806411743,,43.90882110595703
,1737,,,,,,,,,,2682.98876953125,,33.470123291015625,,0.6415673494338989,,51.797576904296875
,1738,,,,,,,,,,2029.0406494140625,,27.811765670776367,,0.6517002582550049,,45.04487228393555
,1739,,,,,,,,,,2242.573486328125,,30.36235237121582,,0.6977400779724121,,47.35581588745117
,1740,,,,,,,,,,1801.390380859375,,26.89582633972168,,0.6905664205551147,,42.44279098510742
,1741,,,,,,,,,,2085.603515625,,30.822267532348633,,0.6392483115196228,,45.66840744018555
,1742,,,,,,,,,,2403.76171875,,33.43855285644531,,0.6642534732818604,,49.02817153930664
,1743,,,,,,,,,,2632.614990234375,,35.625755310058594,,0.6438682079315186,,51.30901336669922
,1744,,,,,,,,,,1960.71533203125,,26.23021697998047,,0.6583540439605713,,44.279964447021484
,1745,,,,,,,,,,2130.1435546875,,29.983530044555664,,0.7507507801055908,,46.15347671508789
,1746,,,,,,,,,,2779.417236328125,,36.39546585083008,,0.5656486749649048,,52.72018051147461
,1747,,,,,,,,,,2205.857177734375,,28.977060317993164,,0.7078536748886108,,46.966552734375
,1748,,,,,,,,,,2443.516357421875,,31.971275329589844,,0.687120795249939,,49.43193817138672
,1749,,,,,,,,,,1953.0263671875,,30.057519912719727,,0.66828453540802,,44.193058013916016
,1750,,,,,,,,,,2476.224609375,,34.35201644897461,,0.5666749477386475,,49.76167678833008
,1751,,,,,,,,,,2046.0107421875,,27.427305221557617,,0.7141600847244263,,45.23284912109375
,1752,,,,,,,,,,2300.7724609375,,29.63851547241211,,0.624326229095459,,47.96636962890625
,1753,,,,,,,,,,1618.5167236328125,,26.208208084106445,,0.7395676970481873,,40.23079299926758
,1754,,,,,,,,,,1612.1337890625,,25.305574417114258,,0.7333065271377563,,40.15138626098633
,1755,,,,,,,,,,2197.1083984375,,31.13763427734375,,0.6729016304016113,,46.873321533203125
,1756,,,,,,,,,,2206.011962890625,,31.698640823364258,,0.6495484709739685,,46.96820068359375
,1757,,,,,,,,,,2361.749267578125,,32.04405212402344,,0.6430164575576782,,48.59783172607422
,1758,,,,,,,,,,2293.760986328125,,30.709718704223633,,0.7043618559837341,,47.893226623535156
,1759,,,,,,,,,,1835.747314453125,,26.450971603393555,,0.7105740308761597,,42.845619201660156
,1760,,,,,,,,,,2200.30322265625,,31.57981300354004,,0.6464113593101501,,46.90739059448242
,1761,,,,,,,,,,1803.2569580078125,,27.02509880065918,,0.7413606643676758,,42.46477127075195
,1762,,,,,,,,,,1927.581787109375,,26.98334312438965,,0.6499783992767334,,43.90423583984375
,1763,,,,,,,,,,2125.9921875,,30.722078323364258,,0.6348018050193787,,46.108482360839844
,1764,,,,,,,,,,1829.7117919921875,,26.50330352783203,,0.7440977692604065,,42.77512741088867
,1765,,,,,,,,,,2259.593994140625,,30.209951400756836,,0.6742406487464905,,47.535186767578125
,1766,,,,,,,,,,3586.161865234375,,41.95928955078125,,0.585831880569458,,59.88456726074219
,1767,,,,,,,,,,2810.72802734375,,36.72005844116211,,0.5688279271125793,,53.016300201416016
,1768,,,,,,,,,,2337.54638671875,,31.944124221801758,,0.661429762840271,,48.34817886352539
,1769,,,,,,,,,,1939.313232421875,,26.963645935058594,,0.714188277721405,,44.037635803222656
,1770,,,,,,,,,,3258.718505859375,,40.8347282409668,,0.5555863380432129,,57.08518600463867
,1771,,,,,,,,,,2211.43408203125,,29.146240234375,,0.6612722873687744,,47.0258903503418
,1772,,,,,,,,,,2107.38134765625,,29.479215621948242,,0.6429275274276733,,45.90622329711914
,1773,,,,,,,,,,1944.65869140625,,28.499147415161133,,0.619059681892395,,44.09828567504883
,1774,,,,,,,,,,2404.919921875,,34.072811126708984,,0.6052546501159668,,49.039981842041016
,1775,,,,,,,,,,2110.0830078125,,28.251571655273438,,0.6821422576904297,,45.935638427734375
,1776,,,,,,,,,,2021.7271728515625,,28.826492309570312,,0.6979819536209106,,44.963623046875
,1777,,,,,,,,,,1719.746826171875,,26.54561996459961,,0.695565938949585,,41.46982955932617
,1778,,,,,,,,,,1754.6533203125,,24.184757232666016,,0.7011150121688843,,41.888580322265625
,1779,,,,,,,,,,2657.366943359375,,34.72895812988281,,0.6022212505340576,,51.549652099609375
,1780,,,,,,,,,,2102.278564453125,,29.514514923095703,,0.6761436462402344,,45.85061264038086
,1781,,,,,,,,,,2348.796142578125,,31.969661712646484,,0.6689499616622925,,48.464378356933594
,1782,,,,,,,,,,2231.94921875,,31.288238525390625,,0.6790375113487244,,47.24351119995117
,1783,,,,,,,,,,1734.7579345703125,,24.50478744506836,,0.6846561431884766,,41.65042495727539
,1784,,,,,,,,,,1830.40966796875,,26.14556884765625,,0.6972219944000244,,42.783287048339844
,1785,,,,,,,,,,1790.121337890625,,23.216794967651367,,0.6768287420272827,,42.3098258972168
,1786,,,,,,,,,,2079.159423828125,,30.54803466796875,,0.706949770450592,,45.597801208496094
,1787,,,,,,,,,,2332.1943359375,,31.94232177734375,,0.6577134132385254,,48.29279708862305
,1788,,,,,,,,,,2326.615966796875,,30.2985897064209,,0.6802145838737488,,48.235008239746094
,1789,,,,,,,,,,2269.400146484375,,31.208017349243164,,0.6494250893592834,,47.638221740722656
,1790,,,,,,,,,,1618.916748046875,,23.659704208374023,,0.7152363657951355,,40.23576354980469
,1791,,,,,,,,,,2168.268798828125,,29.408910751342773,,0.6954640746116638,,46.564674377441406
,1792,,,,,,,,,,2257.831298828125,,32.15088653564453,,0.6810672283172607,,47.51664352416992
,1793,,,,,,,,,,2272.10546875,,30.868824005126953,,0.657197117805481,,47.66660690307617
,1794,,,,,,,,,,2154.86767578125,,29.65612030029297,,0.6731754541397095,,46.420555114746094
,1795,,,,,,,,,,2541.876220703125,,35.670284271240234,,0.5793169140815735,,50.41701889038086
,1796,,,,,,,,,,1642.9259033203125,,23.524179458618164,,0.7084649801254272,,40.533023834228516
,1797,,,,,,,,,,2438.625,,30.590518951416016,,0.6098875999450684,,49.3824348449707
,1798,,,,,,,,,,1680.0028076171875,,25.27506446838379,,0.619568943977356,,40.98783874511719
,1799,,,,,,,,,,1786.3974609375,,25.943700790405273,,0.7174898386001587,,42.26579666137695
,1800,,,,,,,,,,2383.40283203125,,31.867454528808594,,0.6954267024993896,,48.82010269165039
,1801,,,,,,,,,,2532.42529296875,,35.517860412597656,,0.622529149055481,,50.323204040527344
,1802,,,,,,,,,,1607.571533203125,,21.43318748474121,,0.6285375952720642,,40.09453201293945
,1803,,,,,,,,,,2459.622314453125,,33.48735809326172,,0.6163375377655029,,49.59457778930664
,1804,,,,,,,,,,2582.217041015625,,35.429656982421875,,0.5543316602706909,,50.815521240234375
,1805,,,,,,,,,,2246.643798828125,,32.545013427734375,,0.6813223361968994,,47.398773193359375
,1806,,,,,,,,,,2041.8638916015625,,31.542428970336914,,0.6890974640846252,,45.186988830566406
,1807,,,,,,,,,,2446.3134765625,,31.974632263183594,,0.6489064693450928,,49.46022033691406
,1808,,,,,,,,,,1560.47265625,,24.099069595336914,,0.6530612111091614,,39.5028190612793
,1809,,,,,,,,,,2320.130126953125,,27.59823226928711,,0.7168800830841064,,48.167728424072266
,1810,,,,,,,,,,2277.888671875,,32.09071731567383,,0.6271805763244629,,47.727230072021484
,1811,,,,,,,,,,2181.23486328125,,29.584096908569336,,0.6680358648300171,,46.70369338989258
,1812,,,,,,,,,,1951.824951171875,,27.42591667175293,,0.6685094833374023,,44.17946243286133
,1813,,,,,,,,,,2127.63818359375,,29.422555923461914,,0.7070811986923218,,46.12632751464844
,1814,,,,,,,,,,2300.588623046875,,30.318405151367188,,0.6335786581039429,,47.96445083618164
,1815,,,,,,,,,,2393.675048828125,,31.19706153869629,,0.6374818086624146,,48.92519760131836
,1816,,,,,,,,,,1831.77734375,,26.57206153869629,,0.7395757436752319,,42.79926681518555
,1817,,,,,,,,,,2135.314208984375,,27.558429718017578,,0.6090695858001709,,46.2094612121582
,1818,,,,,,,,,,1769.7862548828125,,25.63275146484375,,0.7140195965766907,,42.06882858276367
,1819,,,,,,,,,,2095.6240234375,,29.49898910522461,,0.6490288972854614,,45.777984619140625
,1820,,,,,,,,,,1772.1357421875,,24.06909942626953,,0.726204514503479,,42.096744537353516
,1821,,,,,,,,,,2439.087890625,,34.47076416015625,,0.6724766492843628,,49.38711929321289
,1822,,,,,,,,,,2453.4169921875,,33.28775405883789,,0.6382081508636475,,49.531982421875
,1823,,,,,,,,,,1494.6717529296875,,22.253334045410156,,0.7621820569038391,,38.660987854003906
,1824,,,,,,,,,,1777.5330810546875,,25.6120548248291,,0.6712618470191956,,42.16080093383789
,1825,,,,,,,,,,2880.455810546875,,37.05593490600586,,0.620202898979187,,53.66987991333008
,1826,,,,,,,,,,1849.8424072265625,,25.992938995361328,,0.685325562953949,,43.009796142578125
,1827,,,,,,,,,,1864.4327392578125,,26.019365310668945,,0.7420335412025452,,43.1790771484375
,1828,,,,,,,,,,2555.66943359375,,32.52887725830078,,0.6015368700027466,,50.55363082885742
,1829,,,,,,,,,,2458.765380859375,,34.24188995361328,,0.5851215124130249,,49.5859375
,1830,,,,,,,,,,2894.081787109375,,37.0975341796875,,0.6428212523460388,,53.796669006347656
,1831,,,,,,,,,,1850.88623046875,,28.680877685546875,,0.6947884559631348,,43.02192687988281
,1832,,,,,,,,,,2749.27978515625,,35.782569885253906,,0.6993514895439148,,52.43357467651367
,1833,,,,,,,,,,1474.6954345703125,,23.306400299072266,,0.7680525779724121,,38.401763916015625
,1834,,,,,,,,,,1770.89892578125,,24.63335609436035,,0.6929514408111572,,42.08205032348633
,1835,,,,,,,,,,1996.1712646484375,,28.165359497070312,,0.6644141674041748,,44.678531646728516
,1836,,,,,,,,,,2549.161376953125,,32.618194580078125,,0.620089054107666,,50.48922348022461
,1837,,,,,,,,,,2688.75341796875,,36.216033935546875,,0.6028116941452026,,51.85319137573242
,1838,,,,,,,,,,2728.86328125,,34.03711700439453,,0.6415845155715942,,52.238521575927734
,1839,,,,,,,,,,2408.510009765625,,32.139923095703125,,0.6341140866279602,,49.076568603515625
,1840,,,,,,,,,,2519.652587890625,,30.259363174438477,,0.654369592666626,,50.19614028930664
,1841,,,,,,,,,,2041.0225830078125,,29.708385467529297,,0.6879138946533203,,45.177677154541016
,1842,,,,,,,,,,2818.398681640625,,35.0522346496582,,0.642587423324585,,53.088592529296875
,1843,,,,,,,,,,2113.224853515625,,27.31363296508789,,0.7107354402542114,,45.969825744628906
,1844,,,,,,,,,,2010.8507080078125,,28.290040969848633,,0.6899313926696777,,44.84251022338867
,1845,,,,,,,,,,2241.56201171875,,31.234189987182617,,0.6515101194381714,,47.34513854980469
,1846,,,,,,,,,,2147.7158203125,,28.786619186401367,,0.7057163715362549,,46.34345626831055
,1847,,,,,,,,,,1553.187744140625,,20.60152816772461,,0.7478935718536377,,39.41050338745117
11,5543,,,,,,,,,2156.303955078125,,29.65176010131836,,0.6686428785324097,,46.249595642089844,
11,5543,2226.342529296875,,30.091096878051758,,0.6632903814315796,,46.95071792602539,,,,,,,,,
12,5549,,1948.7584228515625,,28.635936737060547,,0.7047702074050903,,44.14474105834961,,,,,,,,
12,5599,,2449.18896484375,,33.00655746459961,,0.6427384614944458,,49.489280700683594,,,,,,,,
12,5649,,1443.9970703125,,21.26729393005371,,0.723087728023529,,37.999961853027344,,,,,,,,
12,5699,,1729.6226806640625,,26.553102493286133,,0.7498131990432739,,41.5887336730957,,,,,,,,
12,5749,,1595.3743896484375,,22.08021354675293,,0.7417382597923279,,39.942134857177734,,,,,,,,
12,5799,,2200.260986328125,,30.517635345458984,,0.6418052911758423,,46.90694046020508,,,,,,,,
12,5849,,1807.6697998046875,,27.03377342224121,,0.7202606201171875,,42.516700744628906,,,,,,,,
12,5899,,2350.3505859375,,31.791431427001953,,0.6847695708274841,,48.480411529541016,,,,,,,,
12,5949,,1978.440185546875,,29.503429412841797,,0.6945219039916992,,44.47966003417969,,,,,,,,
12,5999,,2134.34033203125,,30.55791473388672,,0.6062647700309753,,46.19892120361328,,,,,,,,
,1848,,,,,,,,,,2055.427001953125,,28.917356491088867,,0.7036213874816895,,45.33681869506836
,1849,,,,,,,,,,1726.5701904296875,,26.47370147705078,,0.692299485206604,,41.55202102661133
,1850,,,,,,,,,,1950.5074462890625,,29.59905242919922,,0.7031019926071167,,44.164546966552734
,1851,,,,,,,,,,2745.042236328125,,36.41636276245117,,0.6684579849243164,,52.393150329589844
,1852,,,,,,,,,,2138.659423828125,,29.963115692138672,,0.657001256942749,,46.245643615722656
,1853,,,,,,,,,,2182.489013671875,,31.523218154907227,,0.6316458582878113,,46.71711349487305
,1854,,,,,,,,,,1832.5950927734375,,26.9124813079834,,0.6624832153320312,,42.80881881713867
,1855,,,,,,,,,,2593.9775390625,,33.01201248168945,,0.6934216618537903,,50.93110656738281
,1856,,,,,,,,,,2780.04833984375,,38.7391242980957,,0.5788567662239075,,52.726165771484375
,1857,,,,,,,,,,1914.35400390625,,29.815074920654297,,0.602787435054779,,43.75333023071289
,1858,,,,,,,,,,1819.86279296875,,24.72782325744629,,0.670923113822937,,42.65985107421875
,1859,,,,,,,,,,2291.870849609375,,33.230804443359375,,0.661973237991333,,47.87348556518555
,1860,,,,,,,,,,2189.3955078125,,31.113664627075195,,0.6299494504928589,,46.790977478027344
,1861,,,,,,,,,,1933.3929443359375,,28.978580474853516,,0.7008708715438843,,43.97036361694336
,1862,,,,,,,,,,1764.4832763671875,,24.80756378173828,,0.6651715040206909,,42.00575256347656
,1863,,,,,,,,,,2810.94287109375,,36.884212493896484,,0.6038495302200317,,53.01832962036133
,1864,,,,,,,,,,1463.5404052734375,,23.234046936035156,,0.7277262806892395,,38.256248474121094
,1865,,,,,,,,,,1708.66552734375,,24.420427322387695,,0.7307592630386353,,41.33600616455078
,1866,,,,,,,,,,1660.6695556640625,,26.218257904052734,,0.7193504571914673,,40.75131607055664
,1867,,,,,,,,,,2220.158203125,,31.238351821899414,,0.6422029137611389,,47.118553161621094
,1868,,,,,,,,,,1698.2449951171875,,25.54527473449707,,0.72915118932724,,41.20976638793945
,1869,,,,,,,,,,1972.51904296875,,29.819364547729492,,0.6908705830574036,,44.41305160522461
,1870,,,,,,,,,,1985.8245849609375,,29.97101593017578,,0.6873171329498291,,44.562591552734375
,1871,,,,,,,,,,3263.537841796875,,42.01106262207031,,0.5729916095733643,,57.12738037109375
,1872,,,,,,,,,,2485.708251953125,,33.868526458740234,,0.6670360565185547,,49.856876373291016
,1873,,,,,,,,,,2592.183837890625,,34.38313293457031,,0.652441680431366,,50.91349411010742
,1874,,,,,,,,,,1157.1011962890625,,19.259666442871094,,0.7250016927719116,,34.01618957519531
,1875,,,,,,,,,,2387.772705078125,,33.30864715576172,,0.6726267337799072,,48.864837646484375
,1876,,,,,,,,,,1856.9278564453125,,29.725542068481445,,0.6862088441848755,,43.09208679199219
,1877,,,,,,,,,,2444.119384765625,,30.643320083618164,,0.6811113357543945,,49.43803405761719
,1878,,,,,,,,,,1983.94287109375,,28.187110900878906,,0.6456857919692993,,44.541473388671875
,1879,,,,,,,,,,2174.00048828125,,31.344009399414062,,0.6427283883094788,,46.62617874145508
,1880,,,,,,,,,,1884.3629150390625,,27.59882164001465,,0.7078291177749634,,43.40924835205078
,1881,,,,,,,,,,1983.2830810546875,,26.891878128051758,,0.7289134860038757,,44.53406524658203
,1882,,,,,,,,,,2904.134765625,,33.81742477416992,,0.6479526162147522,,53.8900260925293
,1883,,,,,,,,,,1949.0924072265625,,27.814359664916992,,0.6399851441383362,,44.14852523803711
,1884,,,,,,,,,,2841.028564453125,,34.0847053527832,,0.5484999418258667,,53.301300048828125
,1885,,,,,,,,,,2043.5791015625,,29.52726173400879,,0.6052472591400146,,45.205963134765625
,1886,,,,,,,,,,2378.35693359375,,31.75380516052246,,0.6861449480056763,,48.768402099609375
,1887,,,,,,,,,,2028.70703125,,27.25081443786621,,0.7081576585769653,,45.04117202758789
,1888,,,,,,,,,,2313.94921875,,34.63639450073242,,0.6418653130531311,,48.1035270690918
,1889,,,,,,,,,,2222.62841796875,,31.102848052978516,,0.6163605451583862,,47.14476013183594
,1890,,,,,,,,,,1984.09619140625,,27.589473724365234,,0.6619745492935181,,44.54319763183594
,1891,,,,,,,,,,2710.65673828125,,34.90424728393555,,0.6378710269927979,,52.063968658447266
,1892,,,,,,,,,,2031.3486328125,,28.89141082763672,,0.6513040661811829,,45.07048416137695
,1893,,,,,,,,,,2312.6171875,,31.690616607666016,,0.6882994174957275,,48.08967971801758
,1894,,,,,,,,,,1853.662109375,,28.054485321044922,,0.6815874576568604,,43.054176330566406
,1895,,,,,,,,,,2106.16015625,,31.551849365234375,,0.6356925964355469,,45.892921447753906
,1896,,,,,,,,,,2461.686279296875,,34.62315368652344,,0.6561628580093384,,49.61538314819336
,1897,,,,,,,,,,2741.8037109375,,37.06932067871094,,0.6290974617004395,,52.36223602294922
,1898,,,,,,,,,,2022.1837158203125,,28.071592330932617,,0.6476434469223022,,44.96869659423828
,1899,,,,,,,,,,2239.361328125,,31.758312225341797,,0.7379710674285889,,47.32189178466797
,1900,,,,,,,,,,2925.644775390625,,38.43756103515625,,0.5427970886230469,,54.089229583740234
,1901,,,,,,,,,,2243.240234375,,29.872663497924805,,0.7029025554656982,,47.362857818603516
,1902,,,,,,,,,,2604.967041015625,,34.742549896240234,,0.6664479374885559,,51.03887939453125
,1903,,,,,,,,,,1993.0428466796875,,30.770009994506836,,0.6614879369735718,,44.64350891113281
,1904,,,,,,,,,,2623.4453125,,36.7854118347168,,0.5409121513366699,,51.21957778930664
,1905,,,,,,,,,,2071.361328125,,28.219215393066406,,0.7106184363365173,,45.51221466064453
,1906,,,,,,,,,,2306.676513671875,,30.551734924316406,,0.6233621835708618,,48.02787399291992
,1907,,,,,,,,,,1708.8424072265625,,28.051063537597656,,0.7250335216522217,,41.33815002441406
,1908,,,,,,,,,,1694.866455078125,,26.827009201049805,,0.7196201086044312,,41.16875457763672
,1909,,,,,,,,,,2323.52880859375,,32.71181869506836,,0.6540806293487549,,48.20299530029297
,1910,,,,,,,,,,2329.317138671875,,33.41093063354492,,0.6299599409103394,,48.26300048828125
,1911,,,,,,,,,,2383.390380859375,,32.97828674316406,,0.6397453546524048,,48.81998062133789
,1912,,,,,,,,,,2431.048095703125,,32.94917297363281,,0.6866672039031982,,49.3056640625
,1913,,,,,,,,,,1857.9747314453125,,27.29253578186035,,0.7070696353912354,,43.10423278808594
,1914,,,,,,,,,,2277.89599609375,,33.28739547729492,,0.633942186832428,,47.72731018066406
,1915,,,,,,,,,,1864.60986328125,,28.43145751953125,,0.7325608730316162,,43.18112564086914
,1916,,,,,,,,,,2010.4876708984375,,28.8726749420166,,0.6349238753318787,,44.838462829589844
,1917,,,,,,,,,,2132.321533203125,,31.789718627929688,,0.6337145566940308,,46.177066802978516
,1918,,,,,,,,,,1897.5274658203125,,28.020009994506836,,0.7346130609512329,,43.56061935424805
,1919,,,,,,,,,,2328.35791015625,,32.110931396484375,,0.6643271446228027,,48.25305938720703
,1920,,,,,,,,,,3664.361328125,,43.552494049072266,,0.5768005847930908,,60.53396987915039
,1921,,,,,,,,,,2854.0751953125,,37.8676643371582,,0.562178373336792,,53.423545837402344
,1922,,,,,,,,,,2385.330078125,,33.22874450683594,,0.6545088291168213,,48.839839935302734
,1923,,,,,,,,,,1972.494873046875,,28.251787185668945,,0.7092980146408081,,44.41278076171875
,1924,,,,,,,,,,3400.285400390625,,42.89624786376953,,0.5362799167633057,,58.31196594238281
,1925,,,,,,,,,,2260.560546875,,30.44463348388672,,0.6537476181983948,,47.545352935791016
,1926,,,,,,,,,,2173.93359375,,30.691654205322266,,0.631650984287262,,46.62546157836914
,1927,,,,,,,,,,1927.1571044921875,,29.652414321899414,,0.6224880814552307,,43.89939880371094
,1928,,,,,,,,,,2461.068115234375,,35.31085205078125,,0.5960384011268616,,49.609153747558594
,1929,,,,,,,,,,2146.447509765625,,29.2495059967041,,0.6766644716262817,,46.329769134521484
,1930,,,,,,,,,,2025.9642333984375,,29.25389862060547,,0.697348952293396,,45.01071548461914
,1931,,,,,,,,,,1765.2054443359375,,27.981075286865234,,0.6875187158584595,,42.01435089111328
,1932,,,,,,,,,,1841.9375,,25.481882095336914,,0.6862471699714661,,42.91780090332031
,1933,,,,,,,,,,2822.526611328125,,36.91253662109375,,0.5774986743927002,,53.12745666503906
,1934,,,,,,,,,,2192.439453125,,31.303871154785156,,0.6622543334960938,,46.82349395751953
,1935,,,,,,,,,,2325.834228515625,,32.73744583129883,,0.6721862554550171,,48.22690200805664
,1936,,,,,,,,,,2357.850830078125,,33.691551208496094,,0.6609324216842651,,48.55770492553711
,1937,,,,,,,,,,1789.946044921875,,26.1636905670166,,0.6746240258216858,,42.30775451660156
,1938,,,,,,,,,,1864.380126953125,,27.123706817626953,,0.6916027069091797,,43.178466796875
,1939,,,,,,,,,,1795.3948974609375,,24.1550235748291,,0.6758767366409302,,42.372100830078125
,1940,,,,,,,,,,2085.6435546875,,31.26856231689453,,0.706035852432251,,45.668846130371094
,1941,,,,,,,,,,2306.3203125,,32.456695556640625,,0.6615108251571655,,48.02416229248047
,1942,,,,,,,,,,2309.063720703125,,31.093486785888672,,0.6826270818710327,,48.05271911621094
,1943,,,,,,,,,,2409.22412109375,,33.50328826904297,,0.6278252005577087,,49.08384704589844
,1944,,,,,,,,,,1646.1199951171875,,24.702131271362305,,0.7104513645172119,,40.57240295410156
,1945,,,,,,,,,,2223.915771484375,,30.740629196166992,,0.6876484155654907,,47.15841293334961
,1946,,,,,,,,,,2395.38037109375,,33.79325866699219,,0.6616376042366028,,48.942623138427734
,1947,,,,,,,,,,2316.11767578125,,31.885622024536133,,0.6505568027496338,,48.12606430053711
,1948,,,,,,,,,,2148.5341796875,,30.162784576416016,,0.6741360425949097,,46.3522834777832
,1949,,,,,,,,,,2661.218017578125,,37.63496017456055,,0.5595656633377075,,51.58699417114258
,1950,,,,,,,,,,1701.040771484375,,24.635967254638672,,0.6981525421142578,,41.243675231933594
,1951,,,,,,,,,,2449.826904296875,,31.688289642333984,,0.608095645904541,,49.4957275390625
,1952,,,,,,,,,,1861.47607421875,,27.3787899017334,,0.5784748792648315,,43.14482498168945
,1953,,,,,,,,,,1881.8800048828125,,27.94780921936035,,0.7023897171020508,,43.38064193725586
,1954,,,,,,,,,,2366.552490234375,,32.41725158691406,,0.6975799798965454,,48.64722442626953
,1955,,,,,,,,,,2729.085693359375,,37.805335998535156,,0.5932158827781677,,52.24065017700195
,1956,,,,,,,,,,1640.4031982421875,,23.018339157104492,,0.6209511756896973,,40.50189208984375
,1957,,,,,,,,,,2519.241455078125,,34.97958755493164,,0.6070379018783569,,50.192047119140625
,1958,,,,,,,,,,2667.6357421875,,37.05104064941406,,0.5395891666412354,,51.6491584777832
,1959,,,,,,,,,,2252.435302734375,,33.10042190551758,,0.6805008053779602,,47.4598274230957
,1960,,,,,,,,,,2110.281982421875,,32.7664909362793,,0.6786798238754272,,45.93780517578125
,1961,,,,,,,,,,2495.2099609375,,32.71027374267578,,0.6418888568878174,,49.95207595825195
,1962,,,,,,,,,,1616.6905517578125,,25.18925666809082,,0.6405622959136963,,40.208091735839844
,1963,,,,,,,,,,2388.08203125,,28.997962951660156,,0.7085881233215332,,48.86800765991211
,1964,,,,,,,,,,2329.786376953125,,33.60869598388672,,0.6186865568161011,,48.267860412597656
,1965,,,,,,,,,,2297.372802734375,,30.567522048950195,,0.6503607034683228,,47.9309196472168
,1966,,,,,,,,,,2036.0933837890625,,29.171098709106445,,0.6541976928710938,,45.12309265136719
,1967,,,,,,,,,,2213.004638671875,,31.367271423339844,,0.6953285336494446,,47.04258346557617
,1968,,,,,,,,,,2243.563232421875,,30.849924087524414,,0.6426612734794617,,47.36626434326172
,1969,,,,,,,,,,2525.6416015625,,33.163429260253906,,0.6174956560134888,,50.255760192871094
,1970,,,,,,,,,,1800.964599609375,,26.92161750793457,,0.743956446647644,,42.437774658203125
,1971,,,,,,,,,,2238.89111328125,,29.649232864379883,,0.5901069045066833,,47.31692123413086
,1972,,,,,,,,,,1818.93310546875,,26.82816505432129,,0.7060779333114624,,42.648948669433594
,1973,,,,,,,,,,2217.792236328125,,31.309175491333008,,0.6285684108734131,,47.09344482421875
,1974,,,,,,,,,,1761.9114990234375,,24.784568786621094,,0.7277841567993164,,41.975128173828125
,1975,,,,,,,,,,2475.729248046875,,35.41899871826172,,0.6675564050674438,,49.75669860839844
,1976,,,,,,,,,,2491.23095703125,,34.34370803833008,,0.6326318979263306,,49.912235260009766
,1977,,,,,,,,,,1604.6795654296875,,24.3293514251709,,0.7446786761283875,,40.05845260620117
,1978,,,,,,,,,,1889.073974609375,,27.149959564208984,,0.6506333947181702,,43.463478088378906
,1979,,,,,,,,,,2955.444091796875,,38.37856674194336,,0.6103155016899109,,54.36399459838867
,1980,,,,,,,,,,1904.92626953125,,27.620084762573242,,0.6759552955627441,,43.64546203613281
,1981,,,,,,,,,,1827.9654541015625,,26.71984100341797,,0.7470792531967163,,42.75471115112305
,1982,,,,,,,,,,2564.09033203125,,33.41970443725586,,0.600223958492279,,50.63684844970703
,1983,,,,,,,,,,2571.42724609375,,35.916595458984375,,0.5661115646362305,,50.70924377441406
,1984,,,,,,,,,,2913.905029296875,,38.21525573730469,,0.6403747200965881,,53.98059844970703
,1985,,,,,,,,,,1976.1951904296875,,30.536476135253906,,0.6741249561309814,,44.45441818237305
,1986,,,,,,,,,,2831.904052734375,,37.09278869628906,,0.6903160810470581,,53.215641021728516
,1987,,,,,,,,,,1524.215576171875,,24.406444549560547,,0.7602638006210327,,39.041202545166016
,1988,,,,,,,,,,1753.27880859375,,25.302520751953125,,0.6960065364837646,,41.87217330932617
,1989,,,,,,,,,,2110.673828125,,29.85135841369629,,0.6451646089553833,,45.94207000732422
,1990,,,,,,,,,,2666.978271484375,,34.24020004272461,,0.6025303602218628,,51.64279556274414
,1991,,,,,,,,,,2698.67236328125,,36.950035095214844,,0.601346492767334,,51.94874572753906
,1992,,,,,,,,,,2838.99609375,,35.869903564453125,,0.6271194219589233,,53.282230377197266
,1993,,,,,,,,,,2354.592041015625,,32.47661590576172,,0.6423049569129944,,48.52413558959961
,1994,,,,,,,,,,2607.173583984375,,32.09038162231445,,0.642363965511322,,51.060489654541016
,1995,,,,,,,,,,2078.1513671875,,30.798688888549805,,0.6822366118431091,,45.58674621582031
,1996,,,,,,,,,,2750.876220703125,,35.256439208984375,,0.6511502265930176,,52.448795318603516
,1997,,,,,,,,,,2170.337890625,,28.535491943359375,,0.7029176950454712,,46.586883544921875
,1998,,,,,,,,,,2150.09521484375,,30.643259048461914,,0.6684601306915283,,46.369117736816406
,1999,,,,,,,,,,2377.158203125,,33.068416595458984,,0.6304292678833008,,48.75611114501953
,2000,,,,,,,,,,2070.94677734375,,29.2220458984375,,0.7162353992462158,,45.50765609741211
,2001,,,,,,,,,,1638.433837890625,,22.23624038696289,,0.734056830406189,,40.47757339477539
12,6005,,,,,,,,,2217.143798828125,,30.99003028869629,,0.6589965224266052,,46.9029655456543,
12,6005,2211.4658203125,,29.909225463867188,,0.6646268963813782,,46.7938117980957,,,,,,,,,
13,6049,,2163.7802734375,,31.496671676635742,,0.6505977511405945,,46.51645278930664,,,,,,,,
13,6099,,1863.986328125,,27.839420318603516,,0.713913083076477,,43.17390823364258,,,,,,,,
13,6149,,2123.0,,30.534475326538086,,0.6549434661865234,,46.07602310180664,,,,,,,,
13,6199,,2134.270263671875,,28.326608657836914,,0.6748600006103516,,46.19816207885742,,,,,,,,
13,6249,,2462.208984375,,32.96650314331055,,0.5991933345794678,,49.62065124511719,,,,,,,,
13,6299,,2356.63427734375,,32.61830139160156,,0.6312335729598999,,48.5451774597168,,,,,,,,
13,6349,,2416.555419921875,,32.41533279418945,,0.6892954111099243,,49.15847396850586,,,,,,,,
13,6399,,2057.941162109375,,29.61643409729004,,0.7174033522605896,,45.36453628540039,,,,,,,,
13,6449,,1989.0955810546875,,27.959787368774414,,0.685167670249939,,44.59927749633789,,,,,,,,
,2002,,,,,,,,,,2066.36962890625,,28.946123123168945,,0.7020435333251953,,45.457340240478516
,2003,,,,,,,,,,1725.3026123046875,,26.216035842895508,,0.6925253868103027,,41.53676223754883
,2004,,,,,,,,,,1947.0325927734375,,29.188758850097656,,0.7036309242248535,,44.12519073486328
,2005,,,,,,,,,,2707.5654296875,,35.8365478515625,,0.6729843616485596,,52.03427505493164
,2006,,,,,,,,,,1996.3360595703125,,28.779150009155273,,0.679827094078064,,44.68037796020508
,2007,,,,,,,,,,2227.416748046875,,31.431760787963867,,0.6240630745887756,,47.19551467895508
,2008,,,,,,,,,,1863.9051513671875,,27.336349487304688,,0.6567167043685913,,43.172969818115234
,2009,,,,,,,,,,2484.124267578125,,32.18447494506836,,0.7064050436019897,,49.84098815917969
,2010,,,,,,,,,,2796.169921875,,38.573246002197266,,0.5764145255088806,,52.87882614135742
,2011,,,,,,,,,,1978.2552490234375,,29.5009822845459,,0.5895284414291382,,44.47758102416992
,2012,,,,,,,,,,1840.1536865234375,,24.84808921813965,,0.6672540307044983,,42.89701461791992
,2013,,,,,,,,,,2288.209228515625,,32.78562545776367,,0.662513256072998,,47.83523178100586
,2014,,,,,,,,,,2260.8125,,31.618162155151367,,0.6178786158561707,,47.54800033569336
,2015,,,,,,,,,,2002.9251708984375,,29.082918167114258,,0.6901130676269531,,44.75405502319336
,2016,,,,,,,,,,1773.9232177734375,,24.658809661865234,,0.6633801460266113,,42.11796569824219
,2017,,,,,,,,,,2827.982177734375,,36.825347900390625,,0.6014481782913208,,53.17877960205078
,2018,,,,,,,,,,1486.8753662109375,,23.321584701538086,,0.7233850955963135,,38.56002426147461
,2019,,,,,,,,,,1698.8818359375,,24.234895706176758,,0.732300877571106,,41.21749496459961
,2020,,,,,,,,,,1654.3502197265625,,25.874649047851562,,0.720418393611908,,40.6737060546875
,2021,,,,,,,,,,2226.6884765625,,30.918109893798828,,0.6411504745483398,,47.187801361083984
,2022,,,,,,,,,,1713.546630859375,,25.555360794067383,,0.7267107963562012,,41.3950080871582
,2023,,,,,,,,,,1883.6783447265625,,28.715543746948242,,0.7047935128211975,,43.401363372802734
,2024,,,,,,,,,,1964.580078125,,29.686275482177734,,0.6906622648239136,,44.323585510253906
,2025,,,,,,,,,,3276.13623046875,,42.041019439697266,,0.571343183517456,,57.23754119873047
,2026,,,,,,,,,,2433.013427734375,,33.175968170166016,,0.674094557762146,,49.325584411621094
,2027,,,,,,,,,,2633.6494140625,,34.754058837890625,,0.6468819975852966,,51.319095611572266
,2028,,,,,,,,,,1143.301513671875,,18.83577537536621,,0.7282812595367432,,33.812740325927734
,2029,,,,,,,,,,2422.47998046875,,33.31806564331055,,0.6678682565689087,,49.21869659423828
,2030,,,,,,,,,,1820.6990966796875,,29.139957427978516,,0.6923309564590454,,42.66965103149414
,2031,,,,,,,,,,2488.824462890625,,30.498960494995117,,0.6752786636352539,,49.888118743896484
,2032,,,,,,,,,,2032.9669189453125,,27.99799346923828,,0.636930525302887,,45.088436126708984
,2033,,,,,,,,,,2166.28271484375,,31.05097770690918,,0.6439967155456543,,46.54334259033203
,2034,,,,,,,,,,1831.0574951171875,,26.469924926757812,,0.7160941362380981,,42.790855407714844
,2035,,,,,,,,,,1957.7784423828125,,26.730684280395508,,0.732399582862854,,44.24679183959961
,2036,,,,,,,,,,2874.093017578125,,33.702049255371094,,0.6515944004058838,,53.61056900024414
,2037,,,,,,,,,,1975.9678955078125,,28.03206443786621,,0.6350209712982178,,44.45186233520508
,2038,,,,,,,,,,2840.976318359375,,33.83720779418945,,0.5485082864761353,,53.30080795288086
,2039,,,,,,,,,,2155.357177734375,,29.77891731262207,,0.5836553573608398,,46.42582702636719
,2040,,,,,,,,,,2360.0283203125,,31.257984161376953,,0.6885636448860168,,48.58012390136719
,2041,,,,,,,,,,2005.7330322265625,,26.86211395263672,,0.7114626169204712,,44.78540802001953
,2042,,,,,,,,,,2220.921875,,33.11469268798828,,0.6562633514404297,,47.12665939331055
,2043,,,,,,,,,,2157.87939453125,,30.292661666870117,,0.6275366544723511,,46.452980041503906
,2044,,,,,,,,,,2064.10009765625,,27.607175827026367,,0.6483444571495056,,45.432369232177734
,2045,,,,,,,,,,2650.8037109375,,34.69247817993164,,0.645867109298706,,51.485958099365234
,2046,,,,,,,,,,2058.51025390625,,28.82034683227539,,0.6466416120529175,,45.37080764770508
,2047,,,,,,,,,,2315.073486328125,,31.374814987182617,,0.6879683136940002,,48.115211486816406
,2048,,,,,,,,,,1846.59326171875,,27.838415145874023,,0.6828017234802246,,42.97200393676758
,2049,,,,,,,,,,2095.275634765625,,31.19144630432129,,0.6375752687454224,,45.7741813659668
,2050,,,,,,,,,,2452.832763671875,,34.421722412109375,,0.6573994159698486,,49.52608108520508
,2051,,,,,,,,,,2766.610107421875,,36.88224792480469,,0.625741720199585,,52.59857177734375
,2052,,,,,,,,,,1939.6866455078125,,27.453332901000977,,0.6620181798934937,,44.041873931884766
,2053,,,,,,,,,,2238.37744140625,,31.585651397705078,,0.7380862236022949,,47.311492919921875
,2054,,,,,,,,,,2922.845458984375,,38.152099609375,,0.5432345867156982,,54.06334686279297
,2055,,,,,,,,,,2208.44921875,,29.334897994995117,,0.7075103521347046,,46.994140625
,2056,,,,,,,,,,2548.595703125,,33.9199333190918,,0.6736660003662109,,50.48361587524414
,2057,,,,,,,,,,1999.7666015625,,30.58719825744629,,0.6603459119796753,,44.71875
,2058,,,,,,,,,,2714.37744140625,,37.2630500793457,,0.5249996185302734,,52.09968566894531
,2059,,,,,,,,,,2062.899169921875,,27.99384117126465,,0.7118006944656372,,45.419151306152344
,2060,,,,,,,,,,2351.4306640625,,30.469682693481445,,0.6160547137260437,,48.491554260253906
,2061,,,,,,,,,,1724.25341796875,,27.96196746826172,,0.7225538492202759,,41.524131774902344
,2062,,,,,,,,,,1652.6849365234375,,25.884300231933594,,0.7265981435775757,,40.653228759765625
,2063,,,,,,,,,,2266.981201171875,,32.15599060058594,,0.662499189376831,,47.61282730102539
,2064,,,,,,,,,,2381.40283203125,,33.748626708984375,,0.6216855049133301,,48.799617767333984
,2065,,,,,,,,,,2423.51416015625,,33.12880325317383,,0.6336805820465088,,49.22919845581055
,2066,,,,,,,,,,2350.49365234375,,31.63025665283203,,0.6970497369766235,,48.48189163208008
,2067,,,,,,,,,,1824.6148681640625,,26.945730209350586,,0.7123291492462158,,42.715511322021484
,2068,,,,,,,,,,2271.0087890625,,32.923851013183594,,0.6350489854812622,,47.65510177612305
,2069,,,,,,,,,,1877.7301025390625,,28.433826446533203,,0.7306790351867676,,43.33278274536133
,2070,,,,,,,,,,1951.208740234375,,27.97008514404297,,0.6456880569458008,,44.172489166259766
,2071,,,,,,,,,,2111.412841796875,,31.19368553161621,,0.6373062133789062,,45.950111389160156
,2072,,,,,,,,,,1917.0361328125,,27.854427337646484,,0.7318845987319946,,43.78396987915039
,2073,,,,,,,,,,2359.8818359375,,31.6013240814209,,0.6597824096679688,,48.57861328125
,2074,,,,,,,,,,3551.075927734375,,42.893959045410156,,0.5898839831352234,,59.590904235839844
,2075,,,,,,,,,,2834.07177734375,,37.48164367675781,,0.5652469396591187,,53.23600387573242
,2076,,,,,,,,,,2392.90478515625,,32.87663269042969,,0.6534116864204407,,48.917327880859375
,2077,,,,,,,,,,1957.15380859375,,27.86760711669922,,0.7115589380264282,,44.23973083496094
,2078,,,,,,,,,,3310.678955078125,,42.16743087768555,,0.548500120639801,,57.53849792480469
,2079,,,,,,,,,,2258.474853515625,,30.088417053222656,,0.6540670394897461,,47.523414611816406
,2080,,,,,,,,,,2183.45166015625,,30.48957633972168,,0.6300382614135742,,46.7274169921875
,2081,,,,,,,,,,1899.173583984375,,28.762256622314453,,0.6279698014259338,,43.57950973510742
,2082,,,,,,,,,,2479.195068359375,,34.69953155517578,,0.5930629968643188,,49.7915153503418
,2083,,,,,,,,,,2148.94970703125,,28.835304260253906,,0.6762875318527222,,46.35676193237305
,2084,,,,,,,,,,2103.824951171875,,29.90187644958496,,0.6857176423072815,,45.867469787597656
,2085,,,,,,,,,,1723.488525390625,,27.041479110717773,,0.6949036121368408,,41.51491928100586
,2086,,,,,,,,,,1898.26904296875,,25.762615203857422,,0.6766517162322998,,43.569129943847656
,2087,,,,,,,,,,2919.851806640625,,37.07624435424805,,0.562930166721344,,54.03565216064453
,2088,,,,,,,,,,2207.1630859375,,31.274642944335938,,0.659986138343811,,46.98045349121094
,2089,,,,,,,,,,2346.156982421875,,32.76504135131836,,0.6693218946456909,,48.4371452331543
,2090,,,,,,,,,,2342.01123046875,,33.1518440246582,,0.6632101535797119,,48.39433288574219
,2091,,,,,,,,,,1840.3094482421875,,26.04134750366211,,0.6654689908027649,,42.898826599121094
,2092,,,,,,,,,,1863.95361328125,,26.8364200592041,,0.6916732788085938,,43.17353057861328
,2093,,,,,,,,,,1674.8499755859375,,23.180099487304688,,0.697638750076294,,40.924930572509766
,2094,,,,,,,,,,2067.238525390625,,30.60983657836914,,0.7086299657821655,,45.466896057128906
,2095,,,,,,,,,,2339.116455078125,,32.34081268310547,,0.6566975116729736,,48.36441421508789
,2096,,,,,,,,,,2293.2294921875,,30.482709884643555,,0.6848034858703613,,47.88767623901367
,2097,,,,,,,,,,2436.84375,,33.237850189208984,,0.623558521270752,,49.36439895629883
,2098,,,,,,,,,,1635.0330810546875,,24.139028549194336,,0.7124015092849731,,40.435543060302734
,2099,,,,,,,,,,2141.323974609375,,29.79193115234375,,0.6992484927177429,,46.27444076538086
,2100,,,,,,,,,,2362.1630859375,,33.4193229675293,,0.6663297414779663,,48.602088928222656
,2101,,,,,,,,,,2398.493408203125,,32.16451644897461,,0.638128399848938,,48.97441482543945
,2102,,,,,,,,,,2165.759033203125,,30.35481834411621,,0.6715235710144043,,46.537715911865234
,2103,,,,,,,,,,2596.822509765625,,36.21466827392578,,0.5702232122421265,,50.95902633666992
,2104,,,,,,,,,,1672.342041015625,,24.113086700439453,,0.7032451033592224,,40.8942756652832
,2105,,,,,,,,,,2464.568603515625,,31.63456153869629,,0.6057373881340027,,49.6444206237793
,2106,,,,,,,,,,1831.300048828125,,26.698654174804688,,0.5853081941604614,,42.79369354248047
,2107,,,,,,,,,,1826.2943115234375,,27.094099044799805,,0.7111803293228149,,42.735164642333984
,2108,,,,,,,,,,2392.30615234375,,32.111366271972656,,0.694288969039917,,48.91120529174805
,2109,,,,,,,,,,2623.275634765625,,36.69248580932617,,0.6089873909950256,,51.21792221069336
,2110,,,,,,,,,,1618.0748291015625,,22.459575653076172,,0.6261105537414551,,40.22529983520508
,2111,,,,,,,,,,2525.797607421875,,34.853271484375,,0.6060152649879456,,50.2573127746582
,2112,,,,,,,,,,2754.473876953125,,37.6461067199707,,0.5246016979217529,,52.48308181762695
,2113,,,,,,,,,,2259.395751953125,,32.94761276245117,,0.6795134544372559,,47.53310012817383
,2114,,,,,,,,,,2228.410888671875,,33.58892059326172,,0.6606930494308472,,47.206050872802734
,2115,,,,,,,,,,2551.0595703125,,32.9122428894043,,0.6338734030723572,,50.50801467895508
,2116,,,,,,,,,,1669.9412841796875,,25.487594604492188,,0.62872314453125,,40.86491394042969
,2117,,,,,,,,,,2319.083984375,,28.3593692779541,,0.7170077562332153,,48.15686798095703
,2118,,,,,,,,,,2363.58154296875,,33.39291000366211,,0.6131553649902344,,48.61668014526367
,2119,,,,,,,,,,2422.764404296875,,31.41341781616211,,0.631277322769165,,49.22158432006836
,2120,,,,,,,,,,2007.30859375,,28.38042640686035,,0.6590863466262817,,44.80299758911133
,2121,,,,,,,,,,2167.129150390625,,30.29416275024414,,0.7016444206237793,,46.552433013916016
,2122,,,,,,,,,,2185.0908203125,,30.023916244506836,,0.6519743204116821,,46.74495315551758
,2123,,,,,,,,,,2462.239013671875,,32.84291076660156,,0.6270978450775146,,49.62095260620117
,2124,,,,,,,,,,1835.0748291015625,,27.029956817626953,,0.7391069531440735,,42.837772369384766
,2125,,,,,,,,,,2210.736328125,,29.282258987426758,,0.5952613949775696,,47.01846694946289
,2126,,,,,,,,,,1855.373046875,,26.940223693847656,,0.7001895904541016,,43.074039459228516
,2127,,,,,,,,,,2272.718505859375,,31.216136932373047,,0.6193694472312927,,47.673038482666016
,2128,,,,,,,,,,1718.581298828125,,23.850910186767578,,0.7344787120819092,,41.45577621459961
,2129,,,,,,,,,,2542.60888671875,,35.86508560180664,,0.6585756540298462,,50.42428970336914
,2130,,,,,,,,,,2481.63525390625,,34.16426467895508,,0.6340469121932983,,49.81601333618164
,2131,,,,,,,,,,1626.5914306640625,,24.2412052154541,,0.7411922216415405,,40.331024169921875
,2132,,,,,,,,,,1854.14208984375,,26.743083953857422,,0.6570937037467957,,43.059749603271484
,2133,,,,,,,,,,3001.8701171875,,38.550106048583984,,0.6041940450668335,,54.78932571411133
,2134,,,,,,,,,,1856.986328125,,27.084430694580078,,0.6841102838516235,,43.09276580810547
,2135,,,,,,,,,,1771.813232421875,,25.716476440429688,,0.7548485398292542,,42.09291076660156
,2136,,,,,,,,,,2586.03466796875,,33.546878814697266,,0.5968025326728821,,50.85306930541992
,2137,,,,,,,,,,2698.5185546875,,36.16625213623047,,0.5446668267250061,,51.947265625
,2138,,,,,,,,,,3008.232666015625,,38.58041763305664,,0.6287330389022827,,54.84735870361328
,2139,,,,,,,,,,1937.5364990234375,,30.048927307128906,,0.680499792098999,,44.0174560546875
,2140,,,,,,,,,,2834.965087890625,,36.78361511230469,,0.6899813413619995,,53.24439239501953
,2141,,,,,,,,,,1461.0765380859375,,23.257427215576172,,0.7701946496963501,,38.224029541015625
,2142,,,,,,,,,,1720.4412841796875,,24.856544494628906,,0.7017000913619995,,41.47820281982422
,2143,,,,,,,,,,2137.84130859375,,29.533655166625977,,0.6405973434448242,,46.23679733276367
,2144,,,,,,,,,,2643.0625,,33.67925262451172,,0.6060945987701416,,51.41072463989258
,2145,,,,,,,,,,2711.887451171875,,36.861759185791016,,0.5993943214416504,,52.07578659057617
,2146,,,,,,,,,,2839.156494140625,,35.360530853271484,,0.6270983219146729,,53.28373718261719
,2147,,,,,,,,,,2378.514404296875,,32.887725830078125,,0.638670802116394,,48.77001190185547
,2148,,,,,,,,,,2448.803955078125,,30.42032814025879,,0.6640881299972534,,49.485389709472656
,2149,,,,,,,,,,2105.677490234375,,30.788936614990234,,0.6780277490615845,,45.88766098022461
,2150,,,,,,,,,,2753.789794921875,,34.92892074584961,,0.6507807970046997,,52.4765625
,2151,,,,,,,,,,2169.0546875,,27.905576705932617,,0.7030932903289795,,46.57311248779297
,2152,,,,,,,,,,2123.917236328125,,29.953847885131836,,0.6724967956542969,,46.085975646972656
,2153,,,,,,,,,,2378.218017578125,,32.96234893798828,,0.6302645206451416,,48.76697540283203
,2154,,,,,,,,,,2069.35302734375,,29.081737518310547,,0.7164537906646729,,45.490142822265625
,2155,,,,,,,,,,1542.1201171875,,20.85530662536621,,0.749690055847168,,39.26983642578125
13,6467,,,,,,,,,2214.4189453125,,30.67873764038086,,0.6592786908149719,,46.86945724487305,
13,6467,2206.9833984375,,29.94769287109375,,0.6646458506584167,,46.743736267089844,,,,,,,,,
14,6499,,2172.961669921875,,30.835880279541016,,0.6687005162239075,,46.61503601074219,,,,,,,,
14,6549,,1668.037109375,,24.954370498657227,,0.75419682264328,,40.841609954833984,,,,,,,,
14,6599,,2935.18701171875,,39.914886474609375,,0.5598409175872803,,54.177364349365234,,,,,,,,
14,6649,,2382.1240234375,,30.394262313842773,,0.6404527425765991,,48.8070068359375,,,,,,,,
14,6699,,2025.89208984375,,29.570486068725586,,0.660718560218811,,45.009910583496094,,,,,,,,
14,6749,,2629.799072265625,,36.267276763916016,,0.5531051158905029,,51.28156661987305,,,,,,,,
14,6799,,1861.15869140625,,27.313703536987305,,0.7456761598587036,,43.14114761352539,,,,,,,,
14,6849,,2082.450927734375,,27.8730525970459,,0.6721076965332031,,45.633880615234375,,,,,,,,
14,6899,,1553.3675537109375,,24.989458084106445,,0.7359366416931152,,39.412784576416016,,,,,,,,
,2156,,,,,,,,,,2122.2509765625,,27.55710220336914,,0.6939858198165894,,46.067893981933594
,2157,,,,,,,,,,1581.5372314453125,,23.835723876953125,,0.718146562576294,,39.76854705810547
,2158,,,,,,,,,,1887.631591796875,,26.38812828063965,,0.7126727104187012,,43.44688034057617
,2159,,,,,,,,,,2860.53369140625,,35.67131805419922,,0.6545090675354004,,53.48395919799805
,2160,,,,,,,,,,2257.83935546875,,28.77279281616211,,0.6378871202468872,,47.516727447509766
,2161,,,,,,,,,,2101.5693359375,,29.420957565307617,,0.6453032493591309,,45.84287643432617
,2162,,,,,,,,,,1665.7447509765625,,23.14836883544922,,0.6932127475738525,,40.81353759765625
,2163,,,,,,,,,,2820.308349609375,,32.796409606933594,,0.6666719913482666,,53.10657501220703
,2164,,,,,,,,,,2673.32568359375,,36.9189338684082,,0.5950239300727844,,51.7042121887207
,2165,,,,,,,,,,1669.8980712890625,,24.715484619140625,,0.6535099744796753,,40.86438751220703
,2166,,,,,,,,,,1938.48583984375,,23.760202407836914,,0.6494730710983276,,44.02824020385742
,2167,,,,,,,,,,2365.138671875,,31.478199005126953,,0.6511669754981995,,48.6326904296875
,2168,,,,,,,,,,2267.294921875,,28.93196678161621,,0.6167829036712646,,47.616119384765625
,2169,,,,,,,,,,2004.5350341796875,,27.2447452545166,,0.6898640394210815,,44.77203369140625
,2170,,,,,,,,,,1670.3587646484375,,22.530149459838867,,0.6830325722694397,,40.87002182006836
,2171,,,,,,,,,,2765.0986328125,,34.932952880859375,,0.610310435295105,,52.584205627441406
,2172,,,,,,,,,,1405.4013671875,,20.903640747070312,,0.7385423183441162,,37.48868179321289
,2173,,,,,,,,,,1660.037109375,,21.706239700317383,,0.7384217977523804,,40.743553161621094
,2174,,,,,,,,,,1557.197998046875,,23.335159301757812,,0.7368369102478027,,39.46134948730469
,2175,,,,,,,,,,2290.39208984375,,29.370601654052734,,0.6308841109275818,,47.85803985595703
,2176,,,,,,,,,,1682.6221923828125,,23.994403839111328,,0.7316428422927856,,41.019779205322266
,2177,,,,,,,,,,2008.3265380859375,,29.020801544189453,,0.6852588653564453,,44.814353942871094
,2178,,,,,,,,,,1967.532958984375,,28.32294273376465,,0.6901973485946655,,44.35688018798828
,2179,,,,,,,,,,3165.551025390625,,39.43218994140625,,0.5858123898506165,,56.26322937011719
,2180,,,,,,,,,,2689.52880859375,,33.98942184448242,,0.6397339701652527,,51.86066818237305
,2181,,,,,,,,,,2595.9267578125,,32.52009201049805,,0.651939868927002,,50.95023727416992
,2182,,,,,,,,,,1175.8641357421875,,17.10958480834961,,0.7205424308776855,,34.29087448120117
,2183,,,,,,,,,,2368.650390625,,31.204620361328125,,0.6752485036849976,,48.66878128051758
,2184,,,,,,,,,,1915.4403076171875,,28.75169563293457,,0.6763212084770203,,43.765743255615234
,2185,,,,,,,,,,2495.275146484375,,28.76854133605957,,0.6744370460510254,,49.952728271484375
,2186,,,,,,,,,,1852.434326171875,,25.263139724731445,,0.6691720485687256,,43.0399169921875
,2187,,,,,,,,,,2120.26953125,,28.732580184936523,,0.6515583992004395,,46.046382904052734
,2188,,,,,,,,,,1806.0186767578125,,24.894495010375977,,0.7199764251708984,,42.497276306152344
,2189,,,,,,,,,,2116.136474609375,,26.6893367767334,,0.7107542753219604,,46.00148391723633
,2190,,,,,,,,,,2931.453125,,32.409156799316406,,0.6446410417556763,,54.14289474487305
,2191,,,,,,,,,,1861.1236572265625,,24.738718032836914,,0.6562337875366211,,43.140743255615234
,2192,,,,,,,,,,2524.6337890625,,30.27923011779785,,0.5987818241119385,,50.24573516845703
,2193,,,,,,,,,,1858.969970703125,,26.64017105102539,,0.6409077048301697,,43.11577224731445
,2194,,,,,,,,,,2276.140380859375,,28.53203582763672,,0.6996337175369263,,47.70891189575195
,2195,,,,,,,,,,1996.5723876953125,,25.613868713378906,,0.7127804160118103,,44.683021545410156
,2196,,,,,,,,,,2131.165771484375,,31.781614303588867,,0.6701551079750061,,46.164546966552734
,2197,,,,,,,,,,2025.6173095703125,,28.367170333862305,,0.6503658890724182,,45.006858825683594
,2198,,,,,,,,,,1945.666015625,,25.24211311340332,,0.6685217618942261,,44.10970687866211
,2199,,,,,,,,,,2788.470947265625,,32.66173553466797,,0.6274755001068115,,52.805973052978516
,2200,,,,,,,,,,2080.527587890625,,26.64394760131836,,0.6428621411323547,,45.61280059814453
,2201,,,,,,,,,,2355.693359375,,30.47552490234375,,0.6824934482574463,,48.535484313964844
,2202,,,,,,,,,,1841.5697021484375,,26.3077392578125,,0.6836646795272827,,42.91351318359375
,2203,,,,,,,,,,1921.5303955078125,,28.709522247314453,,0.6676284074783325,,43.83526611328125
,2204,,,,,,,,,,2474.731201171875,,33.48846435546875,,0.6543407440185547,,49.74666976928711
,2205,,,,,,,,,,2577.523681640625,,34.729515075683594,,0.65132075548172,,50.769317626953125
,2206,,,,,,,,,,2076.0341796875,,25.81772232055664,,0.6382602453231812,,45.56351852416992
,2207,,,,,,,,,,2213.62060546875,,29.200681686401367,,0.7409830093383789,,47.049129486083984
,2208,,,,,,,,,,2870.628662109375,,36.260467529296875,,0.5513947010040283,,53.578250885009766
,2209,,,,,,,,,,2233.215576171875,,28.45013427734375,,0.7042302489280701,,47.25691223144531
,2210,,,,,,,,,,2531.02587890625,,32.018150329589844,,0.6759157180786133,,50.309303283691406
,2211,,,,,,,,,,1967.70556640625,,29.53690528869629,,0.665791392326355,,44.35882568359375
,2212,,,,,,,,,,2522.719482421875,,33.928958892822266,,0.5585386753082275,,50.22667694091797
,2213,,,,,,,,,,2048.290283203125,,26.6639347076416,,0.7138416171073914,,45.25804138183594
,2214,,,,,,,,,,2326.77392578125,,29.185327529907227,,0.6200807094573975,,48.23664855957031
,2215,,,,,,,,,,1663.2811279296875,,25.172758102416992,,0.7323647737503052,,40.78334426879883
,2216,,,,,,,,,,1616.566162109375,,24.063928604125977,,0.7325732707977295,,40.20654296875
,2217,,,,,,,,,,2243.670166015625,,30.00143051147461,,0.665969729423523,,47.36739730834961
,2218,,,,,,,,,,2230.986328125,,31.117395401000977,,0.6455810070037842,,47.23331832885742
,2219,,,,,,,,,,2347.09521484375,,31.178308486938477,,0.6452314853668213,,48.44682693481445
,2220,,,,,,,,,,2414.531005859375,,30.414159774780273,,0.6887961030006409,,49.13787841796875
,2221,,,,,,,,,,1803.12841796875,,25.312158584594727,,0.7157167196273804,,42.463260650634766
,2222,,,,,,,,,,2293.566650390625,,31.072179794311523,,0.6314239501953125,,47.89119338989258
,2223,,,,,,,,,,1826.8145751953125,,26.069814682006836,,0.7379817962646484,,42.741249084472656
,2224,,,,,,,,,,1995.105712890625,,26.39420509338379,,0.6377170085906982,,44.66660690307617
,2225,,,,,,,,,,2102.46435546875,,29.223285675048828,,0.6388433575630188,,45.852638244628906
,2226,,,,,,,,,,1814.019287109375,,25.17523193359375,,0.7462924718856812,,42.591304779052734
,2227,,,,,,,,,,2307.017333984375,,29.412546157836914,,0.6674036979675293,,48.03142166137695
,2228,,,,,,,,,,3820.276123046875,,42.66535949707031,,0.5587939023971558,,61.808380126953125
,2229,,,,,,,,,,2829.72607421875,,36.04972457885742,,0.5659135580062866,,53.19517135620117
,2230,,,,,,,,,,2355.404296875,,30.449443817138672,,0.6588432788848877,,48.53250503540039
,2231,,,,,,,,,,1985.7691650390625,,26.234262466430664,,0.707341730594635,,44.56196975708008
,2232,,,,,,,,,,3291.279052734375,,40.0764274597168,,0.5511457920074463,,57.36967086791992
,2233,,,,,,,,,,2232.18017578125,,28.61188316345215,,0.6580946445465088,,47.24595260620117
,2234,,,,,,,,,,2194.950927734375,,29.095966339111328,,0.6280898451805115,,46.85029983520508
,2235,,,,,,,,,,1966.847412109375,,27.431669235229492,,0.6147131323814392,,44.349151611328125
,2236,,,,,,,,,,2513.16162109375,,33.84148406982422,,0.5874877572059631,,50.13144302368164
,2237,,,,,,,,,,2140.78466796875,,28.344486236572266,,0.6775174140930176,,46.26861572265625
,2238,,,,,,,,,,2052.51123046875,,28.26587677001953,,0.6933832168579102,,45.304649353027344
,2239,,,,,,,,,,1786.3109130859375,,25.809045791625977,,0.6837825775146484,,42.2647705078125
,2240,,,,,,,,,,1783.1456298828125,,23.962221145629883,,0.6962616443634033,,42.22731018066406
,2241,,,,,,,,,,2658.18505859375,,33.730472564697266,,0.602098822593689,,51.55759048461914
,2242,,,,,,,,,,2081.779296875,,27.972383499145508,,0.6793015003204346,,45.62651824951172
,2243,,,,,,,,,,2319.7958984375,,30.635557174682617,,0.6730373501777649,,48.16426086425781
,2244,,,,,,,,,,2307.879150390625,,31.022499084472656,,0.6681184768676758,,48.04039001464844
,2245,,,,,,,,,,1769.3046875,,24.290115356445312,,0.6783761978149414,,42.06310272216797
,2246,,,,,,,,,,1875.1029052734375,,24.906652450561523,,0.6898289918899536,,43.30245590209961
,2247,,,,,,,,,,1887.0008544921875,,22.90677261352539,,0.6593390703201294,,43.43962478637695
,2248,,,,,,,,,,2138.714599609375,,30.261455535888672,,0.6985557079315186,,46.246238708496094
,2249,,,,,,,,,,2493.596435546875,,32.08237075805664,,0.6340250968933105,,49.9359245300293
,2250,,,,,,,,,,2377.1015625,,30.18206214904785,,0.6732755303382874,,48.75552749633789
,2251,,,,,,,,,,2250.846435546875,,29.66348648071289,,0.6522912383079529,,47.443084716796875
,2252,,,,,,,,,,1787.9779052734375,,23.609996795654297,,0.6854988932609558,,42.284488677978516
,2253,,,,,,,,,,2364.911376953125,,30.011022567749023,,0.6678453683853149,,48.63035583496094
,2254,,,,,,,,,,2237.396484375,,31.260639190673828,,0.6839537620544434,,47.30112838745117
,2255,,,,,,,,,,2356.628173828125,,30.464906692504883,,0.6444448232650757,,48.54511642456055
,2256,,,,,,,,,,2228.9912109375,,29.309507369995117,,0.6619333028793335,,47.21219253540039
,2257,,,,,,,,,,2510.805419921875,,34.612266540527344,,0.5844591856002808,,50.10793685913086
,2258,,,,,,,,,,1682.4500732421875,,22.898948669433594,,0.7014514207839966,,41.017677307128906
,2259,,,,,,,,,,2540.51318359375,,29.70295524597168,,0.5935883522033691,,50.40350341796875
,2260,,,,,,,,,,1670.8193359375,,24.346050262451172,,0.6216484904289246,,40.87565994262695
,2261,,,,,,,,,,1889.9365234375,,25.73837661743164,,0.7011156678199768,,43.4734001159668
,2262,,,,,,,,,,2492.82275390625,,32.18276596069336,,0.681443989276886,,49.92817687988281
,2263,,,,,,,,,,2451.678955078125,,33.76044464111328,,0.6345647573471069,,49.51443099975586
,2264,,,,,,,,,,1769.8602294921875,,21.458362579345703,,0.5910374522209167,,42.069705963134766
,2265,,,,,,,,,,2394.40966796875,,32.34523010253906,,0.6265096664428711,,48.93270492553711
,2266,,,,,,,,,,2500.56103515625,,34.38233184814453,,0.5684248208999634,,50.005611419677734
,2267,,,,,,,,,,2398.96875,,32.481178283691406,,0.6597156524658203,,48.97926712036133
,2268,,,,,,,,,,2083.737548828125,,31.344532012939453,,0.6827216148376465,,45.64797592163086
,2269,,,,,,,,,,2586.888916015625,,32.556488037109375,,0.6287311911582947,,50.86146545410156
,2270,,,,,,,,,,1630.8271484375,,23.343425750732422,,0.6374193429946899,,40.38349914550781
,2271,,,,,,,,,,2576.34228515625,,27.872079849243164,,0.6856151223182678,,50.75768280029297
,2272,,,,,,,,,,2213.341796875,,30.318330764770508,,0.6377449035644531,,47.046165466308594
,2273,,,,,,,,,,2199.206787109375,,28.938386917114258,,0.665300726890564,,46.89570236206055
,2274,,,,,,,,,,1958.5814208984375,,26.52031707763672,,0.6673619747161865,,44.255863189697266
,2275,,,,,,,,,,2215.17041015625,,29.5987491607666,,0.6950303316116333,,47.06559753417969
,2276,,,,,,,,,,2435.908935546875,,30.250560760498047,,0.612025797367096,,49.35492706298828
,2277,,,,,,,,,,2454.4638671875,,31.03175163269043,,0.6282753944396973,,49.542545318603516
,2278,,,,,,,,,,1874.8177490234375,,25.86649513244629,,0.7334567308425903,,43.299163818359375
,2279,,,,,,,,,,2103.620361328125,,26.268735885620117,,0.6148720979690552,,45.865238189697266
,2280,,,,,,,,,,1775.9014892578125,,24.688386917114258,,0.7130314111709595,,42.14144515991211
,2281,,,,,,,,,,2172.8046875,,29.16451644897461,,0.6361027956008911,,46.61335754394531
,2282,,,,,,,,,,1778.593505859375,,23.079242706298828,,0.7252068519592285,,42.17337417602539
,2283,,,,,,,,,,2590.293701171875,,35.452144622802734,,0.6521725654602051,,50.89492416381836
,2284,,,,,,,,,,2397.22900390625,,32.28289031982422,,0.6464939117431641,,48.96150588989258
,2285,,,,,,,,,,1513.891357421875,,21.68933868408203,,0.7591240406036377,,38.90876007080078
,2286,,,,,,,,,,1762.19921875,,24.654207229614258,,0.6740977168083191,,41.97855758666992
,2287,,,,,,,,,,3044.465087890625,,37.831451416015625,,0.5985777974128723,,55.17667007446289
,2288,,,,,,,,,,1942.294921875,,25.654151916503906,,0.6695985794067383,,44.071475982666016
,2289,,,,,,,,,,2062.747802734375,,26.36819076538086,,0.7145942449569702,,45.417484283447266
,2290,,,,,,,,,,2588.141845703125,,31.857797622680664,,0.5964739322662354,,50.87378692626953
,2291,,,,,,,,,,2509.501708984375,,33.55202865600586,,0.5765604972839355,,50.09492874145508
,2292,,,,,,,,,,2961.94384765625,,36.633209228515625,,0.6344459056854248,,54.423744201660156
,2293,,,,,,,,,,1846.155517578125,,27.820722579956055,,0.6955685019493103,,42.96691131591797
,2294,,,,,,,,,,2831.73095703125,,35.68964767456055,,0.6903350353240967,,53.214012145996094
,2295,,,,,,,,,,1598.5888671875,,22.780784606933594,,0.7485660314559937,,39.982357025146484
,2296,,,,,,,,,,1871.466552734375,,24.320911407470703,,0.6755144596099854,,43.26044845581055
,2297,,,,,,,,,,2023.9007568359375,,28.18667221069336,,0.6597524881362915,,44.98778533935547
,2298,,,,,,,,,,2586.315185546875,,32.073524475097656,,0.6145519018173218,,50.855831146240234
,2299,,,,,,,,,,2710.869384765625,,35.669654846191406,,0.5995446443557739,,52.06601333618164
,2300,,,,,,,,,,2803.735595703125,,33.700435638427734,,0.6317505836486816,,52.950313568115234
,2301,,,,,,,,,,2441.22119140625,,31.276525497436523,,0.6291447877883911,,49.408714294433594
,2302,,,,,,,,,,2568.29248046875,,29.559951782226562,,0.6476974487304688,,50.678321838378906
,2303,,,,,,,,,,2119.183837890625,,29.37619400024414,,0.6759624481201172,,46.03459548950195
,2304,,,,,,,,,,2993.7802734375,,35.6235466003418,,0.6203466057777405,,54.71544647216797
,2305,,,,,,,,,,2121.095947265625,,26.94595718383789,,0.7096580266952515,,46.05535888671875
,2306,,,,,,,,,,2094.455810546875,,28.047748565673828,,0.677039623260498,,45.76522445678711
,2307,,,,,,,,,,2252.2919921875,,30.313024520874023,,0.6498419046401978,,47.458316802978516
,2308,,,,,,,,,,2241.16845703125,,28.16170883178711,,0.6929113268852234,,47.340980529785156
,2309,,,,,,,,,,1642.1478271484375,,20.16714096069336,,0.7334539890289307,,40.52342224121094
14,6929,,,,,,,,,2203.075927734375,,29.027311325073242,,0.6618286371231079,,46.743343353271484,
14,6929,2188.9658203125,,29.720104217529297,,0.6676140427589417,,46.56401443481445,,,,,,,,,
15,6949,,2567.273681640625,,35.297340393066406,,0.6243405342102051,,50.668270111083984,,,,,,,,
15,6999,,2167.245361328125,,32.45392990112305,,0.6785773038864136,,46.55368423461914,,,,,,,,
15,7049,,2078.171875,,31.438350677490234,,0.6532572507858276,,45.586971282958984,,,,,,,,
15,7099,,2130.127197265625,,29.266094207763672,,0.6227020025253296,,46.15330123901367,,,,,,,,
15,7149,,2135.378662109375,,30.162010192871094,,0.6506131887435913,,46.21015930175781,,,,,,,,
15,7199,,2868.014404296875,,38.02653503417969,,0.6417045593261719,,53.5538444519043,,,,,,,,
15,7249,,1856.123046875,,25.72618293762207,,0.7093039751052856,,43.08274841308594,,,,,,,,
15,7299,,1584.5540771484375,,23.715682983398438,,0.6560213565826416,,39.80645751953125,,,,,,,,
15,7349,,2679.14453125,,36.08733367919922,,0.6404269933700562,,51.76045227050781,,,,,,,,
,2310,,,,,,,,,,1977.5843505859375,,27.248106002807617,,0.7148457765579224,,44.47003936767578
,2311,,,,,,,,,,1595.688232421875,,24.337419509887695,,0.7156245708465576,,39.946067810058594
,2312,,,,,,,,,,1827.9833984375,,26.868297576904297,,0.7217521071434021,,42.754920959472656
,2313,,,,,,,,,,2720.07763671875,,35.10700225830078,,0.6714731454849243,,52.154361724853516
,2314,,,,,,,,,,1990.0784912109375,,27.711252212524414,,0.680830717086792,,44.610294342041016
,2315,,,,,,,,,,2094.259765625,,29.81671142578125,,0.6465369462966919,,45.763084411621094
,2316,,,,,,,,,,1667.8143310546875,,24.140844345092773,,0.6928316354751587,,40.83888244628906
,2317,,,,,,,,,,2643.553955078125,,32.28237533569336,,0.6875623464584351,,51.415504455566406
,2318,,,,,,,,,,2655.115966796875,,36.798702239990234,,0.5977824926376343,,51.5278205871582
,2319,,,,,,,,,,1700.7435302734375,,25.809371948242188,,0.647109866142273,,41.24007034301758
,2320,,,,,,,,,,1819.8831787109375,,23.41936683654785,,0.6709194183349609,,42.660091400146484
,2321,,,,,,,,,,2183.267578125,,30.76146697998047,,0.6779910326004028,,46.72544479370117
,2322,,,,,,,,,,2154.698974609375,,29.24658203125,,0.63581383228302,,46.41873550415039
,2323,,,,,,,,,,1864.9268798828125,,26.903812408447266,,0.7114638090133667,,43.18479919433594
,2324,,,,,,,,,,1666.2431640625,,23.00421714782715,,0.6838135719299316,,40.81964111328125
,2325,,,,,,,,,,2755.400634765625,,35.31227493286133,,0.6116771697998047,,52.491912841796875
,2326,,,,,,,,,,1402.9000244140625,,21.68320083618164,,0.7390077114105225,,37.45530700683594
,2327,,,,,,,,,,1619.4560546875,,22.48191261291504,,0.7448163032531738,,40.24246597290039
,2328,,,,,,,,,,1521.0555419921875,,23.933019638061523,,0.7429449558258057,,39.00071334838867
,2329,,,,,,,,,,2130.69287109375,,29.055816650390625,,0.656620979309082,,46.159427642822266
,2330,,,,,,,,,,1605.01416015625,,23.71500015258789,,0.7440203428268433,,40.06262969970703
,2331,,,,,,,,,,1850.711181640625,,27.96697425842285,,0.7099601030349731,,43.019893646240234
,2332,,,,,,,,,,1896.0638427734375,,28.208332061767578,,0.7014507055282593,,43.54381561279297
,2333,,,,,,,,,,3080.615234375,,39.659767150878906,,0.5969256162643433,,55.50328826904297
,2334,,,,,,,,,,2509.548828125,,32.87042999267578,,0.6638425588607788,,50.095394134521484
,2335,,,,,,,,,,2553.7451171875,,32.84688949584961,,0.6575955152511597,,50.53459167480469
,2336,,,,,,,,,,1087.195556640625,,17.129932403564453,,0.7416155338287354,,32.97264862060547
,2337,,,,,,,,,,2333.297119140625,,31.78488540649414,,0.6800955533981323,,48.30421447753906
,2338,,,,,,,,,,1810.107421875,,28.551376342773438,,0.6941207647323608,,42.54535675048828
,2339,,,,,,,,,,2480.434326171875,,29.059661865234375,,0.676373302936554,,49.803958892822266
,2340,,,,,,,,,,1850.9681396484375,,25.896507263183594,,0.6694338321685791,,43.02288055419922
,2341,,,,,,,,,,2047.2724609375,,29.302961349487305,,0.6635546684265137,,45.246795654296875
,2342,,,,,,,,,,1785.12060546875,,25.43711280822754,,0.7232166528701782,,42.25068664550781
,2343,,,,,,,,,,1961.70751953125,,26.151172637939453,,0.7318625450134277,,44.291168212890625
,2344,,,,,,,,,,2849.09765625,,32.30944061279297,,0.654624342918396,,53.3769416809082
,2345,,,,,,,,,,1783.7215576171875,,24.790063858032227,,0.6705306768417358,,42.234127044677734
,2346,,,,,,,,,,2764.688232421875,,31.722801208496094,,0.560632050037384,,52.58030319213867
,2347,,,,,,,,,,1844.478759765625,,27.190349578857422,,0.6437069177627563,,42.94739532470703
,2348,,,,,,,,,,2205.83349609375,,28.853256225585938,,0.708911657333374,,46.96630096435547
,2349,,,,,,,,,,1903.561767578125,,25.351343154907227,,0.7261605858802795,,43.629825592041016
,2350,,,,,,,,,,2072.445556640625,,31.235363006591797,,0.6792433261871338,,45.52411651611328
,2351,,,,,,,,,,2074.62109375,,29.234912872314453,,0.6419075131416321,,45.54800796508789
,2352,,,,,,,,,,1907.7052001953125,,25.520736694335938,,0.6749891042709351,,43.677284240722656
,2353,,,,,,,,,,2622.38623046875,,32.30574417114258,,0.649663507938385,,51.20924377441406
,2354,,,,,,,,,,1989.6817626953125,,26.911296844482422,,0.6584564447402954,,44.60585021972656
,2355,,,,,,,,,,2285.05615234375,,30.417238235473633,,0.6920141577720642,,47.8022575378418
,2356,,,,,,,,,,1757.1937255859375,,26.283987045288086,,0.6981582641601562,,41.91889572143555
,2357,,,,,,,,,,1921.1295166015625,,28.868202209472656,,0.6676977276802063,,43.830692291259766
,2358,,,,,,,,,,2419.9755859375,,33.2813835144043,,0.6619888544082642,,49.1932487487793
,2359,,,,,,,,,,2593.5693359375,,35.30281448364258,,0.6491501331329346,,50.92709732055664
,2360,,,,,,,,,,1959.0244140625,,25.761491775512695,,0.658648669719696,,44.260868072509766
,2361,,,,,,,,,,2201.744873046875,,29.775009155273438,,0.7423726320266724,,46.92275619506836
,2362,,,,,,,,,,2780.302001953125,,35.85020446777344,,0.5655103921890259,,52.728572845458984
,2363,,,,,,,,,,2194.844482421875,,28.759258270263672,,0.7093122005462646,,46.84916687011719
,2364,,,,,,,,,,2524.895751953125,,32.24373245239258,,0.6767006516456604,,50.24834060668945
,2365,,,,,,,,,,1903.1446533203125,,29.52016830444336,,0.6767568588256836,,43.62504577636719
,2366,,,,,,,,,,2444.994140625,,33.90680694580078,,0.572140097618103,,49.44688034057617
,2367,,,,,,,,,,2061.662109375,,27.229700088500977,,0.7119734883308411,,45.4055290222168
,2368,,,,,,,,,,2303.4794921875,,29.438377380371094,,0.6238842010498047,,47.99457931518555
,2369,,,,,,,,,,1605.7274169921875,,25.621450424194336,,0.7416255474090576,,40.071529388427734
,2370,,,,,,,,,,1559.7696533203125,,24.376598358154297,,0.7419689893722534,,39.493919372558594
,2371,,,,,,,,,,2183.989501953125,,30.340599060058594,,0.6748547554016113,,46.73317337036133
,2372,,,,,,,,,,2212.990966796875,,31.53763198852539,,0.6484397649765015,,47.04243850708008
,2373,,,,,,,,,,2240.513427734375,,30.96575355529785,,0.6613415479660034,,47.33406066894531
,2374,,,,,,,,,,2292.073974609375,,30.392236709594727,,0.7045793533325195,,47.8756103515625
,2375,,,,,,,,,,1737.26904296875,,25.55288314819336,,0.7261002063751221,,41.68056106567383
,2376,,,,,,,,,,2206.781494140625,,31.22488021850586,,0.6453702449798584,,46.97639465332031
,2377,,,,,,,,,,1748.6685791015625,,26.112449645996094,,0.7491902112960815,,41.817081451416016
,2378,,,,,,,,,,1938.4061279296875,,26.80886459350586,,0.6480128765106201,,44.0273323059082
,2379,,,,,,,,,,2032.5394287109375,,29.760183334350586,,0.6508549451828003,,45.08369445800781
,2380,,,,,,,,,,1822.218994140625,,25.90875244140625,,0.7451456785202026,,42.68745422363281
,2381,,,,,,,,,,2211.75927734375,,29.047943115234375,,0.6811368465423584,,47.02934646606445
,2382,,,,,,,,,,3612.099365234375,,41.94080352783203,,0.5828363299369812,,60.10074234008789
,2383,,,,,,,,,,2775.703125,,35.89337158203125,,0.5742007493972778,,52.68494415283203
,2384,,,,,,,,,,2349.470947265625,,31.445899963378906,,0.6597026586532593,,48.47134017944336
,2385,,,,,,,,,,1950.6024169921875,,27.0489501953125,,0.7125245332717896,,44.165626525878906
,2386,,,,,,,,,,3259.291748046875,,40.494903564453125,,0.5555081367492676,,57.090206146240234
,2387,,,,,,,,,,2112.82470703125,,27.9718074798584,,0.676376461982727,,45.965476989746094
,2388,,,,,,,,,,2099.0263671875,,29.18950653076172,,0.6443431973457336,,45.81513214111328
,2389,,,,,,,,,,1873.6187744140625,,27.424137115478516,,0.6329757571220398,,43.28532028198242
,2390,,,,,,,,,,2452.652587890625,,33.975929260253906,,0.5974197387695312,,49.524261474609375
,2391,,,,,,,,,,2070.303466796875,,27.906110763549805,,0.6881345510482788,,45.500587463378906
,2392,,,,,,,,,,1985.5037841796875,,28.354434967041016,,0.7033932209014893,,44.558990478515625
,2393,,,,,,,,,,1660.751953125,,25.646970748901367,,0.7060093879699707,,40.752323150634766
,2394,,,,,,,,,,1746.640869140625,,24.021915435791016,,0.7024798393249512,,41.7928352355957
,2395,,,,,,,,,,2691.257080078125,,34.30665969848633,,0.5971482992172241,,51.877323150634766
,2396,,,,,,,,,,2045.658447265625,,28.42162322998047,,0.6848659515380859,,45.22895431518555
,2397,,,,,,,,,,2343.580322265625,,31.572463989257812,,0.6696850657463074,,48.41053771972656
,2398,,,,,,,,,,2271.20654296875,,31.53310775756836,,0.6733921766281128,,47.65717697143555
,2399,,,,,,,,,,1703.7630615234375,,24.191871643066406,,0.6902903318405151,,41.27666473388672
,2400,,,,,,,,,,1795.6226806640625,,25.468971252441406,,0.7029762864112854,,42.374786376953125
,2401,,,,,,,,,,1823.9034423828125,,23.223831176757812,,0.6707300543785095,,42.707183837890625
,2402,,,,,,,,,,2064.120849609375,,30.238788604736328,,0.7090693712234497,,45.43259811401367
,2403,,,,,,,,,,2367.19873046875,,32.10755920410156,,0.6525759696960449,,48.653865814208984
,2404,,,,,,,,,,2312.43017578125,,30.07455825805664,,0.6821644306182861,,48.08773422241211
,2405,,,,,,,,,,2261.157470703125,,30.661012649536133,,0.6506984233856201,,47.55162811279297
,2406,,,,,,,,,,1621.485595703125,,23.507965087890625,,0.7147845029830933,,40.26767349243164
,2407,,,,,,,,,,2206.478759765625,,29.23259925842285,,0.690097451210022,,46.97317123413086
,2408,,,,,,,,,,2244.037109375,,31.762340545654297,,0.683015763759613,,47.37126922607422
,2409,,,,,,,,,,2250.100830078125,,30.402082443237305,,0.6605170965194702,,47.43522644042969
,2410,,,,,,,,,,2149.2724609375,,29.146713256835938,,0.6740240454673767,,46.36024475097656
,2411,,,,,,,,,,2487.89501953125,,35.087432861328125,,0.5882508754730225,,49.87879943847656
,2412,,,,,,,,,,1604.0093994140625,,22.901214599609375,,0.7153706550598145,,40.05008316040039
,2413,,,,,,,,,,2466.84814453125,,30.13245391845703,,0.6053727269172668,,49.66737365722656
,2414,,,,,,,,,,1586.14697265625,,23.95751190185547,,0.6408222913742065,,39.82646179199219
,2415,,,,,,,,,,1752.91748046875,,25.50774574279785,,0.7227845788002014,,41.86785888671875
,2416,,,,,,,,,,2390.252685546875,,31.88042449951172,,0.6945513486862183,,48.89020919799805
,2417,,,,,,,,,,2347.84228515625,,33.57935333251953,,0.6500421762466431,,48.45453643798828
,2418,,,,,,,,,,1615.036376953125,,21.349069595336914,,0.6268126964569092,,40.18751525878906
,2419,,,,,,,,,,2449.042236328125,,33.424747467041016,,0.617987871170044,,49.48780059814453
,2420,,,,,,,,,,2551.69287109375,,34.98868179321289,,0.5595999360084534,,50.5142822265625
,2421,,,,,,,,,,2242.454345703125,,31.841367721557617,,0.6819165945053101,,47.35456085205078
,2422,,,,,,,,,,2049.290771484375,,31.61345672607422,,0.6879665851593018,,45.26909255981445
,2423,,,,,,,,,,2455.568115234375,,31.88258171081543,,0.647578239440918,,49.553688049316406
,2424,,,,,,,,,,1546.568115234375,,23.588951110839844,,0.656152606010437,,39.32643127441406
,2425,,,,,,,,,,2429.72265625,,27.668521881103516,,0.7035067677497864,,49.29221725463867
,2426,,,,,,,,,,2210.51318359375,,30.866334915161133,,0.6382078528404236,,47.01609420776367
,2427,,,,,,,,,,2162.682861328125,,29.06175994873047,,0.6708593368530273,,46.50465393066406
,2428,,,,,,,,,,1919.2303466796875,,27.17452049255371,,0.674045205116272,,43.80902099609375
,2429,,,,,,,,,,2131.072509765625,,29.624116897583008,,0.7066084146499634,,46.16353988647461
,2430,,,,,,,,,,2265.08251953125,,29.651988983154297,,0.6392338275909424,,47.5928840637207
,2431,,,,,,,,,,2392.686279296875,,31.07638168334961,,0.6376315355300903,,48.91509246826172
,2432,,,,,,,,,,1859.0726318359375,,26.65176773071289,,0.7356951832771301,,43.116966247558594
,2433,,,,,,,,,,2058.221435546875,,26.482038497924805,,0.6231836080551147,,45.36762619018555
,2434,,,,,,,,,,1763.1156005859375,,25.325693130493164,,0.7150975465774536,,41.989471435546875
,2435,,,,,,,,,,2074.20849609375,,29.153554916381836,,0.6526155471801758,,45.543479919433594
,2436,,,,,,,,,,1725.08154296875,,23.12870979309082,,0.7334744334220886,,41.53409957885742
,2437,,,,,,,,,,2442.02197265625,,34.27590560913086,,0.6720826029777527,,49.41682052612305
,2438,,,,,,,,,,2376.768310546875,,32.550010681152344,,0.6495110988616943,,48.75210952758789
,2439,,,,,,,,,,1482.479248046875,,21.837556838989258,,0.7641220092773438,,38.50297927856445
,2440,,,,,,,,,,1746.9356689453125,,25.122756958007812,,0.6769205331802368,,41.79636001586914
,2441,,,,,,,,,,2955.089111328125,,37.50143814086914,,0.6103622913360596,,54.3607292175293
,2442,,,,,,,,,,1863.683349609375,,25.93067741394043,,0.6829711198806763,,43.1703987121582
,2443,,,,,,,,,,1861.94091796875,,25.871740341186523,,0.742378294467926,,43.15021514892578
,2444,,,,,,,,,,2527.205810546875,,31.857080459594727,,0.6059747338294983,,50.27132034301758
,2445,,,,,,,,,,2431.737548828125,,33.4412841796875,,0.5896819829940796,,49.312652587890625
,2446,,,,,,,,,,2935.02978515625,,37.21124267578125,,0.6377675533294678,,54.1759147644043
,2447,,,,,,,,,,1806.71875,,28.003173828125,,0.7020716667175293,,42.505516052246094
,2448,,,,,,,,,,2818.916748046875,,35.85429763793945,,0.6917363405227661,,53.09347152709961
,2449,,,,,,,,,,1449.234130859375,,22.581501007080078,,0.772057294845581,,38.068809509277344
,2450,,,,,,,,,,1768.2039794921875,,24.123254776000977,,0.6934187412261963,,42.050018310546875
,2451,,,,,,,,,,2016.80810546875,,28.30512809753418,,0.6609448194503784,,44.90888595581055
,2452,,,,,,,,,,2531.655029296875,,32.15059280395508,,0.6226980686187744,,50.315555572509766
,2453,,,,,,,,,,2625.739990234375,,35.58974075317383,,0.6121201515197754,,51.241973876953125
,2454,,,,,,,,,,2680.892333984375,,33.23193359375,,0.6478850841522217,,51.7773323059082
,2455,,,,,,,,,,2328.530029296875,,30.940418243408203,,0.6462641358375549,,48.25484085083008
,2456,,,,,,,,,,2477.716796875,,29.76860809326172,,0.6601220369338989,,49.776668548583984
,2457,,,,,,,,,,1998.048095703125,,28.979040145874023,,0.6944849491119385,,44.69953155517578
,2458,,,,,,,,,,2781.82177734375,,34.432891845703125,,0.6472259163856506,,52.742977142333984
,2459,,,,,,,,,,2089.747802734375,,26.941997528076172,,0.7139490842819214,,45.7137565612793
,2460,,,,,,,,,,2006.788330078125,,28.04940414428711,,0.6905577182769775,,44.79719161987305
,2461,,,,,,,,,,2207.6474609375,,30.734800338745117,,0.6567827463150024,,46.98561096191406
,2462,,,,,,,,,,2073.194580078125,,27.82856559753418,,0.7159273624420166,,45.532344818115234
,2463,,,,,,,,,,1583.6568603515625,,20.141361236572266,,0.7429479360580444,,39.79518508911133
15,7391,,,,,,,,,2134.072265625,,29.120037078857422,,0.6724147200584412,,45.997737884521484,
15,7391,2183.806884765625,,29.671443939208984,,0.6693075299263,,46.502418518066406,,,,,,,,,
16,7399,,2310.937255859375,,29.459362030029297,,0.6757123470306396,,48.072208404541016,,,,,,,,
16,7449,,1811.781494140625,,27.684690475463867,,0.7459661960601807,,42.565025329589844,,,,,,,,
16,7499,,1700.6583251953125,,24.560222625732422,,0.6957615613937378,,41.23904037475586,,,,,,,,
16,7549,,1433.95849609375,,22.143070220947266,,0.7919188141822815,,37.867645263671875,,,,,,,,
16,7599,,2491.217041015625,,32.496253967285156,,0.5375945568084717,,49.91209411621094,,,,,,,,
16,7649,,2863.922607421875,,31.952587127685547,,0.5833266973495483,,53.515628814697266,,,,,,,,
16,7699,,1948.1019287109375,,29.090017318725586,,0.7327250242233276,,44.137306213378906,,,,,,,,
16,7749,,2106.574462890625,,29.2930965423584,,0.6760110855102539,,45.89743423461914,,,,,,,,
16,7799,,2529.1474609375,,31.07600212097168,,0.6700055003166199,,50.29063034057617,,,,,,,,
16,7849,,1948.3570556640625,,29.004079818725586,,0.7200015783309937,,44.14019775390625,,,,,,,,
,2464,,,,,,,,,,1957.5203857421875,,27.52568244934082,,0.7177388668060303,,44.243873596191406
,2465,,,,,,,,,,1679.072021484375,,25.414644241333008,,0.7007643580436707,,40.97648239135742
,2466,,,,,,,,,,1866.588623046875,,27.796072006225586,,0.7158758044242859,,43.20403289794922
,2467,,,,,,,,,,2711.244384765625,,35.66165542602539,,0.672540009021759,,52.06961441040039
,2468,,,,,,,,,,1921.5260009765625,,27.524282455444336,,0.6918251514434814,,43.8352165222168
,2469,,,,,,,,,,2084.378662109375,,29.93954086303711,,0.6482046246528625,,45.65499496459961
,2470,,,,,,,,,,1749.8759765625,,25.29298973083496,,0.6777179837226868,,41.831520080566406
,2471,,,,,,,,,,2630.098388671875,,32.506019592285156,,0.6891525983810425,,51.28448486328125
,2472,,,,,,,,,,2695.749267578125,,37.49229049682617,,0.5916270613670349,,51.92060470581055
,2473,,,,,,,,,,1724.2744140625,,26.71393585205078,,0.6422274112701416,,41.524383544921875
,2474,,,,,,,,,,1808.7039794921875,,23.27783966064453,,0.6729409098625183,,42.52886199951172
,2475,,,,,,,,,,2157.66845703125,,31.07930564880371,,0.6817666292190552,,46.45071029663086
,2476,,,,,,,,,,2131.211669921875,,29.52971839904785,,0.6397836208343506,,46.16504669189453
,2477,,,,,,,,,,1911.2998046875,,27.5863094329834,,0.7042890787124634,,43.718414306640625
,2478,,,,,,,,,,1715.152587890625,,23.699588775634766,,0.6745324730873108,,41.41440200805664
,2479,,,,,,,,,,2771.013427734375,,35.62529754638672,,0.6094768047332764,,52.640419006347656
,2480,,,,,,,,,,1433.7532958984375,,22.29564666748047,,0.7332677841186523,,37.864933013916016
,2481,,,,,,,,,,1659.1094970703125,,23.112133026123047,,0.7385679483413696,,40.7321662902832
,2482,,,,,,,,,,1559.33349609375,,24.736289978027344,,0.7364760041236877,,39.488399505615234
,2483,,,,,,,,,,2128.846923828125,,29.482704162597656,,0.6569185256958008,,46.13943099975586
,2484,,,,,,,,,,1601.370849609375,,24.089712142944336,,0.7446013689041138,,40.01713180541992
,2485,,,,,,,,,,1816.24609375,,27.78687858581543,,0.7153613567352295,,42.61743927001953
,2486,,,,,,,,,,1936.1175537109375,,28.90103530883789,,0.6951439380645752,,44.00133514404297
,2487,,,,,,,,,,3105.552490234375,,40.25925064086914,,0.5936627388000488,,55.72748565673828
,2488,,,,,,,,,,2496.675048828125,,33.1202507019043,,0.6655670404434204,,49.96673583984375
,2489,,,,,,,,,,2554.989013671875,,33.427574157714844,,0.6574287414550781,,50.546897888183594
,2490,,,,,,,,,,1081.5489501953125,,17.50895118713379,,0.7429574728012085,,32.88691329956055
,2491,,,,,,,,,,2362.395751953125,,32.389671325683594,,0.6761059761047363,,48.60448455810547
,2492,,,,,,,,,,1831.389892578125,,28.875009536743164,,0.6905243992805481,,42.794742584228516
,2493,,,,,,,,,,2475.109130859375,,29.42034149169922,,0.6770681142807007,,49.75046920776367
,2494,,,,,,,,,,1902.40869140625,,26.642555236816406,,0.6602470874786377,,43.61661148071289
,2495,,,,,,,,,,2063.667724609375,,29.826570510864258,,0.6608603000640869,,45.427608489990234
,2496,,,,,,,,,,1781.860595703125,,25.69291877746582,,0.7237221002578735,,42.21208953857422
,2497,,,,,,,,,,1944.3631591796875,,26.233341217041016,,0.7342332601547241,,44.094932556152344
,2498,,,,,,,,,,2868.2041015625,,32.647743225097656,,0.6523082256317139,,53.55561828613281
,2499,,,,,,,,,,1828.11767578125,,25.606042861938477,,0.6623302698135376,,42.756492614746094
,2500,,,,,,,,,,2964.537109375,,32.8266716003418,,0.5288717746734619,,54.447566986083984
,2501,,,,,,,,,,1884.2474365234375,,27.84080696105957,,0.6360249519348145,,43.407920837402344
,2502,,,,,,,,,,2201.48876953125,,29.223464965820312,,0.7094849944114685,,46.92002487182617
,2503,,,,,,,,,,1895.6402587890625,,25.427059173583984,,0.7273001670837402,,43.53894805908203
,2504,,,,,,,,,,2046.654052734375,,31.203603744506836,,0.6832351684570312,,45.239959716796875
,2505,,,,,,,,,,2125.71044921875,,29.595123291015625,,0.6330891847610474,,46.10542678833008
,2506,,,,,,,,,,1915.381103515625,,26.12114143371582,,0.673681378364563,,43.76506805419922
,2507,,,,,,,,,,2644.90966796875,,32.89552688598633,,0.646654486656189,,51.42868423461914
,2508,,,,,,,,,,2053.399658203125,,28.165943145751953,,0.6475188732147217,,45.314453125
,2509,,,,,,,,,,2300.96630859375,,30.894088745117188,,0.68986976146698,,47.968387603759766
,2510,,,,,,,,,,1784.105712890625,,26.776926040649414,,0.6935355067253113,,42.23867416381836
,2511,,,,,,,,,,1992.52880859375,,29.683984756469727,,0.6553476452827454,,44.637752532958984
,2512,,,,,,,,,,2443.473876953125,,33.732093811035156,,0.6587066650390625,,49.4315071105957
,2513,,,,,,,,,,2606.41064453125,,35.718910217285156,,0.6474130153656006,,51.053016662597656
,2514,,,,,,,,,,1971.3736572265625,,26.52916145324707,,0.6564968824386597,,44.40015411376953
,2515,,,,,,,,,,2199.41259765625,,30.33182144165039,,0.7426455020904541,,46.89789581298828
,2516,,,,,,,,,,2824.2783203125,,36.701839447021484,,0.5586380958557129,,53.14393997192383
,2517,,,,,,,,,,2202.96875,,29.016061782836914,,0.7082362174987793,,46.935794830322266
,2518,,,,,,,,,,2442.104248046875,,31.923219680786133,,0.6873016357421875,,49.41765213012695
,2519,,,,,,,,,,1893.46923828125,,29.507539749145508,,0.6784001588821411,,43.51401138305664
,2520,,,,,,,,,,2441.163818359375,,34.17749786376953,,0.5728104114532471,,49.40813446044922
,2521,,,,,,,,,,2097.48193359375,,27.564281463623047,,0.7069692611694336,,45.798274993896484
,2522,,,,,,,,,,2315.531982421875,,29.666553497314453,,0.6219162940979004,,48.11997604370117
,2523,,,,,,,,,,1628.8431396484375,,26.454233169555664,,0.7379060983657837,,40.35892868041992
,2524,,,,,,,,,,1529.8260498046875,,24.36642074584961,,0.7469226121902466,,39.11298751831055
,2525,,,,,,,,,,2207.053955078125,,31.005495071411133,,0.6714209914207458,,46.97929382324219
,2526,,,,,,,,,,2207.25048828125,,31.673019409179688,,0.6493517160415649,,46.98138427734375
,2527,,,,,,,,,,2248.213134765625,,31.30674934387207,,0.6601777076721191,,47.41532516479492
,2528,,,,,,,,,,2300.108642578125,,30.70684814453125,,0.7035437226295471,,47.959449768066406
,2529,,,,,,,,,,1763.8201904296875,,26.29878044128418,,0.7219141125679016,,41.99785614013672
,2530,,,,,,,,,,2241.147705078125,,32.21535873413086,,0.6398476362228394,,47.340763092041016
,2531,,,,,,,,,,1834.0113525390625,,27.19801902770996,,0.7369495630264282,,42.82535934448242
,2532,,,,,,,,,,1969.949462890625,,27.283470153808594,,0.6422850489616394,,44.38411331176758
,2533,,,,,,,,,,2066.063720703125,,30.447895050048828,,0.6450961828231812,,45.45397186279297
,2534,,,,,,,,,,1844.5113525390625,,26.825963973999023,,0.7420278787612915,,42.94777297973633
,2535,,,,,,,,,,2222.345458984375,,29.562700271606445,,0.6796106100082397,,47.14175796508789
,2536,,,,,,,,,,3572.51171875,,42.017913818359375,,0.5874083042144775,,59.77049255371094
,2537,,,,,,,,,,2778.219970703125,,36.17923355102539,,0.5738147497177124,,52.708824157714844
,2538,,,,,,,,,,2371.463623046875,,32.28382873535156,,0.6565172076225281,,48.69767761230469
,2539,,,,,,,,,,1930.958251953125,,27.116758346557617,,0.7154196500778198,,43.94266891479492
,2540,,,,,,,,,,3231.789306640625,,40.45778274536133,,0.5592588186264038,,56.84882736206055
,2541,,,,,,,,,,2157.196533203125,,28.700830459594727,,0.6695799827575684,,46.44562911987305
,2542,,,,,,,,,,2091.66796875,,29.372303009033203,,0.6455899477005005,,45.73475646972656
,2543,,,,,,,,,,1862.4708251953125,,27.71940803527832,,0.6351594924926758,,43.15635299682617
,2544,,,,,,,,,,2428.07080078125,,34.24714279174805,,0.6014546155929565,,49.27545928955078
,2545,,,,,,,,,,2087.6806640625,,28.228078842163086,,0.685516893863678,,45.69114303588867
,2546,,,,,,,,,,1976.63330078125,,28.445045471191406,,0.7047183513641357,,44.459346771240234
,2547,,,,,,,,,,1658.083251953125,,26.011938095092773,,0.7064818143844604,,40.71957015991211
,2548,,,,,,,,,,1776.5509033203125,,24.529296875,,0.6973850727081299,,42.14915084838867
,2549,,,,,,,,,,2692.01611328125,,34.79933166503906,,0.5970346927642822,,51.8846435546875
,2550,,,,,,,,,,2110.98486328125,,29.48689842224121,,0.6748024225234985,,45.94545364379883
,2551,,,,,,,,,,2336.8203125,,31.901561737060547,,0.670637845993042,,48.340667724609375
,2552,,,,,,,,,,2280.5869140625,,31.910614013671875,,0.6720432043075562,,47.755489349365234
,2553,,,,,,,,,,1690.909423828125,,24.32883644104004,,0.6926268339157104,,41.120670318603516
,2554,,,,,,,,,,1803.23486328125,,25.994455337524414,,0.7017171382904053,,42.46451187133789
,2555,,,,,,,,,,1891.56396484375,,24.204179763793945,,0.6585152745246887,,43.49211502075195
,2556,,,,,,,,,,2069.090576171875,,30.611852645874023,,0.7083688974380493,,45.48725891113281
,2557,,,,,,,,,,2310.68505859375,,31.925086975097656,,0.6608701944351196,,48.06958770751953
,2558,,,,,,,,,,2366.7900390625,,30.827377319335938,,0.6746928095817566,,48.64966583251953
,2559,,,,,,,,,,2353.010986328125,,31.865158081054688,,0.6365089416503906,,48.507843017578125
,2560,,,,,,,,,,1601.41552734375,,23.610454559326172,,0.7183147668838501,,40.0176887512207
,2561,,,,,,,,,,2201.70458984375,,29.720523834228516,,0.6907680034637451,,46.922325134277344
,2562,,,,,,,,,,2312.65234375,,32.555335998535156,,0.673323392868042,,48.09004592895508
,2563,,,,,,,,,,2249.732666015625,,30.89167594909668,,0.6605726480484009,,47.43135070800781
,2564,,,,,,,,,,2159.10546875,,29.504575729370117,,0.6725326776504517,,46.4661750793457
,2565,,,,,,,,,,2599.6689453125,,36.26041793823242,,0.5697520971298218,,50.9869499206543
,2566,,,,,,,,,,1618.88134765625,,23.241487503051758,,0.7127315998077393,,40.23532485961914
,2567,,,,,,,,,,2441.083984375,,30.652055740356445,,0.6094942688941956,,49.407325744628906
,2568,,,,,,,,,,1618.2620849609375,,24.642972946166992,,0.6335499286651611,,40.22762680053711
,2569,,,,,,,,,,1790.0247802734375,,26.06964111328125,,0.7169162034988403,,42.308685302734375
,2570,,,,,,,,,,2392.40185546875,,32.14875411987305,,0.6942766904830933,,48.91218566894531
,2571,,,,,,,,,,2335.683837890625,,33.498504638671875,,0.651854395866394,,48.32891082763672
,2572,,,,,,,,,,1552.327880859375,,21.2164306640625,,0.641302764415741,,39.399593353271484
,2573,,,,,,,,,,2539.792724609375,,34.19507598876953,,0.6038322448730469,,50.39635467529297
,2574,,,,,,,,,,2618.950927734375,,35.757572174072266,,0.5479917526245117,,51.17568588256836
,2575,,,,,,,,,,2232.91748046875,,32.13648223876953,,0.6832693219184875,,47.25375747680664
,2576,,,,,,,,,,2027.2484130859375,,31.69639778137207,,0.6913228631019592,,45.02497863769531
,2577,,,,,,,,,,2441.682373046875,,32.03134536743164,,0.6495711207389832,,49.41338348388672
,2578,,,,,,,,,,1537.948486328125,,24.11308479309082,,0.6580690145492554,,39.2166862487793
,2579,,,,,,,,,,2423.937744140625,,27.94955062866211,,0.7042126655578613,,49.23350143432617
,2580,,,,,,,,,,2194.43212890625,,31.4552001953125,,0.6408398151397705,,46.844764709472656
,2581,,,,,,,,,,2151.57275390625,,29.018978118896484,,0.6725502014160156,,46.385047912597656
,2582,,,,,,,,,,2001.2265625,,28.17778968811035,,0.6601192951202393,,44.735069274902344
,2583,,,,,,,,,,2136.52392578125,,29.745365142822266,,0.7058578729629517,,46.2225456237793
,2584,,,,,,,,,,2251.9921875,,29.705421447753906,,0.6413187980651855,,47.45515823364258
,2585,,,,,,,,,,2468.283935546875,,31.994884490966797,,0.6261824369430542,,49.681827545166016
,2586,,,,,,,,,,1873.9034423828125,,26.873001098632812,,0.7335866689682007,,43.288604736328125
,2587,,,,,,,,,,2121.767333984375,,27.4602108001709,,0.6115497350692749,,46.062644958496094
,2588,,,,,,,,,,1808.228759765625,,26.159971237182617,,0.7078076601028442,,42.52327346801758
,2589,,,,,,,,,,2073.223876953125,,29.665245056152344,,0.6527804136276245,,45.53266906738281
,2590,,,,,,,,,,1736.4656982421875,,23.685375213623047,,0.7317155599594116,,41.670921325683594
,2591,,,,,,,,,,2452.63671875,,34.51863098144531,,0.6706572771072388,,49.52410125732422
,2592,,,,,,,,,,2378.420654296875,,32.52388381958008,,0.6492674350738525,,48.7690544128418
,2593,,,,,,,,,,1507.1842041015625,,22.305749893188477,,0.7601912021636963,,38.822471618652344
,2594,,,,,,,,,,1762.8331298828125,,25.72523307800293,,0.6739804744720459,,41.986106872558594
,2595,,,,,,,,,,2970.948486328125,,37.94216537475586,,0.6082711815834045,,54.50640869140625
,2596,,,,,,,,,,1873.1907958984375,,26.311437606811523,,0.6813538074493408,,43.280372619628906
,2597,,,,,,,,,,1820.223388671875,,26.22213363647461,,0.7481504678726196,,42.6640739440918
,2598,,,,,,,,,,2519.393798828125,,31.851701736450195,,0.6071927547454834,,50.19356155395508
,2599,,,,,,,,,,2387.957275390625,,33.66969680786133,,0.597069263458252,,48.866729736328125
,2600,,,,,,,,,,2930.04345703125,,37.33867263793945,,0.6383829116821289,,54.12987518310547
,2601,,,,,,,,,,1832.41748046875,,28.628108978271484,,0.6978338956832886,,42.80674743652344
,2602,,,,,,,,,,2801.53662109375,,36.1201286315918,,0.6936368942260742,,52.929542541503906
,2603,,,,,,,,,,1468.8603515625,,23.41501235961914,,0.7689703702926636,,38.325714111328125
,2604,,,,,,,,,,1772.740478515625,,24.54062843322754,,0.6926321387290955,,42.10392379760742
,2605,,,,,,,,,,2071.373291015625,,28.798416137695312,,0.6517716646194458,,45.5123405456543
,2606,,,,,,,,,,2513.947021484375,,32.177734375,,0.6253372430801392,,50.13927459716797
,2607,,,,,,,,,,2600.923095703125,,35.68849182128906,,0.6157861948013306,,50.999244689941406
,2608,,,,,,,,,,2738.936767578125,,34.038124084472656,,0.6402614116668701,,52.33485412597656
,2609,,,,,,,,,,2313.491943359375,,31.00555992126465,,0.6485486030578613,,48.09877395629883
,2610,,,,,,,,,,2585.849853515625,,30.673423767089844,,0.6452890038490295,,50.851253509521484
,2611,,,,,,,,,,2004.93994140625,,29.716978073120117,,0.6934311389923096,,44.776554107666016
,2612,,,,,,,,,,2678.834228515625,,34.10210418701172,,0.6602861881256104,,51.75745391845703
,2613,,,,,,,,,,2097.45703125,,27.072063446044922,,0.7128938436508179,,45.798004150390625
,2614,,,,,,,,,,2024.4337158203125,,28.472400665283203,,0.6878368854522705,,44.99370574951172
,2615,,,,,,,,,,2220.958984375,,31.08555030822754,,0.6547131538391113,,47.127052307128906
,2616,,,,,,,,,,2074.231201171875,,28.26109504699707,,0.7157853245735168,,45.54372787475586
,2617,,,,,,,,,,1589.692138671875,,20.87265396118164,,0.7419683337211609,,39.87094497680664
16,7853,,,,,,,,,2147.610107421875,,29.570375442504883,,0.6701729893684387,,46.14769744873047,
16,7853,2183.01904296875,,29.674224853515625,,0.6689110994338989,,46.502689361572266,,,,,,,,,
17,7899,,2527.189453125,,34.652976989746094,,0.5779659748077393,,50.27116012573242,,,,,,,,
17,7949,,2437.387451171875,,33.143070220947266,,0.653828501701355,,49.369903564453125,,,,,,,,
17,7999,,2319.46240234375,,33.175567626953125,,0.6622248291969299,,48.160797119140625,,,,,,,,
17,8049,,1966.762939453125,,28.14238166809082,,0.6637493371963501,,44.348201751708984,,,,,,,,
17,8099,,1797.0775146484375,,26.62613868713379,,0.7726803421974182,,42.39195251464844,,,,,,,,
17,8149,,1673.377685546875,,24.07505226135254,,0.7247005105018616,,40.90694046020508,,,,,,,,
17,8199,,2309.306884765625,,32.39674758911133,,0.6793742775917053,,48.05525207519531,,,,,,,,
17,8249,,1613.0465087890625,,23.15850830078125,,0.7507725358009338,,40.162750244140625,,,,,,,,
17,8299,,1856.5963134765625,,27.604427337646484,,0.7127623558044434,,43.08823776245117,,,,,,,,
,2618,,,,,,,,,,2058.262939453125,,28.30760955810547,,0.7032124996185303,,45.36808395385742
,2619,,,,,,,,,,1745.497802734375,,26.123916625976562,,0.6889262795448303,,41.77915573120117
,2620,,,,,,,,,,1911.957275390625,,28.30269432067871,,0.7089699506759644,,43.72593307495117
,2621,,,,,,,,,,2684.4052734375,,35.24359130859375,,0.6757816076278687,,51.81124496459961
,2622,,,,,,,,,,1971.276123046875,,28.30891990661621,,0.6838462352752686,,44.39905548095703
,2623,,,,,,,,,,2115.668701171875,,30.048843383789062,,0.6429235935211182,,45.99639892578125
,2624,,,,,,,,,,1793.4547119140625,,25.653972625732422,,0.6696919202804565,,42.34920120239258
,2625,,,,,,,,,,2487.947998046875,,31.646615982055664,,0.7059531211853027,,49.87933349609375
,2626,,,,,,,,,,2793.742431640625,,38.36317443847656,,0.5767822861671448,,52.855865478515625
,2627,,,,,,,,,,1959.4300537109375,,28.381385803222656,,0.5934345722198486,,44.26544952392578
,2628,,,,,,,,,,1804.1285400390625,,23.484331130981445,,0.6737682819366455,,42.47503662109375
,2629,,,,,,,,,,2208.44580078125,,31.96645736694336,,0.6742775440216064,,46.994102478027344
,2630,,,,,,,,,,2204.450927734375,,30.468631744384766,,0.6274048089981079,,46.95158386230469
,2631,,,,,,,,,,1949.4630126953125,,27.955690383911133,,0.6983845829963684,,44.15272521972656
,2632,,,,,,,,,,1707.2777099609375,,23.6166934967041,,0.6760268211364746,,41.3192138671875
,2633,,,,,,,,,,2754.660400390625,,35.76382064819336,,0.6117815375328064,,52.484859466552734
,2634,,,,,,,,,,1441.3807373046875,,22.432966232299805,,0.7318488359451294,,37.965518951416016
,2635,,,,,,,,,,1619.1202392578125,,22.672700881958008,,0.7448692321777344,,40.2382926940918
,2636,,,,,,,,,,1667.9156494140625,,26.0274715423584,,0.7181258797645569,,40.84012222290039
,2637,,,,,,,,,,2186.996826171875,,30.125755310058594,,0.6475471258163452,,46.76533889770508
,2638,,,,,,,,,,1693.05029296875,,25.20352554321289,,0.7299796938896179,,41.14669418334961
,2639,,,,,,,,,,1850.5772705078125,,28.321435928344727,,0.7099810838699341,,43.01833724975586
,2640,,,,,,,,,,1959.769287109375,,29.251136779785156,,0.6914197206497192,,44.269283294677734
,2641,,,,,,,,,,3185.302490234375,,40.81498336791992,,0.5832280516624451,,56.43848419189453
,2642,,,,,,,,,,2459.556640625,,32.905677795410156,,0.6705390810966492,,49.59391784667969
,2643,,,,,,,,,,2616.947265625,,33.757972717285156,,0.6491214036941528,,51.156105041503906
,2644,,,,,,,,,,1117.302978515625,,17.832521438598633,,0.7344601154327393,,33.426082611083984
,2645,,,,,,,,,,2360.6171875,,32.31755828857422,,0.6763498783111572,,48.586181640625
,2646,,,,,,,,,,1829.1292724609375,,28.979564666748047,,0.6909064054489136,,42.7683219909668
,2647,,,,,,,,,,2411.541015625,,29.364614486694336,,0.6853619813919067,,49.107444763183594
,2648,,,,,,,,,,1908.974365234375,,26.605573654174805,,0.6590744853019714,,43.69181442260742
,2649,,,,,,,,,,2090.744873046875,,29.878509521484375,,0.6564104557037354,,45.72466278076172
,2650,,,,,,,,,,1775.0728759765625,,25.78108024597168,,0.7247745990753174,,42.13161087036133
,2651,,,,,,,,,,1972.061767578125,,26.340511322021484,,0.7304472923278809,,44.407901763916016
,2652,,,,,,,,,,2799.223876953125,,32.63862228393555,,0.6606702208518982,,52.907691955566406
,2653,,,,,,,,,,1933.7178955078125,,26.862154006958008,,0.6428250074386597,,43.97406005859375
,2654,,,,,,,,,,2921.17236328125,,33.33979415893555,,0.5357633829116821,,54.04787063598633
,2655,,,,,,,,,,1997.664794921875,,28.595794677734375,,0.6141164302825928,,44.69524383544922
,2656,,,,,,,,,,2295.892822265625,,29.907007217407227,,0.6970271468162537,,47.91547393798828
,2657,,,,,,,,,,1961.5338134765625,,25.85325813293457,,0.717820942401886,,44.28920364379883
,2658,,,,,,,,,,2174.212890625,,32.46131896972656,,0.6634925603866577,,46.628456115722656
,2659,,,,,,,,,,2188.3720703125,,30.106830596923828,,0.6222734451293945,,46.78003692626953
,2660,,,,,,,,,,1966.454345703125,,26.396739959716797,,0.6649801731109619,,44.344722747802734
,2661,,,,,,,,,,2564.795166015625,,32.533634185791016,,0.6573573350906372,,50.64380645751953
,2662,,,,,,,,,,2050.6201171875,,27.978118896484375,,0.6479959487915039,,45.28377151489258
,2663,,,,,,,,,,2303.701904296875,,30.904115676879883,,0.6895010471343994,,47.99689483642578
,2664,,,,,,,,,,1900.076904296875,,27.84124755859375,,0.6736146211624146,,43.58987045288086
,2665,,,,,,,,,,2041.9188232421875,,30.763370513916016,,0.6468045711517334,,45.18759536743164
,2666,,,,,,,,,,2415.84375,,33.66017150878906,,0.6625659465789795,,49.1512336730957
,2667,,,,,,,,,,2710.216064453125,,36.443885803222656,,0.6333705186843872,,52.05973434448242
,2668,,,,,,,,,,1916.9876708984375,,26.54294204711914,,0.6659733653068542,,43.783416748046875
,2669,,,,,,,,,,2087.316650390625,,29.687652587890625,,0.755761981010437,,45.68716049194336
,2670,,,,,,,,,,2839.15771484375,,37.28843307495117,,0.5563127994537354,,53.283748626708984
,2671,,,,,,,,,,2173.1259765625,,28.98540496826172,,0.7121886014938354,,46.616798400878906
,2672,,,,,,,,,,2474.5908203125,,32.46770095825195,,0.6831419467926025,,49.74525833129883
,2673,,,,,,,,,,1989.5904541015625,,30.188085556030273,,0.6620742678642273,,44.60482406616211
,2674,,,,,,,,,,2594.97314453125,,35.26808547973633,,0.5458946228027344,,50.940879821777344
,2675,,,,,,,,,,2028.960693359375,,27.247493743896484,,0.7165420651435852,,45.04398727416992
,2676,,,,,,,,,,2326.21630859375,,30.029512405395508,,0.6201717853546143,,48.230865478515625
,2677,,,,,,,,,,1669.6922607421875,,26.518333435058594,,0.7313331365585327,,40.86186981201172
,2678,,,,,,,,,,1583.4405517578125,,25.152368545532227,,0.7380532026290894,,39.79246520996094
,2679,,,,,,,,,,2253.811279296875,,31.238481521606445,,0.6644599437713623,,47.47432327270508
,2680,,,,,,,,,,2281.169189453125,,32.28352355957031,,0.6376088261604309,,47.7615852355957
,2681,,,,,,,,,,2373.08740234375,,32.17811584472656,,0.6413027048110962,,48.7143440246582
,2682,,,,,,,,,,2324.23046875,,30.937917709350586,,0.700434684753418,,48.21027755737305
,2683,,,,,,,,,,1801.6927490234375,,26.329256057739258,,0.7159430980682373,,42.44635009765625
,2684,,,,,,,,,,2256.638916015625,,32.57327651977539,,0.6373581886291504,,47.504093170166016
,2685,,,,,,,,,,1787.2279052734375,,26.988569259643555,,0.7436596751213074,,42.27561569213867
,2686,,,,,,,,,,1943.174072265625,,27.33160400390625,,0.6471470594406128,,44.081451416015625
,2687,,,,,,,,,,2145.6787109375,,31.21834945678711,,0.6314201354980469,,46.32147216796875
,2688,,,,,,,,,,1823.689208984375,,26.64849090576172,,0.7449400424957275,,42.704673767089844
,2689,,,,,,,,,,2236.89892578125,,29.97208023071289,,0.677512526512146,,47.29586410522461
,2690,,,,,,,,,,3604.0263671875,,42.6251220703125,,0.5837687253952026,,60.03354263305664
,2691,,,,,,,,,,2881.20068359375,,37.2563591003418,,0.5580172538757324,,53.67681884765625
,2692,,,,,,,,,,2318.45263671875,,31.577430725097656,,0.6641952991485596,,48.15031433105469
,2693,,,,,,,,,,1938.244384765625,,27.15997314453125,,0.7143458127975464,,44.02549743652344
,2694,,,,,,,,,,3197.442626953125,,40.42013931274414,,0.5639429092407227,,56.54593276977539
,2695,,,,,,,,,,2199.411865234375,,29.184982299804688,,0.6631138324737549,,46.89788818359375
,2696,,,,,,,,,,2197.622802734375,,30.21712875366211,,0.6276371479034424,,46.878807067871094
,2697,,,,,,,,,,1902.4566650390625,,28.222681045532227,,0.6273266673088074,,43.61716079711914
,2698,,,,,,,,,,2477.530517578125,,35.026302337646484,,0.5933362245559692,,49.77479934692383
,2699,,,,,,,,,,2124.070068359375,,28.073909759521484,,0.6800353527069092,,46.08763122558594
,2700,,,,,,,,,,2030.703125,,28.729013442993164,,0.6966410279273987,,45.063323974609375
,2701,,,,,,,,,,1689.165771484375,,26.48682975769043,,0.700979471206665,,41.09946060180664
,2702,,,,,,,,,,1817.42919921875,,24.677640914916992,,0.6904218792915344,,42.631317138671875
,2703,,,,,,,,,,2780.9375,,35.938636779785156,,0.5837241411209106,,52.734596252441406
,2704,,,,,,,,,,2090.89453125,,29.384321212768555,,0.6778973340988159,,45.72630310058594
,2705,,,,,,,,,,2227.142333984375,,31.162677764892578,,0.6860963106155396,,47.19261169433594
,2706,,,,,,,,,,2251.289794921875,,31.483213424682617,,0.6762562394142151,,47.447757720947266
,2707,,,,,,,,,,1731.5572509765625,,24.620162963867188,,0.6852378845214844,,41.61198425292969
,2708,,,,,,,,,,1782.5760498046875,,25.49088478088379,,0.705134391784668,,42.22056579589844
,2709,,,,,,,,,,1726.502685546875,,23.036846160888672,,0.6883138418197632,,41.55120849609375
,2710,,,,,,,,,,2054.422607421875,,30.147184371948242,,0.7104363441467285,,45.32573699951172
,2711,,,,,,,,,,2252.71923828125,,31.09627342224121,,0.6693776845932007,,47.46281814575195
,2712,,,,,,,,,,2322.3330078125,,30.585023880004883,,0.6808032989501953,,48.190589904785156
,2713,,,,,,,,,,2387.87744140625,,32.542579650878906,,0.6311228275299072,,48.86591720581055
,2714,,,,,,,,,,1629.9359130859375,,23.709341049194336,,0.7132980823516846,,40.37246322631836
,2715,,,,,,,,,,2186.58544921875,,29.790895462036133,,0.6928914785385132,,46.76094055175781
,2716,,,,,,,,,,2306.95361328125,,32.42707061767578,,0.6741284132003784,,48.030757904052734
,2717,,,,,,,,,,2388.018798828125,,31.520832061767578,,0.6397087574005127,,48.86735916137695
,2718,,,,,,,,,,2106.6767578125,,29.697357177734375,,0.680484414100647,,45.8985481262207
,2719,,,,,,,,,,2677.107666015625,,36.85340881347656,,0.5569359064102173,,51.74077224731445
,2720,,,,,,,,,,1655.7364501953125,,23.458457946777344,,0.7061917781829834,,40.690738677978516
,2721,,,,,,,,,,2445.6572265625,,30.704431533813477,,0.6087626814842224,,49.45358657836914
,2722,,,,,,,,,,1723.8895263671875,,25.390419006347656,,0.6096309423446655,,41.51974868774414
,2723,,,,,,,,,,1767.10595703125,,26.70261001586914,,0.7205407023429871,,42.03696060180664
,2724,,,,,,,,,,2355.537841796875,,31.513385772705078,,0.6989875435829163,,48.53388214111328
,2725,,,,,,,,,,2587.8330078125,,35.828914642333984,,0.6142703294754028,,50.87074661254883
,2726,,,,,,,,,,1569.4539794921875,,21.246381759643555,,0.6373454332351685,,39.6163330078125
,2727,,,,,,,,,,2450.477294921875,,33.81605911254883,,0.6177639961242676,,49.502296447753906
,2728,,,,,,,,,,2584.334228515625,,35.70618438720703,,0.5539662837982178,,50.83634567260742
,2729,,,,,,,,,,2237.33642578125,,32.52262878417969,,0.6826425194740295,,47.30049133300781
,2730,,,,,,,,,,2100.7314453125,,32.02962112426758,,0.6801340579986572,,45.833736419677734
,2731,,,,,,,,,,2484.987548828125,,32.62042236328125,,0.6433560252189636,,49.84965133666992
,2732,,,,,,,,,,1620.03076171875,,24.464576721191406,,0.6398196816444397,,40.24960708618164
,2733,,,,,,,,,,2324.975341796875,,27.720436096191406,,0.7162888050079346,,48.21799850463867
,2734,,,,,,,,,,2312.318359375,,32.91755676269531,,0.6215455532073975,,48.086570739746094
,2735,,,,,,,,,,2195.728271484375,,29.38686752319336,,0.665830135345459,,46.85860061645508
,2736,,,,,,,,,,2050.8330078125,,28.257766723632812,,0.6516942977905273,,45.28612518310547
,2737,,,,,,,,,,2158.03076171875,,29.87255859375,,0.7028969526290894,,46.45460891723633
,2738,,,,,,,,,,2267.20849609375,,29.694900512695312,,0.6388951539993286,,47.615211486816406
,2739,,,,,,,,,,2430.835693359375,,32.07856369018555,,0.6318538784980774,,49.303504943847656
,2740,,,,,,,,,,1802.99853515625,,26.198623657226562,,0.7436672449111938,,42.46173095703125
,2741,,,,,,,,,,2093.138671875,,27.159969329833984,,0.6167910099029541,,45.750831604003906
,2742,,,,,,,,,,1774.6676025390625,,25.864641189575195,,0.7132308483123779,,42.12680435180664
,2743,,,,,,,,,,2159.480224609375,,30.295534133911133,,0.6383343935012817,,46.47020721435547
,2744,,,,,,,,,,1746.0152587890625,,24.021764755249023,,0.7302401661872864,,41.78534698486328
,2745,,,,,,,,,,2425.038818359375,,34.4036750793457,,0.6743631362915039,,49.24468231201172
,2746,,,,,,,,,,2499.21923828125,,34.061859130859375,,0.6314538717269897,,49.99219512939453
,2747,,,,,,,,,,1521.396728515625,,22.55733299255371,,0.7579298615455627,,39.00508499145508
,2748,,,,,,,,,,1849.2193603515625,,26.59195327758789,,0.6580041646957397,,43.0025520324707
,2749,,,,,,,,,,2960.268798828125,,37.88443374633789,,0.6096793413162231,,54.40835189819336
,2750,,,,,,,,,,1836.814453125,,26.166688919067383,,0.6875417232513428,,42.85807418823242
,2751,,,,,,,,,,1815.9232177734375,,25.735742568969727,,0.7487454414367676,,42.613651275634766
,2752,,,,,,,,,,2578.529052734375,,32.99327850341797,,0.5979727506637573,,50.77922058105469
,2753,,,,,,,,,,2604.9892578125,,35.49958038330078,,0.5604484677314758,,51.03909683227539
,2754,,,,,,,,,,2965.055908203125,,37.55302429199219,,0.6340618133544922,,54.452327728271484
,2755,,,,,,,,,,1893.122314453125,,29.272531509399414,,0.6878236532211304,,43.51002502441406
,2756,,,,,,,,,,2731.09619140625,,35.81801986694336,,0.7013399600982666,,52.259891510009766
,2757,,,,,,,,,,1489.054931640625,,23.2442569732666,,0.765794038772583,,38.58827590942383
,2758,,,,,,,,,,1777.6837158203125,,24.748384475708008,,0.6917750835418701,,42.1625862121582
,2759,,,,,,,,,,2076.759033203125,,29.059410095214844,,0.6508662104606628,,45.57147216796875
,2760,,,,,,,,,,2594.591552734375,,33.08491897583008,,0.6133184432983398,,50.937137603759766
,2761,,,,,,,,,,2680.4169921875,,36.247982025146484,,0.604043185710907,,51.772743225097656
,2762,,,,,,,,,,2744.876708984375,,33.794403076171875,,0.639481246471405,,52.391571044921875
,2763,,,,,,,,,,2327.792724609375,,31.554149627685547,,0.6463761329650879,,48.2472038269043
,2764,,,,,,,,,,2426.71630859375,,29.88718032836914,,0.6671179533004761,,49.26171112060547
,2765,,,,,,,,,,2000.846923828125,,29.54551124572754,,0.6940569877624512,,44.73082733154297
,2766,,,,,,,,,,2711.37255859375,,33.9680290222168,,0.6561598777770996,,52.07084274291992
,2767,,,,,,,,,,2102.72021484375,,26.922103881835938,,0.7121734023094177,,45.85542297363281
,2768,,,,,,,,,,2041.824462890625,,28.537254333496094,,0.6851552724838257,,45.18655014038086
,2769,,,,,,,,,,2307.362548828125,,31.890954971313477,,0.6412802934646606,,48.03501510620117
,2770,,,,,,,,,,2094.38330078125,,28.3513126373291,,0.7130240797996521,,45.76443099975586
,2771,,,,,,,,,,1606.3988037109375,,21.508935928344727,,0.7392566204071045,,40.07990646362305
17,8315,,,,,,,,,2171.547119140625,,29.8519344329834,,0.6659494638442993,,46.4127082824707,
17,8315,2169.938720703125,,29.5482177734375,,0.6711476445198059,,46.35907745361328,,,,,,,,,
18,8349,,2646.290771484375,,32.546573638916016,,0.6359527111053467,,51.442108154296875,,,,,,,,
18,8399,,1865.5074462890625,,26.74459457397461,,0.7059594392776489,,43.19152069091797,,,,,,,,
18,8449,,2545.587158203125,,30.852115631103516,,0.603151798248291,,50.45381164550781,,,,,,,,
18,8499,,2595.951171875,,35.33790969848633,,0.6775827407836914,,50.95048141479492,,,,,,,,
18,8549,,1426.031005859375,,22.007253646850586,,0.7352124452590942,,37.76282501220703,,,,,,,,
18,8599,,2544.206298828125,,34.242164611816406,,0.6304448246955872,,50.44012451171875,,,,,,,,
18,8649,,2266.52734375,,31.843347549438477,,0.6748859882354736,,47.60805892944336,,,,,,,,
18,8699,,1849.679931640625,,24.435056686401367,,0.7462000846862793,,43.007904052734375,,,,,,,,
18,8749,,3152.013916015625,,38.80904006958008,,0.620063841342926,,56.142799377441406,,,,,,,,
,2772,,,,,,,,,,2069.228515625,,28.52156639099121,,0.7016313076019287,,45.488773345947266
,2773,,,,,,,,,,1618.16650390625,,24.881942749023438,,0.7116186618804932,,40.2264404296875
,2774,,,,,,,,,,1931.76708984375,,28.13664436340332,,0.7059545516967773,,43.951873779296875
,2775,,,,,,,,,,2716.5224609375,,35.760772705078125,,0.6719025373458862,,52.120269775390625
,2776,,,,,,,,,,1899.365966796875,,27.586349487304688,,0.6953791379928589,,43.58171463012695
,2777,,,,,,,,,,2109.644287109375,,30.670185089111328,,0.6439403891563416,,45.93086242675781
,2778,,,,,,,,,,1667.1666259765625,,24.655555725097656,,0.6929509043693542,,40.83095169067383
,2779,,,,,,,,,,2517.318359375,,32.118675231933594,,0.7024818658828735,,50.17288589477539
,2780,,,,,,,,,,2750.438720703125,,38.35763931274414,,0.5833422541618347,,52.44462585449219
,2781,,,,,,,,,,1752.4613037109375,,27.196914672851562,,0.636378824710846,,41.86240768432617
,2782,,,,,,,,,,1849.6004638671875,,24.250585556030273,,0.6655458211898804,,43.006980895996094
,2783,,,,,,,,,,2178.81396484375,,32.1355094909668,,0.6786478757858276,,46.67776870727539
,2784,,,,,,,,,,2212.108154296875,,30.787141799926758,,0.6261105537414551,,47.03305435180664
,2785,,,,,,,,,,1956.204833984375,,28.142059326171875,,0.6973415017127991,,44.229007720947266
,2786,,,,,,,,,,1708.1400146484375,,23.887800216674805,,0.6758631467819214,,41.32965087890625
,2787,,,,,,,,,,2765.2783203125,,35.70921325683594,,0.6102851033210754,,52.585914611816406
,2788,,,,,,,,,,1439.7197265625,,22.302032470703125,,0.732157826423645,,37.94363784790039
,2789,,,,,,,,,,1617.371826171875,,23.00885772705078,,0.7451447248458862,,40.21656036376953
,2790,,,,,,,,,,1595.1839599609375,,25.181785583496094,,0.7304173707962036,,39.939754486083984
,2791,,,,,,,,,,2155.108154296875,,30.12694549560547,,0.6526862382888794,,46.42314147949219
,2792,,,,,,,,,,1681.32275390625,,25.08481216430664,,0.7318500876426697,,41.003936767578125
,2793,,,,,,,,,,1739.9547119140625,,27.4444637298584,,0.7273175716400146,,41.712764739990234
,2794,,,,,,,,,,1959.5155029296875,,29.624629974365234,,0.6914597749710083,,44.266414642333984
,2795,,,,,,,,,,3145.498046875,,40.79080581665039,,0.5884361267089844,,56.084739685058594
,2796,,,,,,,,,,2447.796142578125,,32.99452209472656,,0.672114372253418,,49.4752082824707
,2797,,,,,,,,,,2587.714111328125,,33.22556686401367,,0.6530410051345825,,50.86957931518555
,2798,,,,,,,,,,1078.903564453125,,17.09526252746582,,0.7435861825942993,,32.8466682434082
,2799,,,,,,,,,,2376.155517578125,,32.81096267700195,,0.6742194890975952,,48.745826721191406
,2800,,,,,,,,,,1828.2177734375,,29.196264266967773,,0.6910604238510132,,42.75766372680664
,2801,,,,,,,,,,2394.60693359375,,29.382797241210938,,0.6875713467597961,,48.934722900390625
,2802,,,,,,,,,,1870.0811767578125,,26.55103302001953,,0.6660204529762268,,43.24443435668945
,2803,,,,,,,,,,2072.69970703125,,30.022741317749023,,0.6593759655952454,,45.526912689208984
,2804,,,,,,,,,,1790.858154296875,,26.060100555419922,,0.7223270535469055,,42.31853103637695
,2805,,,,,,,,,,1973.24560546875,,26.573850631713867,,0.7302854657173157,,44.42123031616211
,2806,,,,,,,,,,2807.1474609375,,32.807430267333984,,0.6597096920013428,,52.982521057128906
,2807,,,,,,,,,,1921.69580078125,,26.766881942749023,,0.6450455188751221,,43.83715057373047
,2808,,,,,,,,,,2744.324462890625,,32.70112609863281,,0.5638682842254639,,52.38630294799805
,2809,,,,,,,,,,1915.5609130859375,,28.161590576171875,,0.6299761533737183,,43.76712417602539
,2810,,,,,,,,,,2259.501953125,,29.826669692993164,,0.7018294334411621,,47.534217834472656
,2811,,,,,,,,,,1979.65625,,26.122947692871094,,0.7152138948440552,,44.49332809448242
,2812,,,,,,,,,,2162.4609375,,32.6710205078125,,0.6653114557266235,,46.50226974487305
,2813,,,,,,,,,,2095.0283203125,,29.727859497070312,,0.6383851170539856,,45.771480560302734
,2814,,,,,,,,,,1928.609375,,26.167444229125977,,0.6714277267456055,,43.91593551635742
,2815,,,,,,,,,,2622.46533203125,,33.240814208984375,,0.6496529579162598,,51.21001052856445
,2816,,,,,,,,,,2065.184326171875,,28.08612823486328,,0.6454958915710449,,45.444297790527344
,2817,,,,,,,,,,2319.198974609375,,31.153121948242188,,0.6874122619628906,,48.15806198120117
,2818,,,,,,,,,,1791.5865478515625,,26.804996490478516,,0.6922504901885986,,42.3271369934082
,2819,,,,,,,,,,1977.3515625,,30.05084228515625,,0.6579728722572327,,44.46742248535156
,2820,,,,,,,,,,2350.56982421875,,33.51393508911133,,0.6716830730438232,,48.48267364501953
,2821,,,,,,,,,,2718.08935546875,,36.49751281738281,,0.6323055028915405,,52.13529968261719
,2822,,,,,,,,,,1918.518310546875,,26.348731994628906,,0.6657066941261292,,43.8008918762207
,2823,,,,,,,,,,2100.826171875,,29.859704971313477,,0.7541811466217041,,45.83477020263672
,2824,,,,,,,,,,2764.01025390625,,36.30003356933594,,0.5680564045906067,,52.573856353759766
,2825,,,,,,,,,,2222.4287109375,,29.265342712402344,,0.7056589126586914,,47.142642974853516
,2826,,,,,,,,,,2447.322265625,,32.446258544921875,,0.6866334676742554,,49.47041702270508
,2827,,,,,,,,,,1980.0611572265625,,30.37979507446289,,0.663692831993103,,44.49787521362305
,2828,,,,,,,,,,2590.07275390625,,35.30485916137695,,0.5467522144317627,,50.892757415771484
,2829,,,,,,,,,,2041.70361328125,,27.67778205871582,,0.7147617936134338,,45.18521499633789
,2830,,,,,,,,,,2310.203125,,30.047256469726562,,0.6227864027023315,,48.064571380615234
,2831,,,,,,,,,,1615.9010009765625,,26.548294067382812,,0.7399885654449463,,40.198272705078125
,2832,,,,,,,,,,1566.616943359375,,24.749948501586914,,0.7408362627029419,,39.58051300048828
,2833,,,,,,,,,,2166.262939453125,,30.887224197387695,,0.6774938106536865,,46.543128967285156
,2834,,,,,,,,,,2205.22998046875,,32.00461959838867,,0.6496727466583252,,46.959877014160156
,2835,,,,,,,,,,2379.8271484375,,32.42900466918945,,0.6402839422225952,,48.78347396850586
,2836,,,,,,,,,,2246.0234375,,30.383872985839844,,0.7105146646499634,,47.39223098754883
,2837,,,,,,,,,,1783.129150390625,,26.515125274658203,,0.7188698053359985,,42.227115631103516
,2838,,,,,,,,,,2201.80517578125,,32.197452545166016,,0.6461700201034546,,46.92339324951172
,2839,,,,,,,,,,1784.9176025390625,,26.977384567260742,,0.7439910173416138,,42.24828338623047
,2840,,,,,,,,,,1895.6373291015625,,27.19374656677246,,0.6557791233062744,,43.538917541503906
,2841,,,,,,,,,,2090.51806640625,,31.205795288085938,,0.6408954858779907,,45.72218322753906
,2842,,,,,,,,,,1852.933837890625,,27.237194061279297,,0.7408499717712402,,43.04571533203125
,2843,,,,,,,,,,2362.989501953125,,31.12429428100586,,0.6593344211578369,,48.610591888427734
,2844,,,,,,,,,,3580.763916015625,,42.7318000793457,,0.5864552855491638,,59.83948516845703
,2845,,,,,,,,,,2784.468994140625,,36.413787841796875,,0.572856068611145,,52.768070220947266
,2846,,,,,,,,,,2311.274658203125,,31.884550094604492,,0.6652350425720215,,48.075714111328125
,2847,,,,,,,,,,1981.1533203125,,27.713911056518555,,0.7080219984054565,,44.51014709472656
,2848,,,,,,,,,,3155.867919921875,,40.923545837402344,,0.5696127414703369,,56.1771125793457
,2849,,,,,,,,,,2167.571533203125,,28.880460739135742,,0.6679908037185669,,46.557186126708984
,2850,,,,,,,,,,2142.172119140625,,29.66697120666504,,0.6370326280593872,,46.28360366821289
,2851,,,,,,,,,,1911.510986328125,,28.274497985839844,,0.6255530118942261,,43.72083282470703
,2852,,,,,,,,,,2539.469970703125,,34.80651092529297,,0.5831694602966309,,50.39315414428711
,2853,,,,,,,,,,2084.679931640625,,28.127201080322266,,0.6859689354896545,,45.658294677734375
,2854,,,,,,,,,,2048.233642578125,,29.108938217163086,,0.6940222382545471,,45.257415771484375
,2855,,,,,,,,,,1719.4134521484375,,26.723575592041016,,0.6956249475479126,,41.46581268310547
,2856,,,,,,,,,,1766.9854736328125,,24.356735229492188,,0.69901442527771,,42.035526275634766
,2857,,,,,,,,,,2704.45654296875,,35.0769157409668,,0.5951725244522095,,52.00438690185547
,2858,,,,,,,,,,2114.43017578125,,29.816347122192383,,0.6742715835571289,,45.982933044433594
,2859,,,,,,,,,,2356.221435546875,,32.062931060791016,,0.6679033637046814,,48.540924072265625
,2860,,,,,,,,,,2266.3994140625,,32.19131851196289,,0.6740834712982178,,47.60671615600586
,2861,,,,,,,,,,1752.999267578125,,24.880237579345703,,0.681340217590332,,41.86883544921875
,2862,,,,,,,,,,1829.9144287109375,,26.29153060913086,,0.6973038911819458,,42.777496337890625
,2863,,,,,,,,,,1795.1881103515625,,23.555057525634766,,0.6759140491485596,,42.369659423828125
,2864,,,,,,,,,,2129.171630859375,,30.997299194335938,,0.69990074634552,,46.1429443359375
,2865,,,,,,,,,,2368.53515625,,32.472042083740234,,0.6523798108100891,,48.667598724365234
,2866,,,,,,,,,,2281.254638671875,,30.44892692565918,,0.6864493489265442,,47.762481689453125
,2867,,,,,,,,,,2269.47998046875,,31.429203033447266,,0.6494127511978149,,47.639060974121094
,2868,,,,,,,,,,1659.7666015625,,24.42630386352539,,0.7080509662628174,,40.740234375
,2869,,,,,,,,,,2198.491943359375,,30.04047966003418,,0.6912192106246948,,46.88808059692383
,2870,,,,,,,,,,2252.948486328125,,32.5151481628418,,0.6817569732666016,,47.465232849121094
,2871,,,,,,,,,,2296.5693359375,,31.42441749572754,,0.6535061597824097,,47.92253494262695
,2872,,,,,,,,,,2136.796875,,29.86581802368164,,0.6759161949157715,,46.225502014160156
,2873,,,,,,,,,,2569.394775390625,,36.3702392578125,,0.5747625231742859,,50.6891975402832
,2874,,,,,,,,,,1638.8690185546875,,23.4041805267334,,0.7091848254203796,,40.482948303222656
,2875,,,,,,,,,,2503.267578125,,31.350231170654297,,0.5995466113090515,,50.03266525268555
,2876,,,,,,,,,,1652.1448974609375,,25.034944534301758,,0.6258772611618042,,40.646583557128906
,2877,,,,,,,,,,1809.47314453125,,26.68722152709961,,0.7138405442237854,,42.53790283203125
,2878,,,,,,,,,,2426.234375,,32.874874114990234,,0.6899532675743103,,49.25682067871094
,2879,,,,,,,,,,2408.891845703125,,33.94131088256836,,0.640942394733429,,49.08045959472656
,2880,,,,,,,,,,1546.53173828125,,21.183286666870117,,0.642642080783844,,39.32596969604492
,2881,,,,,,,,,,2496.810546875,,34.44160842895508,,0.6105368137359619,,49.96809387207031
,2882,,,,,,,,,,2509.12353515625,,35.478294372558594,,0.5669469833374023,,50.09115219116211
,2883,,,,,,,,,,2275.028564453125,,32.641845703125,,0.6772960424423218,,47.69725799560547
,2884,,,,,,,,,,2044.8026123046875,,31.654640197753906,,0.6886500120162964,,45.2194938659668
,2885,,,,,,,,,,2499.411865234375,,33.262298583984375,,0.6412858963012695,,49.994117736816406
,2886,,,,,,,,,,1563.6636962890625,,24.2970027923584,,0.6523517370223999,,39.54318618774414
,2887,,,,,,,,,,2329.012451171875,,27.790760040283203,,0.7157962322235107,,48.25984191894531
,2888,,,,,,,,,,2182.0966796875,,31.782812118530273,,0.6428587436676025,,46.71291732788086
,2889,,,,,,,,,,2163.60205078125,,29.53059196472168,,0.6707194447517395,,46.5145378112793
,2890,,,,,,,,,,1937.5272216796875,,27.249229431152344,,0.6709377765655518,,44.01735305786133
,2891,,,,,,,,,,2177.716552734375,,29.872385025024414,,0.7001867294311523,,46.666011810302734
,2892,,,,,,,,,,2261.783203125,,29.88823699951172,,0.6397593021392822,,47.55820846557617
,2893,,,,,,,,,,2333.469482421875,,31.407865524291992,,0.6465997695922852,,48.305999755859375
,2894,,,,,,,,,,1790.2664794921875,,26.606353759765625,,0.7454773783683777,,42.31154251098633
,2895,,,,,,,,,,2031.6092529296875,,26.880577087402344,,0.6280557513237,,45.0733757019043
,2896,,,,,,,,,,1778.6651611328125,,25.969276428222656,,0.7125848531723022,,42.17422103881836
,2897,,,,,,,,,,2138.5908203125,,30.272933959960938,,0.6418328881263733,,46.24489974975586
,2898,,,,,,,,,,1771.2825927734375,,23.826597213745117,,0.7263363599777222,,42.08660888671875
,2899,,,,,,,,,,2430.05419921875,,34.522708892822266,,0.6736896634101868,,49.29557800292969
,2900,,,,,,,,,,2446.475830078125,,33.85552215576172,,0.6392316818237305,,49.46186065673828
,2901,,,,,,,,,,1541.3109130859375,,22.816598892211914,,0.754761278629303,,39.2595329284668
,2902,,,,,,,,,,1741.3828125,,25.338809967041016,,0.6779475212097168,,41.729881286621094
,2903,,,,,,,,,,2982.362548828125,,38.045082092285156,,0.6067662239074707,,54.61100769042969
,2904,,,,,,,,,,1833.840087890625,,26.06203269958496,,0.6880477070808411,,42.823360443115234
,2905,,,,,,,,,,1859.9130859375,,26.313135147094727,,0.7426588535308838,,43.126708984375
,2906,,,,,,,,,,2506.199951171875,,32.41671371459961,,0.6092498302459717,,50.06196212768555
,2907,,,,,,,,,,2515.215576171875,,35.24399948120117,,0.5755963325500488,,50.15192413330078
,2908,,,,,,,,,,3007.970947265625,,38.180213928222656,,0.628765344619751,,54.844970703125
,2909,,,,,,,,,,1843.834716796875,,28.968759536743164,,0.6959512233734131,,42.93989944458008
,2910,,,,,,,,,,2749.94775390625,,36.26061248779297,,0.6992784738540649,,52.439945220947266
,2911,,,,,,,,,,1411.253173828125,,22.664831161499023,,0.7780311107635498,,37.566650390625
,2912,,,,,,,,,,1756.8114013671875,,24.764381408691406,,0.6953940391540527,,41.91433334350586
,2913,,,,,,,,,,2073.488525390625,,28.492332458496094,,0.651416003704071,,45.53557586669922
,2914,,,,,,,,,,2501.34228515625,,32.41164779663086,,0.6272157430648804,,50.01342010498047
,2915,,,,,,,,,,2703.217041015625,,36.82286834716797,,0.600675106048584,,51.992469787597656
,2916,,,,,,,,,,2767.013671875,,34.062076568603516,,0.6365737318992615,,52.602413177490234
,2917,,,,,,,,,,2384.593994140625,,32.33079147338867,,0.6377472281455994,,48.832305908203125
,2918,,,,,,,,,,2447.906005859375,,29.7879581451416,,0.6642112731933594,,49.476318359375
,2919,,,,,,,,,,2010.404052734375,,29.898723602294922,,0.6925956606864929,,44.837528228759766
,2920,,,,,,,,,,2819.30810546875,,35.74415588378906,,0.6424721479415894,,53.0971565246582
,2921,,,,,,,,,,2112.339599609375,,27.149398803710938,,0.7108566761016846,,45.96019744873047
,2922,,,,,,,,,,2063.03271484375,,29.178659439086914,,0.6818850040435791,,45.42061996459961
,2923,,,,,,,,,,2241.394775390625,,31.84961700439453,,0.6515361070632935,,47.3433723449707
,2924,,,,,,,,,,2073.970703125,,28.426259994506836,,0.7158210277557373,,45.54086685180664
,2925,,,,,,,,,,1522.867431640625,,20.329694747924805,,0.7528150081634521,,39.02393341064453
18,8777,,,,,,,,,2153.1953125,,29.849245071411133,,0.6692164540290833,,46.21036148071289,
18,8777,2154.158935546875,,29.431324005126953,,0.6736441254615784,,46.19520568847656,,,,,,,,,
19,8799,,2499.657958984375,,34.1370735168457,,0.624345064163208,,49.996578216552734,,,,,,,,
19,8849,,1816.6201171875,,28.477270126342773,,0.6354596018791199,,42.621826171875,,,,,,,,
19,8899,,1799.11669921875,,25.229591369628906,,0.6713640093803406,,42.41599655151367,,,,,,,,
19,8949,,2657.43896484375,,31.34780502319336,,0.6390175819396973,,51.55035400390625,,,,,,,,
19,8999,,2506.479736328125,,32.164424896240234,,0.568722665309906,,50.064754486083984,,,,,,,,
19,9049,,1854.5263671875,,26.56000518798828,,0.7171285152435303,,43.064212799072266,,,,,,,,
19,9099,,2157.501708984375,,29.339488983154297,,0.7111954092979431,,46.448917388916016,,,,,,,,
19,9149,,1691.5228271484375,,25.34684944152832,,0.7119210958480835,,41.12812423706055,,,,,,,,
19,9199,,1835.2392578125,,25.713346481323242,,0.7372007966041565,,42.83969497680664,,,,,,,,
,2926,,,,,,,,,,1975.661376953125,,27.778236389160156,,0.7151230573654175,,44.44841384887695
,2927,,,,,,,,,,1558.4464111328125,,24.1545352935791,,0.7222616672515869,,39.4771614074707
,2928,,,,,,,,,,1897.080322265625,,27.773244857788086,,0.711234450340271,,43.555484771728516
,2929,,,,,,,,,,2780.061767578125,,36.21077346801758,,0.6642283797264099,,52.72629165649414
,2930,,,,,,,,,,1889.9678955078125,,26.638891220092773,,0.696886420249939,,43.47376251220703
,2931,,,,,,,,,,2097.760009765625,,30.11528778076172,,0.6459461450576782,,45.801307678222656
,2932,,,,,,,,,,1686.154052734375,,24.78496551513672,,0.6894538998603821,,41.062808990478516
,2933,,,,,,,,,,2702.675048828125,,33.288761138916016,,0.680574893951416,,51.98725891113281
,2934,,,,,,,,,,2681.538818359375,,37.43385696411133,,0.5937797427177429,,51.7835807800293
,2935,,,,,,,,,,1712.1763916015625,,26.78205108642578,,0.6447376012802124,,41.37845230102539
,2936,,,,,,,,,,1849.3162841796875,,23.74681282043457,,0.6655972003936768,,43.00367736816406
,2937,,,,,,,,,,2170.683349609375,,31.464130401611328,,0.6798471212387085,,46.59059143066406
,2938,,,,,,,,,,2162.21142578125,,30.034488677978516,,0.6345440745353699,,46.49958801269531
,2939,,,,,,,,,,1965.139404296875,,28.347187042236328,,0.695959210395813,,44.32989501953125
,2940,,,,,,,,,,1726.7252197265625,,23.484981536865234,,0.6723364591598511,,41.55388259887695
,2941,,,,,,,,,,2825.568359375,,36.1151008605957,,0.601788341999054,,53.15607452392578
,2942,,,,,,,,,,1496.7474365234375,,22.901987075805664,,0.7215485572814941,,38.68782043457031
,2943,,,,,,,,,,1718.00732421875,,23.707984924316406,,0.7292872667312622,,41.448848724365234
,2944,,,,,,,,,,1540.159423828125,,24.201635360717773,,0.7397164106369019,,39.24486541748047
,2945,,,,,,,,,,2157.345458984375,,29.673728942871094,,0.6523257493972778,,46.44723129272461
,2946,,,,,,,,,,1545.5791015625,,23.70392417907715,,0.7534995079040527,,39.3138542175293
,2947,,,,,,,,,,1902.7913818359375,,27.89016342163086,,0.7017982006072998,,43.62099838256836
,2948,,,,,,,,,,1958.7069091796875,,29.163766860961914,,0.6915870308876038,,44.25728225708008
,2949,,,,,,,,,,3026.349853515625,,39.53683090209961,,0.6040257811546326,,55.012271881103516
,2950,,,,,,,,,,2622.220458984375,,34.15758514404297,,0.6487500667572021,,51.207618713378906
,2951,,,,,,,,,,2610.228759765625,,33.349205017089844,,0.6500222682952881,,51.090396881103516
,2952,,,,,,,,,,1091.874755859375,,17.431001663208008,,0.7405034303665161,,33.04352951049805
,2953,,,,,,,,,,2419.071533203125,,33.025604248046875,,0.6683355569839478,,49.184059143066406
,2954,,,,,,,,,,1954.34619140625,,29.767026901245117,,0.6697467565536499,,44.20798873901367
,2955,,,,,,,,,,2529.921875,,29.98763656616211,,0.669916570186615,,50.2983283996582
,2956,,,,,,,,,,1978.0001220703125,,27.067049026489258,,0.6467471122741699,,44.47471618652344
,2957,,,,,,,,,,2060.05224609375,,29.646011352539062,,0.661454439163208,,45.38779830932617
,2958,,,,,,,,,,1824.068115234375,,25.77926254272461,,0.7171778678894043,,42.709110260009766
,2959,,,,,,,,,,2051.65869140625,,27.021089553833008,,0.7195675373077393,,45.29523849487305
,2960,,,,,,,,,,2854.7138671875,,32.37794876098633,,0.6539435386657715,,53.42952346801758
,2961,,,,,,,,,,1851.6602783203125,,25.91839027404785,,0.6579817533493042,,43.030921936035156
,2962,,,,,,,,,,3194.561279296875,,33.42436599731445,,0.4923160672187805,,56.520450592041016
,2963,,,,,,,,,,1837.3038330078125,,27.49745750427246,,0.6450929045677185,,42.8637809753418
,2964,,,,,,,,,,2197.279541015625,,29.424697875976562,,0.7100404500961304,,46.87514877319336
,2965,,,,,,,,,,1881.6864013671875,,25.32987403869629,,0.7293075323104858,,43.37841033935547
,2966,,,,,,,,,,2056.266357421875,,30.81539535522461,,0.6817474365234375,,45.346073150634766
,2967,,,,,,,,,,1982.5126953125,,28.255468368530273,,0.6578060388565063,,44.52541732788086
,2968,,,,,,,,,,1933.11767578125,,26.247838973999023,,0.670659601688385,,43.96723556518555
,2969,,,,,,,,,,2749.292724609375,,34.16059112548828,,0.6327095031738281,,52.43369674682617
,2970,,,,,,,,,,2076.10791015625,,28.365251541137695,,0.6436207890510559,,45.564327239990234
,2971,,,,,,,,,,2335.8896484375,,31.07233238220215,,0.6851626634597778,,48.3310432434082
,2972,,,,,,,,,,1753.713623046875,,26.11357879638672,,0.6987560987472534,,41.87736511230469
,2973,,,,,,,,,,2008.0909423828125,,30.035572052001953,,0.652655839920044,,44.811729431152344
,2974,,,,,,,,,,2525.500732421875,,34.53011703491211,,0.6472495794296265,,50.25436019897461
,2975,,,,,,,,,,2634.074462890625,,35.97511291503906,,0.6436707973480225,,51.32323455810547
,2976,,,,,,,,,,1959.182861328125,,26.310571670532227,,0.658621072769165,,44.262657165527344
,2977,,,,,,,,,,2227.341064453125,,30.72524070739746,,0.7393776178359985,,47.1947135925293
,2978,,,,,,,,,,2885.427734375,,36.52422332763672,,0.5490819811820984,,53.71617889404297
,2979,,,,,,,,,,2346.3701171875,,29.92467498779297,,0.6892439126968384,,48.43934631347656
,2980,,,,,,,,,,2535.5908203125,,32.43033218383789,,0.6753312349319458,,50.35464859008789
,2981,,,,,,,,,,1938.17626953125,,29.752145767211914,,0.6708068251609802,,44.024723052978516
,2982,,,,,,,,,,2367.302490234375,,33.59080123901367,,0.5857356786727905,,48.654930114746094
,2983,,,,,,,,,,2147.53173828125,,28.294321060180664,,0.6999769806861877,,46.341468811035156
,2984,,,,,,,,,,2291.388916015625,,29.576921463012695,,0.6258584260940552,,47.86845779418945
,2985,,,,,,,,,,1712.0230712890625,,27.2962646484375,,0.7245217561721802,,41.37660217285156
,2986,,,,,,,,,,1510.175048828125,,23.608354568481445,,0.7501733899116516,,38.86096954345703
,2987,,,,,,,,,,2207.23193359375,,30.6568603515625,,0.6713944673538208,,46.98118591308594
,2988,,,,,,,,,,2185.56396484375,,31.284719467163086,,0.6527968645095825,,46.75001525878906
,2989,,,,,,,,,,2251.72705078125,,31.845897674560547,,0.6596465706825256,,47.45236587524414
,2990,,,,,,,,,,2430.407470703125,,31.558738708496094,,0.6867498159408569,,49.299163818359375
,2991,,,,,,,,,,1725.9412841796875,,25.926071166992188,,0.7278861403465271,,41.54444885253906
,2992,,,,,,,,,,2281.035888671875,,31.85004997253418,,0.6334376335144043,,47.760189056396484
,2993,,,,,,,,,,1884.332275390625,,27.424856185913086,,0.7297320365905762,,43.40889358520508
,2994,,,,,,,,,,2038.464599609375,,27.492454528808594,,0.6298436522483826,,45.14936065673828
,2995,,,,,,,,,,2035.4755859375,,29.861696243286133,,0.6503505706787109,,45.11624526977539
,2996,,,,,,,,,,1896.0888671875,,27.579439163208008,,0.7348142862319946,,43.54410171508789
,2997,,,,,,,,,,2299.553955078125,,29.92349624633789,,0.6684796810150146,,47.95366668701172
,2998,,,,,,,,,,3809.27587890625,,43.50625991821289,,0.5600643157958984,,61.719329833984375
,2999,,,,,,,,,,2800.61767578125,,35.81496047973633,,0.5703788995742798,,52.92086410522461
,3000,,,,,,,,,,2384.6396484375,,32.575138092041016,,0.6546087861061096,,48.83277130126953
,3001,,,,,,,,,,1972.2318115234375,,27.228290557861328,,0.7093368172645569,,44.40981674194336
,3002,,,,,,,,,,3458.2900390625,,41.48091125488281,,0.5283694267272949,,58.80722427368164
,3003,,,,,,,,,,2159.416259765625,,27.971900939941406,,0.6692399382591248,,46.469520568847656
,3004,,,,,,,,,,2166.383056640625,,29.543468475341797,,0.632930338382721,,46.5444221496582
,3005,,,,,,,,,,1874.940673828125,,27.980667114257812,,0.6327167749404907,,43.30058670043945
,3006,,,,,,,,,,2535.600830078125,,34.08118438720703,,0.5838045477867126,,50.35475158691406
,3007,,,,,,,,,,2105.9599609375,,28.54366111755371,,0.6827633380889893,,45.8907356262207
,3008,,,,,,,,,,1991.7098388671875,,28.491470336914062,,0.7024661302566528,,44.628578186035156
,3009,,,,,,,,,,1754.059814453125,,27.019927978515625,,0.6894917488098145,,41.88149642944336
,3010,,,,,,,,,,1739.353759765625,,24.105484008789062,,0.7037211060523987,,41.705562591552734
,3011,,,,,,,,,,2627.34423828125,,34.10004425048828,,0.6067153215408325,,51.257625579833984
,3012,,,,,,,,,,2156.377197265625,,29.943822860717773,,0.6678097248077393,,46.43680953979492
,3013,,,,,,,,,,2392.787841796875,,32.10203170776367,,0.6627495288848877,,48.91613006591797
,3014,,,,,,,,,,2371.031494140625,,32.53862380981445,,0.6590369939804077,,48.6932373046875
,3015,,,,,,,,,,1713.6143798828125,,24.749366760253906,,0.6884995698928833,,41.39582443237305
,3016,,,,,,,,,,1842.661376953125,,26.19394874572754,,0.6951953172683716,,42.926231384277344
,3017,,,,,,,,,,1999.2216796875,,24.935373306274414,,0.6390798091888428,,44.7126579284668
,3018,,,,,,,,,,2192.011474609375,,31.29560089111328,,0.6910436749458313,,46.81892013549805
,3019,,,,,,,,,,2464.169921875,,33.46874237060547,,0.638343870639801,,49.64040756225586
,3020,,,,,,,,,,2365.229736328125,,30.494367599487305,,0.6749072670936584,,48.633628845214844
,3021,,,,,,,,,,2316.509765625,,31.394428253173828,,0.6421476602554321,,48.13013458251953
,3022,,,,,,,,,,1622.121826171875,,23.762027740478516,,0.7146726250648499,,40.27557373046875
,3023,,,,,,,,,,2265.06591796875,,30.204238891601562,,0.6818687915802002,,47.592708587646484
,3024,,,,,,,,,,2453.321044921875,,33.75782012939453,,0.6534531116485596,,49.531009674072266
,3025,,,,,,,,,,2273.267578125,,31.1832275390625,,0.6570217609405518,,47.67879867553711
,3026,,,,,,,,,,2277.45068359375,,30.52816390991211,,0.6545834541320801,,47.7226448059082
,3027,,,,,,,,,,2531.707763671875,,35.57126235961914,,0.5809997320175171,,50.316078186035156
,3028,,,,,,,,,,1614.8397216796875,,23.306201934814453,,0.7134488224983215,,40.18506622314453
,3029,,,,,,,,,,2432.143798828125,,30.15932273864746,,0.610924482345581,,49.316768646240234
,3030,,,,,,,,,,1570.1700439453125,,23.973535537719727,,0.6444401741027832,,39.625370025634766
,3031,,,,,,,,,,1839.415283203125,,25.904775619506836,,0.709105372428894,,42.888404846191406
,3032,,,,,,,,,,2477.25048828125,,32.829444885253906,,0.6834339499473572,,49.7719841003418
,3033,,,,,,,,,,2368.243408203125,,33.69757843017578,,0.6470012664794922,,48.66460037231445
,3034,,,,,,,,,,1533.1279296875,,20.929523468017578,,0.6457393169403076,,39.15517807006836
,3035,,,,,,,,,,2717.88720703125,,35.26720428466797,,0.5760523080825806,,52.133358001708984
,3036,,,,,,,,,,2535.65869140625,,35.34516906738281,,0.56236732006073,,50.355323791503906
,3037,,,,,,,,,,2235.1923828125,,31.99274253845215,,0.6829466819763184,,47.2778205871582
,3038,,,,,,,,,,2087.271240234375,,32.78308868408203,,0.682183563709259,,45.68666458129883
,3039,,,,,,,,,,2470.7734375,,32.224571228027344,,0.6453959941864014,,49.70687484741211
,3040,,,,,,,,,,1522.5037841796875,,24.100772857666016,,0.6615028381347656,,39.0192756652832
,3041,,,,,,,,,,2455.14697265625,,28.523164749145508,,0.7004042863845825,,49.5494384765625
,3042,,,,,,,,,,2185.05908203125,,31.304513931274414,,0.6423739194869995,,46.7446174621582
,3043,,,,,,,,,,2141.869873046875,,29.764753341674805,,0.6740268468856812,,46.280338287353516
,3044,,,,,,,,,,2032.574951171875,,27.69884490966797,,0.6547951698303223,,45.08408737182617
,3045,,,,,,,,,,2207.043212890625,,30.2653865814209,,0.6961492896080017,,46.97917556762695
,3046,,,,,,,,,,2411.234375,,31.007808685302734,,0.6159557700157166,,49.10432052612305
,3047,,,,,,,,,,2507.4951171875,,31.920610427856445,,0.6202439069747925,,50.074893951416016
,3048,,,,,,,,,,1856.7178955078125,,26.7432861328125,,0.7360299825668335,,43.08964920043945
,3049,,,,,,,,,,2212.359619140625,,27.6629638671875,,0.5949642658233643,,47.035728454589844
,3050,,,,,,,,,,1822.720947265625,,26.036949157714844,,0.7054659128189087,,42.693336486816406
,3051,,,,,,,,,,2001.5462646484375,,28.747522354125977,,0.664784848690033,,44.738643646240234
,3052,,,,,,,,,,1770.1353759765625,,23.087953567504883,,0.7265136241912842,,42.072975158691406
,3053,,,,,,,,,,2534.726806640625,,35.5361442565918,,0.6596341133117676,,50.3460693359375
,3054,,,,,,,,,,2366.460205078125,,32.213680267333984,,0.6510311365127563,,48.646278381347656
,3055,,,,,,,,,,1540.2459716796875,,22.715456008911133,,0.7549307346343994,,39.245967864990234
,3056,,,,,,,,,,1776.5091552734375,,25.559110641479492,,0.671451210975647,,42.148658752441406
,3057,,,,,,,,,,3023.965087890625,,38.34516906738281,,0.6012808084487915,,54.9905891418457
,3058,,,,,,,,,,1881.20263671875,,26.161083221435547,,0.6799908876419067,,43.372833251953125
,3059,,,,,,,,,,1843.82373046875,,26.25962257385254,,0.7448850870132446,,42.93976593017578
,3060,,,,,,,,,,2551.548583984375,,32.23336410522461,,0.6021793484687805,,50.512855529785156
,3061,,,,,,,,,,2307.13671875,,32.9959831237793,,0.6107064485549927,,48.03266143798828
,3062,,,,,,,,,,3007.792236328125,,37.69617462158203,,0.6287874579429626,,54.84334182739258
,3063,,,,,,,,,,1800.3665771484375,,27.921859741210938,,0.7031190991401672,,42.43072509765625
,3064,,,,,,,,,,2879.158203125,,36.493934631347656,,0.6851485967636108,,53.65779113769531
,3065,,,,,,,,,,1445.8048095703125,,22.437076568603516,,0.7725966572761536,,38.023738861083984
,3066,,,,,,,,,,1828.5616455078125,,24.830150604248047,,0.6829535365104675,,42.76168441772461
,3067,,,,,,,,,,2093.514404296875,,28.802112579345703,,0.6480493545532227,,45.754940032958984
,3068,,,,,,,,,,2453.923828125,,31.542280197143555,,0.6342827081680298,,49.53709411621094
,3069,,,,,,,,,,2650.66552734375,,36.29275131225586,,0.6084381341934204,,51.484615325927734
,3070,,,,,,,,,,2923.43896484375,,35.725494384765625,,0.6160284280776978,,54.0688362121582
,3071,,,,,,,,,,2358.448974609375,,31.175586700439453,,0.6417190432548523,,48.56386184692383
,3072,,,,,,,,,,2642.918701171875,,30.727964401245117,,0.6374607086181641,,51.409324645996094
,3073,,,,,,,,,,2028.6507568359375,,30.23692512512207,,0.6898056268692017,,45.04054260253906
,3074,,,,,,,,,,2817.803466796875,,35.623382568359375,,0.6426629424095154,,53.082984924316406
,3075,,,,,,,,,,2120.910400390625,,27.272733688354492,,0.7096834778785706,,46.0533447265625
,3076,,,,,,,,,,2010.53076171875,,28.332427978515625,,0.689980685710907,,44.83893966674805
,3077,,,,,,,,,,2165.421630859375,,30.61536407470703,,0.6633474230766296,,46.53409194946289
,3078,,,,,,,,,,2191.912109375,,29.287378311157227,,0.6996605396270752,,46.8178596496582
,3079,,,,,,,,,,1589.7313232421875,,19.936552047729492,,0.7419619560241699,,39.87143325805664
19,9239,,,,,,,,,2180.54541015625,,29.729942321777344,,0.665544331073761,,46.483055114746094,
19,9239,2173.749267578125,,29.61742401123047,,0.670509934425354,,46.39516830444336,,,,,,,,,
20,9249,,2079.5537109375,,30.46849822998047,,0.6884317398071289,,45.60211944580078,,,,,,,,
20,9299,,2622.240966796875,,33.03095245361328,,0.5938820838928223,,51.207820892333984,,,,,,,,
20,9349,,2544.950927734375,,35.08271026611328,,0.6367884874343872,,50.447505950927734,,,,,,,,
20,9399,,2302.4892578125,,29.80361557006836,,0.5647926330566406,,47.98426055908203,,,,,,,,
20,9449,,1687.564697265625,,24.36188316345215,,0.7386041879653931,,41.079978942871094,,,,,,,,
20,9499,,2564.22021484375,,31.23824691772461,,0.664759635925293,,50.63813400268555,,,,,,,,
20,9549,,2114.81982421875,,30.70567512512207,,0.6559157967567444,,45.9871711730957,,,,,,,,
20,9599,,2720.355712890625,,35.481178283691406,,0.589179277420044,,52.15702819824219,,,,,,,,
20,9649,,1798.5748291015625,,25.95427131652832,,0.7146284580230713,,42.40960693359375,,,,,,,,
20,9699,,2830.70458984375,,30.747379302978516,,0.6873873472213745,,53.20436477661133,,,,,,,,
,3080,,,,,,,,,,1983.4937744140625,,27.159074783325195,,0.7139936685562134,,44.53643035888672
,3081,,,,,,,,,,1588.316650390625,,24.106958389282227,,0.716938316822052,,39.85369110107422
,3082,,,,,,,,,,1829.2928466796875,,26.95234489440918,,0.7215527892112732,,42.770233154296875
,3083,,,,,,,,,,2665.36669921875,,34.51881408691406,,0.6780810356140137,,51.627193450927734
,3084,,,,,,,,,,1862.8778076171875,,26.174896240234375,,0.7012311220169067,,43.161067962646484
,3085,,,,,,,,,,2032.02978515625,,29.073732376098633,,0.6570399403572083,,45.078041076660156
,3086,,,,,,,,,,1626.2537841796875,,23.310382843017578,,0.7004860043525696,,40.326839447021484
,3087,,,,,,,,,,2671.04833984375,,32.080928802490234,,0.6843128204345703,,51.682186126708984
,3088,,,,,,,,,,2641.76171875,,36.8890266418457,,0.599805474281311,,51.398075103759766
,3089,,,,,,,,,,1658.700439453125,,25.39244842529297,,0.6558334231376648,,40.72714614868164
,3090,,,,,,,,,,1830.2977294921875,,23.139177322387695,,0.6690362691879272,,42.781978607177734
,3091,,,,,,,,,,2129.3330078125,,30.72513198852539,,0.6859458684921265,,46.14469528198242
,3092,,,,,,,,,,2194.662353515625,,29.479610443115234,,0.6290592551231384,,46.847225189208984
,3093,,,,,,,,,,1915.27001953125,,27.274009704589844,,0.7036747932434082,,43.763797760009766
,3094,,,,,,,,,,1642.361328125,,22.445737838745117,,0.6883453726768494,,40.52605438232422
,3095,,,,,,,,,,2744.353271484375,,34.85197830200195,,0.6132341027259827,,52.38657760620117
,3096,,,,,,,,,,1418.7313232421875,,21.648399353027344,,0.7360624670982361,,37.66604995727539
,3097,,,,,,,,,,1589.8665771484375,,21.71304702758789,,0.749478816986084,,39.873130798339844
,3098,,,,,,,,,,1546.365478515625,,23.77553367614746,,0.7386676073074341,,39.3238525390625
,3099,,,,,,,,,,2138.65380859375,,29.145023345947266,,0.6553380489349365,,46.245582580566406
,3100,,,,,,,,,,1589.96630859375,,23.546770095825195,,0.7464202642440796,,39.87438201904297
,3101,,,,,,,,,,1762.361572265625,,27.09712028503418,,0.7238060235977173,,41.980491638183594
,3102,,,,,,,,,,1921.13916015625,,28.549606323242188,,0.6975023746490479,,43.83080291748047
,3103,,,,,,,,,,3024.12060546875,,39.156028747558594,,0.6043174266815186,,54.99200439453125
,3104,,,,,,,,,,2498.706298828125,,32.618961334228516,,0.6652949452400208,,49.987060546875
,3105,,,,,,,,,,2542.677490234375,,32.69551086425781,,0.6590794324874878,,50.424964904785156
,3106,,,,,,,,,,1109.02197265625,,16.880468368530273,,0.7364282608032227,,33.30198287963867
,3107,,,,,,,,,,2328.322998046875,,31.537569046020508,,0.6807775497436523,,48.25270080566406
,3108,,,,,,,,,,1851.909912109375,,28.667457580566406,,0.687056839466095,,43.03382110595703
,3109,,,,,,,,,,2392.696533203125,,28.5167179107666,,0.6878206133842468,,48.91519546508789
,3110,,,,,,,,,,1843.3363037109375,,25.324411392211914,,0.6707968711853027,,42.9340934753418
,3111,,,,,,,,,,2040.0648193359375,,28.761817932128906,,0.6647391319274902,,45.167076110839844
,3112,,,,,,,,,,1778.9857177734375,,24.92879867553711,,0.7241678833961487,,42.17802429199219
,3113,,,,,,,,,,1998.098388671875,,26.167633056640625,,0.7268884181976318,,44.70009231567383
,3114,,,,,,,,,,2738.428955078125,,31.426265716552734,,0.6680399179458618,,52.33000183105469
,3115,,,,,,,,,,1855.6876220703125,,25.147367477416992,,0.6572378873825073,,43.077693939208984
,3116,,,,,,,,,,2666.61083984375,,31.482189178466797,,0.5762186646461487,,51.63923645019531
,3117,,,,,,,,,,1828.1795654296875,,26.751996994018555,,0.6468554139137268,,42.75721740722656
,3118,,,,,,,,,,2194.24072265625,,28.45890998840332,,0.7104414701461792,,46.84272384643555
,3119,,,,,,,,,,1892.3907470703125,,24.91705322265625,,0.7277675867080688,,43.501617431640625
,3120,,,,,,,,,,2044.370849609375,,30.947025299072266,,0.6835885047912598,,45.214717864990234
,3121,,,,,,,,,,1981.3626708984375,,28.029924392700195,,0.6580045223236084,,44.51249694824219
,3122,,,,,,,,,,1890.58984375,,25.27601432800293,,0.6779049634933472,,43.48091506958008
,3123,,,,,,,,,,2640.11279296875,,31.916135787963867,,0.647295355796814,,51.38202667236328
,3124,,,,,,,,,,2017.821044921875,,26.89095115661621,,0.6536262035369873,,44.920162200927734
,3125,,,,,,,,,,2294.5126953125,,30.095890045166016,,0.6907395124435425,,47.90107345581055
,3126,,,,,,,,,,1757.9176025390625,,25.834829330444336,,0.6980339288711548,,41.927528381347656
,3127,,,,,,,,,,1944.2861328125,,29.18924331665039,,0.6636922955513,,44.094058990478516
,3128,,,,,,,,,,2372.444091796875,,32.88469696044922,,0.6686277985572815,,48.707740783691406
,3129,,,,,,,,,,2560.29345703125,,34.74887466430664,,0.6536515951156616,,50.599342346191406
,3130,,,,,,,,,,1920.735595703125,,25.390045166015625,,0.6653203368186951,,43.826194763183594
,3131,,,,,,,,,,2072.60595703125,,28.635425567626953,,0.7574832439422607,,45.525882720947266
,3132,,,,,,,,,,2762.291748046875,,35.56869125366211,,0.5683249235153198,,52.55751037597656
,3133,,,,,,,,,,2184.923095703125,,28.487552642822266,,0.7106261849403381,,46.743160247802734
,3134,,,,,,,,,,2424.083740234375,,31.37160301208496,,0.6896090507507324,,49.2349853515625
,3135,,,,,,,,,,1924.9403076171875,,29.485429763793945,,0.6730549335479736,,43.874141693115234
,3136,,,,,,,,,,2433.50048828125,,33.39997100830078,,0.5741513967514038,,49.33052444458008
,3137,,,,,,,,,,2020.8489990234375,,26.831043243408203,,0.7176753282546997,,44.953853607177734
,3138,,,,,,,,,,2302.48828125,,29.1547908782959,,0.6240460872650146,,47.984249114990234
,3139,,,,,,,,,,1591.1942138671875,,25.34693145751953,,0.7439640760421753,,39.88977813720703
,3140,,,,,,,,,,1561.2578125,,23.90810203552246,,0.741722822189331,,39.51275634765625
,3141,,,,,,,,,,2198.0166015625,,30.10405921936035,,0.6727664470672607,,46.88301086425781
,3142,,,,,,,,,,2162.064208984375,,31.01954460144043,,0.6565300822257996,,46.49800109863281
,3143,,,,,,,,,,2273.78466796875,,30.89368438720703,,0.6563125848770142,,47.68421936035156
,3144,,,,,,,,,,2291.89453125,,30.056608200073242,,0.7046024799346924,,47.87373352050781
,3145,,,,,,,,,,1718.3646240234375,,25.21490478515625,,0.7290806770324707,,41.453163146972656
,3146,,,,,,,,,,2202.60986328125,,31.189579010009766,,0.646040678024292,,46.931968688964844
,3147,,,,,,,,,,1762.410400390625,,26.231779098510742,,0.7472192049026489,,41.98107147216797
,3148,,,,,,,,,,1952.9383544921875,,26.546030044555664,,0.645374059677124,,44.19206237792969
,3149,,,,,,,,,,2039.2430419921875,,29.4727783203125,,0.6497033834457397,,45.15797805786133
,3150,,,,,,,,,,1805.311279296875,,25.883142471313477,,0.7475104331970215,,42.48895263671875
,3151,,,,,,,,,,2234.615478515625,,29.231624603271484,,0.6778416633605957,,47.27172088623047
,3152,,,,,,,,,,3640.419921875,,42.155609130859375,,0.5795655846595764,,60.33589172363281
,3153,,,,,,,,,,2772.14404296875,,35.78239440917969,,0.5747467875480652,,52.651153564453125
,3154,,,,,,,,,,2303.62744140625,,31.01975440979004,,0.6663426160812378,,47.99612045288086
,3155,,,,,,,,,,1916.7283935546875,,26.124544143676758,,0.7175167798995972,,43.78045654296875
,3156,,,,,,,,,,3136.736572265625,,39.26274490356445,,0.5722218751907349,,56.00657653808594
,3157,,,,,,,,,,2049.52734375,,27.486997604370117,,0.6860717535018921,,45.271705627441406
,3158,,,,,,,,,,2141.92919921875,,29.019594192504883,,0.6370737552642822,,46.28097915649414
,3159,,,,,,,,,,1945.094970703125,,27.63985824584961,,0.6189742088317871,,44.10322952270508
,3160,,,,,,,,,,2452.593505859375,,33.798851013183594,,0.5974293947219849,,49.52366638183594
,3161,,,,,,,,,,2059.420654296875,,27.431114196777344,,0.6897739171981812,,45.38084030151367
,3162,,,,,,,,,,1984.6063232421875,,27.995067596435547,,0.7035272717475891,,44.548919677734375
,3163,,,,,,,,,,1670.7584228515625,,25.435808181762695,,0.7042379975318909,,40.87491226196289
,3164,,,,,,,,,,1758.985107421875,,23.822582244873047,,0.7003771662712097,,41.94025802612305
,3165,,,,,,,,,,2710.629150390625,,34.37281036376953,,0.5942485332489014,,52.06370162963867
,3166,,,,,,,,,,2069.7373046875,,28.586977005004883,,0.681156575679779,,45.49436569213867
,3167,,,,,,,,,,2285.482177734375,,30.81694793701172,,0.6778736710548401,,47.80672073364258
,3168,,,,,,,,,,2253.8759765625,,31.030231475830078,,0.6758843660354614,,47.47500228881836
,3169,,,,,,,,,,1716.119384765625,,23.869234085083008,,0.6880441904067993,,41.42607116699219
,3170,,,,,,,,,,1781.41357421875,,25.04349136352539,,0.7053266763687134,,42.20679473876953
,3171,,,,,,,,,,1886.1002197265625,,23.533266067504883,,0.6595016717910767,,43.429256439208984
,3172,,,,,,,,,,2054.033203125,,29.757490158081055,,0.7104911804199219,,45.321441650390625
,3173,,,,,,,,,,2344.0556640625,,31.477231979370117,,0.6559725999832153,,48.41544723510742
,3174,,,,,,,,,,2329.766845703125,,29.98196792602539,,0.6797814965248108,,48.26765823364258
,3175,,,,,,,,,,2261.892333984375,,30.620616912841797,,0.650584876537323,,47.559356689453125
,3176,,,,,,,,,,1621.095458984375,,22.897018432617188,,0.7148531675338745,,40.2628288269043
,3177,,,,,,,,,,2203.916015625,,29.17888069152832,,0.6904573440551758,,46.945884704589844
,3178,,,,,,,,,,2260.697021484375,,31.9818172454834,,0.6806625127792358,,47.54678726196289
,3179,,,,,,,,,,2243.321533203125,,30.11246681213379,,0.6615399122238159,,47.36371612548828
,3180,,,,,,,,,,2145.126708984375,,29.19609832763672,,0.6746528148651123,,46.315513610839844
,3181,,,,,,,,,,2473.114013671875,,34.46664047241211,,0.5906971096992493,,49.730411529541016
,3182,,,,,,,,,,1590.25927734375,,22.547225952148438,,0.7178105711936951,,39.878055572509766
,3183,,,,,,,,,,2431.05078125,,29.43229103088379,,0.6110992431640625,,49.305686950683594
,3184,,,,,,,,,,1620.7628173828125,,24.232343673706055,,0.6329836249351501,,40.258697509765625
,3185,,,,,,,,,,1762.0037841796875,,25.574153900146484,,0.7213475704193115,,41.97623062133789
,3186,,,,,,,,,,2359.835205078125,,31.3076229095459,,0.6984384059906006,,48.5781364440918
,3187,,,,,,,,,,2368.2041015625,,33.08782958984375,,0.6470071077346802,,48.6641960144043
,3188,,,,,,,,,,1589.98974609375,,20.682373046875,,0.6326001882553101,,39.87467575073242
,3189,,,,,,,,,,2443.114990234375,,33.12754821777344,,0.6189124584197998,,49.427879333496094
,3190,,,,,,,,,,2457.83837890625,,34.39099884033203,,0.5757983922958374,,49.57659149169922
,3191,,,,,,,,,,2210.2880859375,,31.402667999267578,,0.6864792108535767,,47.013702392578125
,3192,,,,,,,,,,2018.33447265625,,31.01690673828125,,0.6926801204681396,,44.925880432128906
,3193,,,,,,,,,,2433.29296875,,31.80079460144043,,0.6507751941680908,,49.32841873168945
,3194,,,,,,,,,,1534.2305908203125,,23.164844512939453,,0.6588956117630005,,39.16925811767578
,3195,,,,,,,,,,2362.650146484375,,27.32965660095215,,0.7116914987564087,,48.60710144042969
,3196,,,,,,,,,,2137.84814453125,,30.73807716369629,,0.650100827217102,,46.23686981201172
,3197,,,,,,,,,,2158.662841796875,,29.049148559570312,,0.671471118927002,,46.4614143371582
,3198,,,,,,,,,,1934.6180419921875,,26.564180374145508,,0.671431839466095,,43.98429489135742
,3199,,,,,,,,,,2122.283935546875,,28.756559371948242,,0.7078183889389038,,46.0682487487793
,3200,,,,,,,,,,2319.875,,29.777496337890625,,0.6305068731307983,,48.165077209472656
,3201,,,,,,,,,,2383.565185546875,,30.87684440612793,,0.6390129327774048,,48.82176971435547
,3202,,,,,,,,,,1826.162841796875,,25.945337295532227,,0.740373969078064,,42.73362350463867
,3203,,,,,,,,,,2031.303466796875,,26.249713897705078,,0.628111720085144,,45.069984436035156
,3204,,,,,,,,,,1779.095458984375,,25.149232864379883,,0.7125153541564941,,42.179325103759766
,3205,,,,,,,,,,2059.267333984375,,28.740509033203125,,0.6551178097724915,,45.379150390625
,3206,,,,,,,,,,1739.8033447265625,,22.8634033203125,,0.7311999201774597,,41.7109489440918
,3207,,,,,,,,,,2379.97119140625,,33.45871353149414,,0.6804147958755493,,48.784950256347656
,3208,,,,,,,,,,2354.40283203125,,32.18258285522461,,0.652809202671051,,48.52219009399414
,3209,,,,,,,,,,1481.68505859375,,21.509979248046875,,0.7642483711242676,,38.49266052246094
,3210,,,,,,,,,,1755.4259033203125,,25.07858657836914,,0.6753503680229187,,41.897804260253906
,3211,,,,,,,,,,2890.120361328125,,36.94013595581055,,0.6189286708831787,,53.75983810424805
,3212,,,,,,,,,,1835.2689208984375,,25.245080947875977,,0.687804639339447,,42.84003829956055
,3213,,,,,,,,,,1860.7080078125,,25.31304931640625,,0.742548942565918,,43.13592529296875
,3214,,,,,,,,,,2523.48974609375,,31.814523696899414,,0.6065541505813599,,50.23434829711914
,3215,,,,,,,,,,2437.32421875,,33.52246856689453,,0.5887393951416016,,49.3692626953125
,3216,,,,,,,,,,2856.400634765625,,36.374942779541016,,0.6474717259407043,,53.44530487060547
,3217,,,,,,,,,,1790.0806884765625,,27.80171012878418,,0.7048152685165405,,42.30934524536133
,3218,,,,,,,,,,2693.654052734375,,35.01219940185547,,0.7054344415664673,,51.90042495727539
,3219,,,,,,,,,,1391.7891845703125,,21.513269424438477,,0.7810925245285034,,37.30669021606445
,3220,,,,,,,,,,1757.635986328125,,23.821147918701172,,0.6952510476112366,,41.92416763305664
,3221,,,,,,,,,,1985.204345703125,,27.538211822509766,,0.6662578582763672,,44.555633544921875
,3222,,,,,,,,,,2487.0126953125,,31.595775604248047,,0.6293513178825378,,49.869956970214844
,3223,,,,,,,,,,2607.609619140625,,35.352718353271484,,0.6147984266281128,,51.064762115478516
,3224,,,,,,,,,,2760.275146484375,,33.55009460449219,,0.6374588012695312,,52.53832244873047
,3225,,,,,,,,,,2351.15869140625,,30.783334732055664,,0.6428265571594238,,48.488746643066406
,3226,,,,,,,,,,2486.149658203125,,29.170982360839844,,0.6589652895927429,,49.861305236816406
,3227,,,,,,,,,,1976.5477294921875,,29.05946922302246,,0.6977725028991699,,44.45838165283203
,3228,,,,,,,,,,2773.046630859375,,34.53211212158203,,0.6483387351036072,,52.659725189208984
,3229,,,,,,,,,,2069.265869140625,,26.370115280151367,,0.7167527675628662,,45.48918533325195
,3230,,,,,,,,,,2016.8773193359375,,27.768484115600586,,0.6890020370483398,,44.9096565246582
,3231,,,,,,,,,,2164.08056640625,,30.34623908996582,,0.663555920124054,,46.51968002319336
,3232,,,,,,,,,,2135.529296875,,27.738737106323242,,0.7073861360549927,,46.211788177490234
,3233,,,,,,,,,,1552.264404296875,,20.222328186035156,,0.748043417930603,,39.39878845214844
20,9701,,,,,,,,,2120.598876953125,,28.799951553344727,,0.674293577671051,,45.85918426513672,
20,9701,2152.216064453125,,29.31117820739746,,0.674589991569519,,46.159297943115234,,,,,,,,,
21,9749,,2111.247802734375,,28.90953826904297,,0.66120445728302,,45.94831848144531,,,,,,,,
21,9799,,1876.925537109375,,27.50830841064453,,0.6627849340438843,,43.32350158691406,,,,,,,,
21,9849,,2122.277099609375,,30.83258056640625,,0.6792682409286499,,46.068180084228516,,,,,,,,
21,9899,,2050.394287109375,,27.76820182800293,,0.6729643940925598,,45.281280517578125,,,,,,,,
21,9949,,2070.189208984375,,28.59002685546875,,0.6804576516151428,,45.499332427978516,,,,,,,,
21,9999,,1921.2913818359375,,25.087602615356445,,0.7369309663772583,,43.83253860473633,,,,,,,,
21,10049,,1421.8717041015625,,18.762575149536133,,0.7446631193161011,,37.70771408081055,,,,,,,,
21,10099,,1546.872802734375,,23.96864891052246,,0.7456127405166626,,39.33030700683594,,,,,,,,
21,10149,,1679.6864013671875,,24.133573532104492,,0.7277405858039856,,40.98397445678711,,,,,,,,
,3234,,,,,,,,,,1975.5223388671875,,27.48834800720215,,0.715143084526062,,44.44684982299805
,3235,,,,,,,,,,1698.1710205078125,,25.575496673583984,,0.697360634803772,,41.20886993408203
,3236,,,,,,,,,,1878.0042724609375,,28.093730926513672,,0.7141381502151489,,43.33594512939453
,3237,,,,,,,,,,2701.49169921875,,35.10310745239258,,0.6737179756164551,,51.97587585449219
,3238,,,,,,,,,,1824.718017578125,,26.206815719604492,,0.7073512077331543,,42.71671676635742
,3239,,,,,,,,,,2112.94775390625,,29.792560577392578,,0.6433827877044678,,45.96681213378906
,3240,,,,,,,,,,1730.5283203125,,24.98157501220703,,0.681281328201294,,41.5996208190918
,3241,,,,,,,,,,2604.770751953125,,32.145015716552734,,0.6921460628509521,,51.03695297241211
,3242,,,,,,,,,,2682.98095703125,,37.08698272705078,,0.5935612916946411,,51.79750061035156
,3243,,,,,,,,,,1799.35400390625,,27.526748657226562,,0.626649022102356,,42.418792724609375
,3244,,,,,,,,,,1754.62353515625,,23.35066032409668,,0.6827200055122375,,41.88822937011719
,3245,,,,,,,,,,2169.802978515625,,30.939929962158203,,0.6799769401550293,,46.58114242553711
,3246,,,,,,,,,,2152.3642578125,,29.313949584960938,,0.6362084150314331,,46.39358139038086
,3247,,,,,,,,,,1874.0440673828125,,27.214582443237305,,0.7100532054901123,,43.29023361206055
,3248,,,,,,,,,,1700.137939453125,,23.4307861328125,,0.6773816347122192,,41.23272705078125
,3249,,,,,,,,,,2707.857666015625,,35.07802200317383,,0.6183775067329407,,52.037078857421875
,3250,,,,,,,,,,1418.470458984375,,22.016145706176758,,0.736111044883728,,37.6625862121582
,3251,,,,,,,,,,1598.4766845703125,,22.345739364624023,,0.7481220960617065,,39.980953216552734
,3252,,,,,,,,,,1600.9053955078125,,24.66559600830078,,0.7294504642486572,,40.011314392089844
,3253,,,,,,,,,,2152.54541015625,,29.535099029541016,,0.6530992388725281,,46.395530700683594
,3254,,,,,,,,,,1616.624755859375,,23.993061065673828,,0.7421686053276062,,40.207271575927734
,3255,,,,,,,,,,1724.3734130859375,,26.790176391601562,,0.7297594547271729,,41.52557373046875
,3256,,,,,,,,,,1920.8812255859375,,28.551897048950195,,0.6975429654121399,,43.82786178588867
,3257,,,,,,,,,,3072.216064453125,,39.3959846496582,,0.5980245471000671,,55.427574157714844
,3258,,,,,,,,,,2498.138427734375,,32.501163482666016,,0.6653709411621094,,49.981380462646484
,3259,,,,,,,,,,2638.941650390625,,33.803627014160156,,0.6461724042892456,,51.370628356933594
,3260,,,,,,,,,,1106.662353515625,,17.915708541870117,,0.7369890213012695,,33.266536712646484
,3261,,,,,,,,,,2313.100341796875,,31.717483520507812,,0.6828646659851074,,48.094703674316406
,3262,,,,,,,,,,1835.8580322265625,,28.42317008972168,,0.6897693276405334,,42.84691619873047
,3263,,,,,,,,,,2414.84619140625,,29.07902717590332,,0.684930682182312,,49.141082763671875
,3264,,,,,,,,,,1878.46923828125,,25.913482666015625,,0.6645224094390869,,43.341312408447266
,3265,,,,,,,,,,2035.231201171875,,29.193635940551758,,0.6655335426330566,,45.1135368347168
,3266,,,,,,,,,,1764.54736328125,,24.98602867126465,,0.7264065742492676,,42.00651550292969
,3267,,,,,,,,,,1978.6851806640625,,26.307342529296875,,0.7295419573783875,,44.48241424560547
,3268,,,,,,,,,,2749.708984375,,32.01072692871094,,0.6666725873947144,,52.43766784667969
,3269,,,,,,,,,,1874.4786376953125,,26.101665496826172,,0.6537669897079468,,43.295249938964844
,3270,,,,,,,,,,2857.211669921875,,32.71897888183594,,0.5459281206130981,,53.4528923034668
,3271,,,,,,,,,,1949.657958984375,,27.807939529418945,,0.623389720916748,,44.15493392944336
,3272,,,,,,,,,,2210.641357421875,,29.033172607421875,,0.7082772254943848,,47.017459869384766
,3273,,,,,,,,,,1875.784912109375,,25.0919246673584,,0.730156421661377,,43.31032943725586
,3274,,,,,,,,,,2088.1337890625,,31.22042465209961,,0.6768152117729187,,45.696102142333984
,3275,,,,,,,,,,2101.5146484375,,29.657835006713867,,0.6372655630111694,,45.84227752685547
,3276,,,,,,,,,,1964.1597900390625,,26.13753318786621,,0.6653710603713989,,44.318843841552734
,3277,,,,,,,,,,2559.943603515625,,31.973819732666016,,0.6580054759979248,,50.59588623046875
,3278,,,,,,,,,,1984.25048828125,,27.31400489807129,,0.6593887805938721,,44.544925689697266
,3279,,,,,,,,,,2272.254150390625,,30.371089935302734,,0.693739652633667,,47.66816711425781
,3280,,,,,,,,,,1796.7496337890625,,26.700712203979492,,0.6913635730743408,,42.388084411621094
,3281,,,,,,,,,,1973.9166259765625,,29.546144485473633,,0.6585670709609985,,44.42877960205078
,3282,,,,,,,,,,2392.500244140625,,33.0558967590332,,0.6658264398574829,,48.91319274902344
,3283,,,,,,,,,,2589.29345703125,,35.17144775390625,,0.6497285962104797,,50.88509750366211
,3284,,,,,,,,,,1870.26806640625,,25.693876266479492,,0.6741140484809875,,43.24659729003906
,3285,,,,,,,,,,2180.37939453125,,29.71271324157715,,0.7448726296424866,,46.69453430175781
,3286,,,,,,,,,,2773.5830078125,,36.26142501831055,,0.5665604472160339,,52.664817810058594
,3287,,,,,,,,,,2167.76025390625,,28.89193344116211,,0.7128992676734924,,46.55921173095703
,3288,,,,,,,,,,2514.908203125,,32.526371002197266,,0.6779794692993164,,50.148860931396484
,3289,,,,,,,,,,1917.9520263671875,,29.41410255432129,,0.674241840839386,,43.79442596435547
,3290,,,,,,,,,,2491.413818359375,,34.18185806274414,,0.5640169382095337,,49.9140625
,3291,,,,,,,,,,2038.0777587890625,,27.386669158935547,,0.7152683734893799,,45.14507293701172
,3292,,,,,,,,,,2264.849853515625,,29.1859073638916,,0.6301917433738708,,47.59043884277344
,3293,,,,,,,,,,1649.4197998046875,,26.142892837524414,,0.7345951795578003,,40.6130485534668
,3294,,,,,,,,,,1569.7264404296875,,24.277862548828125,,0.7403218746185303,,39.619773864746094
,3295,,,,,,,,,,2227.451904296875,,30.850013732910156,,0.6683841943740845,,47.19588851928711
,3296,,,,,,,,,,2241.395263671875,,31.547807693481445,,0.6439274549484253,,47.34337615966797
,3297,,,,,,,,,,2313.308349609375,,31.455406188964844,,0.6503384709358215,,48.09686279296875
,3298,,,,,,,,,,2315.606689453125,,30.44138526916504,,0.7015461921691895,,48.120750427246094
,3299,,,,,,,,,,1705.498046875,,25.21683692932129,,0.7311092615127563,,41.29767608642578
,3300,,,,,,,,,,2165.3427734375,,31.203405380249023,,0.6520295143127441,,46.53324508666992
,3301,,,,,,,,,,1730.4259033203125,,26.36709976196289,,0.7518067359924316,,41.598384857177734
,3302,,,,,,,,,,1909.3348388671875,,26.71523094177246,,0.6532918214797974,,43.69593811035156
,3303,,,,,,,,,,2073.0751953125,,30.188617706298828,,0.6438917517662048,,45.531036376953125
,3304,,,,,,,,,,1796.4886474609375,,25.889972686767578,,0.7487443685531616,,42.38500213623047
,3305,,,,,,,,,,2254.174072265625,,30.05066680908203,,0.6750220060348511,,47.47814178466797
,3306,,,,,,,,,,3605.402587890625,,42.09721374511719,,0.5836097598075867,,60.045005798339844
,3307,,,,,,,,,,2775.661865234375,,36.33953857421875,,0.5742071270942688,,52.68455123901367
,3308,,,,,,,,,,2358.151123046875,,31.637540817260742,,0.6584453582763672,,48.56079864501953
,3309,,,,,,,,,,1902.2156982421875,,26.721736907958984,,0.7196556329727173,,43.61439895629883
,3310,,,,,,,,,,3265.1044921875,,40.305484771728516,,0.5547153949737549,,57.14109420776367
,3311,,,,,,,,,,2095.210205078125,,27.771854400634766,,0.6790744662284851,,45.773468017578125
,3312,,,,,,,,,,2107.673828125,,29.120113372802734,,0.6428779363632202,,45.90940856933594
,3313,,,,,,,,,,1866.660888671875,,27.64249610900879,,0.6343387365341187,,43.204872131347656
,3314,,,,,,,,,,2424.1015625,,33.83120346069336,,0.6021060943603516,,49.23516845703125
,3315,,,,,,,,,,2041.4852294921875,,27.61958885192871,,0.6924756765365601,,45.182796478271484
,3316,,,,,,,,,,1994.133544921875,,28.5140323638916,,0.7021040320396423,,44.655723571777344
,3317,,,,,,,,,,1636.3963623046875,,25.401533126831055,,0.7103208303451538,,40.452396392822266
,3318,,,,,,,,,,1839.89111328125,,24.890840530395508,,0.6865957379341125,,42.89395523071289
,3319,,,,,,,,,,2724.148681640625,,35.04154968261719,,0.5922247767448425,,52.19337844848633
,3320,,,,,,,,,,2091.616943359375,,29.45732879638672,,0.6777859926223755,,45.73419952392578
,3321,,,,,,,,,,2288.213623046875,,31.2829647064209,,0.6774886846542358,,47.83527755737305
,3322,,,,,,,,,,2190.77587890625,,30.73356819152832,,0.6849583387374878,,46.80572509765625
,3323,,,,,,,,,,1736.1348876953125,,24.524560928344727,,0.6844058036804199,,41.66695022583008
,3324,,,,,,,,,,1774.2294921875,,25.33524513244629,,0.7065150737762451,,42.12160110473633
,3325,,,,,,,,,,1743.7410888671875,,23.183143615722656,,0.6852017641067505,,41.75812530517578
,3326,,,,,,,,,,2023.40380859375,,29.768857955932617,,0.7148083448410034,,44.982261657714844
,3327,,,,,,,,,,2258.864013671875,,30.85219955444336,,0.6684758067131042,,47.52750778198242
,3328,,,,,,,,,,2275.40625,,30.05768585205078,,0.6872531771659851,,47.70121765136719
,3329,,,,,,,,,,2308.216552734375,,31.329444885253906,,0.6434287428855896,,48.04390335083008
,3330,,,,,,,,,,1586.5234375,,23.0880069732666,,0.720934271812439,,39.83118438720703
,3331,,,,,,,,,,2162.12890625,,29.232383728027344,,0.6963264346122742,,46.49869918823242
,3332,,,,,,,,,,2296.630859375,,32.182518005371094,,0.6755865812301636,,47.923179626464844
,3333,,,,,,,,,,2287.172607421875,,30.470626831054688,,0.6549239158630371,,47.82439422607422
,3334,,,,,,,,,,2086.64111328125,,28.96236228942871,,0.6835231781005859,,45.67976760864258
,3335,,,,,,,,,,2535.175537109375,,35.35905075073242,,0.5804258584976196,,50.35052490234375
,3336,,,,,,,,,,1650.4281005859375,,23.672826766967773,,0.7071336507797241,,40.62546157836914
,3337,,,,,,,,,,2397.60400390625,,30.153213500976562,,0.6164498329162598,,48.965335845947266
,3338,,,,,,,,,,1653.917236328125,,24.735240936279297,,0.6254758834838867,,40.66838073730469
,3339,,,,,,,,,,1774.2734375,,26.23760986328125,,0.7194072008132935,,42.12212371826172
,3340,,,,,,,,,,2326.233154296875,,30.960647583007812,,0.7027323246002197,,48.231040954589844
,3341,,,,,,,,,,2445.334716796875,,34.44752883911133,,0.6355103850364685,,49.45032501220703
,3342,,,,,,,,,,1495.5665283203125,,20.4652042388916,,0.6544186472892761,,38.67255401611328
,3343,,,,,,,,,,2416.662353515625,,33.253116607666016,,0.623038649559021,,49.15956115722656
,3344,,,,,,,,,,2578.355712890625,,35.47176742553711,,0.5549981594085693,,50.77751159667969
,3345,,,,,,,,,,2209.291259765625,,31.634687423706055,,0.6866205930709839,,47.00310134887695
,3346,,,,,,,,,,2054.386962890625,,31.452211380004883,,0.6871906518936157,,45.325347900390625
,3347,,,,,,,,,,2423.494873046875,,31.66440773010254,,0.6521813869476318,,49.22900390625
,3348,,,,,,,,,,1560.7841796875,,23.660053253173828,,0.6529918909072876,,39.50675964355469
,3349,,,,,,,,,,2334.00439453125,,27.416006088256836,,0.7151870727539062,,48.3115348815918
,3350,,,,,,,,,,2171.954345703125,,31.36573600769043,,0.6445187330245972,,46.60423278808594
,3351,,,,,,,,,,2264.94970703125,,29.578468322753906,,0.6552952527999878,,47.591487884521484
,3352,,,,,,,,,,1951.5130615234375,,27.323001861572266,,0.6685624122619629,,44.175933837890625
,3353,,,,,,,,,,2125.986328125,,29.186384201049805,,0.7073086500167847,,46.10841751098633
,3354,,,,,,,,,,2211.5078125,,29.484046936035156,,0.6477668285369873,,47.02667236328125
,3355,,,,,,,,,,2437.01025390625,,31.611154556274414,,0.6309187412261963,,49.366085052490234
,3356,,,,,,,,,,1799.3372802734375,,26.05486297607422,,0.7441877722740173,,42.41859436035156
,3357,,,,,,,,,,2058.7177734375,,27.054271697998047,,0.623092770576477,,45.37309646606445
,3358,,,,,,,,,,1763.769287109375,,25.267223358154297,,0.7149919271469116,,41.99725341796875
,3359,,,,,,,,,,2119.333251953125,,29.521207809448242,,0.6450580954551697,,46.036216735839844
,3360,,,,,,,,,,1679.71728515625,,23.33889389038086,,0.7404832243919373,,40.98435592651367
,3361,,,,,,,,,,2435.803466796875,,34.0985221862793,,0.6729176044464111,,49.353858947753906
,3362,,,,,,,,,,2393.8125,,32.73774337768555,,0.6469976902008057,,48.92660140991211
,3363,,,,,,,,,,1488.744384765625,,22.06319236755371,,0.7631251811981201,,38.584251403808594
,3364,,,,,,,,,,1833.837158203125,,26.02735137939453,,0.6608489155769348,,42.823326110839844
,3365,,,,,,,,,,2930.126953125,,37.478397369384766,,0.6136536598205566,,54.130645751953125
,3366,,,,,,,,,,1826.555419921875,,25.932056427001953,,0.6892868876457214,,42.73822021484375
,3367,,,,,,,,,,1802.9569091796875,,25.493675231933594,,0.7505394816398621,,42.461238861083984
,3368,,,,,,,,,,2530.146484375,,32.130794525146484,,0.6055161952972412,,50.30056381225586
,3369,,,,,,,,,,2534.495849609375,,34.42478561401367,,0.572343111038208,,50.34377670288086
,3370,,,,,,,,,,2894.04052734375,,36.71697235107422,,0.6428263187408447,,53.796287536621094
,3371,,,,,,,,,,1861.968017578125,,28.66236686706543,,0.6929609775543213,,43.15052795410156
,3372,,,,,,,,,,2734.399658203125,,35.591426849365234,,0.7009787559509277,,52.29148864746094
,3373,,,,,,,,,,1427.2637939453125,,22.36002540588379,,0.7755128741264343,,37.779144287109375
,3374,,,,,,,,,,1717.9827880859375,,23.919219970703125,,0.7021263241767883,,41.44855499267578
,3375,,,,,,,,,,1972.6722412109375,,27.824485778808594,,0.6683647632598877,,44.41477584838867
,3376,,,,,,,,,,2575.484130859375,,32.764068603515625,,0.6161661148071289,,50.749229431152344
,3377,,,,,,,,,,2648.2744140625,,35.512962341308594,,0.6087913513183594,,51.461387634277344
,3378,,,,,,,,,,2716.361328125,,33.45378112792969,,0.6432265043258667,,52.11872482299805
,3379,,,,,,,,,,2298.098388671875,,30.765865325927734,,0.650887131690979,,47.93848419189453
,3380,,,,,,,,,,2446.21435546875,,29.589401245117188,,0.6644433736801147,,49.45922088623047
,3381,,,,,,,,,,1989.078369140625,,29.13887596130371,,0.6958564519882202,,44.599082946777344
,3382,,,,,,,,,,2691.861328125,,33.733882904052734,,0.6586341857910156,,51.88315200805664
,3383,,,,,,,,,,2088.160400390625,,26.873315811157227,,0.7141664028167725,,45.69639205932617
,3384,,,,,,,,,,2006.390869140625,,27.704437255859375,,0.6906190514564514,,44.792755126953125
,3385,,,,,,,,,,2259.973388671875,,31.0529727935791,,0.6486477255821228,,47.53917694091797
,3386,,,,,,,,,,2052.141357421875,,27.57855987548828,,0.718812108039856,,45.300567626953125
,3387,,,,,,,,,,1557.98095703125,,20.857105255126953,,0.7471155524253845,,39.47126770019531
21,10163,,,,,,,,,2132.407470703125,,29.235877990722656,,0.6723520755767822,,45.984214782714844,
21,10163,2144.81298828125,,29.29702377319336,,0.675640344619751,,46.10015869140625,,,,,,,,,
22,10199,,1869.392333984375,,28.801036834716797,,0.7138313055038452,,43.23646926879883,,,,,,,,
22,10249,,1933.203125,,26.068883895874023,,0.6823087930679321,,43.968204498291016,,,,,,,,
22,10299,,2208.00537109375,,29.39438819885254,,0.7078042030334473,,46.989418029785156,,,,,,,,
22,10349,,1836.6993408203125,,26.566682815551758,,0.69241863489151,,42.856727600097656,,,,,,,,
22,10399,,1863.593017578125,,27.170808792114258,,0.7046540975570679,,43.169349670410156,,,,,,,,
22,10449,,2154.00439453125,,30.179655075073242,,0.6156018376350403,,46.411251068115234,,,,,,,,
22,10499,,2099.024169921875,,28.116031646728516,,0.6930913329124451,,45.81511306762695,,,,,,,,
22,10549,,1442.2867431640625,,22.138582229614258,,0.7937999963760376,,37.97745132446289,,,,,,,,
22,10599,,2198.024169921875,,31.23332405090332,,0.6816768050193787,,46.88309097290039,,,,,,,,
,3388,,,,,,,,,,1986.201416015625,,28.155027389526367,,0.7136032581329346,,44.56681823730469
,3389,,,,,,,,,,1691.337646484375,,26.06730079650879,,0.6985784769058228,,41.125877380371094
,3390,,,,,,,,,,1880.34716796875,,28.317712783813477,,0.7137815356254578,,43.36296844482422
,3391,,,,,,,,,,2696.980224609375,,36.61768341064453,,0.6742628216743469,,51.93246078491211
,3392,,,,,,,,,,1826.033447265625,,26.93372917175293,,0.7071402668952942,,42.732112884521484
,3393,,,,,,,,,,2079.45947265625,,30.265026092529297,,0.649034857749939,,45.60108947753906
,3394,,,,,,,,,,1751.6878662109375,,25.827695846557617,,0.6773842573165894,,41.85316848754883
,3395,,,,,,,,,,2558.395263671875,,32.62356948852539,,0.697627067565918,,50.58058166503906
,3396,,,,,,,,,,2694.008056640625,,37.64912033081055,,0.591890811920166,,51.90383529663086
,3397,,,,,,,,,,1753.6246337890625,,27.718782424926758,,0.6361374258995056,,41.876304626464844
,3398,,,,,,,,,,1798.4251708984375,,24.08979606628418,,0.6747995615005493,,42.40784454345703
,3399,,,,,,,,,,2109.741455078125,,31.316566467285156,,0.6888353824615479,,45.931922912597656
,3400,,,,,,,,,,2137.99609375,,30.448448181152344,,0.6386369466781616,,46.238468170166016
,3401,,,,,,,,,,1851.353515625,,27.76917839050293,,0.7135637998580933,,43.02735900878906
,3402,,,,,,,,,,1713.087158203125,,24.34901237487793,,0.6749244332313538,,41.38945388793945
,3403,,,,,,,,,,2729.08447265625,,35.87807083129883,,0.6153859496116638,,52.24064254760742
,3404,,,,,,,,,,1426.609619140625,,22.83156394958496,,0.734596848487854,,37.770484924316406
,3405,,,,,,,,,,1632.64111328125,,23.821008682250977,,0.7427387237548828,,40.40595245361328
,3406,,,,,,,,,,1612.1309814453125,,25.586978912353516,,0.7275533676147461,,40.15135192871094
,3407,,,,,,,,,,2106.073486328125,,30.284988403320312,,0.6605886220932007,,45.89197540283203
,3408,,,,,,,,,,1591.7713623046875,,24.5057373046875,,0.7461323738098145,,39.897010803222656
,3409,,,,,,,,,,1741.592041015625,,27.60689353942871,,0.7270610332489014,,41.73238754272461
,3410,,,,,,,,,,1958.813232421875,,29.612333297729492,,0.6915702819824219,,44.25848388671875
,3411,,,,,,,,,,3117.96875,,40.730690002441406,,0.5920381546020508,,55.83877182006836
,3412,,,,,,,,,,2441.2978515625,,33.125999450683594,,0.6729848384857178,,49.40949249267578
,3413,,,,,,,,,,2611.17822265625,,34.02549743652344,,0.6498949527740479,,51.09968948364258
,3414,,,,,,,,,,1099.8463134765625,,18.454139709472656,,0.7386089563369751,,33.16393280029297
,3415,,,,,,,,,,2357.264404296875,,33.22093963623047,,0.676809549331665,,48.551666259765625
,3416,,,,,,,,,,1800.120849609375,,29.00286293029785,,0.6958083510398865,,42.42782974243164
,3417,,,,,,,,,,2469.269775390625,,30.234405517578125,,0.6778299808502197,,49.69174575805664
,3418,,,,,,,,,,1868.6748046875,,26.972002029418945,,0.6662716269493103,,43.228172302246094
,3419,,,,,,,,,,2036.846435546875,,30.191497802734375,,0.665268063545227,,45.13143539428711
,3420,,,,,,,,,,1767.679931640625,,26.155832290649414,,0.7259207963943481,,42.043785095214844
,3421,,,,,,,,,,1955.8013916015625,,26.939685821533203,,0.7326698303222656,,44.22444152832031
,3422,,,,,,,,,,2802.29345703125,,32.92291259765625,,0.6602981090545654,,52.93669128417969
,3423,,,,,,,,,,1850.0772705078125,,26.716869354248047,,0.6582741737365723,,43.01252365112305
,3424,,,,,,,,,,2990.438232421875,,33.86777877807617,,0.524755597114563,,54.68490219116211
,3425,,,,,,,,,,1867.8624267578125,,27.87436294555664,,0.6391899585723877,,43.218772888183594
,3426,,,,,,,,,,2232.263427734375,,29.925968170166016,,0.7054238319396973,,47.24683380126953
,3427,,,,,,,,,,1879.8203125,,25.655717849731445,,0.7295759320259094,,43.35689163208008
,3428,,,,,,,,,,2035.193115234375,,31.25001335144043,,0.6850090026855469,,45.11311340332031
,3429,,,,,,,,,,2094.45068359375,,29.738666534423828,,0.6384848356246948,,45.765167236328125
,3430,,,,,,,,,,1988.5108642578125,,27.151870727539062,,0.6612224578857422,,44.59272384643555
,3431,,,,,,,,,,2590.08251953125,,33.46839141845703,,0.6539791226387024,,50.892852783203125
,3432,,,,,,,,,,2002.2447509765625,,28.466777801513672,,0.6562999486923218,,44.7464485168457
,3433,,,,,,,,,,2321.50830078125,,31.80440902709961,,0.6871010065078735,,48.18203353881836
,3434,,,,,,,,,,1777.6739501953125,,27.256765365600586,,0.6946402788162231,,42.162471771240234
,3435,,,,,,,,,,1981.787353515625,,30.14072608947754,,0.6572055816650391,,44.517269134521484
,3436,,,,,,,,,,2407.71435546875,,34.09111022949219,,0.6637014150619507,,49.06846618652344
,3437,,,,,,,,,,2623.245849609375,,36.158226013183594,,0.6451356410980225,,51.217628479003906
,3438,,,,,,,,,,1864.9071044921875,,26.547412872314453,,0.6750481724739075,,43.1845703125
,3439,,,,,,,,,,2107.415771484375,,29.874534606933594,,0.7534101605415344,,45.90659713745117
,3440,,,,,,,,,,2808.583251953125,,37.205963134765625,,0.5610908269882202,,52.99606704711914
,3441,,,,,,,,,,2144.11767578125,,28.864717483520508,,0.716030478477478,,46.30461883544922
,3442,,,,,,,,,,2575.681884765625,,33.196048736572266,,0.6701977252960205,,50.75117492675781
,3443,,,,,,,,,,1902.345458984375,,29.74271011352539,,0.6768925786018372,,43.61588668823242
,3444,,,,,,,,,,2505.45263671875,,35.47100067138672,,0.5615602731704712,,50.05449295043945
,3445,,,,,,,,,,2034.0206298828125,,28.01807975769043,,0.7158351540565491,,45.100120544433594
,3446,,,,,,,,,,2302.93603515625,,30.272537231445312,,0.6239729523658752,,47.98891830444336
,3447,,,,,,,,,,1625.304931640625,,26.67757225036621,,0.7384754419326782,,40.31507110595703
,3448,,,,,,,,,,1561.7779541015625,,25.140331268310547,,0.7416367530822754,,39.51933670043945
,3449,,,,,,,,,,2169.07763671875,,31.055871963500977,,0.6770747900009155,,46.57335662841797
,3450,,,,,,,,,,2226.5537109375,,32.18376159667969,,0.6462851762771606,,47.186370849609375
,3451,,,,,,,,,,2294.45068359375,,32.32786178588867,,0.6531888246536255,,47.90042495727539
,3452,,,,,,,,,,2322.06005859375,,31.561542510986328,,0.7007144689559937,,48.18775939941406
,3453,,,,,,,,,,1716.03515625,,26.130367279052734,,0.7294479608535767,,41.42505645751953
,3454,,,,,,,,,,2194.575927734375,,32.24247360229492,,0.647331714630127,,46.8463020324707
,3455,,,,,,,,,,1768.4520263671875,,27.231979370117188,,0.7463526725769043,,42.0529670715332
,3456,,,,,,,,,,1927.674072265625,,27.616371154785156,,0.6499617099761963,,43.9052848815918
,3457,,,,,,,,,,2058.03759765625,,30.738544464111328,,0.6464748978614807,,45.3656005859375
,3458,,,,,,,,,,1902.851318359375,,28.110523223876953,,0.7338684797286987,,43.62168502807617
,3459,,,,,,,,,,2238.35986328125,,30.0234317779541,,0.6773018836975098,,47.311309814453125
,3460,,,,,,,,,,3561.50341796875,,42.8505859375,,0.5886796712875366,,59.6783332824707
,3461,,,,,,,,,,2781.652099609375,,36.83053970336914,,0.5732882022857666,,52.741371154785156
,3462,,,,,,,,,,2344.436767578125,,32.47470474243164,,0.6604317426681519,,48.41938400268555
,3463,,,,,,,,,,1955.3970947265625,,28.20679473876953,,0.7118178606033325,,44.219871520996094
,3464,,,,,,,,,,3193.044189453125,,40.939727783203125,,0.5645427703857422,,56.50702667236328
,3465,,,,,,,,,,2125.955810546875,,28.547624588012695,,0.6743651628494263,,46.108089447021484
,3466,,,,,,,,,,2097.55810546875,,29.64071273803711,,0.6445919871330261,,45.799102783203125
,3467,,,,,,,,,,1903.6719970703125,,28.64514923095703,,0.6270886063575745,,43.6310920715332
,3468,,,,,,,,,,2455.8515625,,34.445037841796875,,0.5968946814537048,,49.556549072265625
,3469,,,,,,,,,,2086.14892578125,,28.455747604370117,,0.6857476830482483,,45.67437744140625
,3470,,,,,,,,,,2001.28076171875,,29.288827896118164,,0.7010363340377808,,44.735679626464844
,3471,,,,,,,,,,1660.7872314453125,,26.55813980102539,,0.7060031294822693,,40.75275802612305
,3472,,,,,,,,,,1815.5953369140625,,25.234695434570312,,0.6907342672348022,,42.609806060791016
,3473,,,,,,,,,,2734.9609375,,35.84767150878906,,0.5906063318252563,,52.296852111816406
,3474,,,,,,,,,,2124.105224609375,,30.495586395263672,,0.672781229019165,,46.088016510009766
,3475,,,,,,,,,,2297.05810546875,,32.48432159423828,,0.6762421131134033,,47.927635192871094
,3476,,,,,,,,,,2243.42578125,,32.114158630371094,,0.6773871183395386,,47.36481475830078
,3477,,,,,,,,,,1709.9283447265625,,24.954851150512695,,0.6891696453094482,,41.351280212402344
,3478,,,,,,,,,,1775.4415283203125,,26.265844345092773,,0.7063145637512207,,42.135990142822266
,3479,,,,,,,,,,1804.1273193359375,,24.508264541625977,,0.6743002533912659,,42.47502136230469
,3480,,,,,,,,,,2082.324462890625,,31.022188186645508,,0.7065036296844482,,45.63249206542969
,3481,,,,,,,,,,2282.11474609375,,32.00565719604492,,0.6650633811950684,,47.771488189697266
,3482,,,,,,,,,,2285.270751953125,,30.61315155029297,,0.6858973503112793,,47.80450439453125
,3483,,,,,,,,,,2380.462158203125,,32.90656661987305,,0.6322683095932007,,48.789981842041016
,3484,,,,,,,,,,1593.9102783203125,,24.30474090576172,,0.7196349501609802,,39.923805236816406
,3485,,,,,,,,,,2140.0498046875,,29.631256103515625,,0.6994274854660034,,46.26067352294922
,3486,,,,,,,,,,2337.66943359375,,33.323394775390625,,0.6697896122932434,,48.34945297241211
,3487,,,,,,,,,,2278.731201171875,,31.689176559448242,,0.6561974883079529,,47.73605728149414
,3488,,,,,,,,,,2127.968994140625,,30.03644371032715,,0.6772550940513611,,46.129913330078125
,3489,,,,,,,,,,2564.00634765625,,36.378360748291016,,0.5756543278694153,,50.636016845703125
,3490,,,,,,,,,,1588.5615234375,,23.697389602661133,,0.7181118726730347,,39.85676193237305
,3491,,,,,,,,,,2455.83251953125,,31.32106590270996,,0.6071349382400513,,49.556358337402344
,3492,,,,,,,,,,1571.0767822265625,,24.662872314453125,,0.6442348957061768,,39.636810302734375
,3493,,,,,,,,,,1769.286865234375,,26.53497314453125,,0.7201957702636719,,42.06289291381836
,3494,,,,,,,,,,2354.850830078125,,32.19343948364258,,0.6990753412246704,,48.52680206298828
,3495,,,,,,,,,,2371.263916015625,,34.44274139404297,,0.6465510129928589,,48.695621490478516
,3496,,,,,,,,,,1506.035888671875,,21.90485191345215,,0.6519994735717773,,38.80767822265625
,3497,,,,,,,,,,2490.034423828125,,34.71961975097656,,0.6115937232971191,,49.900245666503906
,3498,,,,,,,,,,2537.791748046875,,36.054534912109375,,0.5619990825653076,,50.376502990722656
,3499,,,,,,,,,,2224.501220703125,,32.49928665161133,,0.6844631433486938,,47.16461944580078
,3500,,,,,,,,,,2053.951416015625,,32.244510650634766,,0.687256932258606,,45.32054138183594
,3501,,,,,,,,,,2469.03369140625,,32.7541389465332,,0.6456457376480103,,49.68937301635742
,3502,,,,,,,,,,1565.9171142578125,,24.85296630859375,,0.651850700378418,,39.57167053222656
,3503,,,,,,,,,,2349.093017578125,,28.284912109375,,0.7133458256721497,,48.46744155883789
,3504,,,,,,,,,,2172.8447265625,,32.0491943359375,,0.6443729996681213,,46.6137809753418
,3505,,,,,,,,,,2227.490966796875,,30.199079513549805,,0.6609960794448853,,47.19630432128906
,3506,,,,,,,,,,1971.536376953125,,28.268047332763672,,0.6651617288589478,,44.40198516845703
,3507,,,,,,,,,,2103.466796875,,29.560256958007812,,0.7104089260101318,,45.86356735229492
,3508,,,,,,,,,,2216.936767578125,,30.304298400878906,,0.6469020843505859,,47.08435821533203
,3509,,,,,,,,,,2386.509765625,,31.881404876708984,,0.6385669708251953,,48.8519172668457
,3510,,,,,,,,,,1804.810791015625,,26.850269317626953,,0.7434096336364746,,42.48306655883789
,3511,,,,,,,,,,2090.579345703125,,27.944509506225586,,0.6172596216201782,,45.72285461425781
,3512,,,,,,,,,,1741.98046875,,25.919719696044922,,0.718512773513794,,41.737037658691406
,3513,,,,,,,,,,2113.7548828125,,30.423799514770508,,0.6459923386573792,,45.97559356689453
,3514,,,,,,,,,,1739.71435546875,,24.264636993408203,,0.7312136888504028,,41.70988464355469
,3515,,,,,,,,,,2404.890625,,34.50246810913086,,0.6770686507225037,,49.0396842956543
,3516,,,,,,,,,,2392.204833984375,,33.43812561035156,,0.6472347974777222,,48.91017150878906
,3517,,,,,,,,,,1520.0469970703125,,22.741897583007812,,0.7581446170806885,,38.9877815246582
,3518,,,,,,,,,,1803.5709228515625,,26.383909225463867,,0.6664463877677917,,42.46847152709961
,3519,,,,,,,,,,2925.34619140625,,38.13225555419922,,0.6142840385437012,,54.08646774291992
,3520,,,,,,,,,,1842.6971435546875,,26.897602081298828,,0.6865410804748535,,42.9266471862793
,3521,,,,,,,,,,1814.843994140625,,26.754236221313477,,0.7488946914672852,,42.60098648071289
,3522,,,,,,,,,,2482.609619140625,,32.766483306884766,,0.6129278540611267,,49.8257942199707
,3523,,,,,,,,,,2454.00634765625,,34.801605224609375,,0.585924506187439,,49.537925720214844
,3524,,,,,,,,,,2946.263916015625,,38.210960388183594,,0.6363810300827026,,54.27949905395508
,3525,,,,,,,,,,1852.1663818359375,,29.321630477905273,,0.6945773363113403,,43.03680419921875
,3526,,,,,,,,,,2780.626708984375,,36.498966217041016,,0.6959235668182373,,52.731651306152344
,3527,,,,,,,,,,1421.6080322265625,,23.223543167114258,,0.776402473449707,,37.70421600341797
,3528,,,,,,,,,,1721.888427734375,,24.88748550415039,,0.7014491558074951,,41.495643615722656
,3529,,,,,,,,,,2010.888427734375,,28.416112899780273,,0.6619400382041931,,44.84292984008789
,3530,,,,,,,,,,2513.520263671875,,32.77537536621094,,0.6254007816314697,,50.1350212097168
,3531,,,,,,,,,,2616.666748046875,,36.25398635864258,,0.6134604811668396,,51.15336608886719
,3532,,,,,,,,,,2671.4833984375,,33.75539016723633,,0.6491209268569946,,51.68639373779297
,3533,,,,,,,,,,2274.219482421875,,31.58426856994629,,0.6545146703720093,,47.688777923583984
,3534,,,,,,,,,,2453.077880859375,,30.564666748046875,,0.6635018587112427,,49.52855682373047
,3535,,,,,,,,,,1994.7991943359375,,29.912511825561523,,0.6949817538261414,,44.66317367553711
,3536,,,,,,,,,,2700.918212890625,,35.09638214111328,,0.6574856042861938,,51.970359802246094
,3537,,,,,,,,,,2080.0009765625,,27.52199935913086,,0.7152832746505737,,45.60702896118164
,3538,,,,,,,,,,2021.0418701171875,,28.66010856628418,,0.6883598566055298,,44.955997467041016
,3539,,,,,,,,,,2217.61376953125,,31.7157039642334,,0.6552332639694214,,47.09154510498047
,3540,,,,,,,,,,2105.571044921875,,29.383312225341797,,0.7114911079406738,,45.886497497558594
,3541,,,,,,,,,,1595.1314697265625,,21.574872970581055,,0.7410854697227478,,39.9390983581543
22,10625,,,,,,,,,2135.864990234375,,30.042072296142578,,0.6719166040420532,,46.02077102661133,
22,10625,2137.600830078125,,29.260290145874023,,0.6745591163635254,,46.0042724609375,,,,,,,,,
23,10649,,1662.3642578125,,26.437522888183594,,0.6863067150115967,,40.77210235595703,,,,,,,,
23,10699,,1898.906494140625,,26.925996780395508,,0.7072126865386963,,43.576446533203125,,,,,,,,
23,10749,,2099.09423828125,,29.830549240112305,,0.635568380355835,,45.81587219238281,,,,,,,,
23,10799,,1718.195556640625,,23.955339431762695,,0.703377902507782,,41.45112228393555,,,,,,,,
23,10849,,1876.8612060546875,,28.371122360229492,,0.5898480415344238,,43.322757720947266,,,,,,,,
23,10899,,1870.935302734375,,27.562105178833008,,0.7173365354537964,,43.254310607910156,,,,,,,,
23,10949,,1716.708251953125,,24.087907791137695,,0.7478929758071899,,41.43317794799805,,,,,,,,
23,10999,,2539.0869140625,,30.40161895751953,,0.6046781539916992,,50.38935089111328,,,,,,,,
23,11049,,1906.994140625,,27.232391357421875,,0.6831489205360413,,43.66914367675781,,,,,,,,
,3542,,,,,,,,,,2012.617431640625,,28.06949234008789,,0.7097942233085632,,44.862205505371094
,3543,,,,,,,,,,1702.9984130859375,,25.75242805480957,,0.696500301361084,,41.26740264892578
,3544,,,,,,,,,,1898.4423828125,,28.364519119262695,,0.7110271453857422,,43.57111740112305
,3545,,,,,,,,,,2610.5,,34.72146987915039,,0.684707760810852,,51.09305191040039
,3546,,,,,,,,,,1844.557861328125,,26.942304611206055,,0.7041692733764648,,42.94831466674805
,3547,,,,,,,,,,2074.40185546875,,30.003950119018555,,0.6498885154724121,,45.54560089111328
,3548,,,,,,,,,,1736.2127685546875,,24.97058868408203,,0.680234432220459,,41.66788864135742
,3549,,,,,,,,,,2488.986083984375,,31.612232208251953,,0.705830454826355,,49.889739990234375
,3550,,,,,,,,,,2729.09326171875,,37.902313232421875,,0.5865758657455444,,52.24072265625
,3551,,,,,,,,,,1821.1103515625,,27.832828521728516,,0.6221346855163574,,42.674468994140625
,3552,,,,,,,,,,1781.438720703125,,23.60758399963379,,0.6778711676597595,,42.20709228515625
,3553,,,,,,,,,,2119.743896484375,,31.326183319091797,,0.6873601675033569,,46.04067611694336
,3554,,,,,,,,,,2208.787109375,,30.561100006103516,,0.6266719102859497,,46.99773406982422
,3555,,,,,,,,,,1928.2445068359375,,27.826873779296875,,0.7016674280166626,,43.911781311035156
,3556,,,,,,,,,,1697.8541259765625,,23.48212432861328,,0.6778150796890259,,41.20502471923828
,3557,,,,,,,,,,2788.615478515625,,36.0273323059082,,0.6069961786270142,,52.807342529296875
,3558,,,,,,,,,,1440.5521240234375,,22.395780563354492,,0.7320029735565186,,37.95460510253906
,3559,,,,,,,,,,1576.7972412109375,,22.458812713623047,,0.7515382170677185,,39.70890808105469
,3560,,,,,,,,,,1581.3046875,,25.040868759155273,,0.7327629327774048,,39.765621185302734
,3561,,,,,,,,,,2110.23095703125,,29.774803161621094,,0.6599185466766357,,45.937252044677734
,3562,,,,,,,,,,1596.681396484375,,24.206764221191406,,0.7453492879867554,,39.95849609375
,3563,,,,,,,,,,1781.8026123046875,,27.826814651489258,,0.7207592725753784,,42.211402893066406
,3564,,,,,,,,,,1941.403076171875,,29.19668197631836,,0.6943116188049316,,44.06135559082031
,3565,,,,,,,,,,3052.1552734375,,40.07511901855469,,0.600649356842041,,55.246315002441406
,3566,,,,,,,,,,2413.60693359375,,32.671653747558594,,0.6766940951347351,,49.12847137451172
,3567,,,,,,,,,,2619.00732421875,,33.767459869384766,,0.6488451957702637,,51.17623519897461
,3568,,,,,,,,,,1114.6072998046875,,17.71399688720703,,0.7351008057594299,,33.38573455810547
,3569,,,,,,,,,,2337.3486328125,,32.053382873535156,,0.6795400977134705,,48.346134185791016
,3570,,,,,,,,,,1802.1033935546875,,28.922868728637695,,0.695473313331604,,42.45118713378906
,3571,,,,,,,,,,2386.423583984375,,29.4924259185791,,0.6886390447616577,,48.851036071777344
,3572,,,,,,,,,,1880.2498779296875,,26.35591697692871,,0.6642044186592102,,43.361846923828125
,3573,,,,,,,,,,2053.12353515625,,29.57308578491211,,0.6625931262969971,,45.311405181884766
,3574,,,,,,,,,,1748.3502197265625,,25.183351516723633,,0.7289179563522339,,41.81327819824219
,3575,,,,,,,,,,1934.2244873046875,,26.154375076293945,,0.735619068145752,,43.979820251464844
,3576,,,,,,,,,,2782.4599609375,,32.713714599609375,,0.6627023816108704,,52.749027252197266
,3577,,,,,,,,,,1881.2635498046875,,26.421913146972656,,0.6525137424468994,,43.37353515625
,3578,,,,,,,,,,2902.73974609375,,33.1609992980957,,0.5386927127838135,,53.87708282470703
,3579,,,,,,,,,,1893.415283203125,,27.72051239013672,,0.634253978729248,,43.51339340209961
,3580,,,,,,,,,,2230.042236328125,,29.4129695892334,,0.7057169675827026,,47.223323822021484
,3581,,,,,,,,,,2006.32666015625,,26.385711669921875,,0.7113772034645081,,44.79203796386719
,3582,,,,,,,,,,2080.473388671875,,31.314210891723633,,0.678000807762146,,45.612205505371094
,3583,,,,,,,,,,2098.5341796875,,29.550249099731445,,0.637779951095581,,45.80976104736328
,3584,,,,,,,,,,1938.5389404296875,,26.41102409362793,,0.6697360277175903,,44.02884292602539
,3585,,,,,,,,,,2572.095703125,,32.55123519897461,,0.6563820242881775,,50.71583557128906
,3586,,,,,,,,,,1993.364501953125,,27.47588539123535,,0.6578242778778076,,44.64710998535156
,3587,,,,,,,,,,2312.311767578125,,30.72661590576172,,0.6883405447006226,,48.08650207519531
,3588,,,,,,,,,,1876.135498046875,,27.606164932250977,,0.6777271032333374,,43.31438064575195
,3589,,,,,,,,,,2029.5927734375,,30.598066329956055,,0.6489366292953491,,45.05099868774414
,3590,,,,,,,,,,2371.63916015625,,33.55070114135742,,0.6687402129173279,,48.69947814941406
,3591,,,,,,,,,,2611.84130859375,,35.80427169799805,,0.6466783881187439,,51.10617446899414
,3592,,,,,,,,,,1889.8026123046875,,26.243915557861328,,0.6707102656364441,,43.471858978271484
,3593,,,,,,,,,,2061.16357421875,,29.306520462036133,,0.7588221430778503,,45.40003967285156
,3594,,,,,,,,,,2773.5048828125,,36.682777404785156,,0.5665726661682129,,52.6640739440918
,3595,,,,,,,,,,2159.64013671875,,28.90105438232422,,0.7139747142791748,,46.471927642822266
,3596,,,,,,,,,,2458.2119140625,,32.49020004272461,,0.6852391362190247,,49.58035659790039
,3597,,,,,,,,,,1936.344970703125,,29.793420791625977,,0.671117901802063,,44.00392150878906
,3598,,,,,,,,,,2523.227294921875,,34.88925552368164,,0.5584497451782227,,50.23173522949219
,3599,,,,,,,,,,2051.063232421875,,27.533052444458008,,0.7134542465209961,,45.288665771484375
,3600,,,,,,,,,,2314.774169921875,,29.926713943481445,,0.6220400333404541,,48.11210250854492
,3601,,,,,,,,,,1664.026611328125,,26.607900619506836,,0.7322447896003723,,40.79248046875
,3602,,,,,,,,,,1551.65576171875,,24.301904678344727,,0.7433112859725952,,39.39106369018555
,3603,,,,,,,,,,2165.05126953125,,30.43161392211914,,0.6776741743087769,,46.530113220214844
,3604,,,,,,,,,,2282.84033203125,,32.394004821777344,,0.6373433470726013,,47.77907943725586
,3605,,,,,,,,,,2319.660888671875,,31.859355926513672,,0.64937824010849,,48.16285705566406
,3606,,,,,,,,,,2277.128662109375,,30.619895935058594,,0.7065055966377258,,47.719268798828125
,3607,,,,,,,,,,1728.3133544921875,,25.612842559814453,,0.7275121212005615,,41.5729866027832
,3608,,,,,,,,,,2209.21826171875,,32.1463623046875,,0.6449787616729736,,47.0023193359375
,3609,,,,,,,,,,1738.28857421875,,26.714065551757812,,0.7506789565086365,,41.692787170410156
,3610,,,,,,,,,,1891.3636474609375,,26.95782470703125,,0.6565551161766052,,43.489810943603516
,3611,,,,,,,,,,2091.3203125,,31.02666664123535,,0.64075767993927,,45.73095703125
,3612,,,,,,,,,,1818.140625,,26.695669174194336,,0.7457160949707031,,42.6396598815918
,3613,,,,,,,,,,2240.909912109375,,29.754579544067383,,0.6769342422485352,,47.33824920654297
,3614,,,,,,,,,,3519.953369140625,,42.173282623291016,,0.5934783220291138,,59.329193115234375
,3615,,,,,,,,,,2788.127197265625,,36.64897155761719,,0.5722949504852295,,52.8027229309082
,3616,,,,,,,,,,2287.304931640625,,31.488727569580078,,0.6687067747116089,,47.825775146484375
,3617,,,,,,,,,,1927.8056640625,,27.252351760864258,,0.7158842086791992,,43.90678405761719
,3618,,,,,,,,,,3108.257080078125,,40.15874099731445,,0.5761057734489441,,55.75174331665039
,3619,,,,,,,,,,2154.239013671875,,28.556230545043945,,0.6700329780578613,,46.413780212402344
,3620,,,,,,,,,,2150.7451171875,,30.067852020263672,,0.6355800032615662,,46.37612533569336
,3621,,,,,,,,,,1914.724609375,,28.37671661376953,,0.6249234676361084,,43.757568359375
,3622,,,,,,,,,,2453.114990234375,,34.36847686767578,,0.5973438024520874,,49.5289306640625
,3623,,,,,,,,,,2041.8115234375,,27.47089385986328,,0.6924265623092651,,45.18640899658203
,3624,,,,,,,,,,1978.372802734375,,28.363868713378906,,0.704458475112915,,44.478904724121094
,3625,,,,,,,,,,1666.76708984375,,26.367971420288086,,0.7049445509910583,,40.8260612487793
,3626,,,,,,,,,,1785.0533447265625,,24.514074325561523,,0.6959367394447327,,42.24989318847656
,3627,,,,,,,,,,2755.45166015625,,35.70961380004883,,0.5875390768051147,,52.49239730834961
,3628,,,,,,,,,,2059.985107421875,,29.045568466186523,,0.6826589107513428,,45.38705825805664
,3629,,,,,,,,,,2214.058837890625,,31.055011749267578,,0.6879404187202454,,47.05378723144531
,3630,,,,,,,,,,2222.39990234375,,31.743661880493164,,0.6804107427597046,,47.142337799072266
,3631,,,,,,,,,,1705.490234375,,24.6486759185791,,0.6899763345718384,,41.29758071899414
,3632,,,,,,,,,,1791.6263427734375,,25.96890640258789,,0.7036373615264893,,42.327606201171875
,3633,,,,,,,,,,1774.9873046875,,23.37894630432129,,0.6795608997344971,,42.13059997558594
,3634,,,,,,,,,,2020.4473876953125,,29.89780044555664,,0.7152250409126282,,44.94938659667969
,3635,,,,,,,,,,2255.95654296875,,31.402904510498047,,0.6689025163650513,,47.496910095214844
,3636,,,,,,,,,,2291.494140625,,30.234590530395508,,0.6850419640541077,,47.86955261230469
,3637,,,,,,,,,,2377.901611328125,,32.498905181884766,,0.6326638460159302,,48.763736724853516
,3638,,,,,,,,,,1605.0189208984375,,23.67774200439453,,0.7176809310913086,,40.062686920166016
,3639,,,,,,,,,,2138.364990234375,,29.57359504699707,,0.6996641159057617,,46.24245834350586
,3640,,,,,,,,,,2270.746826171875,,32.28016662597656,,0.6792428493499756,,47.6523551940918
,3641,,,,,,,,,,2312.40234375,,31.265165328979492,,0.6511173248291016,,48.08744430541992
,3642,,,,,,,,,,2085.4326171875,,29.375215530395508,,0.683706521987915,,45.66653823852539
,3643,,,,,,,,,,2574.059326171875,,36.17009353637695,,0.5739905834197998,,50.73518753051758
,3644,,,,,,,,,,1585.057373046875,,22.925966262817383,,0.7187336683273315,,39.81277847290039
,3645,,,,,,,,,,2433.54052734375,,30.801603317260742,,0.6107010245323181,,49.330928802490234
,3646,,,,,,,,,,1622.8782958984375,,24.65485954284668,,0.6325045824050903,,40.28496551513672
,3647,,,,,,,,,,1755.763671875,,26.672292709350586,,0.7223344445228577,,41.901832580566406
,3648,,,,,,,,,,2376.64794921875,,31.842918395996094,,0.6962898969650269,,48.750877380371094
,3649,,,,,,,,,,2460.743896484375,,34.70240020751953,,0.6332135200500488,,49.60588455200195
,3650,,,,,,,,,,1531.029541015625,,21.01910400390625,,0.6462241411209106,,39.12837600708008
,3651,,,,,,,,,,2432.305419921875,,33.697689056396484,,0.620598554611206,,49.31840896606445
,3652,,,,,,,,,,2598.941162109375,,36.11335372924805,,0.5514452457427979,,50.97981262207031
,3653,,,,,,,,,,2222.580078125,,32.18418502807617,,0.6847356557846069,,47.144248962402344
,3654,,,,,,,,,,2041.97998046875,,31.807403564453125,,0.689079761505127,,45.18827438354492
,3655,,,,,,,,,,2454.079833984375,,32.61343002319336,,0.647791862487793,,49.538665771484375
,3656,,,,,,,,,,1608.832763671875,,24.608121871948242,,0.642309308052063,,40.110260009765625
,3657,,,,,,,,,,2294.402587890625,,27.71431541442871,,0.7200195789337158,,47.89992141723633
,3658,,,,,,,,,,2189.958740234375,,32.06001281738281,,0.6415719985961914,,46.796993255615234
,3659,,,,,,,,,,2110.688232421875,,28.851137161254883,,0.6787724494934082,,45.94222640991211
,3660,,,,,,,,,,2040.9188232421875,,28.014089584350586,,0.6533781290054321,,45.17652893066406
,3661,,,,,,,,,,2100.2021484375,,29.3133544921875,,0.7108584642410278,,45.82796096801758
,3662,,,,,,,,,,2254.027587890625,,29.7081356048584,,0.6409945487976074,,47.476600646972656
,3663,,,,,,,,,,2406.958984375,,32.013671875,,0.6354699730873108,,49.060768127441406
,3664,,,,,,,,,,1796.9140625,,26.329301834106445,,0.7445322871208191,,42.39002227783203
,3665,,,,,,,,,,2025.036376953125,,27.0354061126709,,0.6292591094970703,,45.000404357910156
,3666,,,,,,,,,,1722.2457275390625,,25.231983184814453,,0.7217017412185669,,41.49995040893555
,3667,,,,,,,,,,2086.172119140625,,29.693077087402344,,0.6506118774414062,,45.67463302612305
,3668,,,,,,,,,,1706.1319580078125,,23.4821834564209,,0.736402153968811,,41.30535125732422
,3669,,,,,,,,,,2306.040771484375,,33.47952651977539,,0.6903423070907593,,48.0212516784668
,3670,,,,,,,,,,2496.0185546875,,34.12894058227539,,0.6319259405136108,,49.96017074584961
,3671,,,,,,,,,,1544.5400390625,,22.84317398071289,,0.7542474865913391,,39.300636291503906
,3672,,,,,,,,,,1797.643798828125,,26.121971130371094,,0.667542576789856,,42.39863204956055
,3673,,,,,,,,,,2930.553466796875,,37.76414489746094,,0.6135973930358887,,54.13458251953125
,3674,,,,,,,,,,1829.9970703125,,26.250532150268555,,0.6887013912200928,,42.778465270996094
,3675,,,,,,,,,,1851.1959228515625,,26.098819732666016,,0.7438650131225586,,43.02552795410156
,3676,,,,,,,,,,2509.32958984375,,32.47985076904297,,0.6087619066238403,,50.09320831298828
,3677,,,,,,,,,,2474.357666015625,,34.70505905151367,,0.5824905633926392,,49.74291229248047
,3678,,,,,,,,,,2910.96484375,,37.42500686645508,,0.6407375931739807,,53.95335388183594
,3679,,,,,,,,,,1786.021484375,,28.281230926513672,,0.7054846286773682,,42.261348724365234
,3680,,,,,,,,,,2747.67724609375,,35.9961051940918,,0.6995267271995544,,52.41829299926758
,3681,,,,,,,,,,1424.858154296875,,22.6845645904541,,0.7758912444114685,,37.747291564941406
,3682,,,,,,,,,,1733.580078125,,24.50923728942871,,0.6994220018386841,,41.63628005981445
,3683,,,,,,,,,,2047.6478271484375,,28.666414260864258,,0.6557602286338806,,45.25094223022461
,3684,,,,,,,,,,2541.83984375,,32.533382415771484,,0.6211802363395691,,50.416664123535156
,3685,,,,,,,,,,2624.574951171875,,36.01278305053711,,0.6122922897338867,,51.23060989379883
,3686,,,,,,,,,,2718.412353515625,,33.69093322753906,,0.6429571509361267,,52.138397216796875
,3687,,,,,,,,,,2277.859130859375,,30.69041633605957,,0.653961718082428,,47.72692108154297
,3688,,,,,,,,,,2424.050048828125,,29.66835594177246,,0.6674836874008179,,49.23464584350586
,3689,,,,,,,,,,1959.5845947265625,,29.31127166748047,,0.7003662586212158,,44.26719665527344
,3690,,,,,,,,,,2701.38232421875,,34.40117263793945,,0.6574267745018005,,51.974822998046875
,3691,,,,,,,,,,2054.031982421875,,26.6272029876709,,0.7188379764556885,,45.32142639160156
,3692,,,,,,,,,,2010.1954345703125,,28.616653442382812,,0.6900323629379272,,44.835201263427734
,3693,,,,,,,,,,2249.30908203125,,31.509614944458008,,0.6503056287765503,,47.4268798828125
,3694,,,,,,,,,,2093.114990234375,,28.612850189208984,,0.7131978273391724,,45.750572204589844
,3695,,,,,,,,,,1541.3863525390625,,20.926416397094727,,0.7498091459274292,,39.260494232177734
23,11087,,,,,,,,,2132.234130859375,,29.592132568359375,,0.6721746921539307,,45.98812484741211,
23,11087,2130.68896484375,,29.17923927307129,,0.6768752932548523,,45.943485260009766,,,,,,,,,
24,11099,,2634.328857421875,,32.99317932128906,,0.6211693286895752,,51.325714111328125,,,,,,,,
24,11149,,1808.829833984375,,24.737585067749023,,0.6579539179801941,,42.530338287353516,,,,,,,,
24,11199,,2267.556640625,,27.992528915405273,,0.7027470469474792,,47.61886978149414,,,,,,,,
24,11249,,2509.022705078125,,32.65800476074219,,0.6834679841995239,,50.09014892578125,,,,,,,,
24,11299,,2089.9814453125,,27.837127685546875,,0.6577422022819519,,45.71631622314453,,,,,,,,
24,11349,,2024.6741943359375,,28.423696517944336,,0.6871058940887451,,44.99637985229492,,,,,,,,
24,11399,,1526.05078125,,23.078643798828125,,0.7234370708465576,,39.064701080322266,,,,,,,,
24,11449,,2634.91455078125,,33.39992141723633,,0.6791226863861084,,51.331417083740234,,,,,,,,
24,11499,,2374.6630859375,,32.637428283691406,,0.6843253374099731,,48.73051452636719,,,,,,,,
24,11549,,822.496826171875,,14.77110767364502,,0.8652918934822083,,28.67920684814453,,,,,,,,
,3696,,,,,,,,,,2003.7828369140625,,28.10986328125,,0.7110681533813477,,44.763633728027344
,3697,,,,,,,,,,1724.7027587890625,,25.842018127441406,,0.6926323175430298,,41.529541015625
,3698,,,,,,,,,,1950.5184326171875,,28.637723922729492,,0.703100323677063,,44.1646728515625
,3699,,,,,,,,,,2667.843505859375,,35.29644012451172,,0.6777819395065308,,51.65117263793945
,3700,,,,,,,,,,1891.2083740234375,,26.666419982910156,,0.6966874599456787,,43.4880256652832
,3701,,,,,,,,,,2136.110107421875,,30.478078842163086,,0.639473557472229,,46.21807098388672
,3702,,,,,,,,,,1663.966796875,,24.77862548828125,,0.6935402154922485,,40.791748046875
,3703,,,,,,,,,,2615.43359375,,32.470481872558594,,0.6908857822418213,,51.14131164550781
,3704,,,,,,,,,,2703.821044921875,,37.750762939453125,,0.5904042720794678,,51.9982795715332
,3705,,,,,,,,,,1798.621826171875,,27.71425437927246,,0.6268008947372437,,42.410160064697266
,3706,,,,,,,,,,1806.21240234375,,23.697006225585938,,0.6733914613723755,,42.49955749511719
,3707,,,,,,,,,,2109.273681640625,,31.21488380432129,,0.6889044046401978,,45.92683029174805
,3708,,,,,,,,,,2248.84619140625,,31.088842391967773,,0.6199011206626892,,47.42200469970703
,3709,,,,,,,,,,1949.903076171875,,28.20394515991211,,0.6983164548873901,,44.15770721435547
,3710,,,,,,,,,,1799.880126953125,,24.59035873413086,,0.6584545373916626,,42.424991607666016
,3711,,,,,,,,,,2728.734130859375,,35.289554595947266,,0.6154353618621826,,52.23728561401367
,3712,,,,,,,,,,1543.424072265625,,23.826292037963867,,0.712864875793457,,39.28643798828125
,3713,,,,,,,,,,1647.0361328125,,23.206167221069336,,0.7404704093933105,,40.58369445800781
,3714,,,,,,,,,,1617.868408203125,,25.878009796142578,,0.72658371925354,,40.22273635864258
,3715,,,,,,,,,,2169.422119140625,,30.053499221801758,,0.6503794193267822,,46.577056884765625
,3716,,,,,,,,,,1592.04443359375,,24.750802993774414,,0.7460888624191284,,39.90043258666992
,3717,,,,,,,,,,1817.438720703125,,28.119844436645508,,0.7151744365692139,,42.63142776489258
,3718,,,,,,,,,,2020.78955078125,,29.784446716308594,,0.6818116903305054,,44.95319366455078
,3719,,,,,,,,,,3046.698486328125,,39.59152603149414,,0.6013633012771606,,55.19690704345703
,3720,,,,,,,,,,2562.061279296875,,33.605690002441406,,0.6568084359169006,,50.6168098449707
,3721,,,,,,,,,,2633.34130859375,,34.11195373535156,,0.646923303604126,,51.31609344482422
,3722,,,,,,,,,,1107.2861328125,,18.040760040283203,,0.7368407845497131,,33.275909423828125
,3723,,,,,,,,,,2336.09912109375,,32.109195709228516,,0.6797114014625549,,48.33320999145508
,3724,,,,,,,,,,2003.53515625,,30.325611114501953,,0.6614345908164978,,44.760868072509766
,3725,,,,,,,,,,2451.665771484375,,30.07027816772461,,0.6801267862319946,,49.51429748535156
,3726,,,,,,,,,,1924.5050048828125,,26.38572883605957,,0.6563008427619934,,43.86918258666992
,3727,,,,,,,,,,2086.0009765625,,30.26738166809082,,0.6571900844573975,,45.672760009765625
,3728,,,,,,,,,,1795.5899658203125,,25.82067108154297,,0.7215933799743652,,42.3744010925293
,3729,,,,,,,,,,1967.6219482421875,,26.46437644958496,,0.7310541272163391,,44.35788345336914
,3730,,,,,,,,,,2755.30517578125,,32.06493377685547,,0.6659941673278809,,52.49100112915039
,3731,,,,,,,,,,1911.4442138671875,,26.442550659179688,,0.6469390988349915,,43.72006607055664
,3732,,,,,,,,,,3343.72607421875,,34.84522247314453,,0.46861058473587036,,57.82495880126953
,3733,,,,,,,,,,1946.9150390625,,28.66570472717285,,0.6239196062088013,,44.12385940551758
,3734,,,,,,,,,,2254.491943359375,,29.783939361572266,,0.7024905681610107,,47.48149108886719
,3735,,,,,,,,,,1922.98046875,,25.71358871459961,,0.7233670949935913,,43.851802825927734
,3736,,,,,,,,,,2096.65087890625,,30.945566177368164,,0.6754970550537109,,45.78919982910156
,3737,,,,,,,,,,2153.48291015625,,29.91144561767578,,0.6282954812049866,,46.405635833740234
,3738,,,,,,,,,,1916.5592041015625,,26.25609588623047,,0.6734806299209595,,43.778526306152344
,3739,,,,,,,,,,2722.21240234375,,33.36056900024414,,0.6363272666931152,,52.174827575683594
,3740,,,,,,,,,,2016.5633544921875,,28.067745208740234,,0.6538420915603638,,44.90616226196289
,3741,,,,,,,,,,2351.81787109375,,30.915313720703125,,0.6830158233642578,,48.49554443359375
,3742,,,,,,,,,,1815.4969482421875,,27.206981658935547,,0.688143253326416,,42.60865020751953
,3743,,,,,,,,,,2143.338623046875,,31.163671493530273,,0.6292617321014404,,46.29620361328125
,3744,,,,,,,,,,2481.687744140625,,33.90436935424805,,0.653369128704071,,49.8165397644043
,3745,,,,,,,,,,2622.90478515625,,35.94117736816406,,0.6451817750930786,,51.21430206298828
,3746,,,,,,,,,,1976.3831787109375,,26.91493034362793,,0.6556239724159241,,44.4565315246582
,3747,,,,,,,,,,2125.73193359375,,30.017423629760742,,0.7512669563293457,,46.10565948486328
,3748,,,,,,,,,,2853.796142578125,,36.91382598876953,,0.5540251731872559,,53.42093276977539
,3749,,,,,,,,,,2289.0634765625,,30.22372055053711,,0.6968337297439575,,47.84416198730469
,3750,,,,,,,,,,2514.227783203125,,32.5617790222168,,0.678066611289978,,50.14207458496094
,3751,,,,,,,,,,1925.044677734375,,29.93549346923828,,0.6730371713638306,,43.87533187866211
,3752,,,,,,,,,,2430.24169921875,,33.68086242675781,,0.5747216939926147,,49.297481536865234
,3753,,,,,,,,,,2069.635009765625,,27.741832733154297,,0.7108596563339233,,45.49324035644531
,3754,,,,,,,,,,2324.48974609375,,30.21088981628418,,0.6204535961151123,,48.21296310424805
,3755,,,,,,,,,,1779.54638671875,,27.15048599243164,,0.7136567831039429,,42.184669494628906
,3756,,,,,,,,,,1598.077392578125,,25.05881690979004,,0.7356318235397339,,39.97595977783203
,3757,,,,,,,,,,2193.78515625,,31.00299072265625,,0.6733964085578918,,46.837860107421875
,3758,,,,,,,,,,2386.668701171875,,33.68101501464844,,0.6208489537239075,,48.85354232788086
,3759,,,,,,,,,,2295.51513671875,,31.8778018951416,,0.6530278921127319,,47.91153335571289
,3760,,,,,,,,,,2358.9306640625,,31.124210357666016,,0.6959623098373413,,48.568824768066406
,3761,,,,,,,,,,1834.0833740234375,,26.832103729248047,,0.7108363509178162,,42.82619857788086
,3762,,,,,,,,,,2321.1767578125,,32.857051849365234,,0.6269869804382324,,48.178592681884766
,3763,,,,,,,,,,1923.705810546875,,28.69202995300293,,0.724084734916687,,43.860069274902344
,3764,,,,,,,,,,2005.828857421875,,27.42408561706543,,0.6357698440551758,,44.78648376464844
,3765,,,,,,,,,,2192.762451171875,,31.789810180664062,,0.623332142829895,,46.826942443847656
,3766,,,,,,,,,,1893.577392578125,,27.349092483520508,,0.7351655960083008,,43.515254974365234
,3767,,,,,,,,,,2239.96142578125,,29.897062301635742,,0.6770709753036499,,47.32823181152344
,3768,,,,,,,,,,3691.900390625,,43.07552719116211,,0.573620080947876,,60.761009216308594
,3769,,,,,,,,,,2818.872802734375,,36.2752799987793,,0.5675784945487976,,53.09305953979492
,3770,,,,,,,,,,2358.167236328125,,32.629005432128906,,0.6584430932998657,,48.56096267700195
,3771,,,,,,,,,,1930.82275390625,,27.434602737426758,,0.7154395580291748,,43.94112777709961
,3772,,,,,,,,,,3399.035400390625,,40.86640548706055,,0.5364503860473633,,58.301246643066406
,3773,,,,,,,,,,2225.68359375,,28.633134841918945,,0.6590896844863892,,47.177154541015625
,3774,,,,,,,,,,2149.399169921875,,29.989315032958984,,0.6358081102371216,,46.36161422729492
,3775,,,,,,,,,,1913.7177734375,,28.27978515625,,0.6251207590103149,,43.746063232421875
,3776,,,,,,,,,,2483.390380859375,,35.0115966796875,,0.5923744440078735,,49.8336296081543
,3777,,,,,,,,,,2051.463134765625,,27.735628128051758,,0.6909726858139038,,45.2930793762207
,3778,,,,,,,,,,1987.593505859375,,28.99766731262207,,0.7030810117721558,,44.582435607910156
,3779,,,,,,,,,,1736.1636962890625,,26.583086013793945,,0.6926597356796265,,41.66729736328125
,3780,,,,,,,,,,1762.761474609375,,24.307554244995117,,0.6997338533401489,,41.98525619506836
,3781,,,,,,,,,,2691.98828125,,35.1301155090332,,0.5970388650894165,,51.88437271118164
,3782,,,,,,,,,,2149.060791015625,,30.008543014526367,,0.6689367294311523,,46.35796356201172
,3783,,,,,,,,,,2312.87353515625,,31.44509506225586,,0.6740130186080933,,48.092342376708984
,3784,,,,,,,,,,2258.92626953125,,31.495576858520508,,0.6751580834388733,,47.52816390991211
,3785,,,,,,,,,,1697.1339111328125,,24.18800163269043,,0.691495418548584,,41.196285247802734
,3786,,,,,,,,,,1775.6005859375,,25.662431716918945,,0.70628821849823,,42.137874603271484
,3787,,,,,,,,,,2002.322265625,,24.870296478271484,,0.6385200619697571,,44.747314453125
,3788,,,,,,,,,,2084.091552734375,,30.489116668701172,,0.7062546014785767,,45.65184783935547
,3789,,,,,,,,,,2261.517822265625,,31.36625862121582,,0.6680862903594971,,47.555419921875
,3790,,,,,,,,,,2332.343505859375,,30.73184585571289,,0.6794273853302002,,48.294342041015625
,3791,,,,,,,,,,2380.05810546875,,32.53627395629883,,0.6323307156562805,,48.78584289550781
,3792,,,,,,,,,,1613.9879150390625,,23.705307006835938,,0.7161033153533936,,40.174468994140625
,3793,,,,,,,,,,2216.719482421875,,30.310165405273438,,0.6886590719223022,,47.08205032348633
,3794,,,,,,,,,,2377.925537109375,,33.234901428222656,,0.6641031503677368,,48.763980865478516
,3795,,,,,,,,,,2339.203125,,31.405656814575195,,0.6470738053321838,,48.36531066894531
,3796,,,,,,,,,,2139.05419921875,,29.531696319580078,,0.6755738258361816,,46.249908447265625
,3797,,,,,,,,,,2623.81640625,,36.38711929321289,,0.5657557249069214,,51.223201751708984
,3798,,,,,,,,,,1598.6337890625,,23.367856979370117,,0.7163245677947998,,39.98291778564453
,3799,,,,,,,,,,2401.876708984375,,30.513540267944336,,0.6157662868499756,,49.00894546508789
,3800,,,,,,,,,,1615.3638916015625,,24.27678871154785,,0.6342061758041382,,40.19158935546875
,3801,,,,,,,,,,1774.3651123046875,,27.04169464111328,,0.719392716884613,,42.12321472167969
,3802,,,,,,,,,,2392.52197265625,,32.22382736206055,,0.6942613124847412,,48.913414001464844
,3803,,,,,,,,,,2427.0380859375,,34.46083068847656,,0.6382375955581665,,49.264976501464844
,3804,,,,,,,,,,1487.743408203125,,20.627422332763672,,0.6562262773513794,,38.5712776184082
,3805,,,,,,,,,,2577.95703125,,34.36609649658203,,0.59787917137146,,50.773590087890625
,3806,,,,,,,,,,2694.89208984375,,36.06971740722656,,0.5348849296569824,,51.912349700927734
,3807,,,,,,,,,,2229.98583984375,,32.627098083496094,,0.6836851835250854,,47.22272491455078
,3808,,,,,,,,,,2092.93896484375,,32.360862731933594,,0.6813205480575562,,45.74864959716797
,3809,,,,,,,,,,2383.5341796875,,32.500064849853516,,0.6579165458679199,,48.82145309448242
,3810,,,,,,,,,,1519.6524658203125,,23.901182174682617,,0.6621367335319519,,38.98271942138672
,3811,,,,,,,,,,2320.961669921875,,28.129980087280273,,0.7167786359786987,,48.17635726928711
,3812,,,,,,,,,,2186.369140625,,32.15700912475586,,0.6421594619750977,,46.758628845214844
,3813,,,,,,,,,,2140.0751953125,,29.142614364624023,,0.6743000149726868,,46.260948181152344
,3814,,,,,,,,,,2044.73974609375,,28.14167594909668,,0.6527291536331177,,45.21879959106445
,3815,,,,,,,,,,2211.911865234375,,30.473365783691406,,0.6954789757728577,,47.030967712402344
,3816,,,,,,,,,,2390.99169921875,,30.935043334960938,,0.619179904460907,,48.89776611328125
,3817,,,,,,,,,,2554.171630859375,,32.2608528137207,,0.6131747961044312,,50.538814544677734
,3818,,,,,,,,,,1855.13427734375,,26.675811767578125,,0.7362551093101501,,43.07126998901367
,3819,,,,,,,,,,2137.535888671875,,27.654531478881836,,0.6086628437042236,,46.23349380493164
,3820,,,,,,,,,,1834.6690673828125,,26.961036682128906,,0.7035351991653442,,42.833038330078125
,3821,,,,,,,,,,2053.4873046875,,29.786869049072266,,0.6560858488082886,,45.31542205810547
,3822,,,,,,,,,,1743.57861328125,,23.71372413635254,,0.7306166291236877,,41.75617980957031
,3823,,,,,,,,,,2438.66796875,,34.27536392211914,,0.6725330352783203,,49.382869720458984
,3824,,,,,,,,,,2523.6728515625,,33.69563293457031,,0.6278479099273682,,50.23617172241211
,3825,,,,,,,,,,1498.134033203125,,22.120258331298828,,0.761631190776825,,38.70573806762695
,3826,,,,,,,,,,1799.8900146484375,,26.115726470947266,,0.6671271324157715,,42.42510986328125
,3827,,,,,,,,,,2906.84716796875,,37.67980194091797,,0.6167231798171997,,53.915184020996094
,3828,,,,,,,,,,1872.5875244140625,,26.340709686279297,,0.681456446647644,,43.27340316772461
,3829,,,,,,,,,,1836.8292236328125,,26.326091766357422,,0.7458528280258179,,42.858245849609375
,3830,,,,,,,,,,2652.594970703125,,33.632301330566406,,0.5864248871803284,,51.50334930419922
,3831,,,,,,,,,,2490.228271484375,,34.71128463745117,,0.5798126459121704,,49.90218734741211
,3832,,,,,,,,,,2905.332763671875,,37.34303283691406,,0.6414327025413513,,53.90113830566406
,3833,,,,,,,,,,1806.7130126953125,,28.794145584106445,,0.7020726203918457,,42.50544738769531
,3834,,,,,,,,,,2692.510986328125,,35.51276397705078,,0.705559492111206,,51.88941192626953
,3835,,,,,,,,,,1517.9781494140625,,23.311864852905273,,0.7612448930740356,,38.961238861083984
,3836,,,,,,,,,,1817.8289794921875,,24.869220733642578,,0.684814453125,,42.63600540161133
,3837,,,,,,,,,,1992.020751953125,,27.99742889404297,,0.6651119589805603,,44.63206100463867
,3838,,,,,,,,,,2585.96484375,,33.1778450012207,,0.614604115486145,,50.85238265991211
,3839,,,,,,,,,,2685.090576171875,,36.35184860229492,,0.6033527851104736,,51.8178596496582
,3840,,,,,,,,,,2722.944580078125,,34.523040771484375,,0.6423618793487549,,52.18184280395508
,3841,,,,,,,,,,2292.3017578125,,31.143123626708984,,0.6517677307128906,,47.877986907958984
,3842,,,,,,,,,,2602.790771484375,,31.489423751831055,,0.6429651379585266,,51.017555236816406
,3843,,,,,,,,,,1983.488037109375,,29.53769874572754,,0.6967113018035889,,44.5363655090332
,3844,,,,,,,,,,2801.872314453125,,35.449012756347656,,0.6446832418441772,,52.932716369628906
,3845,,,,,,,,,,2112.54931640625,,27.190326690673828,,0.7108279466629028,,45.96247482299805
,3846,,,,,,,,,,2001.545166015625,,28.60602378845215,,0.6913662552833557,,44.73863220214844
,3847,,,,,,,,,,2289.58935546875,,32.07969665527344,,0.6440434455871582,,47.84965515136719
,3848,,,,,,,,,,2257.58447265625,,29.830398559570312,,0.6906619668006897,,47.51404571533203
,3849,,,,,,,,,,1530.0953369140625,,20.71990203857422,,0.7516418695449829,,39.116432189941406
24,11549,,,,,,,,,2177.4306640625,,29.936248779296875,,0.6653723120689392,,46.46568298339844,
24,11549,2130.604736328125,,29.153095245361328,,0.6771654486656189,,45.927364349365234,,,,,,,,,
25,11599,,2392.315673828125,,31.631567001342773,,0.6898269653320312,,48.91130447387695,,,,,,,,
25,11649,,2272.486572265625,,33.2386589050293,,0.65407794713974,,47.67060470581055,,,,,,,,
25,11699,,1525.4237060546875,,22.492385864257812,,0.773210346698761,,39.056671142578125,,,,,,,,
25,11749,,2611.543212890625,,33.50205612182617,,0.6376535892486572,,51.10325622558594,,,,,,,,
25,11799,,1099.884765625,,20.252798080444336,,0.8003277778625488,,33.16450881958008,,,,,,,,
25,11849,,2960.939208984375,,39.41693878173828,,0.49340593814849854,,54.414512634277344,,,,,,,,
25,11899,,2241.177734375,,31.042999267578125,,0.6683902740478516,,47.3410758972168,,,,,,,,
25,11949,,2463.567626953125,,33.37165451049805,,0.6158969402313232,,49.63433837890625,,,,,,,,
25,11999,,2691.08984375,,34.04117965698242,,0.6562012434005737,,51.87571334838867,,,,,,,,
,3850,,,,,,,,,,1950.869873046875,,27.072784423828125,,0.7186977863311768,,44.16865158081055
,3851,,,,,,,,,,1641.2486572265625,,24.6942081451416,,0.7075050473213196,,40.5123291015625
,3852,,,,,,,,,,1846.537109375,,27.232515335083008,,0.7189279794692993,,42.971351623535156
,3853,,,,,,,,,,2575.728515625,,33.83016586303711,,0.6889073848724365,,50.75163650512695
,3854,,,,,,,,,,1766.0638427734375,,25.73544692993164,,0.7167581915855408,,42.02456283569336
,3855,,,,,,,,,,2065.165771484375,,29.217529296875,,0.6514472961425781,,45.444095611572266
,3856,,,,,,,,,,1666.297119140625,,24.068809509277344,,0.6931110620498657,,40.82030487060547
,3857,,,,,,,,,,2563.17578125,,31.647953033447266,,0.697062075138092,,50.62781524658203
,3858,,,,,,,,,,2670.78173828125,,36.88881301879883,,0.5954093337059021,,51.67960739135742
,3859,,,,,,,,,,1720.5130615234375,,26.076650619506836,,0.6430078148841858,,41.479068756103516
,3860,,,,,,,,,,1749.0706787109375,,22.986745834350586,,0.6837241649627686,,41.82189178466797
,3861,,,,,,,,,,2095.747314453125,,30.21322250366211,,0.6908993721008301,,45.77933120727539
,3862,,,,,,,,,,2166.270751953125,,29.646081924438477,,0.6338579654693604,,46.543212890625
,3863,,,,,,,,,,1828.8409423828125,,26.675020217895508,,0.717046856880188,,42.764949798583984
,3864,,,,,,,,,,1659.212158203125,,22.867237091064453,,0.685147762298584,,40.73342514038086
,3865,,,,,,,,,,2747.63427734375,,35.1514892578125,,0.61277174949646,,52.41788101196289
,3866,,,,,,,,,,1423.6617431640625,,22.128582000732422,,0.7351452112197876,,37.731441497802734
,3867,,,,,,,,,,1582.8751220703125,,22.555431365966797,,0.7505804896354675,,39.785362243652344
,3868,,,,,,,,,,1538.8973388671875,,23.954980850219727,,0.7399296760559082,,39.228782653808594
,3869,,,,,,,,,,2097.621337890625,,28.843502044677734,,0.6619507074356079,,45.79979705810547
,3870,,,,,,,,,,1566.5040283203125,,23.227815628051758,,0.7501622438430786,,39.57908630371094
,3871,,,,,,,,,,1737.8609619140625,,26.940444946289062,,0.727645754814148,,41.687660217285156
,3872,,,,,,,,,,1914.5380859375,,28.404539108276367,,0.6985417604446411,,43.755435943603516
,3873,,,,,,,,,,3073.113037109375,,39.74964141845703,,0.5979071855545044,,55.435665130615234
,3874,,,,,,,,,,2408.676513671875,,31.93132209777832,,0.6773545145988464,,49.078269958496094
,3875,,,,,,,,,,2573.5556640625,,32.88962173461914,,0.6549392938613892,,50.730224609375
,3876,,,,,,,,,,1063.80615234375,,16.888132095336914,,0.7471742630004883,,32.61604309082031
,3877,,,,,,,,,,2354.418212890625,,31.854772567749023,,0.6771997809410095,,48.52234649658203
,3878,,,,,,,,,,1767.916748046875,,28.04977035522461,,0.7012503147125244,,42.04660415649414
,3879,,,,,,,,,,2467.96484375,,29.23389434814453,,0.6780002117156982,,49.67861557006836
,3880,,,,,,,,,,1863.6441650390625,,25.665241241455078,,0.6671700477600098,,43.169944763183594
,3881,,,,,,,,,,2004.9036865234375,,28.888147354125977,,0.6705174446105957,,44.77614974975586
,3882,,,,,,,,,,1774.6612548828125,,25.26637840270996,,0.724838376045227,,42.12672805786133
,3883,,,,,,,,,,1947.6842041015625,,25.9990291595459,,0.7337793111801147,,44.13257598876953
,3884,,,,,,,,,,2755.6865234375,,31.811683654785156,,0.6659479141235352,,52.494632720947266
,3885,,,,,,,,,,1788.890380859375,,24.978294372558594,,0.6695759296417236,,42.2952766418457
,3886,,,,,,,,,,2687.16455078125,,31.912689208984375,,0.5729522705078125,,51.837867736816406
,3887,,,,,,,,,,1882.13671875,,27.280908584594727,,0.6364326477050781,,43.383602142333984
,3888,,,,,,,,,,2171.22119140625,,28.52313232421875,,0.7134791612625122,,46.59636306762695
,3889,,,,,,,,,,1895.004150390625,,24.988744735717773,,0.7273916602134705,,43.53164291381836
,3890,,,,,,,,,,2013.27294921875,,30.535594940185547,,0.6884015798568726,,44.869510650634766
,3891,,,,,,,,,,2020.9437255859375,,28.567520141601562,,0.6511725783348083,,44.95490646362305
,3892,,,,,,,,,,1926.77783203125,,25.748567581176758,,0.6717396974563599,,43.89508056640625
,3893,,,,,,,,,,2567.58935546875,,31.917701721191406,,0.6569840908050537,,50.67138671875
,3894,,,,,,,,,,1957.5218505859375,,26.77688980102539,,0.6639769673347473,,44.24388885498047
,3895,,,,,,,,,,2274.1689453125,,30.390775680541992,,0.6934815645217896,,47.68824768066406
,3896,,,,,,,,,,1725.569580078125,,25.87027931213379,,0.7035905122756958,,41.539974212646484
,3897,,,,,,,,,,1966.2679443359375,,29.447307586669922,,0.6598900556564331,,44.342620849609375
,3898,,,,,,,,,,2336.129150390625,,32.783931732177734,,0.6737000942230225,,48.333518981933594
,3899,,,,,,,,,,2533.39453125,,34.935325622558594,,0.6572903990745544,,50.33283615112305
,3900,,,,,,,,,,1865.36572265625,,25.624507904052734,,0.6749682426452637,,43.18988037109375
,3901,,,,,,,,,,2141.005126953125,,29.124353408813477,,0.7494798302650452,,46.27099609375
,3902,,,,,,,,,,2701.014404296875,,35.378414154052734,,0.5779010057449341,,51.97128677368164
,3903,,,,,,,,,,2121.6640625,,28.063129425048828,,0.7190042734146118,,46.0615234375
,3904,,,,,,,,,,2494.28662109375,,31.935396194458008,,0.6806199550628662,,49.942832946777344
,3905,,,,,,,,,,1884.4976806640625,,29.22707748413086,,0.679923951625824,,43.41080093383789
,3906,,,,,,,,,,2465.453857421875,,33.87422180175781,,0.5685597658157349,,49.65333557128906
,3907,,,,,,,,,,2045.3934326171875,,27.208518981933594,,0.7142462730407715,,45.22602844238281
,3908,,,,,,,,,,2266.68310546875,,28.97014045715332,,0.6298924088478088,,47.60969543457031
,3909,,,,,,,,,,1557.69482421875,,25.253286361694336,,0.7493544220924377,,39.46764373779297
,3910,,,,,,,,,,1538.0399169921875,,24.08527946472168,,0.7455637454986572,,39.21785354614258
,3911,,,,,,,,,,2144.433837890625,,30.050046920776367,,0.6807436943054199,,46.30803298950195
,3912,,,,,,,,,,2238.34619140625,,31.737503051757812,,0.6444118022918701,,47.31116485595703
,3913,,,,,,,,,,2215.645751953125,,30.42134666442871,,0.6651003360748291,,47.070648193359375
,3914,,,,,,,,,,2254.253173828125,,30.095685958862305,,0.7094539403915405,,47.47897720336914
,3915,,,,,,,,,,1707.648193359375,,25.169971466064453,,0.7307702302932739,,41.323699951171875
,3916,,,,,,,,,,2172.205810546875,,31.266277313232422,,0.6509265899658203,,46.60692596435547
,3917,,,,,,,,,,1738.463623046875,,26.32037925720215,,0.750653862953186,,41.69488525390625
,3918,,,,,,,,,,1916.527587890625,,26.76953125,,0.6519857048988342,,43.77816390991211
,3919,,,,,,,,,,2020.850830078125,,29.830263137817383,,0.6528627872467041,,44.95387268066406
,3920,,,,,,,,,,1840.1734619140625,,26.17230224609375,,0.7426345944404602,,42.89724349975586
,3921,,,,,,,,,,2250.764404296875,,29.549013137817383,,0.6755135655403137,,47.442222595214844
,3922,,,,,,,,,,3540.470703125,,41.60718536376953,,0.5911087989807129,,59.501853942871094
,3923,,,,,,,,,,2713.629638671875,,35.49385452270508,,0.5837230682373047,,52.09251022338867
,3924,,,,,,,,,,2331.8251953125,,31.348386764526367,,0.6622584462165833,,48.28897476196289
,3925,,,,,,,,,,1884.7149658203125,,26.348676681518555,,0.722234845161438,,43.413307189941406
,3926,,,,,,,,,,3163.548095703125,,39.782352447509766,,0.5685653686523438,,56.245426177978516
,3927,,,,,,,,,,2006.294677734375,,26.889469146728516,,0.6926937699317932,,44.79167938232422
,3928,,,,,,,,,,2079.566162109375,,28.698505401611328,,0.6476404666900635,,45.60226058959961
,3929,,,,,,,,,,1829.1046142578125,,27.240234375,,0.6416956186294556,,42.76803207397461
,3930,,,,,,,,,,2396.2744140625,,33.38768768310547,,0.6066737174987793,,48.95175552368164
,3931,,,,,,,,,,1999.7156982421875,,27.019359588623047,,0.6987677216529846,,44.71818161010742
,3932,,,,,,,,,,1969.2591552734375,,28.16899871826172,,0.7058199048042297,,44.37633514404297
,3933,,,,,,,,,,1630.57470703125,,25.26104164123535,,0.7113513946533203,,40.380374908447266
,3934,,,,,,,,,,1779.1141357421875,,24.143489837646484,,0.6969484090805054,,42.17954635620117
,3935,,,,,,,,,,2722.215087890625,,34.606998443603516,,0.5925142168998718,,52.17485046386719
,3936,,,,,,,,,,2120.390380859375,,29.400028228759766,,0.6733534932136536,,46.04769515991211
,3937,,,,,,,,,,2276.2138671875,,31.058195114135742,,0.6791800260543823,,47.70968246459961
,3938,,,,,,,,,,2224.445068359375,,31.134540557861328,,0.6801166534423828,,47.164024353027344
,3939,,,,,,,,,,1705.9034423828125,,23.74954605102539,,0.6899012923240662,,41.302581787109375
,3940,,,,,,,,,,1767.260986328125,,25.29512596130371,,0.7076677083969116,,42.03880310058594
,3941,,,,,,,,,,1715.5516357421875,,22.611278533935547,,0.6902908086776733,,41.419219970703125
,3942,,,,,,,,,,1989.6102294921875,,29.44661521911621,,0.7195714116096497,,44.605045318603516
,3943,,,,,,,,,,2273.141357421875,,31.316293716430664,,0.6663804054260254,,47.67747116088867
,3944,,,,,,,,,,2289.8759765625,,29.83517074584961,,0.6852643489837646,,47.8526496887207
,3945,,,,,,,,,,2273.3984375,,30.730854034423828,,0.6488074064254761,,47.680171966552734
,3946,,,,,,,,,,1591.1236572265625,,23.094194412231445,,0.7201250791549683,,39.888893127441406
,3947,,,,,,,,,,2110.039794921875,,28.617639541625977,,0.7036423683166504,,45.9351692199707
,3948,,,,,,,,,,2259.912109375,,31.659582138061523,,0.6807733178138733,,47.538536071777344
,3949,,,,,,,,,,2253.240966796875,,30.31890869140625,,0.6600433588027954,,47.46831512451172
,3950,,,,,,,,,,2097.019775390625,,28.811410903930664,,0.6819491386413574,,45.79322814941406
,3951,,,,,,,,,,2525.1748046875,,35.395992279052734,,0.5820809602737427,,50.25111770629883
,3952,,,,,,,,,,1573.0252685546875,,22.566965103149414,,0.720868706703186,,39.661380767822266
,3953,,,,,,,,,,2395.271484375,,29.836599349975586,,0.6168229579925537,,48.94150924682617
,3954,,,,,,,,,,1581.7947998046875,,24.085020065307617,,0.6418077945709229,,39.771785736083984
,3955,,,,,,,,,,1731.4503173828125,,25.670745849609375,,0.7261794805526733,,41.61069869995117
,3956,,,,,,,,,,2343.0986328125,,31.430265426635742,,0.7005771398544312,,48.40556335449219
,3957,,,,,,,,,,2287.89013671875,,32.62611389160156,,0.6589783430099487,,47.83189392089844
,3958,,,,,,,,,,1522.6988525390625,,20.672725677490234,,0.6481491327285767,,39.02177429199219
,3959,,,,,,,,,,2458.183349609375,,33.399967193603516,,0.616562008857727,,49.58007049560547
,3960,,,,,,,,,,2555.107666015625,,34.953853607177734,,0.5590105056762695,,50.548072814941406
,3961,,,,,,,,,,2192.582275390625,,31.38334846496582,,0.6889907121658325,,46.825016021728516
,3962,,,,,,,,,,2015.303955078125,,31.154617309570312,,0.6931415796279907,,44.89213943481445
,3963,,,,,,,,,,2420.46142578125,,31.778579711914062,,0.6526167392730713,,49.198184967041016
,3964,,,,,,,,,,1548.2689208984375,,23.63178253173828,,0.6557744741439819,,39.34804916381836
,3965,,,,,,,,,,2364.33056640625,,27.052209854125977,,0.7114864587783813,,48.62438201904297
,3966,,,,,,,,,,2164.718994140625,,30.99733543395996,,0.6457029581069946,,46.52653884887695
,3967,,,,,,,,,,2212.178955078125,,29.300289154052734,,0.6633265018463135,,47.03380584716797
,3968,,,,,,,,,,1943.6668701171875,,27.01520538330078,,0.6698950529098511,,44.0870361328125
,3969,,,,,,,,,,2068.96337890625,,28.62953758239746,,0.7151591777801514,,45.48585891723633
,3970,,,,,,,,,,2157.681396484375,,28.784488677978516,,0.6563398838043213,,46.45084762573242
,3971,,,,,,,,,,2392.438232421875,,31.033939361572266,,0.6376690864562988,,48.91255569458008
,3972,,,,,,,,,,1910.1409912109375,,27.1052188873291,,0.7284348011016846,,43.70515823364258
,3973,,,,,,,,,,2001.1064453125,,26.45914077758789,,0.6336401700973511,,44.733726501464844
,3974,,,,,,,,,,1739.147216796875,,25.204458236694336,,0.7189705967903137,,41.70308303833008
,3975,,,,,,,,,,2099.353271484375,,29.147775650024414,,0.6484043598175049,,45.81869888305664
,3976,,,,,,,,,,1667.2713623046875,,22.5202693939209,,0.7424061298370361,,40.83223342895508
,3977,,,,,,,,,,2336.085205078125,,33.129947662353516,,0.6863079071044922,,48.333065032958984
,3978,,,,,,,,,,2328.401123046875,,31.996274948120117,,0.6566435098648071,,48.253509521484375
,3979,,,,,,,,,,1506.10791015625,,22.067106246948242,,0.760362446308136,,38.80860900878906
,3980,,,,,,,,,,1753.9453125,,25.499698638916016,,0.6756241321563721,,41.880130767822266
,3981,,,,,,,,,,2912.431640625,,37.2218132019043,,0.6159868240356445,,53.966949462890625
,3982,,,,,,,,,,1784.5382080078125,,25.27044677734375,,0.6964343786239624,,42.24379348754883
,3983,,,,,,,,,,1779.5118408203125,,25.19127655029297,,0.7537833452224731,,42.18425750732422
,3984,,,,,,,,,,2496.23291015625,,31.9255313873291,,0.6108038425445557,,49.96231460571289
,3985,,,,,,,,,,2400.46826171875,,33.04330062866211,,0.5949581861495972,,48.99457550048828
,3986,,,,,,,,,,2913.962158203125,,37.026832580566406,,0.6403676271438599,,53.98112869262695
,3987,,,,,,,,,,1806.5244140625,,27.953611373901367,,0.7021037340164185,,42.50322723388672
,3988,,,,,,,,,,2704.361328125,,34.9219970703125,,0.7042635679244995,,52.003475189208984
,3989,,,,,,,,,,1389.0714111328125,,21.774436950683594,,0.7815199494361877,,37.27024841308594
,3990,,,,,,,,,,1741.375244140625,,24.032695770263672,,0.6980704069137573,,41.72978973388672
,3991,,,,,,,,,,2024.6588134765625,,27.651708602905273,,0.6596250534057617,,44.99620819091797
,3992,,,,,,,,,,2512.673828125,,31.91061782836914,,0.6255269050598145,,50.12657928466797
,3993,,,,,,,,,,2511.57666015625,,34.694061279296875,,0.6289846301078796,,50.115631103515625
,3994,,,,,,,,,,2683.032470703125,,33.01936721801758,,0.6476039886474609,,51.797996520996094
,3995,,,,,,,,,,2234.33154296875,,29.92292022705078,,0.660574197769165,,47.268714904785156
,3996,,,,,,,,,,2439.8330078125,,29.356481552124023,,0.6653187274932861,,49.3946647644043
,3997,,,,,,,,,,1889.09765625,,28.32270622253418,,0.711144208908081,,43.463748931884766
,3998,,,,,,,,,,2630.8623046875,,33.63351058959961,,0.6663696765899658,,51.29193115234375
,3999,,,,,,,,,,2045.8135986328125,,26.40245819091797,,0.7199629545211792,,45.23067092895508
,4000,,,,,,,,,,1994.4210205078125,,27.87874412536621,,0.6924647688865662,,44.658939361572266
,4001,,,,,,,,,,2172.154296875,,30.48343276977539,,0.662300705909729,,46.60637664794922
,4002,,,,,,,,,,2066.683349609375,,27.507545471191406,,0.7168195247650146,,45.46078872680664
,4003,,,,,,,,,,1536.396484375,,20.027950286865234,,0.7506190538406372,,39.196895599365234
25,12011,,,,,,,,,2101.02685546875,,28.844505310058594,,0.6773196458816528,,45.64326095581055,
25,12011,2110.552734375,,29.007417678833008,,0.6796857118606567,,45.72047805786133,,,,,,,,,
26,12049,,1787.039306640625,,27.03786849975586,,0.7240771055221558,,42.27338790893555,,,,,,,,
26,12099,,1520.378662109375,,24.3111629486084,,0.7351014614105225,,38.992034912109375,,,,,,,,
26,12149,,1573.5054931640625,,23.544496536254883,,0.7550367116928101,,39.66743469238281,,,,,,,,
26,12199,,2526.42919921875,,33.0389518737793,,0.6431032419204712,,50.26359558105469,,,,,,,,
26,12249,,2578.8671875,,33.38958740234375,,0.6806447505950928,,50.78254699707031,,,,,,,,
26,12299,,2169.760009765625,,28.610498428344727,,0.7331379652023315,,46.58068084716797,,,,,,,,
26,12349,,3007.148193359375,,37.223731994628906,,0.5562111139297485,,54.83747100830078,,,,,,,,
26,12399,,1970.4317626953125,,27.968307495117188,,0.6902422904968262,,44.38954544067383,,,,,,,,
26,12449,,2545.372314453125,,34.881046295166016,,0.6331626176834106,,50.451683044433594,,,,,,,,
,4004,,,,,,,,,,2000.3760986328125,,27.889057159423828,,0.7115593552589417,,44.725563049316406
,4005,,,,,,,,,,1740.7220458984375,,26.134645462036133,,0.6897773742675781,,41.721961975097656
,4006,,,,,,,,,,1874.67236328125,,28.10736656188965,,0.7146453261375427,,43.2974853515625
,4007,,,,,,,,,,2646.400390625,,34.93359375,,0.6803717613220215,,51.44317626953125
,4008,,,,,,,,,,1859.994873046875,,26.49788475036621,,0.7016935348510742,,43.12765884399414
,4009,,,,,,,,,,2104.61865234375,,29.688364028930664,,0.6447886228561401,,45.876121520996094
,4010,,,,,,,,,,1774.8167724609375,,25.483182907104492,,0.6731245517730713,,42.12857437133789
,4011,,,,,,,,,,2597.484619140625,,32.314476013183594,,0.6930071711540222,,50.96552276611328
,4012,,,,,,,,,,2731.40234375,,37.99818801879883,,0.5862259864807129,,52.262821197509766
,4013,,,,,,,,,,1821.5693359375,,27.68343162536621,,0.6220394968986511,,42.679847717285156
,4014,,,,,,,,,,1747.7191162109375,,23.17736053466797,,0.6839685440063477,,41.805728912353516
,4015,,,,,,,,,,2124.3642578125,,30.729013442993164,,0.6866786479949951,,46.09082794189453
,4016,,,,,,,,,,2220.8408203125,,30.360576629638672,,0.6246345639228821,,47.12580108642578
,4017,,,,,,,,,,1893.2061767578125,,27.483736038208008,,0.7070884704589844,,43.510990142822266
,4018,,,,,,,,,,1781.72998046875,,24.3316707611084,,0.6618987321853638,,42.21054458618164
,4019,,,,,,,,,,2738.2744140625,,35.65180969238281,,0.6140908002853394,,52.32852554321289
,4020,,,,,,,,,,1429.5286865234375,,22.38132667541504,,0.7340537309646606,,37.80910873413086
,4021,,,,,,,,,,1609.5059814453125,,22.893417358398438,,0.7463841438293457,,40.118648529052734
,4022,,,,,,,,,,1613.6929931640625,,25.329904556274414,,0.7272893786430359,,40.170799255371094
,4023,,,,,,,,,,2137.5478515625,,29.610431671142578,,0.6555162668228149,,46.23362350463867
,4024,,,,,,,,,,1616.01416015625,,24.335710525512695,,0.7422659993171692,,40.19968032836914
,4025,,,,,,,,,,1738.1763916015625,,27.48195457458496,,0.7275962829589844,,41.691444396972656
,4026,,,,,,,,,,1904.49951171875,,28.6309757232666,,0.7001223564147949,,43.64057159423828
,4027,,,,,,,,,,3092.83447265625,,40.212100982666016,,0.5953267812728882,,55.61325454711914
,4028,,,,,,,,,,2494.702880859375,,32.975162506103516,,0.6658312082290649,,49.94700241088867
,4029,,,,,,,,,,2654.6640625,,34.22449493408203,,0.6440643668174744,,51.523433685302734
,4030,,,,,,,,,,1098.0958251953125,,17.729211807250977,,0.7390249967575073,,33.13752746582031
,4031,,,,,,,,,,2287.236572265625,,31.76143455505371,,0.686410665512085,,47.8250617980957
,4032,,,,,,,,,,1832.6090087890625,,29.01106071472168,,0.6903183460235596,,42.808982849121094
,4033,,,,,,,,,,2410.26953125,,29.25773048400879,,0.6855278015136719,,49.09449768066406
,4034,,,,,,,,,,1863.892333984375,,26.454614639282227,,0.6671257019042969,,43.172821044921875
,4035,,,,,,,,,,2072.54443359375,,29.93636703491211,,0.659401535987854,,45.52520751953125
,4036,,,,,,,,,,1758.48095703125,,25.586883544921875,,0.7273471355438232,,41.93424606323242
,4037,,,,,,,,,,1962.1781005859375,,26.616260528564453,,0.7317982316017151,,44.296478271484375
,4038,,,,,,,,,,2759.773193359375,,32.37184143066406,,0.6654525399208069,,52.53354263305664
,4039,,,,,,,,,,1877.6766357421875,,26.17966079711914,,0.6531763076782227,,43.3321647644043
,4040,,,,,,,,,,2825.08056640625,,32.74959182739258,,0.5510344505310059,,53.151485443115234
,4041,,,,,,,,,,1926.152099609375,,28.165756225585938,,0.6279302835464478,,43.8879508972168
,4042,,,,,,,,,,2249.3671875,,29.245203018188477,,0.7031668424606323,,47.427494049072266
,4043,,,,,,,,,,1900.526123046875,,25.295991897583008,,0.7265973091125488,,43.59502410888672
,4044,,,,,,,,,,2067.491455078125,,30.828702926635742,,0.6800100803375244,,45.46967697143555
,4045,,,,,,,,,,2205.0078125,,30.356033325195312,,0.6194019317626953,,46.95751190185547
,4046,,,,,,,,,,1951.917236328125,,26.521835327148438,,0.6674567461013794,,44.18050765991211
,4047,,,,,,,,,,2587.415771484375,,32.41173553466797,,0.6543353796005249,,50.86664962768555
,4048,,,,,,,,,,2034.8184814453125,,28.08915138244629,,0.6507084369659424,,45.10896301269531
,4049,,,,,,,,,,2330.954833984375,,31.14267921447754,,0.6858277916908264,,48.279964447021484
,4050,,,,,,,,,,1885.3741455078125,,27.491294860839844,,0.6761401891708374,,43.420894622802734
,4051,,,,,,,,,,2038.3746337890625,,30.356348037719727,,0.6474175453186035,,45.14836120605469
,4052,,,,,,,,,,2408.396240234375,,33.50537872314453,,0.6636061668395996,,49.07541275024414
,4053,,,,,,,,,,2623.963134765625,,35.93724822998047,,0.6450386047363281,,51.224632263183594
,4054,,,,,,,,,,1909.8875732421875,,26.41584587097168,,0.667210578918457,,43.7022590637207
,4055,,,,,,,,,,2076.142333984375,,29.506607055664062,,0.75706946849823,,45.56470489501953
,4056,,,,,,,,,,2803.287109375,,36.992862701416016,,0.5619184970855713,,52.94607925415039
,4057,,,,,,,,,,2136.926513671875,,28.794797897338867,,0.716982901096344,,46.22690200805664
,4058,,,,,,,,,,2440.05029296875,,32.09574890136719,,0.6875646114349365,,49.39686584472656
,4059,,,,,,,,,,1925.2744140625,,29.65043830871582,,0.6729981899261475,,43.87794876098633
,4060,,,,,,,,,,2562.125244140625,,35.16621017456055,,0.551642894744873,,50.61743927001953
,4061,,,,,,,,,,2035.93505859375,,27.145156860351562,,0.7155677080154419,,45.121337890625
,4062,,,,,,,,,,2328.307861328125,,29.96234703063965,,0.6198301911354065,,48.25254440307617
,4063,,,,,,,,,,1695.6614990234375,,26.742828369140625,,0.7271544933319092,,41.178409576416016
,4064,,,,,,,,,,1616.7579345703125,,25.39075469970703,,0.732541561126709,,40.208927154541016
,4065,,,,,,,,,,2228.08740234375,,31.198474884033203,,0.6682896018028259,,47.20262145996094
,4066,,,,,,,,,,2224.99267578125,,31.792831420898438,,0.6465331315994263,,47.16982650756836
,4067,,,,,,,,,,2291.15576171875,,31.547687530517578,,0.6536868810653687,,47.86602020263672
,4068,,,,,,,,,,2298.108642578125,,30.727577209472656,,0.7038015127182007,,47.93859100341797
,4069,,,,,,,,,,1718.0960693359375,,25.697385787963867,,0.7291229963302612,,41.449920654296875
,4070,,,,,,,,,,2230.621337890625,,32.093467712402344,,0.6415392160415649,,47.22945022583008
,4071,,,,,,,,,,1782.4830322265625,,27.150005340576172,,0.744340181350708,,42.21946334838867
,4072,,,,,,,,,,1938.1519775390625,,27.348737716674805,,0.6480590105056763,,44.02444839477539
,4073,,,,,,,,,,2015.834228515625,,29.836631774902344,,0.6537244915962219,,44.898040771484375
,4074,,,,,,,,,,1804.4698486328125,,26.524337768554688,,0.7476280927658081,,42.47904968261719
,4075,,,,,,,,,,2295.939453125,,30.486413955688477,,0.6690008044242859,,47.91596221923828
,4076,,,,,,,,,,3450.064697265625,,41.3095588684082,,0.6015498042106628,,58.73725128173828
,4077,,,,,,,,,,2843.712646484375,,37.058128356933594,,0.5637680292129517,,53.326473236083984
,4078,,,,,,,,,,2326.430908203125,,31.860544204711914,,0.6630397439002991,,48.233089447021484
,4079,,,,,,,,,,1933.707275390625,,27.19695472717285,,0.7150144577026367,,43.973941802978516
,4080,,,,,,,,,,3119.0810546875,,39.9195671081543,,0.5746296644210815,,55.848731994628906
,4081,,,,,,,,,,2168.095947265625,,28.906665802001953,,0.6679104566574097,,46.56281661987305
,4082,,,,,,,,,,2080.6318359375,,29.231464385986328,,0.6474599838256836,,45.61394500732422
,4083,,,,,,,,,,1892.963134765625,,28.02702522277832,,0.6291863918304443,,43.50819778442383
,4084,,,,,,,,,,2407.54150390625,,34.28085708618164,,0.6048243045806885,,49.06670379638672
,4085,,,,,,,,,,2045.4720458984375,,27.779939651489258,,0.6918751001358032,,45.22689437866211
,4086,,,,,,,,,,2034.5826416015625,,28.95943832397461,,0.6960614919662476,,45.10634994506836
,4087,,,,,,,,,,1663.71923828125,,26.159055709838867,,0.7054840922355652,,40.78871536254883
,4088,,,,,,,,,,1768.508056640625,,24.4863224029541,,0.6987550258636475,,42.05363464355469
,4089,,,,,,,,,,2753.567626953125,,35.718162536621094,,0.5878211259841919,,52.474449157714844
,4090,,,,,,,,,,2081.76220703125,,29.3875789642334,,0.6793041229248047,,45.6263313293457
,4091,,,,,,,,,,2290.78173828125,,31.63780975341797,,0.6771267652511597,,47.86211013793945
,4092,,,,,,,,,,2209.808349609375,,31.130159378051758,,0.6822214126586914,,47.00859832763672
,4093,,,,,,,,,,1702.8876953125,,24.20877456665039,,0.6904494762420654,,41.26605987548828
,4094,,,,,,,,,,1781.4080810546875,,25.89388084411621,,0.7053276300430298,,42.206729888916016
,4095,,,,,,,,,,1823.2342529296875,,23.921918869018555,,0.6708508729934692,,42.69934844970703
,4096,,,,,,,,,,2076.006591796875,,30.340713500976562,,0.7073941230773926,,45.56321716308594
,4097,,,,,,,,,,2257.37939453125,,31.191267013549805,,0.6686936616897583,,47.51189041137695
,4098,,,,,,,,,,2309.246826171875,,30.541444778442383,,0.6826019287109375,,48.054622650146484
,4099,,,,,,,,,,2419.4521484375,,32.70969772338867,,0.6262451410293579,,49.187931060791016
,4100,,,,,,,,,,1612.266357421875,,23.69755744934082,,0.7164061665534973,,40.153038024902344
,4101,,,,,,,,,,2182.866943359375,,29.669523239135742,,0.6934137344360352,,46.72116470336914
,4102,,,,,,,,,,2255.172607421875,,32.10437774658203,,0.6814428567886353,,47.4886589050293
,4103,,,,,,,,,,2320.39453125,,30.879499435424805,,0.6499115228652954,,48.170475006103516
,4104,,,,,,,,,,2106.571044921875,,29.419660568237305,,0.6805005073547363,,45.89739990234375
,4105,,,,,,,,,,2623.37939453125,,36.63298416137695,,0.5658280253410339,,51.218936920166016
,4106,,,,,,,,,,1623.132080078125,,23.394393920898438,,0.7119773626327515,,40.28811264038086
,4107,,,,,,,,,,2471.857421875,,31.216718673706055,,0.6045713424682617,,49.717777252197266
,4108,,,,,,,,,,1571.356201171875,,24.407123565673828,,0.6441715955734253,,39.64033508300781
,4109,,,,,,,,,,1755.58154296875,,26.812061309814453,,0.7223632335662842,,41.899662017822266
,4110,,,,,,,,,,2299.13427734375,,31.470012664794922,,0.7061952948570251,,47.94928741455078
,4111,,,,,,,,,,2499.0478515625,,35.22142028808594,,0.6275042295455933,,49.990474700927734
,4112,,,,,,,,,,1494.069091796875,,20.931249618530273,,0.6547646522521973,,38.65319061279297
,4113,,,,,,,,,,2445.364501953125,,33.84328079223633,,0.6185615062713623,,49.45063018798828
,4114,,,,,,,,,,2615.69580078125,,35.878963470458984,,0.5485535264015198,,51.14387512207031
,4115,,,,,,,,,,2232.20556640625,,32.117469787597656,,0.6833703517913818,,47.24622344970703
,4116,,,,,,,,,,2061.19775390625,,31.72771644592285,,0.6861535906791687,,45.40041732788086
,4117,,,,,,,,,,2363.3681640625,,31.619701385498047,,0.6608107089996338,,48.61448669433594
,4118,,,,,,,,,,1532.427490234375,,24.064163208007812,,0.659296452999115,,39.14623260498047
,4119,,,,,,,,,,2297.577880859375,,27.343769073486328,,0.719632089138031,,47.93305587768555
,4120,,,,,,,,,,2184.142578125,,31.815622329711914,,0.6425238847732544,,46.73480987548828
,4121,,,,,,,,,,2179.274658203125,,29.558603286743164,,0.6683342456817627,,46.682701110839844
,4122,,,,,,,,,,2037.0389404296875,,28.547046661376953,,0.6540370583534241,,45.133567810058594
,4123,,,,,,,,,,2107.440673828125,,29.583702087402344,,0.7098618745803833,,45.90686798095703
,4124,,,,,,,,,,2234.582763671875,,29.641902923583984,,0.6440916061401367,,47.2713737487793
,4125,,,,,,,,,,2432.2978515625,,31.88471794128418,,0.6316324472427368,,49.31833267211914
,4126,,,,,,,,,,1798.6405029296875,,26.332307815551758,,0.744286835193634,,42.41038131713867
,4127,,,,,,,,,,2028.531982421875,,26.887935638427734,,0.6286191344261169,,45.03922653198242
,4128,,,,,,,,,,1754.9534912109375,,25.743165969848633,,0.7164164781570435,,41.89216232299805
,4129,,,,,,,,,,2115.45703125,,30.16253662109375,,0.6457072496414185,,45.99409866333008
,4130,,,,,,,,,,1769.2049560546875,,24.1064510345459,,0.7266573905944824,,42.06191635131836
,4131,,,,,,,,,,2391.507568359375,,33.65742492675781,,0.6788657307624817,,48.90304183959961
,4132,,,,,,,,,,2437.2421875,,33.48404312133789,,0.6405933499336243,,49.36843490600586
,4133,,,,,,,,,,1500.4754638671875,,22.12059211730957,,0.761258602142334,,38.7359733581543
,4134,,,,,,,,,,1825.3790283203125,,26.50756072998047,,0.6624131798744202,,42.724456787109375
,4135,,,,,,,,,,2893.977783203125,,37.59670639038086,,0.6184200048446655,,53.79570388793945
,4136,,,,,,,,,,1810.785888671875,,25.898244857788086,,0.6919693946838379,,42.55332946777344
,4137,,,,,,,,,,1825.6282958984375,,26.056983947753906,,0.747402548789978,,42.72737121582031
,4138,,,,,,,,,,2555.21337890625,,32.81804275512695,,0.6016079783439636,,50.54911804199219
,4139,,,,,,,,,,2580.07958984375,,35.24687194824219,,0.564651608467102,,50.79448318481445
,4140,,,,,,,,,,2914.6103515625,,37.4175910949707,,0.6402876377105713,,53.98713302612305
,4141,,,,,,,,,,1968.4798583984375,,30.091434478759766,,0.6753971576690674,,44.3675537109375
,4142,,,,,,,,,,2722.942626953125,,35.610111236572266,,0.7022316455841064,,52.18182373046875
,4143,,,,,,,,,,1441.4068603515625,,22.85936737060547,,0.773288369178772,,37.96586608886719
,4144,,,,,,,,,,1758.3656005859375,,24.617528915405273,,0.6951245069503784,,41.93286895751953
,4145,,,,,,,,,,2051.6796875,,28.622650146484375,,0.6550824046134949,,45.29547119140625
,4146,,,,,,,,,,2660.29150390625,,33.52250289916992,,0.6035269498825073,,51.5780143737793
,4147,,,,,,,,,,2637.822509765625,,35.91365051269531,,0.6103353500366211,,51.359737396240234
,4148,,,,,,,,,,2669.434326171875,,33.46978759765625,,0.6493900418281555,,51.666568756103516
,4149,,,,,,,,,,2227.267822265625,,30.55364418029785,,0.6616472601890564,,47.193939208984375
,4150,,,,,,,,,,2397.287109375,,29.669166564941406,,0.6711548566818237,,48.962100982666016
,4151,,,,,,,,,,1945.482666015625,,29.098186492919922,,0.7025225758552551,,44.10762405395508
,4152,,,,,,,,,,2656.908935546875,,34.040775299072266,,0.6630666255950928,,51.54521179199219
,4153,,,,,,,,,,2131.280517578125,,27.32337760925293,,0.7082639932632446,,46.165794372558594
,4154,,,,,,,,,,2048.60546875,,28.669387817382812,,0.6841096878051758,,45.26152038574219
,4155,,,,,,,,,,2325.6923828125,,32.0164794921875,,0.6384305357933044,,48.22543716430664
,4156,,,,,,,,,,2035.0233154296875,,28.133577346801758,,0.7211576700210571,,45.11123275756836
,4157,,,,,,,,,,1560.8614501953125,,21.109737396240234,,0.7466480135917664,,39.50774002075195
26,12473,,,,,,,,,2141.743408203125,,29.62751579284668,,0.67071133852005,,46.091434478759766,
26,12473,2116.330810546875,,28.93634796142578,,0.679926335811615,,45.78948974609375,,,,,,,,,
27,12499,,1850.857421875,,28.562057495117188,,0.7113564014434814,,43.02159118652344,,,,,,,,
27,12549,,1657.1925048828125,,24.66888427734375,,0.7549803853034973,,40.7086296081543,,,,,,,,
27,12599,,2536.837890625,,33.81291580200195,,0.6258127093315125,,50.36703109741211,,,,,,,,
27,12649,,1662.088134765625,,22.878623962402344,,0.7444866895675659,,40.768714904785156,,,,,,,,
27,12699,,2044.3673095703125,,28.61435317993164,,0.6649633049964905,,45.21467971801758,,,,,,,,
27,12749,,2700.93896484375,,33.50227737426758,,0.6185517907142639,,51.970558166503906,,,,,,,,
27,12799,,2245.551025390625,,29.352937698364258,,0.7018808126449585,,47.387245178222656,,,,,,,,
27,12849,,2289.261474609375,,29.724275588989258,,0.6867111921310425,,47.846229553222656,,,,,,,,
27,12899,,2698.3251953125,,35.37808609008789,,0.694817841053009,,51.945404052734375,,,,,,,,
,4158,,,,,,,,,,2025.366943359375,,27.915407180786133,,0.7079558372497559,,45.00407791137695
,4159,,,,,,,,,,1718.57080078125,,25.337244033813477,,0.6937251091003418,,41.455650329589844
,4160,,,,,,,,,,1883.946044921875,,27.849302291870117,,0.7132337093353271,,43.40444564819336
,4161,,,,,,,,,,2612.85498046875,,33.8197021484375,,0.6844233274459839,,51.116092681884766
,4162,,,,,,,,,,1927.6295166015625,,26.88718605041504,,0.6908462643623352,,43.90477752685547
,4163,,,,,,,,,,2108.146728515625,,29.334152221679688,,0.6441931128501892,,45.91455841064453
,4164,,,,,,,,,,1748.4547119140625,,24.487594604492188,,0.6779797077178955,,41.81452941894531
,4165,,,,,,,,,,2586.031005859375,,31.530553817749023,,0.6943608522415161,,50.85303497314453
,4166,,,,,,,,,,2707.767578125,,37.10151672363281,,0.5898064374923706,,52.03621292114258
,4167,,,,,,,,,,1738.227783203125,,25.920480728149414,,0.6393321752548218,,41.69205856323242
,4168,,,,,,,,,,1787.5526123046875,,23.157588958740234,,0.6767656207084656,,42.27946090698242
,4169,,,,,,,,,,2075.164794921875,,30.246023178100586,,0.6939350366592407,,45.553977966308594
,4170,,,,,,,,,,2243.54443359375,,30.120067596435547,,0.6207972168922424,,47.36606979370117
,4171,,,,,,,,,,1887.7933349609375,,27.252872467041016,,0.7079259157180786,,43.4487419128418
,4172,,,,,,,,,,1708.0576171875,,23.3767147064209,,0.6758788228034973,,41.32865524291992
,4173,,,,,,,,,,2695.1796875,,34.65672302246094,,0.6201642155647278,,51.91511917114258
,4174,,,,,,,,,,1429.750244140625,,21.937929153442383,,0.7340125441551208,,37.81203842163086
,4175,,,,,,,,,,1607.26171875,,22.513811111450195,,0.7467378377914429,,40.090667724609375
,4176,,,,,,,,,,1613.8956298828125,,24.640274047851562,,0.72725510597229,,40.17332077026367
,4177,,,,,,,,,,2146.763671875,,29.292255401611328,,0.6540310382843018,,46.33317947387695
,4178,,,,,,,,,,1614.907958984375,,23.94442367553711,,0.7424424290657043,,40.185916900634766
,4179,,,,,,,,,,1772.1915283203125,,27.232341766357422,,0.7222654819488525,,42.09740447998047
,4180,,,,,,,,,,1957.657470703125,,28.830549240112305,,0.6917523145675659,,44.245426177978516
,4181,,,,,,,,,,3108.0595703125,,39.74831771850586,,0.5933346748352051,,55.74997329711914
,4182,,,,,,,,,,2490.264404296875,,32.42911148071289,,0.6664257049560547,,49.902549743652344
,4183,,,,,,,,,,2584.484375,,33.112342834472656,,0.653473973274231,,50.837825775146484
,4184,,,,,,,,,,1142.0621337890625,,17.711259841918945,,0.7285758256912231,,33.794410705566406
,4185,,,,,,,,,,2301.357177734375,,31.044218063354492,,0.6844747066497803,,47.97246170043945
,4186,,,,,,,,,,1860.0377197265625,,28.773046493530273,,0.6856833696365356,,43.12815475463867
,4187,,,,,,,,,,2458.042236328125,,29.080978393554688,,0.6792948246002197,,49.57864761352539
,4188,,,,,,,,,,1856.7066650390625,,25.652660369873047,,0.668408989906311,,43.08951950073242
,4189,,,,,,,,,,2076.941650390625,,29.459491729736328,,0.6586788892745972,,45.57347106933594
,4190,,,,,,,,,,1740.143310546875,,24.970417022705078,,0.7301903963088989,,41.71502685546875
,4191,,,,,,,,,,1989.1124267578125,,26.16881561279297,,0.7281166911125183,,44.59946823120117
,4192,,,,,,,,,,2764.36328125,,31.940603256225586,,0.6648961305618286,,52.577213287353516
,4193,,,,,,,,,,1883.7269287109375,,25.823637008666992,,0.6520587205886841,,43.40192413330078
,4194,,,,,,,,,,2966.381591796875,,32.54551315307617,,0.5285786986351013,,54.46449661254883
,4195,,,,,,,,,,1961.115478515625,,28.199169158935547,,0.621176540851593,,44.28448486328125
,4196,,,,,,,,,,2217.484375,,28.6873779296875,,0.7073741555213928,,47.090171813964844
,4197,,,,,,,,,,1872.3533935546875,,24.88675880432129,,0.7306500673294067,,43.27069854736328
,4198,,,,,,,,,,2107.4423828125,,30.902774810791016,,0.6738268136978149,,45.90688705444336
,4199,,,,,,,,,,2151.134033203125,,29.448806762695312,,0.6287009716033936,,46.38031768798828
,4200,,,,,,,,,,1941.9613037109375,,25.807697296142578,,0.6691529750823975,,44.067691802978516
,4201,,,,,,,,,,2590.13623046875,,31.681543350219727,,0.6539719104766846,,50.89337921142578
,4202,,,,,,,,,,1976.066162109375,,26.723161697387695,,0.660793662071228,,44.452964782714844
,4203,,,,,,,,,,2280.58203125,,30.16741180419922,,0.6926171779632568,,47.75543975830078
,4204,,,,,,,,,,1872.5390625,,27.20547866821289,,0.6783448457717896,,43.27284622192383
,4205,,,,,,,,,,2082.088623046875,,30.610029220581055,,0.6398563385009766,,45.629905700683594
,4206,,,,,,,,,,2406.6015625,,32.97854232788086,,0.6638568043708801,,49.05712890625
,4207,,,,,,,,,,2580.57373046875,,35.17633819580078,,0.6509081721305847,,50.799346923828125
,4208,,,,,,,,,,1964.9671630859375,,26.102052688598633,,0.6576131582260132,,44.32794952392578
,4209,,,,,,,,,,2080.154052734375,,28.835689544677734,,0.756600022315979,,45.60870361328125
,4210,,,,,,,,,,2768.949951171875,,36.07514572143555,,0.5672844648361206,,52.62081527709961
,4211,,,,,,,,,,2159.59716796875,,28.771244049072266,,0.7139804363250732,,46.471466064453125
,4212,,,,,,,,,,2527.529052734375,,32.014442443847656,,0.676363468170166,,50.2745361328125
,4213,,,,,,,,,,1963.18310546875,,29.851932525634766,,0.6665594577789307,,44.307823181152344
,4214,,,,,,,,,,2506.215576171875,,34.01789474487305,,0.5614267587661743,,50.06211471557617
,4215,,,,,,,,,,2056.5576171875,,27.21800994873047,,0.7126866579055786,,45.34928512573242
,4216,,,,,,,,,,2354.18017578125,,29.600223541259766,,0.6156057119369507,,48.519893646240234
,4217,,,,,,,,,,1650.275634765625,,25.751632690429688,,0.7344574332237244,,40.62358474731445
,4218,,,,,,,,,,1601.28857421875,,24.517383575439453,,0.7351006269454956,,40.01610565185547
,4219,,,,,,,,,,2184.75244140625,,30.250503540039062,,0.6747411489486694,,46.741336822509766
,4220,,,,,,,,,,2369.296630859375,,33.433712005615234,,0.6236087083816528,,48.67542266845703
,4221,,,,,,,,,,2262.62744140625,,30.794832229614258,,0.6579989194869995,,47.56708526611328
,4222,,,,,,,,,,2289.968994140625,,29.68839454650879,,0.7048506140708923,,47.85362243652344
,4223,,,,,,,,,,1775.7396240234375,,25.697738647460938,,0.7200348973274231,,42.139522552490234
,4224,,,,,,,,,,2224.554931640625,,31.763328552246094,,0.6425141096115112,,47.165184020996094
,4225,,,,,,,,,,1756.0296630859375,,26.424848556518555,,0.7481343746185303,,41.905006408691406
,4226,,,,,,,,,,1935.43359375,,26.602205276489258,,0.648552656173706,,43.99356460571289
,4227,,,,,,,,,,2214.97998046875,,31.46365737915039,,0.6195156574249268,,47.06357192993164
,4228,,,,,,,,,,1791.8165283203125,,25.6879825592041,,0.7493977546691895,,42.32985305786133
,4229,,,,,,,,,,2238.373291015625,,29.459524154663086,,0.677299976348877,,47.31145095825195
,4230,,,,,,,,,,3571.825439453125,,41.92505645751953,,0.5874875783920288,,59.76475143432617
,4231,,,,,,,,,,2847.37109375,,36.56992721557617,,0.5632067918777466,,53.36076736450195
,4232,,,,,,,,,,2373.04541015625,,31.84360122680664,,0.6562881469726562,,48.71391296386719
,4233,,,,,,,,,,1912.324462890625,,26.384601593017578,,0.7181658744812012,,43.730133056640625
,4234,,,,,,,,,,3163.680419921875,,39.4256477355957,,0.5685473680496216,,56.246604919433594
,4235,,,,,,,,,,2145.80224609375,,28.008169174194336,,0.6713252663612366,,46.32280349731445
,4236,,,,,,,,,,2165.31005859375,,29.566181182861328,,0.6331121325492859,,46.53289031982422
,4237,,,,,,,,,,1938.4466552734375,,27.976858139038086,,0.6202765703201294,,44.027793884277344
,4238,,,,,,,,,,2409.366943359375,,34.09702682495117,,0.6045246720314026,,49.085304260253906
,4239,,,,,,,,,,2041.83056640625,,26.953163146972656,,0.6924237012863159,,45.18661880493164
,4240,,,,,,,,,,2033.338623046875,,28.90462875366211,,0.6962473392486572,,45.09255599975586
,4241,,,,,,,,,,1627.2724609375,,25.417221069335938,,0.7119359970092773,,40.3394660949707
,4242,,,,,,,,,,1789.5302734375,,24.194246292114258,,0.6951740980148315,,42.30284118652344
,4243,,,,,,,,,,2710.04052734375,,34.82820129394531,,0.5943366289138794,,52.058048248291016
,4244,,,,,,,,,,2057.097412109375,,28.839126586914062,,0.6831037998199463,,45.3552360534668
,4245,,,,,,,,,,2245.9326171875,,30.402376174926758,,0.6834479570388794,,47.39126968383789
,4246,,,,,,,,,,2257.25439453125,,30.924701690673828,,0.6753985285758972,,47.51057052612305
,4247,,,,,,,,,,1700.7877197265625,,23.698671340942383,,0.690831184387207,,41.24060821533203
,4248,,,,,,,,,,1770.844482421875,,25.057083129882812,,0.7070749998092651,,42.08140182495117
,4249,,,,,,,,,,1871.0189208984375,,23.521617889404297,,0.662224292755127,,43.25527572631836
,4250,,,,,,,,,,2017.3204345703125,,29.438154220581055,,0.7156657576560974,,44.914588928222656
,4251,,,,,,,,,,2265.8466796875,,30.63548469543457,,0.667451024055481,,47.60091018676758
,4252,,,,,,,,,,2344.08251953125,,30.382192611694336,,0.6778138875961304,,48.41572189331055
,4253,,,,,,,,,,2374.048828125,,31.802616119384766,,0.6332590579986572,,48.724212646484375
,4254,,,,,,,,,,1600.9935302734375,,23.062158584594727,,0.7183890342712402,,40.01241683959961
,4255,,,,,,,,,,2150.223876953125,,29.10059928894043,,0.6979985237121582,,46.370506286621094
,4256,,,,,,,,,,2271.498291015625,,31.735233306884766,,0.6791366934776306,,47.66023635864258
,4257,,,,,,,,,,2314.265869140625,,30.791545867919922,,0.6508362293243408,,48.10681915283203
,4258,,,,,,,,,,2129.208740234375,,29.29991912841797,,0.6770670413970947,,46.14335250854492
,4259,,,,,,,,,,2613.66943359375,,36.02714538574219,,0.5674350261688232,,51.12405776977539
,4260,,,,,,,,,,1598.9925537109375,,22.42296028137207,,0.7162609100341797,,39.987403869628906
,4261,,,,,,,,,,2447.962646484375,,30.277843475341797,,0.6083939075469971,,49.476890563964844
,4262,,,,,,,,,,1586.0047607421875,,23.860151290893555,,0.6408544778823853,,39.824676513671875
,4263,,,,,,,,,,1764.7867431640625,,26.636409759521484,,0.7209075093269348,,42.00936508178711
,4264,,,,,,,,,,2334.936279296875,,31.28175926208496,,0.7016202211380005,,48.3211784362793
,4265,,,,,,,,,,2504.52197265625,,34.81859588623047,,0.6266882419586182,,50.04520034790039
,4266,,,,,,,,,,1479.763427734375,,19.846094131469727,,0.6580702662467957,,38.46769332885742
,4267,,,,,,,,,,2436.57275390625,,33.338905334472656,,0.6199328899383545,,49.36165237426758
,4268,,,,,,,,,,2631.433837890625,,35.3172721862793,,0.5458372831344604,,51.29750442504883
,4269,,,,,,,,,,2270.11572265625,,32.55366897583008,,0.6779929399490356,,47.64573287963867
,4270,,,,,,,,,,2065.443603515625,,31.678861618041992,,0.6855071187019348,,45.44715118408203
,4271,,,,,,,,,,2474.458251953125,,32.5755500793457,,0.6448671817779541,,49.743927001953125
,4272,,,,,,,,,,1563.121337890625,,23.780195236206055,,0.6524723172187805,,39.53633117675781
,4273,,,,,,,,,,2337.788330078125,,27.322921752929688,,0.7147253155708313,,48.35068130493164
,4274,,,,,,,,,,2235.898193359375,,31.972885131835938,,0.634053111076355,,47.28528594970703
,4275,,,,,,,,,,2171.8212890625,,28.896427154541016,,0.6694685220718384,,46.60280227661133
,4276,,,,,,,,,,1996.86181640625,,27.238710403442383,,0.6608605980873108,,44.68626022338867
,4277,,,,,,,,,,2097.75634765625,,28.8493709564209,,0.7111951112747192,,45.801265716552734
,4278,,,,,,,,,,2227.367919921875,,29.035436630249023,,0.6452407240867615,,47.19499588012695
,4279,,,,,,,,,,2484.628173828125,,31.698965072631836,,0.6237070560455322,,49.846046447753906
,4280,,,,,,,,,,1839.8857421875,,26.085180282592773,,0.7384229898452759,,42.893890380859375
,4281,,,,,,,,,,2084.26025390625,,26.63982582092285,,0.6184165477752686,,45.6536979675293
,4282,,,,,,,,,,1779.5792236328125,,25.50847625732422,,0.7124371528625488,,42.18505859375
,4283,,,,,,,,,,2065.55224609375,,29.017654418945312,,0.6540652513504028,,45.44834518432617
,4284,,,,,,,,,,1747.202880859375,,23.04262924194336,,0.730056643486023,,41.799556732177734
,4285,,,,,,,,,,2396.08447265625,,33.528892517089844,,0.6782511472702026,,48.9498176574707
,4286,,,,,,,,,,2433.768798828125,,32.941139221191406,,0.6411055326461792,,49.3332405090332
,4287,,,,,,,,,,1508.0235595703125,,21.738544464111328,,0.7600576281547546,,38.833282470703125
,4288,,,,,,,,,,1821.5740966796875,,26.060270309448242,,0.6631168723106384,,42.679901123046875
,4289,,,,,,,,,,2932.916259765625,,37.189483642578125,,0.6132858991622925,,54.156402587890625
,4290,,,,,,,,,,1830.9764404296875,,25.534000396728516,,0.6885348558425903,,42.78990936279297
,4291,,,,,,,,,,1843.2646484375,,25.346277236938477,,0.7449623942375183,,42.933258056640625
,4292,,,,,,,,,,2565.558837890625,,32.58345031738281,,0.599994957447052,,50.65134811401367
,4293,,,,,,,,,,2488.78076171875,,33.793033599853516,,0.5800568461418152,,49.88768005371094
,4294,,,,,,,,,,2859.032470703125,,36.578189849853516,,0.6471469402313232,,53.46992111206055
,4295,,,,,,,,,,1826.7281494140625,,28.355125427246094,,0.6987720727920532,,42.74024200439453
,4296,,,,,,,,,,2701.037353515625,,34.888938903808594,,0.7046270370483398,,51.97150421142578
,4297,,,,,,,,,,1460.9334716796875,,22.39558219909668,,0.7702171206474304,,38.22216033935547
,4298,,,,,,,,,,1778.3935546875,,24.16286849975586,,0.6916519403457642,,42.17100524902344
,4299,,,,,,,,,,2000.9986572265625,,27.545177459716797,,0.6636025905609131,,44.73252487182617
,4300,,,,,,,,,,2615.39013671875,,32.91661071777344,,0.6102187633514404,,51.14088439941406
,4301,,,,,,,,,,2629.76953125,,35.3265380859375,,0.6115249395370483,,51.281280517578125
,4302,,,,,,,,,,2610.666259765625,,32.60686111450195,,0.6571087837219238,,51.09468078613281
,4303,,,,,,,,,,2302.8623046875,,30.668254852294922,,0.6501634120941162,,47.98814392089844
,4304,,,,,,,,,,2476.333984375,,29.47624397277832,,0.6603116989135742,,49.762779235839844
,4305,,,,,,,,,,1934.611083984375,,28.58737564086914,,0.704184889793396,,43.98421096801758
,4306,,,,,,,,,,2695.779296875,,33.77689743041992,,0.658137321472168,,51.920894622802734
,4307,,,,,,,,,,2101.366943359375,,26.62226676940918,,0.7123586535453796,,45.840667724609375
,4308,,,,,,,,,,1998.7109375,,28.06641387939453,,0.6918032765388489,,44.70694351196289
,4309,,,,,,,,,,2240.03662109375,,31.00407600402832,,0.6517472267150879,,47.32902526855469
,4310,,,,,,,,,,2132.942626953125,,28.187366485595703,,0.7077406048774719,,46.18379211425781
,4311,,,,,,,,,,1554.0677490234375,,20.134916305541992,,0.7477507591247559,,39.42166519165039
27,12935,,,,,,,,,2145.216552734375,,29.15013313293457,,0.6701875925064087,,46.12752151489258,
27,12935,2109.401611328125,,28.993572235107422,,0.679983377456665,,45.708534240722656,,,,,,,,,
28,12949,,2296.309814453125,,29.884660720825195,,0.6903406381607056,,47.91982650756836,,,,,,,,
28,12999,,2684.31494140625,,34.009891510009766,,0.6591426134109497,,51.81037521362305,,,,,,,,
28,13049,,2225.009521484375,,30.982696533203125,,0.5426225662231445,,47.170005798339844,,,,,,,,
28,13099,,2532.522216796875,,32.897953033447266,,0.6170574426651001,,50.32417297363281,,,,,,,,
28,13149,,2663.148193359375,,34.97477722167969,,0.5863751173019409,,51.60569763183594,,,,,,,,
28,13199,,2131.652099609375,,31.190366744995117,,0.6719269752502441,,46.16981887817383,,,,,,,,
28,13249,,2175.07568359375,,30.510143280029297,,0.6760677099227905,,46.63770294189453,,,,,,,,
28,13299,,2621.708984375,,30.317920684814453,,0.6099388599395752,,51.2026252746582,,,,,,,,
28,13349,,2250.9345703125,,31.761152267456055,,0.6786801815032959,,47.44401550292969,,,,,,,,
,4312,,,,,,,,,,1968.5272216796875,,27.761577606201172,,0.7161517143249512,,44.36808776855469
,4313,,,,,,,,,,1661.1956787109375,,25.498220443725586,,0.7039501667022705,,40.75777053833008
,4314,,,,,,,,,,1872.4210205078125,,27.96597671508789,,0.7149879932403564,,43.271480560302734
,4315,,,,,,,,,,2603.71142578125,,34.80971908569336,,0.6855276823043823,,51.02657699584961
,4316,,,,,,,,,,1884.1944580078125,,27.032577514648438,,0.6978123784065247,,43.407310485839844
,4317,,,,,,,,,,2098.59423828125,,30.139188766479492,,0.6458053588867188,,45.81041717529297
,4318,,,,,,,,,,1695.318359375,,24.489303588867188,,0.6877660751342773,,41.17424392700195
,4319,,,,,,,,,,2548.70166015625,,31.82683753967285,,0.6987727880477905,,50.48466491699219
,4320,,,,,,,,,,2680.32666015625,,37.44112014770508,,0.5939633846282959,,51.77186965942383
,4321,,,,,,,,,,1775.937255859375,,27.6653995513916,,0.6315077543258667,,42.14187240600586
,4322,,,,,,,,,,1752.9989013671875,,23.241878509521484,,0.6830137968063354,,41.86882781982422
,4323,,,,,,,,,,2103.36962890625,,31.028099060058594,,0.6897751092910767,,45.86250686645508
,4324,,,,,,,,,,2211.326171875,,30.639524459838867,,0.6262427568435669,,47.024742126464844
,4325,,,,,,,,,,1901.5924072265625,,27.883655548095703,,0.7057909965515137,,43.60725021362305
,4326,,,,,,,,,,1673.8101806640625,,23.20069122314453,,0.6823775768280029,,40.91222381591797
,4327,,,,,,,,,,2727.351318359375,,35.348697662353516,,0.6156302094459534,,52.22405242919922
,4328,,,,,,,,,,1424.933837890625,,22.5584774017334,,0.7349085807800293,,37.748294830322266
,4329,,,,,,,,,,1583.8275146484375,,22.586071014404297,,0.7504304647445679,,39.79732894897461
,4330,,,,,,,,,,1578.6666259765625,,25.108070373535156,,0.7332087755203247,,39.73243713378906
,4331,,,,,,,,,,2085.396240234375,,29.38992691040039,,0.6639208793640137,,45.6661376953125
,4332,,,,,,,,,,1598.149169921875,,24.220359802246094,,0.7451152801513672,,39.97685623168945
,4333,,,,,,,,,,1761.2281494140625,,27.484663009643555,,0.723983645439148,,41.96698760986328
,4334,,,,,,,,,,1916.4443359375,,29.068359375,,0.6982415914535522,,43.77721405029297
,4335,,,,,,,,,,3016.2919921875,,39.6439094543457,,0.6053417921066284,,54.920780181884766
,4336,,,,,,,,,,2388.860107421875,,32.332672119140625,,0.6800089478492737,,48.8759651184082
,4337,,,,,,,,,,2595.965576171875,,33.87388229370117,,0.6519346237182617,,50.950618743896484
,4338,,,,,,,,,,1088.0250244140625,,17.69506072998047,,0.7414183616638184,,32.985225677490234
,4339,,,,,,,,,,2327.955810546875,,32.2745246887207,,0.6808278560638428,,48.24889373779297
,4340,,,,,,,,,,1805.911376953125,,28.65549659729004,,0.6948298215866089,,42.49601745605469
,4341,,,,,,,,,,2397.260498046875,,29.411460876464844,,0.6872251033782959,,48.96182632446289
,4342,,,,,,,,,,1851.5531005859375,,26.11554527282715,,0.6693294048309326,,43.02967834472656
,4343,,,,,,,,,,2024.6046142578125,,29.291812896728516,,0.667279839515686,,44.99560546875
,4344,,,,,,,,,,1747.1044921875,,25.339675903320312,,0.7291110754013062,,41.798377990722656
,4345,,,,,,,,,,1932.562255859375,,26.25763702392578,,0.7358462810516357,,43.96091842651367
,4346,,,,,,,,,,2787.8818359375,,32.57258605957031,,0.6620451211929321,,52.80039978027344
,4347,,,,,,,,,,1841.207275390625,,25.962080001831055,,0.6599125266075134,,42.9092903137207
,4348,,,,,,,,,,2818.3125,,32.70231628417969,,0.5521100163459778,,53.0877799987793
,4349,,,,,,,,,,1838.343017578125,,27.362058639526367,,0.644892156124115,,42.87590408325195
,4350,,,,,,,,,,2190.562255859375,,29.161602020263672,,0.71092689037323,,46.803443908691406
,4351,,,,,,,,,,1944.4613037109375,,25.792530059814453,,0.720276951789856,,44.096046447753906
,4352,,,,,,,,,,2044.320556640625,,31.073604583740234,,0.6835962533950806,,45.21416091918945
,4353,,,,,,,,,,2099.07275390625,,29.49199104309082,,0.6376870274543762,,45.81563949584961
,4354,,,,,,,,,,1923.2325439453125,,26.319334030151367,,0.6723437309265137,,43.85467529296875
,4355,,,,,,,,,,2590.097412109375,,32.381656646728516,,0.6539771556854248,,50.893001556396484
,4356,,,,,,,,,,2004.582275390625,,27.80683708190918,,0.6558986902236938,,44.772560119628906
,4357,,,,,,,,,,2248.204345703125,,30.367759704589844,,0.6969811320304871,,47.41523361206055
,4358,,,,,,,,,,1837.0091552734375,,27.363544464111328,,0.6844480037689209,,42.86034393310547
,4359,,,,,,,,,,2036.652099609375,,30.496870040893555,,0.6477155685424805,,45.1292839050293
,4360,,,,,,,,,,2370.119140625,,33.38397979736328,,0.6689525246620178,,48.683868408203125
,4361,,,,,,,,,,2644.8349609375,,35.714900970458984,,0.6422151327133179,,51.42795944213867
,4362,,,,,,,,,,1886.3935546875,,26.29916763305664,,0.6713042855262756,,43.43263244628906
,4363,,,,,,,,,,2099.372314453125,,29.43191146850586,,0.7543513178825378,,45.81890869140625
,4364,,,,,,,,,,2716.83447265625,,36.18950271606445,,0.5754287242889404,,52.12326431274414
,4365,,,,,,,,,,2152.237060546875,,28.65637969970703,,0.71495521068573,,46.392208099365234
,4366,,,,,,,,,,2432.862060546875,,31.7993106842041,,0.6884850263595581,,49.32405090332031
,4367,,,,,,,,,,1910.393310546875,,29.605060577392578,,0.6755256652832031,,43.708045959472656
,4368,,,,,,,,,,2447.033447265625,,34.37309265136719,,0.5717832446098328,,49.467498779296875
,4369,,,,,,,,,,2041.9263916015625,,27.450851440429688,,0.7147306799888611,,45.187679290771484
,4370,,,,,,,,,,2359.832763671875,,30.08989715576172,,0.6146827936172485,,48.57810974121094
,4371,,,,,,,,,,1643.7801513671875,,26.382661819458008,,0.7355026006698608,,40.54356002807617
,4372,,,,,,,,,,1569.0980224609375,,24.79657745361328,,0.7404258251190186,,39.61184310913086
,4373,,,,,,,,,,2151.174560546875,,30.437427520751953,,0.6797401905059814,,46.38075637817383
,4374,,,,,,,,,,2288.867431640625,,32.403785705566406,,0.6363859176635742,,47.84210968017578
,4375,,,,,,,,,,2257.35498046875,,31.238691329956055,,0.658795952796936,,47.51163101196289
,4376,,,,,,,,,,2276.516357421875,,30.579429626464844,,0.7065844535827637,,47.71285629272461
,4377,,,,,,,,,,1744.2449951171875,,25.825096130371094,,0.7250003814697266,,41.764156341552734
,4378,,,,,,,,,,2203.935546875,,31.959625244140625,,0.6458276510238647,,46.94609069824219
,4379,,,,,,,,,,1790.30322265625,,27.420263290405273,,0.7432185411453247,,42.311973571777344
,4380,,,,,,,,,,1893.1124267578125,,27.010555267333984,,0.6562376022338867,,43.509910583496094
,4381,,,,,,,,,,2087.729736328125,,30.703201293945312,,0.6413744688034058,,45.691680908203125
,4382,,,,,,,,,,1820.4835205078125,,26.591304779052734,,0.745388388633728,,42.6671257019043
,4383,,,,,,,,,,2215.987060546875,,29.409732818603516,,0.6805273294448853,,47.07427215576172
,4384,,,,,,,,,,3477.607666015625,,41.984535217285156,,0.5983688831329346,,58.97124481201172
,4385,,,,,,,,,,2773.402099609375,,36.56529998779297,,0.5745537877082825,,52.66310119628906
,4386,,,,,,,,,,2327.04052734375,,32.202125549316406,,0.6629514694213867,,48.23940658569336
,4387,,,,,,,,,,1907.409912109375,,27.16892433166504,,0.7188901305198669,,43.67390441894531
,4388,,,,,,,,,,3104.10791015625,,39.8974609375,,0.5766716003417969,,55.71452331542969
,4389,,,,,,,,,,2122.28857421875,,28.284330368041992,,0.6749268770217896,,46.068302154541016
,4390,,,,,,,,,,2097.368896484375,,29.396297454833984,,0.6446239948272705,,45.79703903198242
,4391,,,,,,,,,,1907.1962890625,,28.199569702148438,,0.6263982057571411,,43.67145919799805
,4392,,,,,,,,,,2377.485595703125,,33.777374267578125,,0.6097577214241028,,48.75946807861328
,4393,,,,,,,,,,2004.7978515625,,27.370786666870117,,0.6980021595954895,,44.774967193603516
,4394,,,,,,,,,,1960.6826171875,,28.22709846496582,,0.7071011066436768,,44.27959442138672
,4395,,,,,,,,,,1617.601806640625,,25.59365463256836,,0.7136479616165161,,40.21942138671875
,4396,,,,,,,,,,1764.5284423828125,,24.43616485595703,,0.699432909488678,,42.006290435791016
,4397,,,,,,,,,,2752.743408203125,,35.76907730102539,,0.587944507598877,,52.466590881347656
,4398,,,,,,,,,,2086.367431640625,,29.564350128173828,,0.678594708442688,,45.67677307128906
,4399,,,,,,,,,,2203.592041015625,,30.921497344970703,,0.689415693283081,,46.94243240356445
,4400,,,,,,,,,,2256.884033203125,,31.690387725830078,,0.6754517555236816,,47.50667190551758
,4401,,,,,,,,,,1682.655517578125,,24.401044845581055,,0.6941272616386414,,41.02018356323242
,4402,,,,,,,,,,1764.951171875,,25.715181350708008,,0.7080497741699219,,42.011322021484375
,4403,,,,,,,,,,1900.246826171875,,24.342823028564453,,0.6569477319717407,,43.591819763183594
,4404,,,,,,,,,,2024.788818359375,,30.074098587036133,,0.7146130800247192,,44.99765396118164
,4405,,,,,,,,,,2281.662353515625,,31.294527053833008,,0.6651297807693481,,47.76675033569336
,4406,,,,,,,,,,2298.52490234375,,30.26315689086914,,0.6840755939483643,,47.94293212890625
,4407,,,,,,,,,,2385.49560546875,,32.47135543823242,,0.6314907073974609,,48.84153747558594
,4408,,,,,,,,,,1581.295166015625,,23.447906494140625,,0.7218539118766785,,39.765499114990234
,4409,,,,,,,,,,2148.442626953125,,29.53774642944336,,0.6982487440109253,,46.351295471191406
,4410,,,,,,,,,,2315.732177734375,,32.74748229980469,,0.6728883981704712,,48.1220588684082
,4411,,,,,,,,,,2222.4658203125,,30.370738983154297,,0.6646865010261536,,47.143035888671875
,4412,,,,,,,,,,2090.447509765625,,29.391267776489258,,0.682945966720581,,45.721412658691406
,4413,,,,,,,,,,2519.39794921875,,35.5526123046875,,0.5830370187759399,,50.193603515625
,4414,,,,,,,,,,1585.14794921875,,22.90177345275879,,0.7187175750732422,,39.81391525268555
,4415,,,,,,,,,,2448.47509765625,,31.01606559753418,,0.6083118915557861,,49.4820671081543
,4416,,,,,,,,,,1562.725830078125,,24.34561538696289,,0.6461259126663208,,39.53132629394531
,4417,,,,,,,,,,1703.4464111328125,,25.715539932250977,,0.7306081652641296,,41.2728271484375
,4418,,,,,,,,,,2345.773681640625,,31.595808029174805,,0.7002352476119995,,48.433189392089844
,4419,,,,,,,,,,2367.7529296875,,33.82680130004883,,0.6470743417739868,,48.65956115722656
,4420,,,,,,,,,,1524.2939453125,,21.01935386657715,,0.6477805376052856,,39.042205810546875
,4421,,,,,,,,,,2492.254150390625,,34.175994873046875,,0.6112475395202637,,49.922481536865234
,4422,,,,,,,,,,2551.150390625,,35.5797004699707,,0.5596935749053955,,50.508914947509766
,4423,,,,,,,,,,2149.973388671875,,31.498762130737305,,0.6950346231460571,,46.36780548095703
,4424,,,,,,,,,,2006.285888671875,,31.459667205810547,,0.6945147514343262,,44.79158401489258
,4425,,,,,,,,,,2426.767822265625,,32.181156158447266,,0.6517117023468018,,49.26223373413086
,4426,,,,,,,,,,1569.8331298828125,,24.35474395751953,,0.6509801149368286,,39.62112045288086
,4427,,,,,,,,,,2335.933837890625,,27.75118064880371,,0.7149516344070435,,48.33150100708008
,4428,,,,,,,,,,2167.12744140625,,31.757890701293945,,0.6453087329864502,,46.55241775512695
,4429,,,,,,,,,,2154.90283203125,,29.277027130126953,,0.6720433831214905,,46.42093276977539
,4430,,,,,,,,,,2016.4459228515625,,27.99370002746582,,0.6575344800949097,,44.90485382080078
,4431,,,,,,,,,,2039.8839111328125,,28.496021270751953,,0.71916264295578,,45.16507339477539
,4432,,,,,,,,,,2224.948974609375,,29.680437088012695,,0.6456260085105896,,47.16936492919922
,4433,,,,,,,,,,2466.70263671875,,32.33732604980469,,0.6264219284057617,,49.66590881347656
,4434,,,,,,,,,,1812.3145751953125,,26.60323143005371,,0.7423428297042847,,42.571285247802734
,4435,,,,,,,,,,2024.2235107421875,,26.99970245361328,,0.6294079422950745,,44.991371154785156
,4436,,,,,,,,,,1740.5389404296875,,25.398712158203125,,0.7187457084655762,,41.719764709472656
,4437,,,,,,,,,,2149.70751953125,,30.1586971282959,,0.639971137046814,,46.36493682861328
,4438,,,,,,,,,,1708.001220703125,,23.681777954101562,,0.7361133098602295,,41.327972412109375
,4439,,,,,,,,,,2306.599609375,,33.297054290771484,,0.6902672648429871,,48.02707290649414
,4440,,,,,,,,,,2411.4755859375,,33.22171401977539,,0.6443929672241211,,49.10677719116211
,4441,,,,,,,,,,1506.6539306640625,,22.309371948242188,,0.7602756023406982,,38.81563949584961
,4442,,,,,,,,,,1746.9632568359375,,25.739486694335938,,0.6769154667854309,,41.796688079833984
,4443,,,,,,,,,,2903.237548828125,,37.53609848022461,,0.6171990633010864,,53.88169860839844
,4444,,,,,,,,,,1821.6597900390625,,25.930477142333984,,0.6901196837425232,,42.680908203125
,4445,,,,,,,,,,1830.3658447265625,,25.985443115234375,,0.7467471361160278,,42.782772064208984
,4446,,,,,,,,,,2514.66650390625,,32.43278503417969,,0.6079297661781311,,50.146453857421875
,4447,,,,,,,,,,2425.484130859375,,34.185211181640625,,0.5907371044158936,,49.249202728271484
,4448,,,,,,,,,,2854.34033203125,,36.967613220214844,,0.6477260589599609,,53.426025390625
,4449,,,,,,,,,,1787.441162109375,,28.38688087463379,,0.7052505016326904,,42.278141021728516
,4450,,,,,,,,,,2707.954833984375,,35.67879867553711,,0.7038705945014954,,52.03801345825195
,4451,,,,,,,,,,1401.0684814453125,,22.432273864746094,,0.7796329855918884,,37.430850982666016
,4452,,,,,,,,,,1740.78125,,24.34756851196289,,0.6981734037399292,,41.72267150878906
,4453,,,,,,,,,,2034.380859375,,28.36232566833496,,0.657990574836731,,45.10411071777344
,4454,,,,,,,,,,2557.491455078125,,32.50933837890625,,0.6188476085662842,,50.57164764404297
,4455,,,,,,,,,,2598.2099609375,,35.759639739990234,,0.6161869764328003,,50.97264099121094
,4456,,,,,,,,,,2676.669921875,,33.664276123046875,,0.6484397053718567,,51.736541748046875
,4457,,,,,,,,,,2231.182861328125,,30.32961082458496,,0.6610524654388428,,47.23539733886719
,4458,,,,,,,,,,2492.667236328125,,30.225637435913086,,0.6580712199211121,,49.92661666870117
,4459,,,,,,,,,,1925.624755859375,,29.02044677734375,,0.7055590152740479,,43.88194274902344
,4460,,,,,,,,,,2614.980712890625,,33.63488006591797,,0.6683837175369263,,51.13688278198242
,4461,,,,,,,,,,2072.48388671875,,26.926233291625977,,0.7163122296333313,,45.524539947509766
,4462,,,,,,,,,,2020.43505859375,,28.284412384033203,,0.6884534358978271,,44.949249267578125
,4463,,,,,,,,,,2229.060791015625,,31.47808074951172,,0.6534535884857178,,47.21293258666992
,4464,,,,,,,,,,2038.943115234375,,28.12781524658203,,0.7206205725669861,,45.154659271240234
,4465,,,,,,,,,,1507.896240234375,,20.542749404907227,,0.7552450895309448,,38.83163833618164
28,13397,,,,,,,,,2117.76318359375,,29.44087028503418,,0.6745092868804932,,45.83121109008789,
28,13397,2107.4189453125,,28.91065788269043,,0.680465042591095,,45.69041442871094,,,,,,,,,
29,13399,,1608.6295166015625,,22.271947860717773,,0.7514758110046387,,40.107723236083984,,,,,,,,
29,13449,,2086.507080078125,,29.08702278137207,,0.7095834016799927,,45.67829895019531,,,,,,,,
29,13499,,2427.53759765625,,32.365970611572266,,0.6943100094795227,,49.27004623413086,,,,,,,,
29,13549,,1901.9537353515625,,24.213708877563477,,0.6979179382324219,,43.611392974853516,,,,,,,,
29,13599,,2480.926025390625,,31.69664764404297,,0.679815948009491,,49.808895111083984,,,,,,,,
29,13649,,2148.922119140625,,30.171905517578125,,0.6601856350898743,,46.35647201538086,,,,,,,,
29,13699,,1771.10595703125,,25.091928482055664,,0.7550552487373352,,42.084510803222656,,,,,,,,
29,13749,,2115.64306640625,,29.400632858276367,,0.6954324245452881,,45.996124267578125,,,,,,,,
29,13799,,1790.792236328125,,25.120603561401367,,0.7093658447265625,,42.317752838134766,,,,,,,,
29,13849,,2494.477783203125,,32.566219329833984,,0.6329971551895142,,49.94474792480469,,,,,,,,
,4466,,,,,,,,,,1979.0526123046875,,28.051172256469727,,0.7146340608596802,,44.48654556274414
,4467,,,,,,,,,,1659.6973876953125,,25.504146575927734,,0.7042171955108643,,40.739383697509766
,4468,,,,,,,,,,1878.1495361328125,,28.202640533447266,,0.7141160368919373,,43.33761978149414
,4469,,,,,,,,,,2680.4892578125,,35.471195220947266,,0.6762546300888062,,51.773441314697266
,4470,,,,,,,,,,1911.049072265625,,27.3670597076416,,0.6935054063796997,,43.715545654296875
,4471,,,,,,,,,,2110.3984375,,30.089282989501953,,0.6438131332397461,,45.93907165527344
,4472,,,,,,,,,,1733.4132080078125,,25.303905487060547,,0.6807500123977661,,41.634281158447266
,4473,,,,,,,,,,2580.2568359375,,32.338802337646484,,0.6950433254241943,,50.79623031616211
,4474,,,,,,,,,,2630.20849609375,,36.86351776123047,,0.6015556454658508,,51.285560607910156
,4475,,,,,,,,,,1798.8507080078125,,28.10035514831543,,0.6267533898353577,,42.41286087036133
,4476,,,,,,,,,,1760.87890625,,23.6256103515625,,0.681588888168335,,41.962825775146484
,4477,,,,,,,,,,2102.535888671875,,30.620216369628906,,0.6898981332778931,,45.853416442871094
,4478,,,,,,,,,,2219.558349609375,,30.64156723022461,,0.6248513460159302,,47.11219024658203
,4479,,,,,,,,,,1892.74267578125,,27.83586311340332,,0.707160234451294,,43.50566482543945
,4480,,,,,,,,,,1663.281982421875,,23.22984504699707,,0.6843754053115845,,40.783355712890625
,4481,,,,,,,,,,2734.4072265625,,35.72261428833008,,0.6146358251571655,,52.291561126708984
,4482,,,,,,,,,,1442.4029541015625,,22.563915252685547,,0.7316586375236511,,37.978981018066406
,4483,,,,,,,,,,1613.8441162109375,,22.881359100341797,,0.7457005977630615,,40.17267608642578
,4484,,,,,,,,,,1568.429443359375,,24.853052139282227,,0.7349388599395752,,39.6034049987793
,4485,,,,,,,,,,2134.4111328125,,29.774169921875,,0.6560217142105103,,46.19968795776367
,4486,,,,,,,,,,1576.8172607421875,,24.03881072998047,,0.7485173940658569,,39.70915985107422
,4487,,,,,,,,,,1786.307861328125,,27.500080108642578,,0.7200531959533691,,42.26473617553711
,4488,,,,,,,,,,1908.326416015625,,28.597869873046875,,0.6995198726654053,,43.68439483642578
,4489,,,,,,,,,,2988.107666015625,,39.29948425292969,,0.6090294718742371,,54.6635856628418
,4490,,,,,,,,,,2458.5400390625,,32.644683837890625,,0.6706752777099609,,49.58366775512695
,4491,,,,,,,,,,2608.84375,,33.90372848510742,,0.6502078771591187,,51.07684326171875
,4492,,,,,,,,,,1092.146240234375,,18.01104164123535,,0.7404389381408691,,33.04763412475586
,4493,,,,,,,,,,2324.232421875,,32.059444427490234,,0.681338369846344,,48.21029281616211
,4494,,,,,,,,,,1838.8433837890625,,28.862703323364258,,0.6892648935317993,,42.881736755371094
,4495,,,,,,,,,,2430.397216796875,,29.763671875,,0.6829017400741577,,49.2990608215332
,4496,,,,,,,,,,1902.4908447265625,,26.50191307067871,,0.6602323651313782,,43.6175537109375
,4497,,,,,,,,,,2065.89111328125,,29.731151580810547,,0.6604949235916138,,45.45207595825195
,4498,,,,,,,,,,1735.2183837890625,,25.25136375427246,,0.7309540510177612,,41.65595245361328
,4499,,,,,,,,,,1920.3157958984375,,26.215023040771484,,0.7375202178955078,,43.821407318115234
,4500,,,,,,,,,,2771.774658203125,,32.552085876464844,,0.6639976501464844,,52.647647857666016
,4501,,,,,,,,,,1876.7440185546875,,26.578399658203125,,0.6533485651016235,,43.32140350341797
,4502,,,,,,,,,,2907.3701171875,,32.669395446777344,,0.5379568934440613,,53.92003631591797
,4503,,,,,,,,,,1943.2509765625,,28.200672149658203,,0.6246273517608643,,44.08232116699219
,4504,,,,,,,,,,2183.826171875,,29.470617294311523,,0.7118158340454102,,46.73142623901367
,4505,,,,,,,,,,1880.37109375,,25.34002113342285,,0.7294967174530029,,43.363243103027344
,4506,,,,,,,,,,2030.5208740234375,,30.80414390563965,,0.6857321262359619,,45.06129837036133
,4507,,,,,,,,,,2060.98876953125,,29.254724502563477,,0.6442605257034302,,45.39811325073242
,4508,,,,,,,,,,1917.82421875,,26.2377872467041,,0.6732650995254517,,43.792972564697266
,4509,,,,,,,,,,2571.81201171875,,32.22122573852539,,0.6564199328422546,,50.71303939819336
,4510,,,,,,,,,,2039.701904296875,,28.437419891357422,,0.6498701572418213,,45.16305923461914
,4511,,,,,,,,,,2234.51220703125,,30.132537841796875,,0.6988266110420227,,47.270626068115234
,4512,,,,,,,,,,1804.1435546875,,27.119308471679688,,0.6900935173034668,,42.47521209716797
,4513,,,,,,,,,,2042.5162353515625,,30.422767639160156,,0.6467012166976929,,45.19420623779297
,4514,,,,,,,,,,2428.558837890625,,33.8521842956543,,0.660789966583252,,49.28041076660156
,4515,,,,,,,,,,2611.88720703125,,35.7098503112793,,0.6466721892356873,,51.106624603271484
,4516,,,,,,,,,,1844.74755859375,,25.947368621826172,,0.6785609126091003,,42.950523376464844
,4517,,,,,,,,,,2140.189697265625,,29.997587203979492,,0.7495752573013306,,46.262184143066406
,4518,,,,,,,,,,2765.089111328125,,36.59890365600586,,0.5678877830505371,,52.58411407470703
,4519,,,,,,,,,,2167.20947265625,,29.219913482666016,,0.7129721641540527,,46.55329895019531
,4520,,,,,,,,,,2508.537841796875,,32.4532470703125,,0.6787952184677124,,50.085304260253906
,4521,,,,,,,,,,1904.7474365234375,,29.52996826171875,,0.6764845848083496,,43.64341354370117
,4522,,,,,,,,,,2433.5234375,,34.3385124206543,,0.5741474628448486,,49.330753326416016
,4523,,,,,,,,,,2042.551025390625,,27.787906646728516,,0.7146434187889099,,45.1945915222168
,4524,,,,,,,,,,2333.219482421875,,29.88351058959961,,0.6190282106399536,,48.30341339111328
,4525,,,,,,,,,,1646.79296875,,26.427072525024414,,0.7350177764892578,,40.58069610595703
,4526,,,,,,,,,,1576.0206298828125,,24.87700080871582,,0.739280641078949,,39.699127197265625
,4527,,,,,,,,,,2174.921142578125,,30.791141510009766,,0.6762048006057739,,46.636051177978516
,4528,,,,,,,,,,2261.16845703125,,32.14623260498047,,0.6407861709594727,,47.5517463684082
,4529,,,,,,,,,,2232.844482421875,,31.357749938964844,,0.6625007390975952,,47.25298309326172
,4530,,,,,,,,,,2330.1240234375,,30.86638641357422,,0.6996751427650452,,48.271358489990234
,4531,,,,,,,,,,1721.0699462890625,,25.66139793395996,,0.728654146194458,,41.48577880859375
,4532,,,,,,,,,,2240.500244140625,,32.12672805786133,,0.6399517059326172,,47.33392333984375
,4533,,,,,,,,,,1761.30615234375,,26.905433654785156,,0.7473775744438171,,41.967918395996094
,4534,,,,,,,,,,1899.949462890625,,27.031354904174805,,0.6549960374832153,,43.588409423828125
,4535,,,,,,,,,,2062.159423828125,,30.753944396972656,,0.6457668542861938,,45.411006927490234
,4536,,,,,,,,,,1836.8575439453125,,26.916608810424805,,0.7430983781814575,,42.858577728271484
,4537,,,,,,,,,,2235.53759765625,,29.762935638427734,,0.6777087450027466,,47.281471252441406
,4538,,,,,,,,,,3561.666015625,,42.33012771606445,,0.5886609554290771,,59.67969512939453
,4539,,,,,,,,,,2831.004150390625,,36.77765655517578,,0.5657174587249756,,53.20718002319336
,4540,,,,,,,,,,2341.958740234375,,32.2504768371582,,0.6607906818389893,,48.3937873840332
,4541,,,,,,,,,,1908.7918701171875,,26.89646339416504,,0.7186864614486694,,43.68972396850586
,4542,,,,,,,,,,3140.267578125,,39.727081298828125,,0.5717402696609497,,56.038089752197266
,4543,,,,,,,,,,2140.19873046875,,28.493579864501953,,0.6721835136413574,,46.26228332519531
,4544,,,,,,,,,,2137.39111328125,,29.563688278198242,,0.6378427147865295,,46.23192596435547
,4545,,,,,,,,,,1812.721923828125,,27.463117599487305,,0.6449048519134521,,42.576072692871094
,4546,,,,,,,,,,2381.8955078125,,33.59739685058594,,0.6090338230133057,,48.80466842651367
,4547,,,,,,,,,,2008.71044921875,,27.514984130859375,,0.6974127888679504,,44.81863784790039
,4548,,,,,,,,,,1968.1422119140625,,28.36814308166504,,0.705986738204956,,44.36375045776367
,4549,,,,,,,,,,1629.63427734375,,26.018587112426758,,0.7115179300308228,,40.36872863769531
,4550,,,,,,,,,,1794.339111328125,,24.640186309814453,,0.6943550109863281,,42.359642028808594
,4551,,,,,,,,,,2714.299072265625,,35.38056564331055,,0.5936992168426514,,52.098934173583984
,4552,,,,,,,,,,2104.599853515625,,29.85808753967285,,0.675786018371582,,45.875919342041016
,4553,,,,,,,,,,2274.201904296875,,31.139915466308594,,0.6794636249542236,,47.688594818115234
,4554,,,,,,,,,,2218.310302734375,,31.29871368408203,,0.6809988021850586,,47.098941802978516
,4555,,,,,,,,,,1709.817626953125,,24.5993595123291,,0.6891897916793823,,41.34994125366211
,4556,,,,,,,,,,1772.4752197265625,,25.733671188354492,,0.7068052291870117,,42.100772857666016
,4557,,,,,,,,,,1868.6304931640625,,24.28692626953125,,0.6626554727554321,,43.2276611328125
,4558,,,,,,,,,,2044.69482421875,,30.169858932495117,,0.7118074297904968,,45.21830368041992
,4559,,,,,,,,,,2281.408203125,,31.501789093017578,,0.6651670932769775,,47.76409149169922
,4560,,,,,,,,,,2317.9580078125,,30.161457061767578,,0.6814045906066895,,48.14517593383789
,4561,,,,,,,,,,2414.980224609375,,32.635433197021484,,0.6269359588623047,,49.14244842529297
,4562,,,,,,,,,,1595.206298828125,,23.598777770996094,,0.7194069623947144,,39.940032958984375
,4563,,,,,,,,,,2134.69921875,,29.45610809326172,,0.7001789808273315,,46.20280456542969
,4564,,,,,,,,,,2356.991455078125,,32.74774169921875,,0.6670602560043335,,48.54885482788086
,4565,,,,,,,,,,2298.40380859375,,30.89463233947754,,0.6532293558120728,,47.94166946411133
,4566,,,,,,,,,,2122.854736328125,,29.429201126098633,,0.6780307292938232,,46.07444763183594
,4567,,,,,,,,,,2568.363525390625,,36.04999542236328,,0.5749331712722778,,50.67902374267578
,4568,,,,,,,,,,1587.4600830078125,,23.257305145263672,,0.7183072566986084,,39.84294128417969
,4569,,,,,,,,,,2431.608154296875,,30.819765090942383,,0.6110101342201233,,49.31134033203125
,4570,,,,,,,,,,1548.8089599609375,,24.074325561523438,,0.6492773294448853,,39.35491180419922
,4571,,,,,,,,,,1711.822998046875,,25.557601928710938,,0.7292834520339966,,41.374183654785156
,4572,,,,,,,,,,2307.4873046875,,31.444080352783203,,0.7051278948783875,,48.03630828857422
,4573,,,,,,,,,,2448.844482421875,,34.838966369628906,,0.6349872350692749,,49.485801696777344
,4574,,,,,,,,,,1480.1051025390625,,20.73304557800293,,0.6579912900924683,,38.47213363647461
,4575,,,,,,,,,,2495.533447265625,,34.07560348510742,,0.6107360124588013,,49.95531463623047
,4576,,,,,,,,,,2564.387939453125,,35.74658203125,,0.5574088096618652,,50.63978576660156
,4577,,,,,,,,,,2130.162841796875,,31.199724197387695,,0.6978446841239929,,46.1536865234375
,4578,,,,,,,,,,2026.7020263671875,,31.66966438293457,,0.6914060711860657,,45.01890563964844
,4579,,,,,,,,,,2456.647705078125,,32.27792739868164,,0.6474233269691467,,49.56458282470703
,4580,,,,,,,,,,1530.5592041015625,,24.148075103759766,,0.6597118377685547,,39.12236022949219
,4581,,,,,,,,,,2341.67529296875,,28.08766746520996,,0.7142509818077087,,48.3908576965332
,4582,,,,,,,,,,2214.48974609375,,32.07129669189453,,0.6375570297241211,,47.05836486816406
,4583,,,,,,,,,,2209.03466796875,,29.716472625732422,,0.6638050079345703,,47.000370025634766
,4584,,,,,,,,,,2012.5914306640625,,28.112119674682617,,0.6581891775131226,,44.861915588378906
,4585,,,,,,,,,,2084.129150390625,,29.129348754882812,,0.7130712270736694,,45.65226364135742
,4586,,,,,,,,,,2253.5185546875,,30.02442169189453,,0.641075611114502,,47.47124099731445
,4587,,,,,,,,,,2489.162353515625,,32.27351379394531,,0.6230204105377197,,49.89150619506836
,4588,,,,,,,,,,1791.630859375,,26.381956100463867,,0.7452833652496338,,42.327659606933594
,4589,,,,,,,,,,2029.816650390625,,26.831802368164062,,0.6283839344978333,,45.05348587036133
,4590,,,,,,,,,,1760.64599609375,,25.597869873046875,,0.7154965996742249,,41.960052490234375
,4591,,,,,,,,,,2051.514892578125,,29.586774826049805,,0.6564161777496338,,45.29365539550781
,4592,,,,,,,,,,1723.209716796875,,23.678922653198242,,0.7337636351585388,,41.511558532714844
,4593,,,,,,,,,,2338.692626953125,,33.63833999633789,,0.6859577894210815,,48.36003112792969
,4594,,,,,,,,,,2400.575927734375,,33.2784423828125,,0.646000325679779,,48.99567413330078
,4595,,,,,,,,,,1522.3245849609375,,22.53753662109375,,0.7577822208404541,,39.0169792175293
,4596,,,,,,,,,,1806.3857421875,,26.28069305419922,,0.6659258604049683,,42.5015983581543
,4597,,,,,,,,,,2935.936767578125,,37.859004974365234,,0.6128876209259033,,54.18428421020508
,4598,,,,,,,,,,1805.094970703125,,25.812833786010742,,0.6929374933242798,,42.48640823364258
,4599,,,,,,,,,,1802.4610595703125,,25.804475784301758,,0.7506080865859985,,42.45539855957031
,4600,,,,,,,,,,2563.81640625,,32.74517059326172,,0.6002666354179382,,50.6341438293457
,4601,,,,,,,,,,2436.94482421875,,34.087947845458984,,0.5888033509254456,,49.365421295166016
,4602,,,,,,,,,,2897.705810546875,,37.124942779541016,,0.6423739790916443,,53.83034133911133
,4603,,,,,,,,,,1778.8822021484375,,27.968521118164062,,0.7066619396209717,,42.176795959472656
,4604,,,,,,,,,,2793.341064453125,,36.073211669921875,,0.6945331692695618,,52.85206604003906
,4605,,,,,,,,,,1411.557861328125,,22.457326889038086,,0.7779831886291504,,37.570701599121094
,4606,,,,,,,,,,1713.149658203125,,24.15033721923828,,0.7029643058776855,,41.39020919799805
,4607,,,,,,,,,,2021.343505859375,,28.369504928588867,,0.6601823568344116,,44.959354400634766
,4608,,,,,,,,,,2571.9560546875,,32.64447784423828,,0.6166919469833374,,50.714454650878906
,4609,,,,,,,,,,2594.52978515625,,35.64704513549805,,0.6167306303977966,,50.936527252197266
,4610,,,,,,,,,,2695.9892578125,,34.1017951965332,,0.6459022760391235,,51.922916412353516
,4611,,,,,,,,,,2232.13427734375,,30.380542755126953,,0.6609079837799072,,47.24546432495117
,4612,,,,,,,,,,2455.84033203125,,29.839086532592773,,0.6631228923797607,,49.556434631347656
,4613,,,,,,,,,,1955.105712890625,,29.35984992980957,,0.7010511159896851,,44.216575622558594
,4614,,,,,,,,,,2658.26171875,,33.9637565612793,,0.6628950834274292,,51.55833435058594
,4615,,,,,,,,,,2083.31396484375,,26.864295959472656,,0.7148298025131226,,45.643333435058594
,4616,,,,,,,,,,1974.386962890625,,28.045480728149414,,0.6955540180206299,,44.43407440185547
,4617,,,,,,,,,,2208.8232421875,,31.054019927978516,,0.6565998792648315,,46.99811935424805
,4618,,,,,,,,,,2055.8720703125,,28.269603729248047,,0.7183009386062622,,45.34172439575195
,4619,,,,,,,,,,1540.6881103515625,,20.529117584228516,,0.7499224543571472,,39.2515983581543
29,13859,,,,,,,,,2127.879150390625,,29.52506446838379,,0.6730858683586121,,45.934200286865234,
29,13859,2090.780517578125,,28.786474227905273,,0.6836519837379456,,45.49494552612305,,,,,,,,,
30,13899,,1793.3157958984375,,25.618202209472656,,0.626471996307373,,42.347557067871094,,,,,,,,
30,13949,,2464.42138671875,,34.255428314208984,,0.5877642631530762,,49.642940521240234,,,,,,,,
30,13999,,1815.201416015625,,26.576313018798828,,0.7033696174621582,,42.60517883300781,,,,,,,,
30,14049,,2150.757080078125,,27.716264724731445,,0.7082810401916504,,46.37625503540039,,,,,,,,
30,14099,,1414.87841796875,,20.80180549621582,,0.7472970485687256,,37.6148681640625,,,,,,,,
30,14149,,2086.31005859375,,28.38538360595703,,0.7306481003761292,,45.676143646240234,,,,,,,,
30,14199,,2002.4598388671875,,27.670896530151367,,0.6645240783691406,,44.74885177612305,,,,,,,,
30,14249,,1227.1900634765625,,19.675424575805664,,0.7494791746139526,,35.031272888183594,,,,,,,,
30,14299,,2413.83642578125,,30.011539459228516,,0.671065092086792,,49.13080978393555,,,,,,,,
,4620,,,,,,,,,,1960.428466796875,,27.420095443725586,,0.7173195481300354,,44.27672576904297
,4621,,,,,,,,,,1638.0579833984375,,24.94332504272461,,0.7080736756324768,,40.472930908203125
,4622,,,,,,,,,,1852.4835205078125,,27.32178497314453,,0.7180228233337402,,43.04048538208008
,4623,,,,,,,,,,2620.36669921875,,34.36640930175781,,0.6835160851478577,,51.189517974853516
,4624,,,,,,,,,,1906.1240234375,,27.278606414794922,,0.6942952871322632,,43.6591796875
,4625,,,,,,,,,,2101.81396484375,,29.634737014770508,,0.6452619433403015,,45.845542907714844
,4626,,,,,,,,,,1645.962158203125,,23.780929565429688,,0.6968562602996826,,40.57046127319336
,4627,,,,,,,,,,2543.982666015625,,31.56365966796875,,0.6993305087089539,,50.43790817260742
,4628,,,,,,,,,,2638.388916015625,,36.7313232421875,,0.6003164052963257,,51.36524963378906
,4629,,,,,,,,,,1699.9603271484375,,26.17750358581543,,0.6472723484039307,,41.23057556152344
,4630,,,,,,,,,,1777.7340087890625,,23.305896759033203,,0.6785410642623901,,42.16318130493164
,4631,,,,,,,,,,2119.2529296875,,30.667001724243164,,0.6874325275421143,,46.035343170166016
,4632,,,,,,,,,,2185.822021484375,,29.81360626220703,,0.6305534839630127,,46.752777099609375
,4633,,,,,,,,,,1873.004638671875,,27.115076065063477,,0.7102140188217163,,43.27822494506836
,4634,,,,,,,,,,1646.4688720703125,,22.807741165161133,,0.6875659227371216,,40.57670211791992
,4635,,,,,,,,,,2700.0380859375,,34.868675231933594,,0.6194795370101929,,51.961891174316406
,4636,,,,,,,,,,1401.8731689453125,,21.683408737182617,,0.7391986846923828,,37.44159698486328
,4637,,,,,,,,,,1606.3900146484375,,22.728513717651367,,0.7468751668930054,,40.079795837402344
,4638,,,,,,,,,,1578.7296142578125,,24.229772567749023,,0.7331981658935547,,39.73323059082031
,4639,,,,,,,,,,2095.882568359375,,29.150955200195312,,0.6622309684753418,,45.78081130981445
,4640,,,,,,,,,,1572.5625,,23.296932220458984,,0.7491959929466248,,39.655548095703125
,4641,,,,,,,,,,1816.5479736328125,,28.054792404174805,,0.7153140306472778,,42.62097930908203
,4642,,,,,,,,,,1906.3232421875,,28.39655303955078,,0.6998352408409119,,43.661460876464844
,4643,,,,,,,,,,3060.072998046875,,39.6427001953125,,0.5996133685112,,55.31792449951172
,4644,,,,,,,,,,2412.193115234375,,32.16911697387695,,0.6768834590911865,,49.114078521728516
,4645,,,,,,,,,,2611.460693359375,,33.21852493286133,,0.6498570442199707,,51.10245132446289
,4646,,,,,,,,,,1105.522705078125,,17.632429122924805,,0.7372598648071289,,33.2494010925293
,4647,,,,,,,,,,2288.286376953125,,31.26345443725586,,0.6862667202949524,,47.836036682128906
,4648,,,,,,,,,,1747.43017578125,,27.8291072845459,,0.7047122716903687,,41.802276611328125
,4649,,,,,,,,,,2397.376220703125,,28.881654739379883,,0.6872100830078125,,48.963008880615234
,4650,,,,,,,,,,1853.376220703125,,25.810941696166992,,0.6690037846565247,,43.05085754394531
,4651,,,,,,,,,,2060.576171875,,29.412334442138672,,0.6613683700561523,,45.39356994628906
,4652,,,,,,,,,,1737.4031982421875,,25.347076416015625,,0.7306152582168579,,41.682167053222656
,4653,,,,,,,,,,1965.3079833984375,,26.270952224731445,,0.7313704490661621,,44.33179473876953
,4654,,,,,,,,,,2778.615966796875,,32.056236267089844,,0.6631683707237244,,52.71257781982422
,4655,,,,,,,,,,1823.6114501953125,,25.615570068359375,,0.6631625890731812,,42.70376205444336
,4656,,,,,,,,,,2735.865234375,,31.80649185180664,,0.5652126669883728,,52.30550003051758
,4657,,,,,,,,,,1846.5244140625,,27.29733657836914,,0.6433117389678955,,42.97120666503906
,4658,,,,,,,,,,2134.296142578125,,28.241853713989258,,0.7183519601821899,,46.19844436645508
,4659,,,,,,,,,,1884.4857177734375,,24.926746368408203,,0.7289047837257385,,43.41066360473633
,4660,,,,,,,,,,2058.951904296875,,30.803327560424805,,0.6813317537307739,,45.375675201416016
,4661,,,,,,,,,,2070.298828125,,28.95277214050293,,0.6426535844802856,,45.50053787231445
,4662,,,,,,,,,,1887.330810546875,,25.528820037841797,,0.6784602403640747,,43.44342041015625
,4663,,,,,,,,,,2603.052490234375,,31.650733947753906,,0.652246356010437,,51.020118713378906
,4664,,,,,,,,,,1928.314697265625,,26.43439292907715,,0.6689906120300293,,43.91258239746094
,4665,,,,,,,,,,2241.15283203125,,29.90753746032715,,0.6979315280914307,,47.340816497802734
,4666,,,,,,,,,,1751.527587890625,,26.2725887298584,,0.6991316080093384,,41.85125732421875
,4667,,,,,,,,,,1990.4886474609375,,29.634275436401367,,0.6557005643844604,,44.614891052246094
,4668,,,,,,,,,,2359.862060546875,,32.8408088684082,,0.6703851819038391,,48.57841110229492
,4669,,,,,,,,,,2614.199462890625,,35.394447326660156,,0.646359384059906,,51.129241943359375
,4670,,,,,,,,,,1880.400146484375,,25.65359878540039,,0.6723486185073853,,43.363582611083984
,4671,,,,,,,,,,2098.888916015625,,29.000492095947266,,0.7544078826904297,,45.81363296508789
,4672,,,,,,,,,,2757.924072265625,,35.94949722290039,,0.5690075159072876,,52.51594161987305
,4673,,,,,,,,,,2098.761474609375,,28.2213134765625,,0.7220375537872314,,45.81224060058594
,4674,,,,,,,,,,2476.065185546875,,31.829204559326172,,0.6829531192779541,,49.760074615478516
,4675,,,,,,,,,,1872.3192138671875,,29.037155151367188,,0.6819924116134644,,43.270301818847656
,4676,,,,,,,,,,2492.4697265625,,34.181968688964844,,0.56383216381073,,49.92464065551758
,4677,,,,,,,,,,2027.62353515625,,27.025009155273438,,0.716728925704956,,45.02914047241211
,4678,,,,,,,,,,2273.79638671875,,29.079360961914062,,0.6287308931350708,,47.68434143066406
,4679,,,,,,,,,,1570.757080078125,,25.00318717956543,,0.7472525835037231,,39.63277816772461
,4680,,,,,,,,,,1533.53564453125,,24.425548553466797,,0.7463089227676392,,39.16038513183594
,4681,,,,,,,,,,2146.629638671875,,30.087039947509766,,0.6804168224334717,,46.33173370361328
,4682,,,,,,,,,,2355.654541015625,,33.12501525878906,,0.625775933265686,,48.53508758544922
,4683,,,,,,,,,,2233.1328125,,30.795713424682617,,0.6624571084976196,,47.25603485107422
,4684,,,,,,,,,,2253.109619140625,,30.05535125732422,,0.7096013426780701,,47.46693420410156
,4685,,,,,,,,,,1773.8116455078125,,25.40279769897461,,0.7203388214111328,,42.116641998291016
,4686,,,,,,,,,,2190.165283203125,,31.27545738220215,,0.6480405330657959,,46.79920196533203
,4687,,,,,,,,,,1752.958251953125,,26.68125343322754,,0.7485749125480652,,41.868343353271484
,4688,,,,,,,,,,1902.46435546875,,26.765304565429688,,0.6545394062995911,,43.61724853515625
,4689,,,,,,,,,,2116.213623046875,,30.8203125,,0.636481523513794,,46.002323150634766
,4690,,,,,,,,,,1754.7012939453125,,25.5566463470459,,0.7545886635780334,,41.88915252685547
,4691,,,,,,,,,,2176.146484375,,29.037246704101562,,0.686271071434021,,46.64918518066406
,4692,,,,,,,,,,3576.69482421875,,42.11488723754883,,0.5869252681732178,,59.80547332763672
,4693,,,,,,,,,,2752.804443359375,,36.02226638793945,,0.5777134895324707,,52.46717834472656
,4694,,,,,,,,,,2286.6328125,,30.951316833496094,,0.6688041090965271,,47.818748474121094
,4695,,,,,,,,,,1896.4854736328125,,26.661516189575195,,0.720500111579895,,43.54865646362305
,4696,,,,,,,,,,3146.14990234375,,39.67435836791992,,0.5709381103515625,,56.09054946899414
,4697,,,,,,,,,,2079.06494140625,,27.912715911865234,,0.6815474629402161,,45.596763610839844
,4698,,,,,,,,,,2097.264892578125,,28.887176513671875,,0.644641637802124,,45.79590606689453
,4699,,,,,,,,,,1879.4783935546875,,27.5734920501709,,0.6318278908729553,,43.35295104980469
,4700,,,,,,,,,,2387.115966796875,,33.83638000488281,,0.6081769466400146,,48.85811996459961
,4701,,,,,,,,,,2009.96484375,,27.104942321777344,,0.6972238421440125,,44.8326301574707
,4702,,,,,,,,,,1957.3177490234375,,28.180519104003906,,0.7076038122177124,,44.24158477783203
,4703,,,,,,,,,,1598.2713623046875,,25.060155868530273,,0.7170698642730713,,39.97838592529297
,4704,,,,,,,,,,1761.8836669921875,,23.89566993713379,,0.6998834609985352,,41.974796295166016
,4705,,,,,,,,,,2724.235107421875,,34.94536209106445,,0.5922118425369263,,52.1942024230957
,4706,,,,,,,,,,2051.11767578125,,28.86195945739746,,0.6840249300003052,,45.289268493652344
,4707,,,,,,,,,,2234.387939453125,,30.515810012817383,,0.6850751638412476,,47.26931381225586
,4708,,,,,,,,,,2192.914306640625,,30.69451332092285,,0.6846508979797363,,46.82856369018555
,4709,,,,,,,,,,1685.9842529296875,,23.90334701538086,,0.6935221552848816,,41.06073760986328
,4710,,,,,,,,,,1742.5538330078125,,24.886825561523438,,0.7117546796798706,,41.7439079284668
,4711,,,,,,,,,,1719.165283203125,,22.625450134277344,,0.6896384954452515,,41.46281814575195
,4712,,,,,,,,,,1984.48486328125,,29.3802547454834,,0.7202938199043274,,44.54755783081055
,4713,,,,,,,,,,2231.734619140625,,30.822568893432617,,0.6724574565887451,,47.24123764038086
,4714,,,,,,,,,,2301.59033203125,,30.2288875579834,,0.6836543083190918,,47.974891662597656
,4715,,,,,,,,,,2253.843505859375,,30.84247398376465,,0.6518282890319824,,47.47466278076172
,4716,,,,,,,,,,1591.7098388671875,,23.190961837768555,,0.7200219631195068,,39.896236419677734
,4717,,,,,,,,,,2130.493896484375,,28.79355812072754,,0.7007696032524109,,46.15727615356445
,4718,,,,,,,,,,2256.196044921875,,31.639074325561523,,0.6812982559204102,,47.49943161010742
,4719,,,,,,,,,,2237.24072265625,,30.28013801574707,,0.6624573469161987,,47.29948043823242
,4720,,,,,,,,,,2092.19384765625,,28.83704376220703,,0.6826810836791992,,45.74050521850586
,4721,,,,,,,,,,2553.47607421875,,35.95186996459961,,0.5773971080780029,,50.53192901611328
,4722,,,,,,,,,,1604.59130859375,,22.85865592956543,,0.7152673602104187,,40.057350158691406
,4723,,,,,,,,,,2373.43994140625,,29.975814819335938,,0.620315432548523,,48.717960357666016
,4724,,,,,,,,,,1611.2535400390625,,24.273542404174805,,0.6351369619369507,,40.14042282104492
,4725,,,,,,,,,,1753.42919921875,,26.516132354736328,,0.7227036356925964,,41.873966217041016
,4726,,,,,,,,,,2334.559326171875,,31.720273971557617,,0.701668381690979,,48.31727600097656
,4727,,,,,,,,,,2372.385498046875,,33.71491622924805,,0.6463838815689087,,48.7071418762207
,4728,,,,,,,,,,1556.6416015625,,21.10993194580078,,0.6403059959411621,,39.45429611206055
,4729,,,,,,,,,,2410.28125,,33.24076461791992,,0.6240339875221252,,49.0946159362793
,4730,,,,,,,,,,2557.367919921875,,35.170658111572266,,0.5586204528808594,,50.57042694091797
,4731,,,,,,,,,,2208.967041015625,,31.560571670532227,,0.6866666078567505,,46.99964904785156
,4732,,,,,,,,,,2054.6787109375,,31.636878967285156,,0.6871461868286133,,45.32856369018555
,4733,,,,,,,,,,2404.330078125,,32.23238754272461,,0.654931902885437,,49.033966064453125
,4734,,,,,,,,,,1572.04296875,,23.99178695678711,,0.6504887342453003,,39.64899826049805
,4735,,,,,,,,,,2370.216796875,,27.356189727783203,,0.7107681035995483,,48.684871673583984
,4736,,,,,,,,,,2170.73876953125,,31.217666625976562,,0.6447176933288574,,46.5911865234375
,4737,,,,,,,,,,2081.750732421875,,28.59200668334961,,0.6831765174865723,,45.62620544433594
,4738,,,,,,,,,,1983.7537841796875,,27.549495697021484,,0.6630868315696716,,44.53935241699219
,4739,,,,,,,,,,2063.45849609375,,28.635257720947266,,0.7159170508384705,,45.42530822753906
,4740,,,,,,,,,,2253.523193359375,,29.174449920654297,,0.6410748958587646,,47.47128677368164
,4741,,,,,,,,,,2457.42626953125,,31.64458656311035,,0.6278268098831177,,49.57243347167969
,4742,,,,,,,,,,1730.4573974609375,,25.594982147216797,,0.7539804577827454,,41.5987663269043
,4743,,,,,,,,,,1968.2393798828125,,25.89273452758789,,0.6396573781967163,,44.364845275878906
,4744,,,,,,,,,,1688.431884765625,,24.80160140991211,,0.727165699005127,,41.09053039550781
,4745,,,,,,,,,,2127.738525390625,,29.477340698242188,,0.6436504125595093,,46.12741470336914
,4746,,,,,,,,,,1707.040283203125,,23.104032516479492,,0.7362618446350098,,41.31634521484375
,4747,,,,,,,,,,2361.322998046875,,33.486385345458984,,0.6829189658164978,,48.59344482421875
,4748,,,,,,,,,,2350.726806640625,,32.43709182739258,,0.6533513069152832,,48.48429489135742
,4749,,,,,,,,,,1484.4246826171875,,21.61884880065918,,0.7638124823570251,,38.52823257446289
,4750,,,,,,,,,,1760.023681640625,,25.550168991088867,,0.674500048160553,,41.95263671875
,4751,,,,,,,,,,2923.383056640625,,37.512168884277344,,0.6145428419113159,,54.06831741333008
,4752,,,,,,,,,,1807.64794921875,,25.42552375793457,,0.6925032138824463,,42.51644515991211
,4753,,,,,,,,,,1864.1290283203125,,25.77328872680664,,0.7420755624771118,,43.175559997558594
,4754,,,,,,,,,,2512.015380859375,,32.593990325927734,,0.6083431243896484,,50.12001037597656
,4755,,,,,,,,,,2448.8701171875,,33.740169525146484,,0.5867911577224731,,49.486061096191406
,4756,,,,,,,,,,2878.584228515625,,36.99708938598633,,0.6447339057922363,,53.65243911743164
,4757,,,,,,,,,,1775.955078125,,27.91486167907715,,0.7071446180343628,,42.14208221435547
,4758,,,,,,,,,,2700.897216796875,,35.19205856323242,,0.7046424150466919,,51.970157623291016
,4759,,,,,,,,,,1397.833251953125,,21.998153686523438,,0.7801418304443359,,37.38760757446289
,4760,,,,,,,,,,1754.340576171875,,24.1146183013916,,0.6958224177360535,,41.88484573364258
,4761,,,,,,,,,,1946.0516357421875,,27.20622444152832,,0.6728400588035583,,44.11407470703125
,4762,,,,,,,,,,2516.16015625,,32.37569808959961,,0.6250073909759521,,50.16134262084961
,4763,,,,,,,,,,2602.1630859375,,35.37483215332031,,0.615602970123291,,51.01140213012695
,4764,,,,,,,,,,2662.27978515625,,32.639591217041016,,0.6503297090530396,,51.597286224365234
,4765,,,,,,,,,,2213.955322265625,,30.244287490844727,,0.6636695861816406,,47.05268478393555
,4766,,,,,,,,,,2469.93212890625,,29.589248657226562,,0.6611899137496948,,49.69841003417969
,4767,,,,,,,,,,1929.5799560546875,,28.902889251708984,,0.704954206943512,,43.92698287963867
,4768,,,,,,,,,,2686.447265625,,34.10313034057617,,0.6593207120895386,,51.83094787597656
,4769,,,,,,,,,,2062.448974609375,,26.750749588012695,,0.7176858186721802,,45.41419219970703
,4770,,,,,,,,,,2015.2991943359375,,28.071674346923828,,0.6892454028129578,,44.89208221435547
,4771,,,,,,,,,,2213.604248046875,,30.739788055419922,,0.6558566093444824,,47.048954010009766
,4772,,,,,,,,,,2014.6331787109375,,27.507761001586914,,0.7239515781402588,,44.884666442871094
,4773,,,,,,,,,,1541.8681640625,,20.02198028564453,,0.7497309446334839,,39.26662826538086
30,14321,,,,,,,,,2106.7421875,,28.991107940673828,,0.6763113737106323,,45.705448150634766,
30,14321,2091.31591796875,,28.812522888183594,,0.6827149391174316,,45.512393951416016,,,,,,,,,
31,14349,,1570.0462646484375,,22.334177017211914,,0.7383220195770264,,39.623809814453125,,,,,,,,
31,14399,,2220.69580078125,,30.66029167175293,,0.6599980592727661,,47.1242561340332,,,,,,,,
31,14449,,2434.700927734375,,32.46854782104492,,0.6439204216003418,,49.342689514160156,,,,,,,,
31,14499,,1652.71240234375,,23.038280487060547,,0.6825544834136963,,40.653564453125,,,,,,,,
31,14549,,1723.3392333984375,,24.59125518798828,,0.7193657159805298,,41.51312255859375,,,,,,,,
31,14599,,2331.373291015625,,28.380905151367188,,0.6752710342407227,,48.284297943115234,,,,,,,,
31,14649,,2096.382568359375,,28.413667678833008,,0.6943764686584473,,45.78627014160156,,,,,,,,
31,14699,,2664.783447265625,,31.73597526550293,,0.6341080665588379,,51.62154006958008,,,,,,,,
31,14749,,1953.407958984375,,28.390960693359375,,0.7461316585540771,,44.1973762512207,,,,,,,,
,4774,,,,,,,,,,2023.273193359375,,27.55103302001953,,0.708257794380188,,44.98080825805664
,4775,,,,,,,,,,1703.130615234375,,25.33732795715332,,0.6964767575263977,,41.269004821777344
,4776,,,,,,,,,,1885.9876708984375,,27.633821487426758,,0.7129229307174683,,43.42795944213867
,4777,,,,,,,,,,2614.428466796875,,33.940765380859375,,0.6842333078384399,,51.1314811706543
,4778,,,,,,,,,,1880.0184326171875,,26.557167053222656,,0.6984821557998657,,43.35918045043945
,4779,,,,,,,,,,2075.079345703125,,29.225597381591797,,0.6497741937637329,,45.553035736083984
,4780,,,,,,,,,,1675.6478271484375,,23.670635223388672,,0.6913888454437256,,40.9346809387207
,4781,,,,,,,,,,2560.10595703125,,31.300600051879883,,0.6974248886108398,,50.59748840332031
,4782,,,,,,,,,,2702.0537109375,,37.204708099365234,,0.5906720161437988,,51.98128128051758
,4783,,,,,,,,,,1773.4334716796875,,26.38333511352539,,0.632027268409729,,42.112152099609375
,4784,,,,,,,,,,1774.964111328125,,22.945505142211914,,0.6790419816970825,,42.13032150268555
,4785,,,,,,,,,,2139.62158203125,,30.750534057617188,,0.684428334236145,,46.25604248046875
,4786,,,,,,,,,,2264.06787109375,,30.37131118774414,,0.6173283457756042,,47.58222579956055
,4787,,,,,,,,,,1946.3370361328125,,27.340314865112305,,0.6988682746887207,,44.1173095703125
,4788,,,,,,,,,,1630.6497802734375,,22.421228408813477,,0.6905677318572998,,40.38130569458008
,4789,,,,,,,,,,2697.88134765625,,34.60099411010742,,0.6197835206985474,,51.941131591796875
,4790,,,,,,,,,,1441.930908203125,,22.119848251342773,,0.7317464351654053,,37.9727668762207
,4791,,,,,,,,,,1564.4119873046875,,21.5435791015625,,0.7534897923469543,,39.55264663696289
,4792,,,,,,,,,,1630.947021484375,,24.79166030883789,,0.724373459815979,,40.384986877441406
,4793,,,,,,,,,,2082.343994140625,,28.809173583984375,,0.6644128561019897,,45.63270568847656
,4794,,,,,,,,,,1647.2215576171875,,24.453516006469727,,0.7372888326644897,,40.585975646972656
,4795,,,,,,,,,,1787.6719970703125,,27.605457305908203,,0.7198394536972046,,42.28086853027344
,4796,,,,,,,,,,1939.42333984375,,28.71752166748047,,0.6946233510971069,,44.038883209228516
,4797,,,,,,,,,,3045.181640625,,39.325130462646484,,0.6015617847442627,,55.183162689208984
,4798,,,,,,,,,,2435.3515625,,32.17979049682617,,0.6737813949584961,,49.34927749633789
,4799,,,,,,,,,,2583.3154296875,,33.021568298339844,,0.6536307334899902,,50.826324462890625
,4800,,,,,,,,,,1118.4293212890625,,17.423553466796875,,0.7341924905776978,,33.44292449951172
,4801,,,,,,,,,,2308.778564453125,,31.353302001953125,,0.6834571361541748,,48.04975128173828
,4802,,,,,,,,,,1795.659423828125,,28.20243263244629,,0.6965622901916504,,42.375221252441406
,4803,,,,,,,,,,2402.948486328125,,28.619375228881836,,0.6864830255508423,,49.019874572753906
,4804,,,,,,,,,,1849.5960693359375,,25.45118522644043,,0.6696789264678955,,43.00693130493164
,4805,,,,,,,,,,2058.4931640625,,28.761592864990234,,0.6617106795310974,,45.37062072753906
,4806,,,,,,,,,,1722.111083984375,,24.580360412597656,,0.732986330986023,,41.49832534790039
,4807,,,,,,,,,,1959.50927734375,,25.916051864624023,,0.7321630120277405,,44.2663459777832
,4808,,,,,,,,,,2762.279541015625,,31.92019271850586,,0.6651487350463867,,52.55739212036133
,4809,,,,,,,,,,1870.873046875,,25.465547561645508,,0.654433012008667,,43.25358963012695
,4810,,,,,,,,,,2803.606689453125,,31.942800521850586,,0.5544471144676208,,52.9490966796875
,4811,,,,,,,,,,1897.950927734375,,27.43876075744629,,0.6333779096603394,,43.56547927856445
,4812,,,,,,,,,,2218.541748046875,,28.69133186340332,,0.7072346210479736,,47.10139846801758
,4813,,,,,,,,,,1956.17529296875,,25.49671173095703,,0.7185918092727661,,44.22867202758789
,4814,,,,,,,,,,2091.42138671875,,30.804031372070312,,0.6763063669204712,,45.732059478759766
,4815,,,,,,,,,,2134.736328125,,29.18562889099121,,0.631531298160553,,46.20320510864258
,4816,,,,,,,,,,1910.25244140625,,25.530065536499023,,0.6745551228523254,,43.70643615722656
,4817,,,,,,,,,,2582.37060546875,,31.29766082763672,,0.655009388923645,,50.81703186035156
,4818,,,,,,,,,,1981.9727783203125,,26.65970230102539,,0.6597797870635986,,44.519351959228516
,4819,,,,,,,,,,2255.244873046875,,29.83790397644043,,0.6960321664810181,,47.489418029785156
,4820,,,,,,,,,,1841.267333984375,,26.7932071685791,,0.6837165355682373,,42.90999221801758
,4821,,,,,,,,,,2037.333251953125,,30.278112411499023,,0.6475977301597595,,45.1368293762207
,4822,,,,,,,,,,2349.576171875,,32.78922653198242,,0.6718218326568604,,48.47242736816406
,4823,,,,,,,,,,2608.865966796875,,35.142982482910156,,0.6470808982849121,,51.077056884765625
,4824,,,,,,,,,,1937.32763671875,,25.790342330932617,,0.6624292135238647,,44.01508331298828
,4825,,,,,,,,,,1988.955078125,,28.204736709594727,,0.7672712802886963,,44.59770202636719
,4826,,,,,,,,,,2760.1171875,,35.92264938354492,,0.5686647891998291,,52.53681945800781
,4827,,,,,,,,,,2141.22998046875,,28.45809555053711,,0.7164129614830017,,46.2734260559082
,4828,,,,,,,,,,2480.1650390625,,31.791757583618164,,0.6824281215667725,,49.80125427246094
,4829,,,,,,,,,,1938.7977294921875,,29.63998794555664,,0.670701265335083,,44.03178024291992
,4830,,,,,,,,,,2479.21142578125,,33.679527282714844,,0.5661522746086121,,49.79167938232422
,4831,,,,,,,,,,2025.109375,,26.741973876953125,,0.7170801162719727,,45.001216888427734
,4832,,,,,,,,,,2340.35595703125,,29.455270767211914,,0.6178629398345947,,48.37722396850586
,4833,,,,,,,,,,1636.13427734375,,25.781631469726562,,0.7367329001426697,,40.44915771484375
,4834,,,,,,,,,,1598.2034912109375,,24.47941780090332,,0.7356109619140625,,39.9775390625
,4835,,,,,,,,,,2181.837158203125,,30.11992073059082,,0.6751751899719238,,46.710140228271484
,4836,,,,,,,,,,2342.06591796875,,32.549560546875,,0.6279346942901611,,48.3948974609375
,4837,,,,,,,,,,2290.311279296875,,30.907068252563477,,0.6538145542144775,,47.85719299316406
,4838,,,,,,,,,,2269.031494140625,,29.796493530273438,,0.7075492143630981,,47.63435363769531
,4839,,,,,,,,,,1762.8468017578125,,25.367719650268555,,0.7220675945281982,,41.98626708984375
,4840,,,,,,,,,,2209.932861328125,,31.675613403320312,,0.6448638439178467,,47.00992202758789
,4841,,,,,,,,,,1742.6015625,,26.165843963623047,,0.7500603795051575,,41.744476318359375
,4842,,,,,,,,,,1932.5753173828125,,26.71721649169922,,0.6490716934204102,,43.96106719970703
,4843,,,,,,,,,,2152.006103515625,,30.677736282348633,,0.6303331851959229,,46.38972091674805
,4844,,,,,,,,,,1779.5303955078125,,25.688289642333984,,0.7511160969734192,,42.184478759765625
,4845,,,,,,,,,,2201.102294921875,,28.949310302734375,,0.6826732158660889,,46.91590881347656
,4846,,,,,,,,,,3572.179443359375,,41.97319030761719,,0.5874466896057129,,59.7677116394043
,4847,,,,,,,,,,2809.13916015625,,36.488258361816406,,0.5690716505050659,,53.00131607055664
,4848,,,,,,,,,,2272.763671875,,30.750564575195312,,0.6708129644393921,,47.67351150512695
,4849,,,,,,,,,,1877.05908203125,,25.765775680541992,,0.7233631610870361,,43.325042724609375
,4850,,,,,,,,,,3125.98046875,,39.212825775146484,,0.5736887454986572,,55.91046905517578
,4851,,,,,,,,,,2110.45068359375,,28.10451316833496,,0.6767400503158569,,45.93964385986328
,4852,,,,,,,,,,2165.843017578125,,29.429203033447266,,0.6330218315124512,,46.53861999511719
,4853,,,,,,,,,,1876.0089111328125,,27.43516731262207,,0.6325075626373291,,43.31291961669922
,4854,,,,,,,,,,2445.119140625,,34.33665466308594,,0.5986562967300415,,49.44814682006836
,4855,,,,,,,,,,2017.0550537109375,,26.78261375427246,,0.6961557865142822,,44.91163635253906
,4856,,,,,,,,,,1972.58544921875,,27.87790870666504,,0.7053229808807373,,44.41379928588867
,4857,,,,,,,,,,1611.4764404296875,,25.004690170288086,,0.7147322297096252,,40.1431999206543
,4858,,,,,,,,,,1777.6529541015625,,24.036540985107422,,0.6971973180770874,,42.16222381591797
,4859,,,,,,,,,,2783.87646484375,,35.42230224609375,,0.5832841396331787,,52.762454986572266
,4860,,,,,,,,,,2078.336669921875,,28.719289779663086,,0.679831862449646,,45.58877944946289
,4861,,,,,,,,,,2174.859130859375,,29.701730728149414,,0.6934654116630554,,46.63538360595703
,4862,,,,,,,,,,2269.855712890625,,31.25326156616211,,0.673586368560791,,47.64300537109375
,4863,,,,,,,,,,1674.341796875,,23.523427963256836,,0.6956385374069214,,40.91872024536133
,4864,,,,,,,,,,1752.253173828125,,24.86080551147461,,0.7101502418518066,,41.859920501708984
,4865,,,,,,,,,,1772.1514892578125,,22.527372360229492,,0.6800729036331177,,42.09693145751953
,4866,,,,,,,,,,2022.2623291015625,,29.545625686645508,,0.7149692177772522,,44.96957015991211
,4867,,,,,,,,,,2260.807861328125,,30.563159942626953,,0.6681904792785645,,47.54795455932617
,4868,,,,,,,,,,2328.14013671875,,30.049882888793945,,0.6800050735473633,,48.25080490112305
,4869,,,,,,,,,,2331.8720703125,,31.472156524658203,,0.6397744417190552,,48.28946304321289
,4870,,,,,,,,,,1584.4161376953125,,22.864290237426758,,0.7213049530982971,,39.804725646972656
,4871,,,,,,,,,,2171.90869140625,,29.405134201049805,,0.6949528455734253,,46.60374069213867
,4872,,,,,,,,,,2291.34814453125,,31.965532302856445,,0.6763327717781067,,47.86802673339844
,4873,,,,,,,,,,2271.298828125,,30.095666885375977,,0.6573188304901123,,47.658145904541016
,4874,,,,,,,,,,2070.554931640625,,28.785661697387695,,0.6859630346298218,,45.50334930419922
,4875,,,,,,,,,,2589.589111328125,,35.8300666809082,,0.5714203715324402,,50.888004302978516
,4876,,,,,,,,,,1605.06982421875,,22.51143455505371,,0.7151824235916138,,40.063323974609375
,4877,,,,,,,,,,2426.272216796875,,29.920791625976562,,0.6118637323379517,,49.257205963134766
,4878,,,,,,,,,,1587.3760986328125,,24.03383445739746,,0.6405439376831055,,39.841888427734375
,4879,,,,,,,,,,1708.2198486328125,,25.401418685913086,,0.7298532724380493,,41.33061599731445
,4880,,,,,,,,,,2306.5029296875,,30.71295738220215,,0.7052536606788635,,48.026065826416016
,4881,,,,,,,,,,2439.998046875,,34.13485336303711,,0.6363058686256409,,49.39633560180664
,4882,,,,,,,,,,1515.0592041015625,,20.243377685546875,,0.6499145030975342,,38.923763275146484
,4883,,,,,,,,,,2396.10595703125,,32.7407341003418,,0.6262450814247131,,48.95003890991211
,4884,,,,,,,,,,2548.27490234375,,34.8317756652832,,0.5601898431777954,,50.48044204711914
,4885,,,,,,,,,,2186.74365234375,,31.43462371826172,,0.6898188591003418,,46.762630462646484
,4886,,,,,,,,,,2016.353515625,,30.939565658569336,,0.6929817199707031,,44.90382766723633
,4887,,,,,,,,,,2431.302490234375,,31.94402313232422,,0.6510608792304993,,49.3082389831543
,4888,,,,,,,,,,1615.5479736328125,,24.049053192138672,,0.640816330909729,,40.193878173828125
,4889,,,,,,,,,,2299.165283203125,,26.911962509155273,,0.7194384336471558,,47.949607849121094
,4890,,,,,,,,,,2194.952392578125,,31.64153480529785,,0.6407546997070312,,46.850318908691406
,4891,,,,,,,,,,2118.218994140625,,28.345687866210938,,0.677626371383667,,46.024112701416016
,4892,,,,,,,,,,2070.0458984375,,27.74715232849121,,0.6484313011169434,,45.49775695800781
,4893,,,,,,,,,,2061.531494140625,,28.33406639099121,,0.7161823511123657,,45.404090881347656
,4894,,,,,,,,,,2241.7236328125,,29.123037338256836,,0.6429542303085327,,47.34684371948242
,4895,,,,,,,,,,2423.391845703125,,31.425994873046875,,0.6329812407493591,,49.22795867919922
,4896,,,,,,,,,,1804.437255859375,,25.802949905395508,,0.7434626817703247,,42.478668212890625
,4897,,,,,,,,,,1983.739990234375,,25.938024520874023,,0.63681960105896,,44.5391960144043
,4898,,,,,,,,,,1774.52978515625,,25.30967140197754,,0.7132531404495239,,42.12516784667969
,4899,,,,,,,,,,2160.809326171875,,29.980199813842773,,0.6381117701530457,,46.48450469970703
,4900,,,,,,,,,,1743.0814208984375,,23.635028839111328,,0.7306934595108032,,41.75022506713867
,4901,,,,,,,,,,2282.688720703125,,32.528141021728516,,0.6934780478477478,,47.77749252319336
,4902,,,,,,,,,,2423.6171875,,32.92738342285156,,0.6426025629043579,,49.230247497558594
,4903,,,,,,,,,,1499.09228515625,,21.672883987426758,,0.7614787220954895,,38.71811294555664
,4904,,,,,,,,,,1807.3765869140625,,25.88332748413086,,0.6657425761222839,,42.51325225830078
,4905,,,,,,,,,,2938.842041015625,,37.36428451538086,,0.6125045418739319,,54.21108627319336
,4906,,,,,,,,,,1797.6763916015625,,24.987422943115234,,0.6941994428634644,,42.39901351928711
,4907,,,,,,,,,,1860.8985595703125,,25.21656608581543,,0.7425225377082825,,43.13813400268555
,4908,,,,,,,,,,2521.943359375,,31.893150329589844,,0.6067951917648315,,50.218955993652344
,4909,,,,,,,,,,2550.81982421875,,34.60688018798828,,0.5695887207984924,,50.505638122558594
,4910,,,,,,,,,,2879.343505859375,,36.586463928222656,,0.6446402072906494,,53.65951156616211
,4911,,,,,,,,,,1823.6041259765625,,28.391027450561523,,0.6992872357368469,,42.703678131103516
,4912,,,,,,,,,,2673.958740234375,,34.77726745605469,,0.707588255405426,,51.71033477783203
,4913,,,,,,,,,,1391.6602783203125,,22.003498077392578,,0.781112790107727,,37.304962158203125
,4914,,,,,,,,,,1720.7730712890625,,23.71485710144043,,0.7016425132751465,,41.482200622558594
,4915,,,,,,,,,,2033.320068359375,,27.74860382080078,,0.6581689119338989,,45.092350006103516
,4916,,,,,,,,,,2586.10595703125,,32.3260612487793,,0.6145830750465393,,50.8537712097168
,4917,,,,,,,,,,2652.69482421875,,35.72549819946289,,0.6081383228302002,,51.50431823730469
,4918,,,,,,,,,,2620.467041015625,,32.35521697998047,,0.6558215022087097,,51.19049835205078
,4919,,,,,,,,,,2223.42236328125,,29.711271286010742,,0.6622314453125,,47.153175354003906
,4920,,,,,,,,,,2429.16455078125,,29.069198608398438,,0.6667821407318115,,49.286556243896484
,4921,,,,,,,,,,1931.1343994140625,,28.730201721191406,,0.7047165632247925,,43.944671630859375
,4922,,,,,,,,,,2692.36181640625,,33.58747100830078,,0.6585707068443298,,51.88797378540039
,4923,,,,,,,,,,2053.14013671875,,26.159555435180664,,0.7189600467681885,,45.311588287353516
,4924,,,,,,,,,,2042.17138671875,,28.286775588989258,,0.6851017475128174,,45.19038772583008
,4925,,,,,,,,,,2216.916259765625,,30.63421630859375,,0.6553416848182678,,47.084144592285156
,4926,,,,,,,,,,2065.848876953125,,27.569658279418945,,0.7169339060783386,,45.45161056518555
,4927,,,,,,,,,,1547.35498046875,,20.427701950073242,,0.74884033203125,,39.33643341064453
31,14783,,,,,,,,,2125.601318359375,,28.933971405029297,,0.6731850504875183,,45.915679931640625,
31,14783,2079.031494140625,,28.64939308166504,,0.6843265295028687,,45.379608154296875,,,,,,,,,
32,14799,,1577.284912109375,,23.862674713134766,,0.7604534029960632,,39.715049743652344,,,,,,,,
32,14849,,1819.0159912109375,,27.01724624633789,,0.7147467136383057,,42.649925231933594,,,,,,,,
32,14899,,2437.760009765625,,30.540807723999023,,0.6622908115386963,,49.37367630004883,,,,,,,,
32,14949,,2444.806640625,,31.56172752380371,,0.7029542922973633,,49.444984436035156,,,,,,,,
32,14999,,1721.333740234375,,24.76953125,,0.6948805451393127,,41.48896026611328,,,,,,,,
32,15049,,2174.09130859375,,30.1350154876709,,0.6829792857170105,,46.62715148925781,,,,,,,,
32,15099,,2116.706787109375,,30.12774085998535,,0.67145836353302,,46.0076789855957,,,,,,,,
32,15149,,1925.625732421875,,27.71360969543457,,0.7050142884254456,,43.88195037841797,,,,,,,,
32,15199,,1630.3011474609375,,25.014205932617188,,0.7015424370765686,,40.37698745727539,,,,,,,,
,4928,,,,,,,,,,1912.0030517578125,,26.781415939331055,,0.7243021726608276,,43.72645568847656
,4929,,,,,,,,,,1580.1204833984375,,24.286487579345703,,0.7183989882469177,,39.750728607177734
,4930,,,,,,,,,,1810.20458984375,,26.8079776763916,,0.7244583368301392,,42.5464973449707
,4931,,,,,,,,,,2578.130859375,,33.805110931396484,,0.6886172294616699,,50.775299072265625
,4932,,,,,,,,,,1810.4127197265625,,25.125471115112305,,0.7096455097198486,,42.548946380615234
,4933,,,,,,,,,,2063.14892578125,,29.147829055786133,,0.6517877578735352,,45.421897888183594
,4934,,,,,,,,,,1613.811279296875,,23.185943603515625,,0.702777624130249,,40.172271728515625
,4935,,,,,,,,,,2608.293212890625,,31.628116607666016,,0.691729724407196,,51.07145309448242
,4936,,,,,,,,,,2662.854248046875,,37.28643798828125,,0.5966102480888367,,51.60285186767578
,4937,,,,,,,,,,1687.4881591796875,,25.612865447998047,,0.6498602032661438,,41.07904815673828
,4938,,,,,,,,,,1752.7841796875,,22.88024139404297,,0.683052659034729,,41.866268157958984
,4939,,,,,,,,,,2036.34765625,,29.531984329223633,,0.6996601819992065,,45.12590789794922
,4940,,,,,,,,,,2185.424560546875,,29.46648406982422,,0.6306205987930298,,46.7485237121582
,4941,,,,,,,,,,1854.4256591796875,,26.832529067993164,,0.7130885124206543,,43.06304168701172
,4942,,,,,,,,,,1654.740478515625,,22.392559051513672,,0.6859962940216064,,40.67850112915039
,4943,,,,,,,,,,2768.908935546875,,35.198238372802734,,0.6097734570503235,,52.62042236328125
,4944,,,,,,,,,,1401.68017578125,,21.523468017578125,,0.7392346262931824,,37.43901824951172
,4945,,,,,,,,,,1552.532470703125,,21.795269012451172,,0.7553616762161255,,39.40218734741211
,4946,,,,,,,,,,1494.284423828125,,23.239940643310547,,0.7474691867828369,,38.655975341796875
,4947,,,,,,,,,,2064.421142578125,,28.61641502380371,,0.6673012375831604,,45.4359016418457
,4948,,,,,,,,,,1508.2310791015625,,22.852855682373047,,0.7594560384750366,,38.83595275878906
,4949,,,,,,,,,,1672.82421875,,25.92060089111328,,0.7378381490707397,,40.90017318725586
,4950,,,,,,,,,,1878.1060791015625,,27.88800048828125,,0.7042782306671143,,43.337120056152344
,4951,,,,,,,,,,2869.229248046875,,38.03474044799805,,0.6245837807655334,,53.565185546875
,4952,,,,,,,,,,2503.0419921875,,32.45254135131836,,0.6647141575813293,,50.0304069519043
,4953,,,,,,,,,,2625.65380859375,,33.49567413330078,,0.6479540467262268,,51.24113464355469
,4954,,,,,,,,,,1065.3482666015625,,16.683069229125977,,0.7468078136444092,,32.63967514038086
,4955,,,,,,,,,,2247.7119140625,,30.846248626708984,,0.6918296813964844,,47.41004180908203
,4956,,,,,,,,,,1833.17724609375,,28.408971786499023,,0.6902223825454712,,42.81562042236328
,4957,,,,,,,,,,2403.486572265625,,28.78214454650879,,0.6864128112792969,,49.025367736816406
,4958,,,,,,,,,,1872.3243408203125,,25.7030086517334,,0.6656198501586914,,43.270362854003906
,4959,,,,,,,,,,1970.3563232421875,,28.215211868286133,,0.6761949062347412,,44.388694763183594
,4960,,,,,,,,,,1737.9144287109375,,24.507055282592773,,0.7305359840393066,,41.68830108642578
,4961,,,,,,,,,,1966.9368896484375,,26.019023895263672,,0.7311477661132812,,44.350162506103516
,4962,,,,,,,,,,2713.91650390625,,31.576923370361328,,0.6710114479064941,,52.09526443481445
,4963,,,,,,,,,,1770.8131103515625,,24.35419464111328,,0.6729149222373962,,42.081031799316406
,4964,,,,,,,,,,2779.418212890625,,31.291955947875977,,0.5582911968231201,,52.72018814086914
,4965,,,,,,,,,,1794.9925537109375,,26.354162216186523,,0.6532660722732544,,42.36735534667969
,4966,,,,,,,,,,2160.776123046875,,28.068523406982422,,0.7148575782775879,,46.48414993286133
,4967,,,,,,,,,,1833.632080078125,,24.311620712280273,,0.7362203598022461,,42.82093048095703
,4968,,,,,,,,,,1989.8538818359375,,29.630626678466797,,0.6920261979103088,,44.6077766418457
,4969,,,,,,,,,,1929.7899169921875,,27.47569465637207,,0.6669062972068787,,43.92937469482422
,4970,,,,,,,,,,1931.133544921875,,25.792924880981445,,0.6709976196289062,,43.944664001464844
,4971,,,,,,,,,,2539.0439453125,,31.003597259521484,,0.6607975959777832,,50.3889274597168
,4972,,,,,,,,,,1963.629638671875,,26.819055557250977,,0.6629285216331482,,44.312862396240234
,4973,,,,,,,,,,2362.6611328125,,30.253873825073242,,0.6815543174743652,,48.60721206665039
,4974,,,,,,,,,,1746.1551513671875,,25.762989044189453,,0.7000544667243958,,41.78702163696289
,4975,,,,,,,,,,1907.0313720703125,,29.019514083862305,,0.6701363325119019,,43.66957092285156
,4976,,,,,,,,,,2362.99658203125,,33.216854095458984,,0.6699473857879639,,48.61066436767578
,4977,,,,,,,,,,2422.012451171875,,34.0033073425293,,0.6723577976226807,,49.21394729614258
,4978,,,,,,,,,,1808.7666015625,,24.76140022277832,,0.6848304271697998,,42.52959442138672
,4979,,,,,,,,,,1978.1337890625,,28.182252883911133,,0.7685375213623047,,44.47621536254883
,4980,,,,,,,,,,2676.985595703125,,35.129695892333984,,0.5816560983657837,,51.739593505859375
,4981,,,,,,,,,,2125.73046875,,27.926116943359375,,0.7184657454490662,,46.10564422607422
,4982,,,,,,,,,,2286.9111328125,,30.16676902770996,,0.7071732878684998,,47.821659088134766
,4983,,,,,,,,,,1884.8580322265625,,28.924333572387695,,0.6798627376556396,,43.41495132446289
,4984,,,,,,,,,,2397.629638671875,,33.31312942504883,,0.5804286599159241,,48.96559524536133
,4985,,,,,,,,,,2001.595947265625,,26.75104522705078,,0.720365047454834,,44.739200592041016
,4986,,,,,,,,,,2287.221435546875,,29.116926193237305,,0.626538872718811,,47.82490539550781
,4987,,,,,,,,,,1587.68017578125,,25.185100555419922,,0.7445295453071594,,39.845706939697266
,4988,,,,,,,,,,1514.545654296875,,23.444507598876953,,0.7494503855705261,,38.91716384887695
,4989,,,,,,,,,,2110.0869140625,,29.497060775756836,,0.6858571767807007,,45.93568420410156
,4990,,,,,,,,,,2196.85986328125,,30.957551956176758,,0.6510024070739746,,46.870670318603516
,4991,,,,,,,,,,2165.87939453125,,30.071435928344727,,0.6726226806640625,,46.53900909423828
,4992,,,,,,,,,,2181.70849609375,,29.143657684326172,,0.718804121017456,,46.708763122558594
,4993,,,,,,,,,,1656.130126953125,,24.558319091796875,,0.738892674446106,,40.695579528808594
,4994,,,,,,,,,,2144.942626953125,,30.4804744720459,,0.6553077697753906,,46.31352615356445
,4995,,,,,,,,,,1747.8236083984375,,25.6939640045166,,0.7493113279342651,,41.80698013305664
,4996,,,,,,,,,,1867.8560791015625,,25.94040870666504,,0.6608237624168396,,43.21870040893555
,4997,,,,,,,,,,1960.3040771484375,,28.665969848632812,,0.6632633209228516,,44.27532196044922
,4998,,,,,,,,,,1798.221435546875,,25.91364860534668,,0.7485020160675049,,42.40544128417969
,4999,,,,,,,,,,2234.250732421875,,28.968244552612305,,0.6778942942619324,,47.267860412597656
,5000,,,,,,,,,,3462.344970703125,,40.9449348449707,,0.6001315712928772,,58.84169387817383
,5001,,,,,,,,,,2762.07958984375,,35.44453811645508,,0.5762907266616821,,52.55549240112305
,5002,,,,,,,,,,2312.809814453125,,31.105010986328125,,0.6650125980377197,,48.09168243408203
,5003,,,,,,,,,,1872.7318115234375,,25.91179084777832,,0.7240009307861328,,43.27507019042969
,5004,,,,,,,,,,3047.568359375,,38.829471588134766,,0.5843822956085205,,55.20478439331055
,5005,,,,,,,,,,2069.139892578125,,26.951187133789062,,0.6830676794052124,,45.48780059814453
,5006,,,,,,,,,,2096.68994140625,,28.549917221069336,,0.6447390913963318,,45.78962326049805
,5007,,,,,,,,,,1849.1546630859375,,27.24982452392578,,0.637768030166626,,43.001800537109375
,5008,,,,,,,,,,2374.353515625,,33.204917907714844,,0.6102718114852905,,48.72733688354492
,5009,,,,,,,,,,1983.808349609375,,26.600387573242188,,0.7011640071868896,,44.53996276855469
,5010,,,,,,,,,,1963.7364501953125,,27.832366943359375,,0.7066448926925659,,44.31406784057617
,5011,,,,,,,,,,1621.760009765625,,25.26429557800293,,0.71291184425354,,40.271080017089844
,5012,,,,,,,,,,1732.305908203125,,23.859046936035156,,0.7049216032028198,,41.62097930908203
,5013,,,,,,,,,,2664.01025390625,,34.146629333496094,,0.6012268662452698,,51.61404800415039
,5014,,,,,,,,,,2001.5906982421875,,28.202911376953125,,0.6916545629501343,,44.739139556884766
,5015,,,,,,,,,,2227.563720703125,,30.210268020629883,,0.6860369443893433,,47.19707489013672
,5016,,,,,,,,,,2179.595703125,,30.063812255859375,,0.6865661144256592,,46.68614196777344
,5017,,,,,,,,,,1694.8255615234375,,23.61993980407715,,0.6919150352478027,,41.16825866699219
,5018,,,,,,,,,,1748.2984619140625,,24.754104614257812,,0.7108044624328613,,41.812660217285156
,5019,,,,,,,,,,1853.9288330078125,,23.490070343017578,,0.6653095483779907,,43.057273864746094
,5020,,,,,,,,,,2062.160888671875,,29.93123435974121,,0.7093456387519836,,45.4110221862793
,5021,,,,,,,,,,2297.367431640625,,31.04433822631836,,0.662824809551239,,47.93086242675781
,5022,,,,,,,,,,2265.7626953125,,29.44060516357422,,0.6885786652565002,,47.60002899169922
,5023,,,,,,,,,,2304.30712890625,,30.702844619750977,,0.6440326571464539,,48.00320053100586
,5024,,,,,,,,,,1543.3023681640625,,22.816143035888672,,0.7285367250442505,,39.28488540649414
,5025,,,,,,,,,,2094.965576171875,,28.23823356628418,,0.7057596445083618,,45.77079391479492
,5026,,,,,,,,,,2191.9482421875,,31.090665817260742,,0.6903736591339111,,46.8182487487793
,5027,,,,,,,,,,2156.423828125,,29.601686477661133,,0.6746505498886108,,46.43730926513672
,5028,,,,,,,,,,2109.207763671875,,29.033782958984375,,0.6801005601882935,,45.92611312866211
,5029,,,,,,,,,,2501.788818359375,,35.32471466064453,,0.5859513878822327,,50.01788330078125
,5030,,,,,,,,,,1546.40283203125,,22.36981201171875,,0.725592851638794,,39.3243293762207
,5031,,,,,,,,,,2409.991943359375,,29.896364212036133,,0.6144681572914124,,49.09166717529297
,5032,,,,,,,,,,1442.7640380859375,,22.495824813842773,,0.6732908487319946,,37.983734130859375
,5033,,,,,,,,,,1642.59423828125,,24.33866310119629,,0.7402316331863403,,40.5289306640625
,5034,,,,,,,,,,2340.962158203125,,31.337806701660156,,0.7008501291275024,,48.38349151611328
,5035,,,,,,,,,,2336.56640625,,33.05758285522461,,0.6517229080200195,,48.338043212890625
,5036,,,,,,,,,,1445.5333251953125,,19.571298599243164,,0.6659798622131348,,38.02016830444336
,5037,,,,,,,,,,2415.797607421875,,33.16664505004883,,0.6231734752655029,,49.15076446533203
,5038,,,,,,,,,,2443.946533203125,,34.456600189208984,,0.5781959891319275,,49.4362907409668
,5039,,,,,,,,,,2189.01318359375,,31.352754592895508,,0.6894969940185547,,46.78689193725586
,5040,,,,,,,,,,1938.1842041015625,,30.615894317626953,,0.7048841714859009,,44.02481460571289
,5041,,,,,,,,,,2352.326904296875,,31.201831817626953,,0.6623954176902771,,48.500789642333984
,5042,,,,,,,,,,1485.39306640625,,23.191431045532227,,0.6697535514831543,,38.54079818725586
,5043,,,,,,,,,,2256.29296875,,26.469369888305664,,0.7246699333190918,,47.50045394897461
,5044,,,,,,,,,,2046.621337890625,,29.866395950317383,,0.6650318503379822,,45.23959732055664
,5045,,,,,,,,,,2041.59423828125,,28.11175537109375,,0.6892879009246826,,45.18400573730469
,5046,,,,,,,,,,1895.848388671875,,26.315269470214844,,0.6780163049697876,,43.54133987426758
,5047,,,,,,,,,,2068.906005859375,,28.251012802124023,,0.7151670455932617,,45.485225677490234
,5048,,,,,,,,,,2203.2607421875,,28.842008590698242,,0.6490803360939026,,46.93890380859375
,5049,,,,,,,,,,2325.7119140625,,30.51277732849121,,0.6477746963500977,,48.22563552856445
,5050,,,,,,,,,,1880.8375244140625,,26.459609985351562,,0.7326008677482605,,43.368621826171875
,5051,,,,,,,,,,1984.36181640625,,25.79767608642578,,0.636705756187439,,44.54617691040039
,5052,,,,,,,,,,1699.6793212890625,,24.120620727539062,,0.7253482341766357,,41.227169036865234
,5053,,,,,,,,,,1990.68798828125,,28.09319496154785,,0.6666033267974854,,44.61712646484375
,5054,,,,,,,,,,1708.6563720703125,,22.66869354248047,,0.7360121011734009,,41.33589553833008
,5055,,,,,,,,,,2291.038818359375,,32.69899368286133,,0.6923567652702332,,47.86479568481445
,5056,,,,,,,,,,2284.99169921875,,31.795644760131836,,0.6630449295043945,,47.80158615112305
,5057,,,,,,,,,,1506.020751953125,,21.417020797729492,,0.7603763341903687,,38.8074836730957
,5058,,,,,,,,,,1715.56298828125,,24.97511100769043,,0.6827226281166077,,41.41935729980469
,5059,,,,,,,,,,2832.94677734375,,36.61239242553711,,0.6264671087265015,,53.22542953491211
,5060,,,,,,,,,,1762.077880859375,,24.849658966064453,,0.7002550959587097,,41.97711181640625
,5061,,,,,,,,,,1806.42138671875,,24.98482322692871,,0.7500600814819336,,42.502017974853516
,5062,,,,,,,,,,2474.8466796875,,31.38237762451172,,0.6141382455825806,,49.747833251953125
,5063,,,,,,,,,,2309.196533203125,,32.52017593383789,,0.6103588938713074,,48.054100036621094
,5064,,,,,,,,,,2830.25537109375,,36.07852554321289,,0.6506985425949097,,53.20014572143555
,5065,,,,,,,,,,1746.70751953125,,27.283464431762695,,0.7119674682617188,,41.79362869262695
,5066,,,,,,,,,,2673.472900390625,,34.75762939453125,,0.7076413631439209,,51.70563888549805
,5067,,,,,,,,,,1310.2835693359375,,20.924903869628906,,0.7939121127128601,,36.197837829589844
,5068,,,,,,,,,,1732.162353515625,,23.676414489746094,,0.6996678113937378,,41.61925506591797
,5069,,,,,,,,,,1961.02001953125,,27.190696716308594,,0.6703236103057861,,44.28340530395508
,5070,,,,,,,,,,2459.962890625,,31.108009338378906,,0.6333826780319214,,49.59801483154297
,5071,,,,,,,,,,2515.1669921875,,34.731868743896484,,0.6284542679786682,,50.15143966674805
,5072,,,,,,,,,,2607.423095703125,,32.381473541259766,,0.6575347185134888,,51.062931060791016
,5073,,,,,,,,,,2251.569580078125,,29.514928817749023,,0.657955527305603,,47.45070266723633
,5074,,,,,,,,,,2426.32421875,,28.559755325317383,,0.6671717166900635,,49.25773620605469
,5075,,,,,,,,,,1881.4085693359375,,28.119096755981445,,0.7123199105262756,,43.375205993652344
,5076,,,,,,,,,,2660.109375,,33.88478469848633,,0.6626607179641724,,51.57624816894531
,5077,,,,,,,,,,2067.4990234375,,26.13870620727539,,0.71699458360672,,45.469757080078125
,5078,,,,,,,,,,1971.038818359375,,27.192943572998047,,0.6960702538490295,,44.39638137817383
,5079,,,,,,,,,,2110.623046875,,29.924903869628906,,0.6718668341636658,,45.9415168762207
,5080,,,,,,,,,,2152.46875,,27.841407775878906,,0.705065131187439,,46.39470672607422
,5081,,,,,,,,,,1496.070068359375,,19.28672981262207,,0.7571646571159363,,38.6790657043457
32,15245,,,,,,,,,2072.64013671875,,28.407888412475586,,0.6817455291748047,,45.331321716308594,
32,15245,2038.1317138671875,,28.205312728881836,,0.6909084320068359,,44.942012786865234,,,,,,,,,
33,15249,,2243.7138671875,,29.698753356933594,,0.7053011059761047,,47.367855072021484,,,,,,,,
33,15299,,2203.783935546875,,30.932119369506836,,0.6913471221923828,,46.94447708129883,,,,,,,,
33,15349,,1817.64892578125,,25.7864933013916,,0.686454176902771,,42.63389587402344,,,,,,,,
33,15399,,2056.99072265625,,29.435901641845703,,0.7106748223304749,,45.354061126708984,,,,,,,,
33,15449,,2490.79052734375,,32.84568405151367,,0.6279672980308533,,49.90782165527344,,,,,,,,
33,15499,,2858.88037109375,,37.948020935058594,,0.600834846496582,,53.46849822998047,,,,,,,,
33,15549,,2540.498291015625,,34.9542350769043,,0.6172895431518555,,50.40335464477539,,,,,,,,
33,15599,,2325.67724609375,,33.170188903808594,,0.6257068514823914,,48.225276947021484,,,,,,,,
33,15649,,1468.4666748046875,,23.999980926513672,,0.7425435185432434,,38.320579528808594,,,,,,,,
33,15699,,2186.89892578125,,31.761802673339844,,0.7010447382926941,,46.76428985595703,,,,,,,,
,5082,,,,,,,,,,1904.7431640625,,26.744916915893555,,0.725348949432373,,43.64336395263672
,5083,,,,,,,,,,1592.7164306640625,,24.435951232910156,,0.7161542177200317,,39.908851623535156
,5084,,,,,,,,,,1805.693359375,,26.7358341217041,,0.7251449823379517,,42.49345016479492
,5085,,,,,,,,,,2556.0361328125,,33.59026336669922,,0.6912858486175537,,50.557254791259766
,5086,,,,,,,,,,1799.882080078125,,25.103363037109375,,0.7113344073295593,,42.425018310546875
,5087,,,,,,,,,,2056.025390625,,29.208602905273438,,0.6529899835586548,,45.343414306640625
,5088,,,,,,,,,,1603.33251953125,,23.14211082458496,,0.7047075033187866,,40.0416374206543
,5089,,,,,,,,,,2575.1064453125,,31.482696533203125,,0.6956520080566406,,50.745506286621094
,5090,,,,,,,,,,2673.302978515625,,37.449501037597656,,0.5950273871421814,,51.70399475097656
,5091,,,,,,,,,,1706.202392578125,,25.69466781616211,,0.6459771394729614,,41.30620193481445
,5092,,,,,,,,,,1752.8636474609375,,23.055646896362305,,0.6830382347106934,,41.86721420288086
,5093,,,,,,,,,,2040.9891357421875,,29.63187026977539,,0.6989756226539612,,45.17730712890625
,5094,,,,,,,,,,2165.578369140625,,29.328250885009766,,0.6339750289916992,,46.53577423095703
,5095,,,,,,,,,,1836.9317626953125,,26.698890686035156,,0.71579509973526,,42.85944366455078
,5096,,,,,,,,,,1651.0810546875,,22.448291778564453,,0.6866906881332397,,40.63349533081055
,5097,,,,,,,,,,2742.4853515625,,35.07813262939453,,0.6134973764419556,,52.36874771118164
,5098,,,,,,,,,,1392.49609375,,21.5001163482666,,0.740943193435669,,37.316162109375
,5099,,,,,,,,,,1539.3641357421875,,21.715063095092773,,0.7574366927146912,,39.2347297668457
,5100,,,,,,,,,,1500.024169921875,,23.431337356567383,,0.7464991807937622,,38.73014450073242
,5101,,,,,,,,,,2064.438232421875,,28.71380043029785,,0.667298436164856,,45.43608856201172
,5102,,,,,,,,,,1512.0850830078125,,22.905147552490234,,0.7588413953781128,,38.88554000854492
,5103,,,,,,,,,,1649.6416015625,,25.808042526245117,,0.7414712905883789,,40.615779876708984
,5104,,,,,,,,,,1871.9310302734375,,27.870092391967773,,0.7052505612373352,,43.26581954956055
,5105,,,,,,,,,,2883.631591796875,,38.19975280761719,,0.6226993203163147,,53.69945526123047
,5106,,,,,,,,,,2477.6494140625,,32.28766632080078,,0.668115496635437,,49.7759895324707
,5107,,,,,,,,,,2655.32666015625,,33.61051940917969,,0.6439754962921143,,51.52986145019531
,5108,,,,,,,,,,1052.7364501953125,,16.63318634033203,,0.7498050928115845,,32.445899963378906
,5109,,,,,,,,,,2245.03857421875,,30.829635620117188,,0.6921961307525635,,47.381839752197266
,5110,,,,,,,,,,1822.4239501953125,,28.37432861328125,,0.6920394897460938,,42.689857482910156
,5111,,,,,,,,,,2365.802734375,,28.611665725708008,,0.6913294792175293,,48.63951873779297
,5112,,,,,,,,,,1861.79736328125,,25.659833908081055,,0.6674998998641968,,43.14855194091797
,5113,,,,,,,,,,1982.384765625,,28.34755516052246,,0.6742181777954102,,44.52397918701172
,5114,,,,,,,,,,1724.88427734375,,24.576963424682617,,0.7325563430786133,,41.53172302246094
,5115,,,,,,,,,,1964.9620361328125,,26.060571670532227,,0.731417715549469,,44.3278923034668
,5116,,,,,,,,,,2701.69970703125,,31.60402488708496,,0.6724923849105835,,51.97787857055664
,5117,,,,,,,,,,1777.860107421875,,24.621191024780273,,0.671613335609436,,42.164676666259766
,5118,,,,,,,,,,2747.613525390625,,31.33685302734375,,0.5633455514907837,,52.417686462402344
,5119,,,,,,,,,,1784.6082763671875,,26.28557014465332,,0.6552719473838806,,42.244625091552734
,5120,,,,,,,,,,2155.0263671875,,28.14995574951172,,0.7156163454055786,,46.42226028442383
,5121,,,,,,,,,,1848.4801025390625,,24.476604461669922,,0.73408442735672,,42.993953704833984
,5122,,,,,,,,,,1978.8114013671875,,29.68128776550293,,0.6937352418899536,,44.48383331298828
,5123,,,,,,,,,,1948.228515625,,27.76997184753418,,0.6637237071990967,,44.13874053955078
,5124,,,,,,,,,,1929.85986328125,,25.8322811126709,,0.6712146401405334,,43.930171966552734
,5125,,,,,,,,,,2546.9931640625,,31.111116409301758,,0.6597356200218201,,50.467742919921875
,5126,,,,,,,,,,1948.375244140625,,26.669464111328125,,0.6655470132827759,,44.140403747558594
,5127,,,,,,,,,,2361.959716796875,,30.24458122253418,,0.681648850440979,,48.599998474121094
,5128,,,,,,,,,,1740.6458740234375,,25.70952606201172,,0.7010008096694946,,41.721046447753906
,5129,,,,,,,,,,1910.1248779296875,,29.096431732177734,,0.6696012616157532,,43.70497512817383
,5130,,,,,,,,,,2348.353271484375,,33.08760070800781,,0.6719926595687866,,48.45981216430664
,5131,,,,,,,,,,2407.028076171875,,33.77273941040039,,0.6743848323822021,,49.06147384643555
,5132,,,,,,,,,,1803.7796630859375,,24.83169174194336,,0.6856993436813354,,42.470924377441406
,5133,,,,,,,,,,1970.535888671875,,28.12796974182129,,0.7694265246391296,,44.39072036743164
,5134,,,,,,,,,,2671.338623046875,,35.14299011230469,,0.5825386047363281,,51.68499755859375
,5135,,,,,,,,,,2110.333984375,,28.036325454711914,,0.720504879951477,,45.93836975097656
,5136,,,,,,,,,,2276.333251953125,,30.18155288696289,,0.7085277438163757,,47.71092987060547
,5137,,,,,,,,,,1887.9776611328125,,29.029542922973633,,0.6793329119682312,,43.450862884521484
,5138,,,,,,,,,,2401.73583984375,,33.171817779541016,,0.5797101259231567,,49.00750732421875
,5139,,,,,,,,,,2000.3638916015625,,26.787134170532227,,0.7205371856689453,,44.72542953491211
,5140,,,,,,,,,,2278.81298828125,,29.16048812866211,,0.6279118061065674,,47.736915588378906
,5141,,,,,,,,,,1588.7120361328125,,25.333248138427734,,0.7443634867668152,,39.8586540222168
,5142,,,,,,,,,,1517.8653564453125,,23.67307472229004,,0.7489011883735657,,38.95979309082031
,5143,,,,,,,,,,2111.852783203125,,29.537399291992188,,0.6855942606925964,,45.954898834228516
,5144,,,,,,,,,,2178.4501953125,,30.93805694580078,,0.6539269685745239,,46.67387008666992
,5145,,,,,,,,,,2169.955078125,,30.088356018066406,,0.6720066070556641,,46.5827751159668
,5146,,,,,,,,,,2164.211181640625,,29.04950714111328,,0.721059262752533,,46.521087646484375
,5147,,,,,,,,,,1655.284423828125,,24.5954532623291,,0.7390259504318237,,40.68518829345703
,5148,,,,,,,,,,2139.114013671875,,30.557416915893555,,0.6562444567680359,,46.250553131103516
,5149,,,,,,,,,,1736.1817626953125,,25.61942481994629,,0.7509811520576477,,41.66751480102539
,5150,,,,,,,,,,1865.21484375,,26.102741241455078,,0.6613034009933472,,43.188133239746094
,5151,,,,,,,,,,1991.04345703125,,29.10363006591797,,0.6579830050468445,,44.62110900878906
,5152,,,,,,,,,,1798.101318359375,,25.892805099487305,,0.7485188245773315,,42.404022216796875
,5153,,,,,,,,,,2226.146728515625,,29.06495475769043,,0.6790626049041748,,47.18206024169922
,5154,,,,,,,,,,3423.784912109375,,40.80437088012695,,0.6045848727226257,,58.513118743896484
,5155,,,,,,,,,,2756.908447265625,,35.45860290527344,,0.577083945274353,,52.50627136230469
,5156,,,,,,,,,,2297.6728515625,,30.969575881958008,,0.6672050952911377,,47.93404769897461
,5157,,,,,,,,,,1862.5404052734375,,25.876548767089844,,0.7255028486251831,,43.15715789794922
,5158,,,,,,,,,,3069.1923828125,,39.04441833496094,,0.5814332962036133,,55.400291442871094
,5159,,,,,,,,,,2059.16943359375,,26.971664428710938,,0.6845948696136475,,45.37807083129883
,5160,,,,,,,,,,2066.82666015625,,28.333166122436523,,0.6497990489006042,,45.462364196777344
,5161,,,,,,,,,,1857.2742919921875,,27.3873348236084,,0.6361774802207947,,43.096107482910156
,5162,,,,,,,,,,2356.1591796875,,33.21265411376953,,0.6132582426071167,,48.540283203125
,5163,,,,,,,,,,1982.4991455078125,,26.551578521728516,,0.7013611793518066,,44.525264739990234
,5164,,,,,,,,,,1955.5340576171875,,27.770687103271484,,0.7078702449798584,,44.22142028808594
,5165,,,,,,,,,,1626.9849853515625,,25.34499168395996,,0.7119868993759155,,40.33590316772461
,5166,,,,,,,,,,1709.0128173828125,,23.685802459716797,,0.708889365196228,,41.3402099609375
,5167,,,,,,,,,,2644.50244140625,,34.0643310546875,,0.6041469573974609,,51.42472457885742
,5168,,,,,,,,,,1998.43603515625,,28.16420555114746,,0.6921405792236328,,44.7038688659668
,5169,,,,,,,,,,2220.8837890625,,30.26479148864746,,0.6869784593582153,,47.12625503540039
,5170,,,,,,,,,,2164.180908203125,,29.928382873535156,,0.688782811164856,,46.52075958251953
,5171,,,,,,,,,,1696.630859375,,23.5882568359375,,0.6915868520736694,,41.19017791748047
,5172,,,,,,,,,,1754.749755859375,,24.881853103637695,,0.7097373008728027,,41.889732360839844
,5173,,,,,,,,,,1842.6053466796875,,23.450603485107422,,0.6673538088798523,,42.92557907104492
,5174,,,,,,,,,,2054.06005859375,,29.90052032470703,,0.710487425327301,,45.321739196777344
,5175,,,,,,,,,,2298.179931640625,,31.082103729248047,,0.6627055406570435,,47.939334869384766
,5176,,,,,,,,,,2243.26220703125,,29.34276008605957,,0.6916712522506714,,47.36309051513672
,5177,,,,,,,,,,2264.943603515625,,30.502948760986328,,0.6501135230064392,,47.59142303466797
,5178,,,,,,,,,,1546.30859375,,22.856449127197266,,0.728007972240448,,39.32312774658203
,5179,,,,,,,,,,2083.05078125,,28.269824981689453,,0.7074331045150757,,45.64044952392578
,5180,,,,,,,,,,2165.486083984375,,30.82474708557129,,0.6941115856170654,,46.53478240966797
,5181,,,,,,,,,,2163.0791015625,,29.64557456970215,,0.6736464500427246,,46.508914947509766
,5182,,,,,,,,,,2093.10400390625,,28.95982551574707,,0.6825430393218994,,45.75045394897461
,5183,,,,,,,,,,2512.2412109375,,35.44845199584961,,0.5842214822769165,,50.12226104736328
,5184,,,,,,,,,,1548.91259765625,,22.531436920166016,,0.7251474857330322,,39.35622787475586
,5185,,,,,,,,,,2394.35595703125,,29.864805221557617,,0.6169694662094116,,48.93215560913086
,5186,,,,,,,,,,1447.28125,,22.632604598999023,,0.6722679138183594,,38.043148040771484
,5187,,,,,,,,,,1623.6455078125,,24.458152770996094,,0.7432283163070679,,40.29448318481445
,5188,,,,,,,,,,2312.81982421875,,31.269712448120117,,0.7044464349746704,,48.0917854309082
,5189,,,,,,,,,,2318.841796875,,32.98179626464844,,0.654364824295044,,48.15435028076172
,5190,,,,,,,,,,1436.2794189453125,,19.620819091796875,,0.6681181192398071,,37.898277282714844
,5191,,,,,,,,,,2387.10107421875,,32.962833404541016,,0.62764972448349,,48.857967376708984
,5192,,,,,,,,,,2452.232177734375,,34.585243225097656,,0.5767659544944763,,49.52001953125
,5193,,,,,,,,,,2180.5771484375,,31.223474502563477,,0.6906936168670654,,46.696651458740234
,5194,,,,,,,,,,1955.0960693359375,,30.781553268432617,,0.7023090720176697,,44.216468811035156
,5195,,,,,,,,,,2324.401123046875,,31.141437530517578,,0.6664032936096191,,48.21204376220703
,5196,,,,,,,,,,1491.629150390625,,23.12300682067871,,0.6683671474456787,,38.62161636352539
,5197,,,,,,,,,,2215.2919921875,,26.35382080078125,,0.7296732664108276,,47.06688690185547
,5198,,,,,,,,,,2024.9539794921875,,29.7265567779541,,0.6685781478881836,,44.999488830566406
,5199,,,,,,,,,,2022.259033203125,,27.954065322875977,,0.6922305822372437,,44.96953582763672
,5200,,,,,,,,,,1901.531005859375,,26.40188980102539,,0.6770511865615845,,43.60654830932617
,5201,,,,,,,,,,2052.8994140625,,28.253202438354492,,0.7173707485198975,,45.30893325805664
,5202,,,,,,,,,,2189.704833984375,,28.82303237915039,,0.6512393951416016,,46.794281005859375
,5203,,,,,,,,,,2308.552734375,,30.50510025024414,,0.6503734588623047,,48.047401428222656
,5204,,,,,,,,,,1916.707763671875,,26.849515914916992,,0.7275011539459229,,43.78022003173828
,5205,,,,,,,,,,1957.0108642578125,,25.733966827392578,,0.6417131423950195,,44.23811721801758
,5206,,,,,,,,,,1680.5108642578125,,24.027477264404297,,0.7284456491470337,,40.99403381347656
,5207,,,,,,,,,,1987.044921875,,28.173240661621094,,0.667213499546051,,44.5762825012207
,5208,,,,,,,,,,1697.9931640625,,22.675891876220703,,0.7376595735549927,,41.20671081542969
,5209,,,,,,,,,,2274.271728515625,,32.521514892578125,,0.6946083307266235,,47.68932342529297
,5210,,,,,,,,,,2293.703125,,32.01664733886719,,0.6617602109909058,,47.89262390136719
,5211,,,,,,,,,,1500.8759765625,,21.65181541442871,,0.7611949443817139,,38.74114227294922
,5212,,,,,,,,,,1718.6510009765625,,25.100475311279297,,0.6821515560150146,,41.45661544799805
,5213,,,,,,,,,,2798.97607421875,,36.288551330566406,,0.6309462785720825,,52.90534973144531
,5214,,,,,,,,,,1747.40087890625,,24.836450576782227,,0.7027517557144165,,41.80192565917969
,5215,,,,,,,,,,1783.7974853515625,,24.852340698242188,,0.7531903982162476,,42.23502731323242
,5216,,,,,,,,,,2461.768310546875,,31.498580932617188,,0.6161773204803467,,49.6162109375
,5217,,,,,,,,,,2320.151611328125,,32.64054870605469,,0.6085103750228882,,48.16795349121094
,5218,,,,,,,,,,2816.669921875,,36.06693649291992,,0.6523751616477966,,53.07230758666992
,5219,,,,,,,,,,1740.05029296875,,27.302854537963867,,0.7130652666091919,,41.71390914916992
,5220,,,,,,,,,,2637.415283203125,,34.644020080566406,,0.7115844488143921,,51.355770111083984
,5221,,,,,,,,,,1326.510498046875,,21.174161911010742,,0.7913598418235779,,36.42129135131836
,5222,,,,,,,,,,1729.7479248046875,,23.76093864440918,,0.7000864148139954,,41.59023666381836
,5223,,,,,,,,,,1925.4461669921875,,26.845247268676758,,0.6763041019439697,,43.879905700683594
,5224,,,,,,,,,,2458.366455078125,,31.215103149414062,,0.63362056016922,,49.5819206237793
,5225,,,,,,,,,,2516.25341796875,,34.713436126708984,,0.6282937526702881,,50.162269592285156
,5226,,,,,,,,,,2634.375244140625,,32.572227478027344,,0.6539947986602783,,51.32616424560547
,5227,,,,,,,,,,2235.435546875,,29.546419143676758,,0.6604064702987671,,47.280391693115234
,5228,,,,,,,,,,2409.13525390625,,28.52937889099121,,0.6695296168327332,,49.082942962646484
,5229,,,,,,,,,,1874.0833740234375,,28.100587844848633,,0.7134400010108948,,43.29068374633789
,5230,,,,,,,,,,2646.761962890625,,33.76218032836914,,0.6643533706665039,,51.44668960571289
,5231,,,,,,,,,,2042.0059814453125,,26.0345516204834,,0.7204841375350952,,45.188560485839844
,5232,,,,,,,,,,1968.689697265625,,27.289234161376953,,0.6964324712753296,,44.36991882324219
,5233,,,,,,,,,,2112.343505859375,,30.029624938964844,,0.6715993881225586,,45.96023941040039
,5234,,,,,,,,,,2159.409423828125,,28.01620864868164,,0.7041140794754028,,46.469444274902344
,5235,,,,,,,,,,1467.5025634765625,,19.472177505493164,,0.7618016004562378,,38.3079948425293
33,15707,,,,,,,,,2065.290771484375,,28.41817283630371,,0.6828113198280334,,45.25259780883789,
33,15707,2027.714111328125,,28.124231338500977,,0.6917040348052979,,44.82536315917969,,,,,,,,,
34,15749,,2086.5791015625,,29.675859451293945,,0.7010434865951538,,45.6790885925293,,,,,,,,
34,15799,,1620.568603515625,,24.447349548339844,,0.7632765173912048,,40.25628662109375,,,,,,,,
34,15849,,1562.8082275390625,,21.54421615600586,,0.7308797836303711,,39.53236770629883,,,,,,,,
34,15899,,2249.14404296875,,32.60605239868164,,0.6463208198547363,,47.425140380859375,,,,,,,,
34,15949,,1328.292236328125,,20.563417434692383,,0.7291995286941528,,36.445743560791016,,,,,,,,
34,15999,,1921.889892578125,,29.302230834960938,,0.7417696714401245,,43.8393669128418,,,,,,,,
34,16049,,2151.105712890625,,28.294002532958984,,0.6969296336174011,,46.38001251220703,,,,,,,,
34,16099,,1860.831787109375,,28.605144500732422,,0.7150497436523438,,43.137359619140625,,,,,,,,
34,16149,,2102.837158203125,,28.689054489135742,,0.6719145178794861,,45.8567008972168,,,,,,,,
,5236,,,,,,,,,,1908.4083251953125,,26.686676025390625,,0.7248204946517944,,43.685333251953125
,5237,,,,,,,,,,1564.87939453125,,24.05677032470703,,0.7211151719093323,,39.558555603027344
,5238,,,,,,,,,,1813.6900634765625,,26.654870986938477,,0.7239277958869934,,42.587440490722656
,5239,,,,,,,,,,2575.445556640625,,33.80091857910156,,0.6889415979385376,,50.74884796142578
,5240,,,,,,,,,,1824.5931396484375,,24.984411239624023,,0.7073712348937988,,42.71525573730469
,5241,,,,,,,,,,2039.2965087890625,,28.992931365966797,,0.655813455581665,,45.1585693359375
,5242,,,,,,,,,,1584.1971435546875,,22.857755661010742,,0.7082317471504211,,39.80197525024414
,5243,,,,,,,,,,2634.266357421875,,31.877513885498047,,0.6886600255966187,,51.325103759765625
,5244,,,,,,,,,,2646.687255859375,,37.275550842285156,,0.5990593433380127,,51.44596862792969
,5245,,,,,,,,,,1673.1688232421875,,25.41550064086914,,0.6528313159942627,,40.90438461303711
,5246,,,,,,,,,,1757.8509521484375,,22.88241195678711,,0.6821364164352417,,41.926734924316406
,5247,,,,,,,,,,2050.97802734375,,29.579330444335938,,0.6975023746490479,,45.287723541259766
,5248,,,,,,,,,,2179.781494140625,,29.40362548828125,,0.6315743923187256,,46.68812942504883
,5249,,,,,,,,,,1863.4676513671875,,26.969135284423828,,0.7116895318031311,,43.167903900146484
,5250,,,,,,,,,,1678.0281982421875,,22.481115341186523,,0.681577205657959,,40.963741302490234
,5251,,,,,,,,,,2764.99951171875,,35.263710021972656,,0.6103243827819824,,52.5832633972168
,5252,,,,,,,,,,1401.9698486328125,,21.588090896606445,,0.7391806840896606,,37.44288635253906
,5253,,,,,,,,,,1552.530517578125,,21.761150360107422,,0.7553620338439941,,39.402164459228516
,5254,,,,,,,,,,1487.5133056640625,,23.237226486206055,,0.7486134767532349,,38.568294525146484
,5255,,,,,,,,,,2054.726318359375,,28.434497833251953,,0.6688636541366577,,45.3290901184082
,5256,,,,,,,,,,1473.4794921875,,22.667966842651367,,0.7649984955787659,,38.385929107666016
,5257,,,,,,,,,,1696.484619140625,,26.163795471191406,,0.7341301441192627,,41.18840408325195
,5258,,,,,,,,,,1872.4940185546875,,27.835647583007812,,0.7051619291305542,,43.27232360839844
,5259,,,,,,,,,,2867.52587890625,,37.97048568725586,,0.6248066425323486,,53.549285888671875
,5260,,,,,,,,,,2531.1279296875,,32.69322967529297,,0.6609519720077515,,50.31031799316406
,5261,,,,,,,,,,2691.68603515625,,33.81190490722656,,0.6391004920005798,,51.88146209716797
,5262,,,,,,,,,,1056.520263671875,,16.53507423400879,,0.7489058971405029,,32.50415802001953
,5263,,,,,,,,,,2243.49853515625,,30.81148338317871,,0.6924073100090027,,47.36558532714844
,5264,,,,,,,,,,1858.965087890625,,28.51737403869629,,0.6858646273612976,,43.115718841552734
,5265,,,,,,,,,,2398.290283203125,,28.762828826904297,,0.6870907545089722,,48.97234344482422
,5266,,,,,,,,,,1852.871826171875,,25.561479568481445,,0.669093906879425,,43.04499816894531
,5267,,,,,,,,,,1979.574462890625,,28.275569915771484,,0.6746799945831299,,44.492408752441406
,5268,,,,,,,,,,1737.755859375,,24.758066177368164,,0.7305605411529541,,41.686397552490234
,5269,,,,,,,,,,1982.835693359375,,26.204172134399414,,0.7289746403694153,,44.52904510498047
,5270,,,,,,,,,,2727.300048828125,,31.660686492919922,,0.669389009475708,,52.22356033325195
,5271,,,,,,,,,,1773.1922607421875,,24.348268508911133,,0.6724754571914673,,42.109291076660156
,5272,,,,,,,,,,2938.141845703125,,31.753076553344727,,0.5330666303634644,,54.204627990722656
,5273,,,,,,,,,,1761.9029541015625,,26.164710998535156,,0.659657895565033,,41.97502899169922
,5274,,,,,,,,,,2172.86328125,,28.27276039123535,,0.7132625579833984,,46.61397933959961
,5275,,,,,,,,,,1839.0089111328125,,24.37816619873047,,0.7354469299316406,,42.8836669921875
,5276,,,,,,,,,,1990.4854736328125,,29.757431030273438,,0.6919284462928772,,44.6148567199707
,5277,,,,,,,,,,1892.508056640625,,27.225690841674805,,0.6733413934707642,,43.502967834472656
,5278,,,,,,,,,,1920.485595703125,,25.729381561279297,,0.6728116869926453,,43.82334518432617
,5279,,,,,,,,,,2544.00390625,,31.039846420288086,,0.6601349115371704,,50.4381217956543
,5280,,,,,,,,,,1933.6397705078125,,26.59685516357422,,0.6680765151977539,,43.97317123413086
,5281,,,,,,,,,,2421.31201171875,,30.563007354736328,,0.6736491918563843,,49.20682907104492
,5282,,,,,,,,,,1730.0306396484375,,25.560895919799805,,0.7028242349624634,,41.59363555908203
,5283,,,,,,,,,,1892.777099609375,,28.950735092163086,,0.6726019382476807,,43.50605773925781
,5284,,,,,,,,,,2388.577392578125,,33.344566345214844,,0.6663743257522583,,48.87307357788086
,5285,,,,,,,,,,2401.748779296875,,33.9306526184082,,0.6750990152359009,,49.00763702392578
,5286,,,,,,,,,,1808.838623046875,,24.883056640625,,0.684817910194397,,42.53044128417969
,5287,,,,,,,,,,1992.7537841796875,,28.27239418029785,,0.7668268084526062,,44.6402702331543
,5288,,,,,,,,,,2709.106689453125,,35.245975494384766,,0.5766364336013794,,52.0490837097168
,5289,,,,,,,,,,2120.40673828125,,28.018199920654297,,0.7191708087921143,,46.047874450683594
,5290,,,,,,,,,,2289.666748046875,,30.23751449584961,,0.7068204879760742,,47.8504638671875
,5291,,,,,,,,,,1888.9071044921875,,29.02007293701172,,0.6791750192642212,,43.4615592956543
,5292,,,,,,,,,,2385.64501953125,,33.1505126953125,,0.5825258493423462,,48.84306335449219
,5293,,,,,,,,,,2001.63671875,,26.79553985595703,,0.7203593850135803,,44.739654541015625
,5294,,,,,,,,,,2253.162841796875,,28.955341339111328,,0.632099986076355,,47.46749496459961
,5295,,,,,,,,,,1616.4462890625,,25.368824005126953,,0.7399008274078369,,40.20505142211914
,5296,,,,,,,,,,1521.9532470703125,,23.675012588500977,,0.7482249736785889,,39.0122184753418
,5297,,,,,,,,,,2123.93212890625,,29.591312408447266,,0.6837959289550781,,46.08613967895508
,5298,,,,,,,,,,2174.256591796875,,30.83087730407715,,0.6545932292938232,,46.62892532348633
,5299,,,,,,,,,,2149.094482421875,,30.101049423217773,,0.6751596927642822,,46.35832595825195
,5300,,,,,,,,,,2175.23291015625,,29.18560028076172,,0.7196387052536011,,46.6393928527832
,5301,,,,,,,,,,1651.3660888671875,,24.617534637451172,,0.7396437525749207,,40.63700485229492
,5302,,,,,,,,,,2168.58447265625,,30.64598274230957,,0.6515085697174072,,46.56806182861328
,5303,,,,,,,,,,1730.0045166015625,,25.416303634643555,,0.7518671751022339,,41.59332275390625
,5304,,,,,,,,,,1891.2724609375,,26.194290161132812,,0.656571626663208,,43.488765716552734
,5305,,,,,,,,,,1945.20361328125,,28.3709716796875,,0.6658572554588318,,44.10446548461914
,5306,,,,,,,,,,1808.9395751953125,,26.050872802734375,,0.7470029592514038,,42.5316276550293
,5307,,,,,,,,,,2227.871337890625,,29.025184631347656,,0.6788139939308167,,47.20033645629883
,5308,,,,,,,,,,3459.466796875,,40.857208251953125,,0.6004639863967896,,58.81723403930664
,5309,,,,,,,,,,2781.464599609375,,35.4742317199707,,0.5733169317245483,,52.739593505859375
,5310,,,,,,,,,,2273.855712890625,,30.63836669921875,,0.6706547737121582,,47.68496322631836
,5311,,,,,,,,,,1873.8157958984375,,25.94944953918457,,0.7238411903381348,,43.287593841552734
,5312,,,,,,,,,,3089.1650390625,,39.07943344116211,,0.5787094831466675,,55.580257415771484
,5313,,,,,,,,,,2101.3447265625,,26.828285217285156,,0.6781347990036011,,45.840431213378906
,5314,,,,,,,,,,2063.76806640625,,28.183507919311523,,0.6503173112869263,,45.428714752197266
,5315,,,,,,,,,,1872.1805419921875,,27.392234802246094,,0.6332575082778931,,43.26870346069336
,5316,,,,,,,,,,2383.214599609375,,33.39793014526367,,0.6088173389434814,,48.818180084228516
,5317,,,,,,,,,,1988.244873046875,,26.62007713317871,,0.7004956603050232,,44.58974075317383
,5318,,,,,,,,,,1946.6593017578125,,27.757389068603516,,0.7091960310935974,,44.12096405029297
,5319,,,,,,,,,,1653.7445068359375,,25.58262062072754,,0.7072498798370361,,40.666255950927734
,5320,,,,,,,,,,1713.533935546875,,23.746854782104492,,0.70811927318573,,41.39485549926758
,5321,,,,,,,,,,2627.102294921875,,33.886356353759766,,0.606751561164856,,51.25526428222656
,5322,,,,,,,,,,1995.7742919921875,,27.98288917541504,,0.6925505995750427,,44.67409133911133
,5323,,,,,,,,,,2235.684326171875,,30.245168685913086,,0.6848924160003662,,47.283023834228516
,5324,,,,,,,,,,2198.930908203125,,30.29048728942871,,0.6837856769561768,,46.89276123046875
,5325,,,,,,,,,,1676.8056640625,,23.597949981689453,,0.6951906681060791,,40.94881820678711
,5326,,,,,,,,,,1754.0067138671875,,24.81611442565918,,0.7098602056503296,,41.880863189697266
,5327,,,,,,,,,,1904.3812255859375,,23.893712997436523,,0.6562013626098633,,43.639217376708984
,5328,,,,,,,,,,2080.31494140625,,30.13372802734375,,0.7067868709564209,,45.610469818115234
,5329,,,,,,,,,,2320.601318359375,,31.402751922607422,,0.6594148874282837,,48.17262268066406
,5330,,,,,,,,,,2273.073974609375,,29.463727951049805,,0.6875737905502319,,47.67676544189453
,5331,,,,,,,,,,2252.191650390625,,30.362600326538086,,0.6520833969116211,,47.4572639465332
,5332,,,,,,,,,,1555.685302734375,,22.891942977905273,,0.7263586521148682,,39.442176818847656
,5333,,,,,,,,,,2124.14892578125,,28.52254867553711,,0.7016607522964478,,46.0884895324707
,5334,,,,,,,,,,2192.928955078125,,31.078853607177734,,0.6902351379394531,,46.82872009277344
,5335,,,,,,,,,,2154.047119140625,,29.59868621826172,,0.6750091314315796,,46.411712646484375
,5336,,,,,,,,,,2116.281494140625,,29.0074520111084,,0.6790277361869812,,46.00305938720703
,5337,,,,,,,,,,2511.820068359375,,35.28976821899414,,0.5842912197113037,,50.11805725097656
,5338,,,,,,,,,,1555.0955810546875,,22.595870971679688,,0.7240503430366516,,39.43470001220703
,5339,,,,,,,,,,2403.179443359375,,29.903776168823242,,0.6155579686164856,,49.02223205566406
,5340,,,,,,,,,,1430.5218505859375,,22.375776290893555,,0.676063060760498,,37.82223892211914
,5341,,,,,,,,,,1640.3382568359375,,24.384002685546875,,0.7405884265899658,,40.50109100341797
,5342,,,,,,,,,,2342.0908203125,,31.405324935913086,,0.700705885887146,,48.3951530456543
,5343,,,,,,,,,,2291.046630859375,,32.73225784301758,,0.6585078239440918,,47.8648796081543
,5344,,,,,,,,,,1410.4775390625,,19.375564575195312,,0.6740801930427551,,37.55632400512695
,5345,,,,,,,,,,2417.15380859375,,33.267581939697266,,0.6229619979858398,,49.1645622253418
,5346,,,,,,,,,,2428.501708984375,,34.29103088378906,,0.5808616280555725,,49.27983093261719
,5347,,,,,,,,,,2205.096923828125,,31.27147674560547,,0.6872155666351318,,46.958457946777344
,5348,,,,,,,,,,1967.5428466796875,,31.021421432495117,,0.7004138827323914,,44.35699462890625
,5349,,,,,,,,,,2324.83251953125,,31.064720153808594,,0.6663413643836975,,48.21651840209961
,5350,,,,,,,,,,1459.232421875,,22.828327178955078,,0.6755698919296265,,38.19990158081055
,5351,,,,,,,,,,2250.5126953125,,26.4233341217041,,0.7253752946853638,,47.43956756591797
,5352,,,,,,,,,,2017.719970703125,,29.526525497436523,,0.669762134552002,,44.919036865234375
,5353,,,,,,,,,,2012.681396484375,,28.09159278869629,,0.693688154220581,,44.862918853759766
,5354,,,,,,,,,,1911.5533447265625,,26.488262176513672,,0.6753490567207336,,43.7213134765625
,5355,,,,,,,,,,2047.428955078125,,28.316516876220703,,0.7181239128112793,,45.2485237121582
,5356,,,,,,,,,,2232.009521484375,,29.123760223388672,,0.6445014476776123,,47.24414825439453
,5357,,,,,,,,,,2307.838134765625,,30.446470260620117,,0.6504817008972168,,48.03996276855469
,5358,,,,,,,,,,1921.632568359375,,26.74635124206543,,0.7268010377883911,,43.836429595947266
,5359,,,,,,,,,,1983.787841796875,,25.86983299255371,,0.636810839176178,,44.539730072021484
,5360,,,,,,,,,,1686.49951171875,,24.07933235168457,,0.7274779081344604,,41.067012786865234
,5361,,,,,,,,,,1938.49072265625,,27.77775001525879,,0.6753453016281128,,44.02829360961914
,5362,,,,,,,,,,1712.365966796875,,22.719024658203125,,0.7354390025138855,,41.380741119384766
,5363,,,,,,,,,,2302.834228515625,,32.7510986328125,,0.6907728910446167,,47.98785400390625
,5364,,,,,,,,,,2274.982177734375,,31.735200881958008,,0.6645209193229675,,47.69677734375
,5365,,,,,,,,,,1498.0859375,,21.498620986938477,,0.7616388201713562,,38.705116271972656
,5366,,,,,,,,,,1710.2952880859375,,25.053504943847656,,0.6836968660354614,,41.355716705322266
,5367,,,,,,,,,,2800.978515625,,36.29521560668945,,0.6306822299957275,,52.92427062988281
,5368,,,,,,,,,,1751.0045166015625,,24.811307907104492,,0.7021387815475464,,41.84500503540039
,5369,,,,,,,,,,1804.4822998046875,,25.098819732666016,,0.7503284215927124,,42.47919845581055
,5370,,,,,,,,,,2456.15185546875,,31.25480842590332,,0.6170529723167419,,49.55957794189453
,5371,,,,,,,,,,2279.315673828125,,32.40199279785156,,0.6154007911682129,,47.74217987060547
,5372,,,,,,,,,,2856.805908203125,,36.30834197998047,,0.6474217176437378,,53.449092864990234
,5373,,,,,,,,,,1743.622802734375,,27.265928268432617,,0.7124761343002319,,41.756710052490234
,5374,,,,,,,,,,2718.994140625,,35.14434814453125,,0.7026634216308594,,52.14397430419922
,5375,,,,,,,,,,1323.340087890625,,21.051639556884766,,0.7918584942817688,,36.37773895263672
,5376,,,,,,,,,,1745.9796142578125,,23.792194366455078,,0.6972720623016357,,41.78491973876953
,5377,,,,,,,,,,1917.0006103515625,,26.87827491760254,,0.6777239441871643,,43.783565521240234
,5378,,,,,,,,,,2426.018310546875,,30.96615219116211,,0.6384415626525879,,49.2546272277832
,5379,,,,,,,,,,2520.835205078125,,34.76927947998047,,0.6276169419288635,,50.20792007446289
,5380,,,,,,,,,,2600.517333984375,,32.30817794799805,,0.6584417819976807,,50.99526596069336
,5381,,,,,,,,,,2249.736083984375,,29.602121353149414,,0.6582340002059937,,47.43138122558594
,5382,,,,,,,,,,2413.70654296875,,28.55183982849121,,0.668902575969696,,49.129486083984375
,5383,,,,,,,,,,1891.5859375,,28.18998908996582,,0.7107637524604797,,43.492366790771484
,5384,,,,,,,,,,2701.66357421875,,34.343929290771484,,0.6573910713195801,,51.97753143310547
,5385,,,,,,,,,,2048.1826171875,,26.068124771118164,,0.7196387052536011,,45.25685119628906
,5386,,,,,,,,,,1967.3397216796875,,27.22256088256836,,0.6966406106948853,,44.35470199584961
,5387,,,,,,,,,,2091.443115234375,,29.692468643188477,,0.6748486757278442,,45.7322998046875
,5388,,,,,,,,,,2203.347412109375,,28.155033111572266,,0.6980936527252197,,46.93982696533203
,5389,,,,,,,,,,1508.5179443359375,,19.613502502441406,,0.7551441788673401,,38.83964538574219
34,16169,,,,,,,,,2073.257568359375,,28.420948028564453,,0.6817744970321655,,45.33357620239258,
34,16169,2011.009521484375,,27.97366714477539,,0.6950252056121826,,44.62238693237305,,,,,,,,,
35,16199,,1992.6851806640625,,26.77112579345703,,0.6988317966461182,,44.639503479003906,,,,,,,,
35,16249,,1540.9071044921875,,22.64673614501953,,0.7377586364746094,,39.254390716552734,,,,,,,,
35,16299,,2232.907470703125,,32.04005813598633,,0.6962164640426636,,47.2536506652832,,,,,,,,
35,16349,,1677.9183349609375,,22.835824966430664,,0.684680700302124,,40.96240234375,,,,,,,,
35,16399,,1926.7271728515625,,27.596477508544922,,0.6902921795845032,,43.894500732421875,,,,,,,,
35,16449,,1505.292724609375,,21.441415786743164,,0.7240182161331177,,38.79810333251953,,,,,,,,
35,16499,,2108.981689453125,,28.433578491210938,,0.7311851382255554,,45.92365264892578,,,,,,,,
35,16549,,1539.5135498046875,,21.454450607299805,,0.7852702140808105,,39.23663330078125,,,,,,,,
35,16599,,2285.418701171875,,29.507612228393555,,0.6385350823402405,,47.80605697631836,,,,,,,,
,5390,,,,,,,,,,1903.4376220703125,,26.78997802734375,,0.7255372405052185,,43.62840270996094
,5391,,,,,,,,,,1577.6571044921875,,24.28193473815918,,0.7188379764556885,,39.719730377197266
,5392,,,,,,,,,,1812.857666015625,,26.81476402282715,,0.7240544557571411,,42.577667236328125
,5393,,,,,,,,,,2569.7880859375,,33.79536437988281,,0.6896249055862427,,50.693077087402344
,5394,,,,,,,,,,1811.9818115234375,,25.13202667236328,,0.7093938589096069,,42.567378997802734
,5395,,,,,,,,,,2053.36767578125,,29.253387451171875,,0.6534385681152344,,45.3140983581543
,5396,,,,,,,,,,1583.0384521484375,,23.019344329833984,,0.7084451913833618,,39.78741455078125
,5397,,,,,,,,,,2585.953857421875,,31.687952041625977,,0.6943699717521667,,50.85227584838867
,5398,,,,,,,,,,2674.238037109375,,37.44167709350586,,0.5948857069015503,,51.713035583496094
,5399,,,,,,,,,,1686.615478515625,,25.729991912841797,,0.6500412821769714,,41.068424224853516
,5400,,,,,,,,,,1748.0711669921875,,23.0506591796875,,0.6839048862457275,,41.80994415283203
,5401,,,,,,,,,,2034.1422119140625,,29.620296478271484,,0.6999855041503906,,45.10146713256836
,5402,,,,,,,,,,2182.662841796875,,29.623525619506836,,0.6310874223709106,,46.71897888183594
,5403,,,,,,,,,,1849.5701904296875,,26.85886001586914,,0.7138397097587585,,43.006629943847656
,5404,,,,,,,,,,1668.9501953125,,22.652023315429688,,0.6832998394966125,,40.852787017822266
,5405,,,,,,,,,,2736.279541015625,,35.1904411315918,,0.6143719553947449,,52.30946350097656
,5406,,,,,,,,,,1398.975341796875,,21.648508071899414,,0.7397378087043762,,37.40287780761719
,5407,,,,,,,,,,1552.16259765625,,21.917524337768555,,0.7554199695587158,,39.39749526977539
,5408,,,,,,,,,,1508.1561279296875,,23.51043128967285,,0.745124876499176,,38.83498764038086
,5409,,,,,,,,,,2080.07568359375,,28.95332908630371,,0.6647783517837524,,45.607845306396484
,5410,,,,,,,,,,1504.9322509765625,,22.881141662597656,,0.759982168674469,,38.79345703125
,5411,,,,,,,,,,1655.3316650390625,,25.843141555786133,,0.7405796051025391,,40.685768127441406
,5412,,,,,,,,,,1877.0467529296875,,27.976716995239258,,0.7044450044631958,,43.32489776611328
,5413,,,,,,,,,,2871.5263671875,,38.131500244140625,,0.6242831945419312,,53.58662414550781
,5414,,,,,,,,,,2487.19287109375,,32.42810821533203,,0.6668371558189392,,49.87176513671875
,5415,,,,,,,,,,2646.29931640625,,33.62474822998047,,0.6451859474182129,,51.44219207763672
,5416,,,,,,,,,,1054.783203125,,16.7554988861084,,0.7493187189102173,,32.47742462158203
,5417,,,,,,,,,,2263.888916015625,,31.061880111694336,,0.6896116733551025,,47.58034133911133
,5418,,,,,,,,,,1824.935546875,,28.325653076171875,,0.691615104675293,,42.71926498413086
,5419,,,,,,,,,,2365.71533203125,,28.604562759399414,,0.6913409233093262,,48.63861846923828
,5420,,,,,,,,,,1856.7060546875,,25.670705795288086,,0.6684091091156006,,43.08951187133789
,5421,,,,,,,,,,1976.999267578125,,28.339574813842773,,0.6751032471656799,,44.46345901489258
,5422,,,,,,,,,,1714.5428466796875,,24.612140655517578,,0.7341597676277161,,41.40703582763672
,5423,,,,,,,,,,1969.865478515625,,26.240816116333008,,0.7307474613189697,,44.3831672668457
,5424,,,,,,,,,,2718.037353515625,,31.778568267822266,,0.6705118417739868,,52.13479995727539
,5425,,,,,,,,,,1791.3883056640625,,24.877002716064453,,0.6691144704818726,,42.324798583984375
,5426,,,,,,,,,,2722.7509765625,,31.283584594726562,,0.5672968029975891,,52.17998504638672
,5427,,,,,,,,,,1805.4305419921875,,26.484283447265625,,0.6512497663497925,,42.490360260009766
,5428,,,,,,,,,,2163.71826171875,,28.276145935058594,,0.714469313621521,,46.515785217285156
,5429,,,,,,,,,,1840.962890625,,24.462562561035156,,0.7351658344268799,,42.90644454956055
,5430,,,,,,,,,,1980.2825927734375,,29.497615814208984,,0.6935075521469116,,44.5003662109375
,5431,,,,,,,,,,1924.2711181640625,,27.579147338867188,,0.6678588390350342,,43.86651611328125
,5432,,,,,,,,,,1938.39990234375,,25.940385818481445,,0.6697596907615662,,44.02726364135742
,5433,,,,,,,,,,2531.89306640625,,31.170963287353516,,0.6617529392242432,,50.31792068481445
,5434,,,,,,,,,,1926.0421142578125,,26.596220016479492,,0.6693806648254395,,43.886695861816406
,5435,,,,,,,,,,2392.03466796875,,30.385583877563477,,0.6775952577590942,,48.90843200683594
,5436,,,,,,,,,,1731.5443115234375,,25.674591064453125,,0.7025642395019531,,41.6118278503418
,5437,,,,,,,,,,1900.3563232421875,,28.98558235168457,,0.671290934085846,,43.593074798583984
,5438,,,,,,,,,,2358.05078125,,33.15140151977539,,0.6706382036209106,,48.55976486206055
,5439,,,,,,,,,,2406.7919921875,,33.90560531616211,,0.6744167804718018,,49.05906677246094
,5440,,,,,,,,,,1801.1773681640625,,24.95638656616211,,0.6861528158187866,,42.44028091430664
,5441,,,,,,,,,,1960.0147705078125,,28.257932662963867,,0.7706575989723206,,44.27205276489258
,5442,,,,,,,,,,2697.142333984375,,35.338478088378906,,0.5785061120986938,,51.93402099609375
,5443,,,,,,,,,,2098.395751953125,,27.98243522644043,,0.7220859527587891,,45.808250427246094
,5444,,,,,,,,,,2294.073486328125,,30.383827209472656,,0.7062561511993408,,47.896488189697266
,5445,,,,,,,,,,1880.690673828125,,28.99658966064453,,0.6805706024169922,,43.36692810058594
,5446,,,,,,,,,,2411.715087890625,,33.378257751464844,,0.5779637694358826,,49.109214782714844
,5447,,,,,,,,,,1999.516357421875,,26.83863639831543,,0.720655620098114,,44.7159538269043
,5448,,,,,,,,,,2261.1474609375,,29.070173263549805,,0.6307962536811829,,47.5515251159668
,5449,,,,,,,,,,1599.732666015625,,25.43430519104004,,0.7425901889801025,,39.99665832519531
,5450,,,,,,,,,,1555.112548828125,,24.106718063354492,,0.7427394390106201,,39.434913635253906
,5451,,,,,,,,,,2115.29052734375,,29.622299194335938,,0.6850824356079102,,45.992286682128906
,5452,,,,,,,,,,2171.72412109375,,30.820907592773438,,0.6549955010414124,,46.60176467895508
,5453,,,,,,,,,,2165.43701171875,,30.25873565673828,,0.6726894974708557,,46.53425598144531
,5454,,,,,,,,,,2178.79296875,,29.211698532104492,,0.7191798686981201,,46.67754364013672
,5455,,,,,,,,,,1656.895751953125,,24.65083885192871,,0.738771915435791,,40.70498275756836
,5456,,,,,,,,,,2149.527099609375,,30.624309539794922,,0.6545710563659668,,46.36299133300781
,5457,,,,,,,,,,1724.900390625,,25.5469970703125,,0.7525992393493652,,41.53192138671875
,5458,,,,,,,,,,1864.7313232421875,,26.18752670288086,,0.6613911390304565,,43.18253707885742
,5459,,,,,,,,,,1940.4805908203125,,28.725011825561523,,0.6666685342788696,,44.05088806152344
,5460,,,,,,,,,,1850.187744140625,,26.493112564086914,,0.7412340044975281,,43.01380920410156
,5461,,,,,,,,,,2257.708251953125,,29.593746185302734,,0.674512505531311,,47.51534652709961
,5462,,,,,,,,,,3432.461181640625,,40.90769577026367,,0.6035828590393066,,58.58721160888672
,5463,,,,,,,,,,2755.761962890625,,35.4856071472168,,0.5772598385810852,,52.49535369873047
,5464,,,,,,,,,,2293.746337890625,,30.96785545349121,,0.6677737832069397,,47.893070220947266
,5465,,,,,,,,,,1860.082763671875,,25.93389320373535,,0.7258651256561279,,43.12867736816406
,5466,,,,,,,,,,3081.494384765625,,39.04485321044922,,0.5797556042671204,,55.51121139526367
,5467,,,,,,,,,,2063.6123046875,,26.969985961914062,,0.6839143633842468,,45.427001953125
,5468,,,,,,,,,,2055.859375,,28.27422332763672,,0.6516573429107666,,45.34158706665039
,5469,,,,,,,,,,1823.2489013671875,,27.188533782958984,,0.6428427696228027,,42.699520111083984
,5470,,,,,,,,,,2350.249755859375,,33.13574981689453,,0.6142281889915466,,48.47937774658203
,5471,,,,,,,,,,1980.512939453125,,26.577686309814453,,0.7016603946685791,,44.502952575683594
,5472,,,,,,,,,,1949.771728515625,,27.904037475585938,,0.7087310552597046,,44.156219482421875
,5473,,,,,,,,,,1631.7269287109375,,25.521297454833984,,0.7111474275588989,,40.39463806152344
,5474,,,,,,,,,,1730.34765625,,23.919984817504883,,0.7052552103996277,,41.59744644165039
,5475,,,,,,,,,,2620.4755859375,,33.950218200683594,,0.607743501663208,,51.190582275390625
,5476,,,,,,,,,,2023.173828125,,28.46517562866211,,0.6883296966552734,,44.979705810546875
,5477,,,,,,,,,,2214.087158203125,,30.151607513427734,,0.6879364252090454,,47.0540885925293
,5478,,,,,,,,,,2176.486083984375,,30.222740173339844,,0.6870132684707642,,46.65282440185547
,5479,,,,,,,,,,1680.850341796875,,23.68356704711914,,0.6944553852081299,,40.99817657470703
,5480,,,,,,,,,,1760.29345703125,,25.020038604736328,,0.7088202834129333,,41.95585250854492
,5481,,,,,,,,,,1866.7880859375,,23.767406463623047,,0.6629880666732788,,43.20634460449219
,5482,,,,,,,,,,2058.75537109375,,29.946495056152344,,0.7098256349563599,,45.37350845336914
,5483,,,,,,,,,,2299.43359375,,31.198854446411133,,0.6625216007232666,,47.95240783691406
,5484,,,,,,,,,,2244.60205078125,,29.29732894897461,,0.6914871335029602,,47.37723159790039
,5485,,,,,,,,,,2287.3544921875,,30.657943725585938,,0.6466515064239502,,47.8262939453125
,5486,,,,,,,,,,1551.355224609375,,22.969112396240234,,0.7271202802658081,,39.387245178222656
,5487,,,,,,,,,,2091.81201171875,,28.43792152404785,,0.706202507019043,,45.736331939697266
,5488,,,,,,,,,,2201.202392578125,,31.075471878051758,,0.6890664100646973,,46.91697311401367
,5489,,,,,,,,,,2178.63623046875,,29.82952880859375,,0.6712992787361145,,46.675865173339844
,5490,,,,,,,,,,2100.255859375,,28.98155975341797,,0.6814582943916321,,45.828548431396484
,5491,,,,,,,,,,2501.3974609375,,35.291019439697266,,0.5860161781311035,,50.013973236083984
,5492,,,,,,,,,,1550.922119140625,,22.66933822631836,,0.7247909307479858,,39.38174819946289
,5493,,,,,,,,,,2394.53369140625,,30.033893585205078,,0.6169410347938538,,48.9339714050293
,5494,,,,,,,,,,1440.9737548828125,,22.65037727355957,,0.6736962795257568,,37.96015930175781
,5495,,,,,,,,,,1621.971923828125,,24.40179443359375,,0.7434929609298706,,40.273712158203125
,5496,,,,,,,,,,2312.03076171875,,31.227262496948242,,0.7045472860336304,,48.083580017089844
,5497,,,,,,,,,,2318.573974609375,,33.095027923583984,,0.6544047594070435,,48.15156936645508
,5498,,,,,,,,,,1410.85595703125,,19.491769790649414,,0.6739927530288696,,37.561363220214844
,5499,,,,,,,,,,2389.706298828125,,33.09083557128906,,0.6272433400154114,,48.884620666503906
,5500,,,,,,,,,,2454.041259765625,,34.64276885986328,,0.576453685760498,,49.53828048706055
,5501,,,,,,,,,,2173.89697265625,,31.015525817871094,,0.6916411519050598,,46.62506866455078
,5502,,,,,,,,,,1963.4342041015625,,30.900184631347656,,0.7010394930839539,,44.3106575012207
,5503,,,,,,,,,,2350.727294921875,,31.258777618408203,,0.6626249551773071,,48.48429870605469
,5504,,,,,,,,,,1480.9383544921875,,23.132871627807617,,0.670744001865387,,38.48296356201172
,5505,,,,,,,,,,2216.804931640625,,26.427291870117188,,0.7294886112213135,,47.08295822143555
,5506,,,,,,,,,,2036.390625,,29.886077880859375,,0.6667063236236572,,45.12638473510742
,5507,,,,,,,,,,2037.063720703125,,28.30141258239746,,0.6899774074554443,,45.13384246826172
,5508,,,,,,,,,,1893.4146728515625,,26.32556915283203,,0.6784296631813049,,43.51338577270508
,5509,,,,,,,,,,2057.201171875,,28.344106674194336,,0.7167785167694092,,45.356380462646484
,5510,,,,,,,,,,2191.782958984375,,28.865798950195312,,0.6509084701538086,,46.81648254394531
,5511,,,,,,,,,,2310.55322265625,,30.53750991821289,,0.6500704288482666,,48.068214416503906
,5512,,,,,,,,,,1896.643798828125,,26.793495178222656,,0.7303537130355835,,43.550472259521484
,5513,,,,,,,,,,1982.7335205078125,,26.006284713745117,,0.6370038986206055,,44.52789306640625
,5514,,,,,,,,,,1674.529052734375,,24.090373992919922,,0.7294122576713562,,40.9210090637207
,5515,,,,,,,,,,1983.1783447265625,,28.201370239257812,,0.6678610444068909,,44.53289031982422
,5516,,,,,,,,,,1699.3812255859375,,22.602401733398438,,0.7374451160430908,,41.223548889160156
,5517,,,,,,,,,,2284.259765625,,32.59100341796875,,0.6932671070098877,,47.79393005371094
,5518,,,,,,,,,,2277.89013671875,,31.90424346923828,,0.6640920639038086,,47.72724914550781
,5519,,,,,,,,,,1501.118408203125,,21.690702438354492,,0.7611563205718994,,38.74427032470703
,5520,,,,,,,,,,1708.399658203125,,25.053909301757812,,0.6840474009513855,,41.332794189453125
,5521,,,,,,,,,,2793.6220703125,,36.34904861450195,,0.6316522359848022,,52.8547248840332
,5522,,,,,,,,,,1745.1890869140625,,24.837688446044922,,0.7031279802322388,,41.77545928955078
,5523,,,,,,,,,,1777.2611083984375,,24.948617935180664,,0.7540947794914246,,42.15757369995117
,5524,,,,,,,,,,2443.608154296875,,31.31205940246582,,0.6190087795257568,,49.432865142822266
,5525,,,,,,,,,,2310.98291015625,,32.558349609375,,0.6100574731826782,,48.07268524169922
,5526,,,,,,,,,,2845.299560546875,,36.29237747192383,,0.6488417983055115,,53.34135055541992
,5527,,,,,,,,,,1729.2921142578125,,27.139251708984375,,0.7148393392562866,,41.58475875854492
,5528,,,,,,,,,,2674.12255859375,,34.96792221069336,,0.7075703144073486,,51.711917877197266
,5529,,,,,,,,,,1316.4180908203125,,21.138042449951172,,0.7929472327232361,,36.282474517822266
,5530,,,,,,,,,,1716.74267578125,,23.7071590423584,,0.7023413181304932,,41.43359375
,5531,,,,,,,,,,1925.3577880859375,,26.875173568725586,,0.6763190031051636,,43.87889862060547
,5532,,,,,,,,,,2444.440185546875,,31.17613983154297,,0.6356960535049438,,49.441280364990234
,5533,,,,,,,,,,2514.327880859375,,34.66489791870117,,0.6285781860351562,,50.14307403564453
,5534,,,,,,,,,,2612.938232421875,,32.51398468017578,,0.6568104028701782,,51.116905212402344
,5535,,,,,,,,,,2227.905517578125,,29.585811614990234,,0.6615504026412964,,47.20069122314453
,5536,,,,,,,,,,2421.554443359375,,28.64969253540039,,0.6678260564804077,,49.209293365478516
,5537,,,,,,,,,,1875.4439697265625,,28.22144889831543,,0.7132319808006287,,43.306396484375
,5538,,,,,,,,,,2653.37158203125,,34.00798416137695,,0.6635152101516724,,51.510887145996094
,5539,,,,,,,,,,2046.666015625,,26.06279182434082,,0.719846248626709,,45.24009323120117
,5540,,,,,,,,,,1962.0975341796875,,27.233806610107422,,0.6974489688873291,,44.295570373535156
,5541,,,,,,,,,,2104.37841796875,,29.876789093017578,,0.6728376746177673,,45.873504638671875
,5542,,,,,,,,,,2183.326904296875,,28.121414184570312,,0.7008368968963623,,46.7260856628418
,5543,,,,,,,,,,1477.087646484375,,19.512508392333984,,0.7602458000183105,,38.432899475097656
35,16631,,,,,,,,,2066.770263671875,,28.48052978515625,,0.6826629638671875,,45.26754379272461,
35,16631,2004.8916015625,,27.957040786743164,,0.6964536905288696,,44.56228256225586,,,,,,,,,
36,16649,,1384.717041015625,,20.960058212280273,,0.7629084587097168,,37.211788177490234,,,,,,,,
36,16699,,1920.7742919921875,,25.850284576416016,,0.693703293800354,,43.826637268066406,,,,,,,,
36,16749,,2079.611328125,,30.35001564025879,,0.7114881277084351,,45.60275650024414,,,,,,,,
36,16799,,4079.117919921875,,41.259769439697266,,0.41072267293930054,,63.86797332763672,,,,,,,,
36,16849,,2442.949462890625,,31.18034553527832,,0.6697983741760254,,49.42620086669922,,,,,,,,
36,16899,,2207.5673828125,,29.667415618896484,,0.6000640988349915,,46.98475646972656,,,,,,,,
36,16949,,1722.8162841796875,,23.815649032592773,,0.6533157825469971,,41.50682067871094,,,,,,,,
36,16999,,2305.470703125,,30.22782325744629,,0.6428639888763428,,48.015316009521484,,,,,,,,
36,17049,,1845.7757568359375,,26.620195388793945,,0.6994843482971191,,42.962493896484375,,,,,,,,
,5544,,,,,,,,,,1899.1092529296875,,26.665035247802734,,0.7261613607406616,,43.57876968383789
,5545,,,,,,,,,,1579.979248046875,,24.184568405151367,,0.7184242010116577,,39.74895095825195
,5546,,,,,,,,,,1806.0687255859375,,26.702922821044922,,0.7250878810882568,,42.497867584228516
,5547,,,,,,,,,,2583.3662109375,,33.96687316894531,,0.6879849433898926,,50.82682418823242
,5548,,,,,,,,,,1812.389404296875,,25.212724685668945,,0.7093285322189331,,42.57217025756836
,5549,,,,,,,,,,2043.133056640625,,29.12681007385254,,0.65516597032547,,45.201026916503906
,5550,,,,,,,,,,1589.97607421875,,22.923444747924805,,0.707167387008667,,39.87450408935547
,5551,,,,,,,,,,2622.33984375,,31.856470108032227,,0.6900695562362671,,51.20878601074219
,5552,,,,,,,,,,2657.026123046875,,37.361629486083984,,0.5974931120872498,,51.54635238647461
,5553,,,,,,,,,,1642.2974853515625,,25.41617202758789,,0.6592369079589844,,40.5252685546875
,5554,,,,,,,,,,1748.0255126953125,,22.939165115356445,,0.6839131116867065,,41.80939483642578
,5555,,,,,,,,,,2040.83154296875,,29.559894561767578,,0.6989988684654236,,45.17556381225586
,5556,,,,,,,,,,2161.73486328125,,29.34549903869629,,0.6346246600151062,,46.49446105957031
,5557,,,,,,,,,,1843.2728271484375,,26.7718563079834,,0.7148140668869019,,42.933353424072266
,5558,,,,,,,,,,1640.0369873046875,,22.423934936523438,,0.6887863874435425,,40.497371673583984
,5559,,,,,,,,,,2750.9814453125,,35.22505187988281,,0.6123000383377075,,52.449798583984375
,5560,,,,,,,,,,1391.7584228515625,,21.516616821289062,,0.7410804629325867,,37.306278228759766
,5561,,,,,,,,,,1549.35009765625,,21.84210777282715,,0.7558631896972656,,39.36178207397461
,5562,,,,,,,,,,1499.14990234375,,23.347597122192383,,0.7466468811035156,,38.7188606262207
,5563,,,,,,,,,,2059.59716796875,,28.620479583740234,,0.6680786609649658,,45.38278579711914
,5564,,,,,,,,,,1516.7113037109375,,22.848899841308594,,0.7581035494804382,,38.944976806640625
,5565,,,,,,,,,,1670.55517578125,,26.065387725830078,,0.7381937503814697,,40.8724250793457
,5566,,,,,,,,,,1870.4635009765625,,27.896085739135742,,0.7054816484451294,,43.24885559082031
,5567,,,,,,,,,,2874.088623046875,,38.18243408203125,,0.6239479780197144,,53.61052703857422
,5568,,,,,,,,,,2478.7685546875,,32.35387420654297,,0.6679656505584717,,49.7872314453125
,5569,,,,,,,,,,2625.03173828125,,33.51218032836914,,0.6480374336242676,,51.23506546020508
,5570,,,,,,,,,,1052.112548828125,,16.615589141845703,,0.7499533891677856,,32.436283111572266
,5571,,,,,,,,,,2253.15576171875,,30.905078887939453,,0.6910833120346069,,47.4674186706543
,5572,,,,,,,,,,1805.1697998046875,,28.11469841003418,,0.6949551701545715,,42.48728942871094
,5573,,,,,,,,,,2375.429443359375,,28.70974349975586,,0.6900734901428223,,48.73837661743164
,5574,,,,,,,,,,1845.3992919921875,,25.558269500732422,,0.6704283952713013,,42.95811080932617
,5575,,,,,,,,,,1967.4615478515625,,28.2431640625,,0.6766706705093384,,44.356075286865234
,5576,,,,,,,,,,1711.3409423828125,,24.695484161376953,,0.7346562147140503,,41.36835861206055
,5577,,,,,,,,,,1968.094970703125,,26.26988983154297,,0.7309894561767578,,44.363216400146484
,5578,,,,,,,,,,2707.766845703125,,31.6507625579834,,0.6717568635940552,,52.03620529174805
,5579,,,,,,,,,,1757.0152587890625,,24.524534225463867,,0.6754635572433472,,41.91676712036133
,5580,,,,,,,,,,2558.95458984375,,30.703582763671875,,0.593327522277832,,50.58610916137695
,5581,,,,,,,,,,1778.095947265625,,26.1976261138916,,0.6565299034118652,,42.167476654052734
,5582,,,,,,,,,,2144.179443359375,,28.08359146118164,,0.7170476913452148,,46.3052864074707
,5583,,,,,,,,,,1835.8704833984375,,24.374927520751953,,0.7358983755111694,,42.8470573425293
,5584,,,,,,,,,,1975.428466796875,,29.76014518737793,,0.6942588686943054,,44.4457893371582
,5585,,,,,,,,,,1903.46044921875,,27.389101028442383,,0.6714509129524231,,43.628665924072266
,5586,,,,,,,,,,1956.197021484375,,25.99636459350586,,0.6667276620864868,,44.22891616821289
,5587,,,,,,,,,,2544.662109375,,31.07706069946289,,0.6600470542907715,,50.444644927978516
,5588,,,,,,,,,,1932.6668701171875,,26.61480140686035,,0.6682435274124146,,43.96210861206055
,5589,,,,,,,,,,2394.220947265625,,30.4706974029541,,0.6773006319999695,,48.93077850341797
,5590,,,,,,,,,,1727.6190185546875,,25.60089874267578,,0.7032384872436523,,41.56463623046875
,5591,,,,,,,,,,1910.5357666015625,,29.11281967163086,,0.6695301532745361,,43.70967483520508
,5592,,,,,,,,,,2363.6201171875,,33.14656066894531,,0.6698602437973022,,48.6170768737793
,5593,,,,,,,,,,2391.792236328125,,33.73609924316406,,0.6764459609985352,,48.90595245361328
,5594,,,,,,,,,,1793.1043701171875,,24.828777313232422,,0.6875594854354858,,42.345062255859375
,5595,,,,,,,,,,1971.958984375,,28.20869255065918,,0.769260048866272,,44.40674591064453
,5596,,,,,,,,,,2691.409423828125,,35.261962890625,,0.5794020891189575,,51.8787956237793
,5597,,,,,,,,,,2104.163818359375,,27.910587310791016,,0.7213220596313477,,45.87116622924805
,5598,,,,,,,,,,2286.607666015625,,30.241226196289062,,0.7072121500968933,,47.818485260009766
,5599,,,,,,,,,,1875.6251220703125,,29.000476837158203,,0.6814309358596802,,43.30848693847656
,5600,,,,,,,,,,2399.79296875,,33.33429718017578,,0.5800500512123108,,48.9876823425293
,5601,,,,,,,,,,1999.264404296875,,26.70427703857422,,0.7206908464431763,,44.713134765625
,5602,,,,,,,,,,2262.798583984375,,29.09845542907715,,0.6305266618728638,,47.56888198852539
,5603,,,,,,,,,,1555.636474609375,,24.978357315063477,,0.7496856451034546,,39.441558837890625
,5604,,,,,,,,,,1530.7320556640625,,23.816381454467773,,0.7467726469039917,,39.12457275390625
,5605,,,,,,,,,,2119.84423828125,,29.59931182861328,,0.6844044923782349,,46.04176712036133
,5606,,,,,,,,,,2174.710205078125,,30.872108459472656,,0.654521107673645,,46.6337890625
,5607,,,,,,,,,,2147.712646484375,,30.094667434692383,,0.6753685474395752,,46.343421936035156
,5608,,,,,,,,,,2179.944580078125,,29.317251205444336,,0.7190314531326294,,46.68988037109375
,5609,,,,,,,,,,1658.443359375,,24.688783645629883,,0.7385279536247253,,40.72399139404297
,5610,,,,,,,,,,2143.41748046875,,30.495906829833984,,0.655552864074707,,46.29705810546875
,5611,,,,,,,,,,1702.6011962890625,,25.295019149780273,,0.7557975649833679,,41.26258850097656
,5612,,,,,,,,,,1866.6959228515625,,26.148698806762695,,0.6610344648361206,,43.20527648925781
,5613,,,,,,,,,,1957.7972412109375,,28.746292114257812,,0.6636939644813538,,44.24700164794922
,5614,,,,,,,,,,1815.352783203125,,26.106788635253906,,0.7461060285568237,,42.606956481933594
,5615,,,,,,,,,,2221.78271484375,,29.0562744140625,,0.6796917915344238,,47.13579177856445
,5616,,,,,,,,,,3447.218994140625,,40.92516326904297,,0.6018785238265991,,58.71302032470703
,5617,,,,,,,,,,2748.47021484375,,35.47435760498047,,0.5783783793449402,,52.42585372924805
,5618,,,,,,,,,,2297.02490234375,,30.826549530029297,,0.6672989130020142,,47.927284240722656
,5619,,,,,,,,,,1868.909423828125,,25.97378158569336,,0.7245641946792603,,43.23088836669922
,5620,,,,,,,,,,3055.176513671875,,38.894466400146484,,0.5833447575569153,,55.273651123046875
,5621,,,,,,,,,,2019.6085205078125,,26.93434715270996,,0.690654456615448,,44.94005584716797
,5622,,,,,,,,,,2048.8203125,,28.12065887451172,,0.6528500318527222,,45.26389694213867
,5623,,,,,,,,,,1818.0679931640625,,27.09440803527832,,0.6438575983047485,,42.63880920410156
,5624,,,,,,,,,,2331.2314453125,,32.978004455566406,,0.6173499226570129,,48.28282928466797
,5625,,,,,,,,,,1970.71630859375,,26.547937393188477,,0.703136146068573,,44.39274978637695
,5626,,,,,,,,,,1943.4013671875,,27.727922439575195,,0.7096827030181885,,44.08402633666992
,5627,,,,,,,,,,1625.837890625,,25.387950897216797,,0.7121899127960205,,40.32168197631836
,5628,,,,,,,,,,1719.6878662109375,,23.842130661010742,,0.7070709466934204,,41.469120025634766
,5629,,,,,,,,,,2638.52783203125,,34.0446891784668,,0.6050412654876709,,51.36660385131836
,5630,,,,,,,,,,2026.3265380859375,,28.445287704467773,,0.6878440380096436,,45.01473617553711
,5631,,,,,,,,,,2217.574951171875,,30.242305755615234,,0.687444806098938,,47.09113311767578
,5632,,,,,,,,,,2167.39208984375,,30.10664176940918,,0.688321053981781,,46.555259704589844
,5633,,,,,,,,,,1681.444091796875,,23.68714141845703,,0.6943475008010864,,41.00541687011719
,5634,,,,,,,,,,1759.9202880859375,,24.9470272064209,,0.7088819742202759,,41.95140075683594
,5635,,,,,,,,,,1887.0462646484375,,23.850873947143555,,0.6593308448791504,,43.440147399902344
,5636,,,,,,,,,,2060.741455078125,,30.004919052124023,,0.7095457315444946,,45.395389556884766
,5637,,,,,,,,,,2306.989501953125,,31.244699478149414,,0.6614125967025757,,48.031131744384766
,5638,,,,,,,,,,2243.04931640625,,29.31929588317871,,0.6917005181312561,,47.36083984375
,5639,,,,,,,,,,2272.12060546875,,30.49289894104004,,0.6490048170089722,,47.66676712036133
,5640,,,,,,,,,,1551.8673095703125,,22.860952377319336,,0.7270302176475525,,39.39374542236328
,5641,,,,,,,,,,2086.0751953125,,28.24651336669922,,0.7070082426071167,,45.6735725402832
,5642,,,,,,,,,,2197.34765625,,30.96129035949707,,0.6896109580993652,,46.87587356567383
,5643,,,,,,,,,,2166.829833984375,,29.727102279663086,,0.673080563545227,,46.54922103881836
,5644,,,,,,,,,,2093.68603515625,,28.878995895385742,,0.6824547052383423,,45.75681686401367
,5645,,,,,,,,,,2510.99365234375,,35.289676666259766,,0.5844279527664185,,50.10981750488281
,5646,,,,,,,,,,1542.9490966796875,,22.597095489501953,,0.7262057065963745,,39.28038787841797
,5647,,,,,,,,,,2400.154296875,,29.97719955444336,,0.616041898727417,,48.991371154785156
,5648,,,,,,,,,,1451.5302734375,,22.73638343811035,,0.671305775642395,,38.09895324707031
,5649,,,,,,,,,,1630.7626953125,,24.452117919921875,,0.7421027421951294,,40.3827018737793
,5650,,,,,,,,,,2321.145263671875,,31.278932571411133,,0.7033824920654297,,48.17826461791992
,5651,,,,,,,,,,2303.268310546875,,32.90968704223633,,0.6566861271858215,,47.99237823486328
,5652,,,,,,,,,,1439.7066650390625,,19.75208854675293,,0.6673262119293213,,37.94346618652344
,5653,,,,,,,,,,2403.792724609375,,33.10059356689453,,0.6250460743904114,,49.02848815917969
,5654,,,,,,,,,,2477.628662109375,,34.67609786987305,,0.5723826885223389,,49.775787353515625
,5655,,,,,,,,,,2179.638916015625,,31.031038284301758,,0.6908266544342041,,46.68660354614258
,5656,,,,,,,,,,1966.55126953125,,30.945798873901367,,0.7005648612976074,,44.34581756591797
,5657,,,,,,,,,,2352.7763671875,,31.176834106445312,,0.6623308658599854,,48.50542449951172
,5658,,,,,,,,,,1485.898681640625,,23.141948699951172,,0.6696411371231079,,38.54735565185547
,5659,,,,,,,,,,2226.70703125,,26.356582641601562,,0.7282803058624268,,47.18799591064453
,5660,,,,,,,,,,2025.8363037109375,,29.63886070251465,,0.6684337258338928,,45.00929260253906
,5661,,,,,,,,,,2034.3985595703125,,28.28240394592285,,0.6903830170631409,,45.10430908203125
,5662,,,,,,,,,,1889.089111328125,,26.323596954345703,,0.6791642904281616,,43.463653564453125
,5663,,,,,,,,,,2049.65576171875,,28.251354217529297,,0.7178173065185547,,45.27312469482422
,5664,,,,,,,,,,2176.181884765625,,28.7375545501709,,0.6533932685852051,,46.64956283569336
,5665,,,,,,,,,,2322.10107421875,,30.530292510986328,,0.6483215093612671,,48.18818283081055
,5666,,,,,,,,,,1892.86669921875,,26.61102294921875,,0.7308906316757202,,43.50708770751953
,5667,,,,,,,,,,1967.8126220703125,,25.804821014404297,,0.6397355794906616,,44.36003494262695
,5668,,,,,,,,,,1668.11328125,,24.039915084838867,,0.7304489612579346,,40.8425407409668
,5669,,,,,,,,,,1990.3270263671875,,28.180339813232422,,0.6666638255119324,,44.61308288574219
,5670,,,,,,,,,,1704.5224609375,,22.67588233947754,,0.736650824546814,,41.28586196899414
,5671,,,,,,,,,,2286.2431640625,,32.62416458129883,,0.6930007934570312,,47.814674377441406
,5672,,,,,,,,,,2275.15087890625,,31.762042999267578,,0.6644960641860962,,47.698543548583984
,5673,,,,,,,,,,1496.7103271484375,,21.742008209228516,,0.7618576884269714,,38.687339782714844
,5674,,,,,,,,,,1707.2847900390625,,25.07863426208496,,0.6842536330223083,,41.31930160522461
,5675,,,,,,,,,,2774.114013671875,,36.01392364501953,,0.6342244148254395,,52.669857025146484
,5676,,,,,,,,,,1746.896240234375,,24.83611297607422,,0.7028375864028931,,41.7958869934082
,5677,,,,,,,,,,1778.153564453125,,24.968017578125,,0.75397127866745,,42.16815948486328
,5678,,,,,,,,,,2437.871337890625,,31.22994613647461,,0.6199032068252563,,49.37480545043945
,5679,,,,,,,,,,2281.92529296875,,32.31727981567383,,0.6149604320526123,,47.769500732421875
,5680,,,,,,,,,,2844.41357421875,,36.30500411987305,,0.6489511728286743,,53.33304214477539
,5681,,,,,,,,,,1716.8021240234375,,26.817258834838867,,0.7168989181518555,,41.43431091308594
,5682,,,,,,,,,,2659.887939453125,,34.83240509033203,,0.7091269493103027,,51.574100494384766
,5683,,,,,,,,,,1312.3297119140625,,21.0125789642334,,0.7935903072357178,,36.22609329223633
,5684,,,,,,,,,,1716.7625732421875,,23.63277244567871,,0.702337920665741,,41.433834075927734
,5685,,,,,,,,,,1930.9307861328125,,26.897279739379883,,0.6753820776939392,,43.94235610961914
,5686,,,,,,,,,,2426.77001953125,,30.97055435180664,,0.6383295059204102,,49.26225662231445
,5687,,,,,,,,,,2507.140380859375,,34.60396194458008,,0.6296399831771851,,50.071353912353516
,5688,,,,,,,,,,2602.318603515625,,32.48027801513672,,0.6582051515579224,,51.01292419433594
,5689,,,,,,,,,,2229.439697265625,,29.56452178955078,,0.6613173484802246,,47.216941833496094
,5690,,,,,,,,,,2463.229736328125,,28.952274322509766,,0.6621092557907104,,49.63093566894531
,5691,,,,,,,,,,1861.864501953125,,28.070096969604492,,0.7153083086013794,,43.14932632446289
,5692,,,,,,,,,,2659.7265625,,34.05234146118164,,0.6627092957496643,,51.57253646850586
,5693,,,,,,,,,,2053.09765625,,26.124225616455078,,0.7189658880233765,,45.311119079589844
,5694,,,,,,,,,,1963.333740234375,,27.19074821472168,,0.6972583532333374,,44.30952072143555
,5695,,,,,,,,,,2085.11474609375,,29.57790184020996,,0.6758325099945068,,45.66305923461914
,5696,,,,,,,,,,2177.341796875,,28.015941619873047,,0.7016569375991821,,46.66199493408203
,5697,,,,,,,,,,1468.511962890625,,19.516403198242188,,0.7616377472877502,,38.3211669921875
36,17093,,,,,,,,,2062.032470703125,,28.40859031677246,,0.6834318041801453,,45.2150993347168,
36,17093,2017.8984375,,28.075708389282227,,0.694560170173645,,44.70488357543945,,,,,,,,,
37,17099,,1800.9334716796875,,27.93794059753418,,0.713169515132904,,42.43740463256836,,,,,,,,
37,17149,,2147.83447265625,,30.426979064941406,,0.6762264966964722,,46.34473419189453,,,,,,,,
37,17199,,1906.837158203125,,25.667999267578125,,0.6939485669136047,,43.6673469543457,,,,,,,,
37,17249,,1739.1326904296875,,26.326858520507812,,0.7407305836677551,,41.702911376953125,,,,,,,,
37,17299,,1511.65966796875,,21.75282096862793,,0.7600460052490234,,38.88006591796875,,,,,,,,
37,17349,,2141.342529296875,,29.52839469909668,,0.6511281728744507,,46.27464294433594,,,,,,,,
37,17399,,1502.041015625,,22.493314743041992,,0.7544237375259399,,38.75617599487305,,,,,,,,
37,17449,,2052.36279296875,,28.80879020690918,,0.735253095626831,,45.30301284790039,,,,,,,,
37,17499,,1733.83544921875,,26.5959529876709,,0.7281739711761475,,41.63935089111328,,,,,,,,
37,17549,,2083.126220703125,,28.693296432495117,,0.6638287901878357,,45.64127731323242,,,,,,,,
,5698,,,,,,,,,,1908.0511474609375,,26.84449005126953,,0.7248719930648804,,43.681243896484375
,5699,,,,,,,,,,1603.9271240234375,,24.525358200073242,,0.7141562700271606,,40.0490608215332
,5700,,,,,,,,,,1800.375732421875,,26.69707679748535,,0.7259544134140015,,42.43083190917969
,5701,,,,,,,,,,2562.512451171875,,33.809974670410156,,0.6905036568641663,,50.62126541137695
,5702,,,,,,,,,,1798.3870849609375,,25.054100036621094,,0.7115741968154907,,42.40739440917969
,5703,,,,,,,,,,2079.028564453125,,29.483062744140625,,0.6491075754165649,,45.59636688232422
,5704,,,,,,,,,,1564.5472412109375,,22.66822052001953,,0.7118507623672485,,39.554359436035156
,5705,,,,,,,,,,2595.97119140625,,31.762832641601562,,0.6931860446929932,,50.95067596435547
,5706,,,,,,,,,,2651.670654296875,,37.25533676147461,,0.5983043909072876,,51.49437713623047
,5707,,,,,,,,,,1672.82958984375,,25.572771072387695,,0.6529017686843872,,40.900238037109375
,5708,,,,,,,,,,1758.7578125,,23.11539077758789,,0.6819724440574646,,41.93754959106445
,5709,,,,,,,,,,2045.65625,,29.69397735595703,,0.6982872486114502,,45.22893142700195
,5710,,,,,,,,,,2200.81396484375,,29.730865478515625,,0.6280195116996765,,46.91283416748047
,5711,,,,,,,,,,1844.288330078125,,26.892732620239258,,0.7146569490432739,,42.9451789855957
,5712,,,,,,,,,,1651.6829833984375,,22.604217529296875,,0.6865764856338501,,40.640899658203125
,5713,,,,,,,,,,2745.704345703125,,35.15882110595703,,0.6130436658859253,,52.399471282958984
,5714,,,,,,,,,,1401.0384521484375,,21.755239486694336,,0.7393540143966675,,37.43044662475586
,5715,,,,,,,,,,1555.4769287109375,,21.955678939819336,,0.7548977136611938,,39.43953323364258
,5716,,,,,,,,,,1503.8519287109375,,23.496746063232422,,0.7458522915840149,,38.7795295715332
,5717,,,,,,,,,,2073.662353515625,,28.800464630126953,,0.6658118963241577,,45.53748321533203
,5718,,,,,,,,,,1532.44775390625,,23.10548210144043,,0.7555937767028809,,39.14649200439453
,5719,,,,,,,,,,1649.1549072265625,,25.879833221435547,,0.7415475845336914,,40.60978698730469
,5720,,,,,,,,,,1873.58203125,,27.971160888671875,,0.7049906253814697,,43.28489303588867
,5721,,,,,,,,,,2878.744873046875,,38.239646911621094,,0.6233386993408203,,53.653934478759766
,5722,,,,,,,,,,2491.221435546875,,32.44468688964844,,0.6662975549697876,,49.91213607788086
,5723,,,,,,,,,,2648.455810546875,,33.76001739501953,,0.6448967456817627,,51.46315002441406
,5724,,,,,,,,,,1054.7330322265625,,16.656593322753906,,0.7493306398391724,,32.476654052734375
,5725,,,,,,,,,,2251.229248046875,,30.937137603759766,,0.6913474202156067,,47.447120666503906
,5726,,,,,,,,,,1829.740966796875,,28.40726661682129,,0.690803050994873,,42.77547073364258
,5727,,,,,,,,,,2390.284912109375,,28.984712600708008,,0.6881352663040161,,48.890541076660156
,5728,,,,,,,,,,1850.5496826171875,,25.691890716552734,,0.6695085763931274,,43.01801681518555
,5729,,,,,,,,,,1989.400634765625,,28.443359375,,0.6730652451515198,,44.60269546508789
,5730,,,,,,,,,,1701.487548828125,,24.664499282836914,,0.7361840009689331,,41.249088287353516
,5731,,,,,,,,,,1991.2674560546875,,26.446231842041016,,0.7278221249580383,,44.623619079589844
,5732,,,,,,,,,,2746.5390625,,32.00091552734375,,0.6670567989349365,,52.40743637084961
,5733,,,,,,,,,,1775.1878662109375,,24.766315460205078,,0.6721068620681763,,42.13297653198242
,5734,,,,,,,,,,2551.945068359375,,30.73621368408203,,0.5944414734840393,,50.516780853271484
,5735,,,,,,,,,,1779.7711181640625,,26.19204330444336,,0.6562063694000244,,42.18733596801758
,5736,,,,,,,,,,2157.46337890625,,28.37616729736328,,0.7152947187423706,,46.44850158691406
,5737,,,,,,,,,,1856.337158203125,,24.524150848388672,,0.7329541444778442,,43.08523178100586
,5738,,,,,,,,,,1990.4793701171875,,29.891271591186523,,0.6919294595718384,,44.61478805541992
,5739,,,,,,,,,,1918.1226806640625,,27.528324127197266,,0.6689201593399048,,43.79637908935547
,5740,,,,,,,,,,1960.878662109375,,26.101716995239258,,0.6659300327301025,,44.28181076049805
,5741,,,,,,,,,,2529.14990234375,,31.03632354736328,,0.6621193885803223,,50.29065704345703
,5742,,,,,,,,,,1948.3372802734375,,26.83873176574707,,0.6655535697937012,,44.13997268676758
,5743,,,,,,,,,,2389.51416015625,,30.538576126098633,,0.677935004234314,,48.88265609741211
,5744,,,,,,,,,,1730.4034423828125,,25.65961265563965,,0.7027602195739746,,41.59811782836914
,5745,,,,,,,,,,1912.80810546875,,29.19891357421875,,0.6691371202468872,,43.735660552978516
,5746,,,,,,,,,,2358.15673828125,,33.188621520996094,,0.6706233620643616,,48.560855865478516
,5747,,,,,,,,,,2402.932373046875,,33.88077163696289,,0.6749389171600342,,49.019710540771484
,5748,,,,,,,,,,1780.8485107421875,,24.890928268432617,,0.6896950006484985,,42.20009994506836
,5749,,,,,,,,,,1964.60400390625,,28.09819793701172,,0.7701206207275391,,44.3238525390625
,5750,,,,,,,,,,2690.848876953125,,35.39236068725586,,0.5794896483421326,,51.87339401245117
,5751,,,,,,,,,,2096.80126953125,,28.064910888671875,,0.7222971320152283,,45.79084396362305
,5752,,,,,,,,,,2268.777587890625,,30.149932861328125,,0.7094951868057251,,47.63168716430664
,5753,,,,,,,,,,1888.6265869140625,,29.067752838134766,,0.6792227029800415,,43.45833206176758
,5754,,,,,,,,,,2406.05908203125,,33.32488250732422,,0.5789535045623779,,49.051597595214844
,5755,,,,,,,,,,2001.792236328125,,26.899131774902344,,0.7203376293182373,,44.74139404296875
,5756,,,,,,,,,,2270.15771484375,,29.185007095336914,,0.6293250322341919,,47.646175384521484
,5757,,,,,,,,,,1561.03564453125,,25.136350631713867,,0.7488168478012085,,39.509944915771484
,5758,,,,,,,,,,1530.9434814453125,,23.87598991394043,,0.7467377185821533,,39.12727355957031
,5759,,,,,,,,,,2112.41650390625,,29.6184139251709,,0.6855102777481079,,45.96103286743164
,5760,,,,,,,,,,2194.9521484375,,31.2186336517334,,0.6513054370880127,,46.85031509399414
,5761,,,,,,,,,,2153.405029296875,,30.20293426513672,,0.6745081543922424,,46.4047966003418
,5762,,,,,,,,,,2178.558837890625,,29.409467697143555,,0.7192100286483765,,46.6750373840332
,5763,,,,,,,,,,1671.7271728515625,,24.857648849487305,,0.7364336252212524,,40.88676071166992
,5764,,,,,,,,,,2162.549072265625,,30.756784439086914,,0.6524784564971924,,46.50321578979492
,5765,,,,,,,,,,1723.336181640625,,25.57489585876465,,0.7528235912322998,,41.513084411621094
,5766,,,,,,,,,,1868.6580810546875,,26.15315818786621,,0.6606781482696533,,43.22797775268555
,5767,,,,,,,,,,1985.9427490234375,,29.26337242126465,,0.6588591933250427,,44.56391906738281
,5768,,,,,,,,,,1845.010498046875,,26.433929443359375,,0.7419581413269043,,42.953582763671875
,5769,,,,,,,,,,2278.19775390625,,29.77849769592285,,0.6715585589408875,,47.730472564697266
,5770,,,,,,,,,,3411.145263671875,,40.793704986572266,,0.6060446500778198,,58.40501022338867
,5771,,,,,,,,,,2761.572509765625,,35.54313659667969,,0.5763684511184692,,52.55066680908203
,5772,,,,,,,,,,2327.0849609375,,31.1296443939209,,0.662945032119751,,48.2398681640625
,5773,,,,,,,,,,1872.19970703125,,26.113115310668945,,0.7240793704986572,,43.268924713134766
,5774,,,,,,,,,,3068.52783203125,,39.06547927856445,,0.5815238952636719,,55.39429473876953
,5775,,,,,,,,,,2050.87060546875,,27.024019241333008,,0.6858659982681274,,45.286537170410156
,5776,,,,,,,,,,2050.50830078125,,28.18297004699707,,0.6525640487670898,,45.28253936767578
,5777,,,,,,,,,,1844.7008056640625,,27.353513717651367,,0.6386405229568481,,42.949981689453125
,5778,,,,,,,,,,2341.107666015625,,33.17581558227539,,0.6157287955284119,,48.38499450683594
,5779,,,,,,,,,,1977.1964111328125,,26.554412841796875,,0.7021600008010864,,44.465675354003906
,5780,,,,,,,,,,1954.9434814453125,,27.945148468017578,,0.707958459854126,,44.214744567871094
,5781,,,,,,,,,,1647.0355224609375,,25.723735809326172,,0.708437442779541,,40.58368682861328
,5782,,,,,,,,,,1727.4483642578125,,23.913307189941406,,0.7057490348815918,,41.562583923339844
,5783,,,,,,,,,,2656.84619140625,,34.24550247192383,,0.6022992134094238,,51.54460525512695
,5784,,,,,,,,,,2037.089599609375,,28.56913185119629,,0.6861859560012817,,45.13412857055664
,5785,,,,,,,,,,2203.448486328125,,30.21905517578125,,0.6894358992576599,,46.94090270996094
,5786,,,,,,,,,,2170.79052734375,,30.121360778808594,,0.6878323554992676,,46.59174346923828
,5787,,,,,,,,,,1683.10302734375,,23.684133529663086,,0.694045901298523,,41.025638580322266
,5788,,,,,,,,,,1748.0526123046875,,24.84208869934082,,0.7108451128005981,,41.80971908569336
,5789,,,,,,,,,,1860.0284423828125,,23.76387596130371,,0.6642084121704102,,43.128047943115234
,5790,,,,,,,,,,2059.66845703125,,29.98541831970215,,0.7096969485282898,,45.38357162475586
,5791,,,,,,,,,,2307.10498046875,,31.154136657714844,,0.6613956689834595,,48.03233337402344
,5792,,,,,,,,,,2238.299560546875,,29.36040687561035,,0.692353367805481,,47.3106689453125
,5793,,,,,,,,,,2276.794921875,,30.546905517578125,,0.6482827663421631,,47.71577072143555
,5794,,,,,,,,,,1559.46337890625,,22.98986053466797,,0.7256940603256226,,39.49003982543945
,5795,,,,,,,,,,2084.893798828125,,28.331314086914062,,0.7071741819381714,,45.66063690185547
,5796,,,,,,,,,,2198.492431640625,,31.057809829711914,,0.6894491910934448,,46.888084411621094
,5797,,,,,,,,,,2160.153564453125,,29.705078125,,0.6740878224372864,,46.477455139160156
,5798,,,,,,,,,,2108.952880859375,,29.12265968322754,,0.6801392436027527,,45.923336029052734
,5799,,,,,,,,,,2546.8955078125,,35.75385284423828,,0.5784862041473389,,50.46677780151367
,5800,,,,,,,,,,1550.93212890625,,22.730440139770508,,0.7247891426086426,,39.381874084472656
,5801,,,,,,,,,,2409.5322265625,,30.113500595092773,,0.6145416498184204,,49.08698654174805
,5802,,,,,,,,,,1448.2080078125,,22.83378028869629,,0.67205810546875,,38.055328369140625
,5803,,,,,,,,,,1615.5919189453125,,24.561147689819336,,0.7445019483566284,,40.194427490234375
,5804,,,,,,,,,,2330.1318359375,,31.46113395690918,,0.702234148979187,,48.27143859863281
,5805,,,,,,,,,,2298.64013671875,,32.81700134277344,,0.6573759317398071,,47.94413375854492
,5806,,,,,,,,,,1413.2469482421875,,19.608043670654297,,0.6734402775764465,,37.593177795410156
,5807,,,,,,,,,,2402.97509765625,,33.22881317138672,,0.6251736283302307,,49.02014923095703
,5808,,,,,,,,,,2466.41796875,,34.71889877319336,,0.5743175745010376,,49.663047790527344
,5809,,,,,,,,,,2203.200439453125,,31.363269805908203,,0.6874845623970032,,46.938262939453125
,5810,,,,,,,,,,1944.4254150390625,,30.845321655273438,,0.703933835029602,,44.09564208984375
,5811,,,,,,,,,,2363.762451171875,,31.375715255737305,,0.6607542037963867,,48.6185417175293
,5812,,,,,,,,,,1484.328369140625,,23.150068283081055,,0.6699903011322021,,38.526981353759766
,5813,,,,,,,,,,2218.41943359375,,26.457698822021484,,0.7292916178703308,,47.100101470947266
,5814,,,,,,,,,,2027.599853515625,,29.618173599243164,,0.6681450605392456,,45.02887725830078
,5815,,,,,,,,,,2039.1434326171875,,28.296106338500977,,0.689660906791687,,45.15687561035156
,5816,,,,,,,,,,1909.0111083984375,,26.54203987121582,,0.6757808327674866,,43.692230224609375
,5817,,,,,,,,,,2048.2470703125,,28.294626235961914,,0.7180112600326538,,45.257564544677734
,5818,,,,,,,,,,2188.615966796875,,28.865568161010742,,0.651412844657898,,46.78264617919922
,5819,,,,,,,,,,2307.451171875,,30.466779708862305,,0.6505402326583862,,48.03593444824219
,5820,,,,,,,,,,1912.2459716796875,,26.76727294921875,,0.7281355261802673,,43.72923278808594
,5821,,,,,,,,,,1974.4434814453125,,25.916860580444336,,0.6385215520858765,,44.43471145629883
,5822,,,,,,,,,,1676.27880859375,,24.158065795898438,,0.7291295528411865,,40.9423828125
,5823,,,,,,,,,,1997.1597900390625,,28.34027671813965,,0.6655194759368896,,44.68959426879883
,5824,,,,,,,,,,1707.30615234375,,22.817119598388672,,0.7362207174301147,,41.31956100463867
,5825,,,,,,,,,,2295.45068359375,,32.690433502197266,,0.6917643547058105,,47.91086196899414
,5826,,,,,,,,,,2267.107666015625,,31.751018524169922,,0.6656821370124817,,47.61415481567383
,5827,,,,,,,,,,1497.9881591796875,,21.808345794677734,,0.7616543769836426,,38.703853607177734
,5828,,,,,,,,,,1709.8148193359375,,25.138660430908203,,0.6837856769561768,,41.34990692138672
,5829,,,,,,,,,,2777.375732421875,,36.08219528198242,,0.633794367313385,,52.70081329345703
,5830,,,,,,,,,,1739.09326171875,,24.798831939697266,,0.704164981842041,,41.70243835449219
,5831,,,,,,,,,,1767.9759521484375,,24.79639434814453,,0.7553794980049133,,42.047306060791016
,5832,,,,,,,,,,2456.036376953125,,31.634654998779297,,0.6170710325241089,,49.558414459228516
,5833,,,,,,,,,,2308.73681640625,,32.70077133178711,,0.6104364395141602,,48.04931640625
,5834,,,,,,,,,,2863.756591796875,,36.49516677856445,,0.6465638875961304,,53.51408004760742
,5835,,,,,,,,,,1749.6356201171875,,27.38059425354004,,0.7114846706390381,,41.82864761352539
,5836,,,,,,,,,,2658.052001953125,,34.86959457397461,,0.7093276977539062,,51.55630111694336
,5837,,,,,,,,,,1311.3919677734375,,21.16945457458496,,0.7937377691268921,,36.2131462097168
,5838,,,,,,,,,,1718.6026611328125,,23.723346710205078,,0.7020188570022583,,41.456031799316406
,5839,,,,,,,,,,1908.388427734375,,26.662208557128906,,0.6791718006134033,,43.68510437011719
,5840,,,,,,,,,,2433.10400390625,,31.090749740600586,,0.6373855471611023,,49.32650375366211
,5841,,,,,,,,,,2524.680908203125,,34.7342643737793,,0.6270488500595093,,50.2462043762207
,5842,,,,,,,,,,2593.5537109375,,32.443397521972656,,0.659356415271759,,50.92694091796875
,5843,,,,,,,,,,2230.57568359375,,29.630647659301758,,0.6611447334289551,,47.22896957397461
,5844,,,,,,,,,,2460.239990234375,,28.8750057220459,,0.6625194549560547,,49.600807189941406
,5845,,,,,,,,,,1879.764892578125,,28.251903533935547,,0.7125712633132935,,43.35625457763672
,5846,,,,,,,,,,2641.29052734375,,33.95878219604492,,0.665047287940979,,51.39348602294922
,5847,,,,,,,,,,2049.59423828125,,26.078081130981445,,0.7194454669952393,,45.27244567871094
,5848,,,,,,,,,,1971.3363037109375,,27.310226440429688,,0.6960244178771973,,44.39973068237305
,5849,,,,,,,,,,2109.753173828125,,30.010643005371094,,0.6720020771026611,,45.93205261230469
,5850,,,,,,,,,,2181.439453125,,28.17029571533203,,0.701095461845398,,46.70588302612305
,5851,,,,,,,,,,1475.9449462890625,,19.681039810180664,,0.7604312896728516,,38.41802978515625
37,17555,,,,,,,,,2067.49462890625,,28.518089294433594,,0.6825502514839172,,45.275978088378906,
37,17555,2001.029052734375,,27.932069778442383,,0.6968565583229065,,44.521270751953125,,,,,,,,,
38,17599,,2125.370361328125,,31.23508071899414,,0.6356939673423767,,46.10173797607422,,,,,,,,
38,17649,,1622.7952880859375,,23.949203491210938,,0.7257888913154602,,40.283931732177734,,,,,,,,
38,17699,,1819.6578369140625,,27.49323081970215,,0.7014776468276978,,42.657447814941406,,,,,,,,
38,17749,,1988.603271484375,,26.631746292114258,,0.6862424612045288,,44.59375762939453,,,,,,,,
38,17799,,1976.3555908203125,,28.695667266845703,,0.6298282742500305,,44.45622253417969,,,,,,,,
38,17849,,2244.099609375,,31.90314292907715,,0.6348336935043335,,47.37192916870117,,,,,,,,
38,17899,,2344.2314453125,,31.118663787841797,,0.6874974966049194,,48.41726303100586,,,,,,,,
38,17949,,1746.6163330078125,,27.110971450805664,,0.7562277317047119,,41.792537689208984,,,,,,,,
38,17999,,1849.6473388671875,,26.735441207885742,,0.6993104219436646,,43.00752639770508,,,,,,,,
,5852,,,,,,,,,,1892.811279296875,,26.78266716003418,,0.7270694971084595,,43.50645065307617
,5853,,,,,,,,,,1593.0484619140625,,24.36658477783203,,0.7160950303077698,,39.91300964355469
,5854,,,,,,,,,,1806.766357421875,,26.813190460205078,,0.7249816656112671,,42.506072998046875
,5855,,,,,,,,,,2553.49755859375,,33.57514953613281,,0.6915924549102783,,50.53214645385742
,5856,,,,,,,,,,1776.1859130859375,,25.100492477416992,,0.715134859085083,,42.14482116699219
,5857,,,,,,,,,,2081.54638671875,,29.506446838378906,,0.6486825942993164,,45.623966217041016
,5858,,,,,,,,,,1569.932861328125,,22.85675621032715,,0.7108588218688965,,39.622379302978516
,5859,,,,,,,,,,2595.0810546875,,31.77596664428711,,0.6932912468910217,,50.94193649291992
,5860,,,,,,,,,,2662.09912109375,,37.27423858642578,,0.5967246294021606,,51.59553527832031
,5861,,,,,,,,,,1682.3582763671875,,25.72690773010254,,0.6509246230125427,,41.01655960083008
,5862,,,,,,,,,,1741.8929443359375,,22.98714828491211,,0.6850219964981079,,41.735992431640625
,5863,,,,,,,,,,2043.5714111328125,,29.710268020629883,,0.6985948085784912,,45.205875396728516
,5864,,,,,,,,,,2204.32470703125,,29.854402542114258,,0.6274261474609375,,46.95023727416992
,5865,,,,,,,,,,1838.475830078125,,26.87673568725586,,0.7155562043190002,,42.8774528503418
,5866,,,,,,,,,,1624.2646484375,,22.34174919128418,,0.691779375076294,,40.30216598510742
,5867,,,,,,,,,,2742.43017578125,,35.18961715698242,,0.6135051250457764,,52.368221282958984
,5868,,,,,,,,,,1389.9547119140625,,21.64011001586914,,0.7414159774780273,,37.2820930480957
,5869,,,,,,,,,,1552.60595703125,,21.981830596923828,,0.7553501129150391,,39.40312194824219
,5870,,,,,,,,,,1493.73583984375,,23.364356994628906,,0.7475619316101074,,38.64888000488281
,5871,,,,,,,,,,2081.87353515625,,28.942222595214844,,0.6644886136054993,,45.6275520324707
,5872,,,,,,,,,,1528.28076171875,,23.011857986450195,,0.7562583684921265,,39.093231201171875
,5873,,,,,,,,,,1634.042236328125,,25.690048217773438,,0.7439160346984863,,40.42328643798828
,5874,,,,,,,,,,1863.5953369140625,,27.84038543701172,,0.7065631151199341,,43.16938018798828
,5875,,,,,,,,,,2860.9609375,,38.07431411743164,,0.6256656646728516,,53.48794937133789
,5876,,,,,,,,,,2484.148193359375,,32.35490798950195,,0.6672450304031372,,49.84122848510742
,5877,,,,,,,,,,2612.762451171875,,33.60678482055664,,0.6496825218200684,,51.11518859863281
,5878,,,,,,,,,,1058.41162109375,,16.803171157836914,,0.7484563589096069,,32.53323745727539
,5879,,,,,,,,,,2245.608154296875,,30.92845344543457,,0.6921180486679077,,47.387847900390625
,5880,,,,,,,,,,1795.2916259765625,,28.086179733276367,,0.6966243982315063,,42.370880126953125
,5881,,,,,,,,,,2366.1708984375,,28.779870986938477,,0.6912814378738403,,48.64330291748047
,5882,,,,,,,,,,1860.26220703125,,25.757511138916016,,0.6677740216255188,,43.130760192871094
,5883,,,,,,,,,,1979.30419921875,,28.362384796142578,,0.6747244596481323,,44.48937225341797
,5884,,,,,,,,,,1709.435791015625,,24.724552154541016,,0.7349516153335571,,41.3453254699707
,5885,,,,,,,,,,1993.067138671875,,26.3504638671875,,0.7275761365890503,,44.64377975463867
,5886,,,,,,,,,,2727.663330078125,,31.88417625427246,,0.669344961643219,,52.2270393371582
,5887,,,,,,,,,,1751.822021484375,,24.606149673461914,,0.6764227747917175,,41.854774475097656
,5888,,,,,,,,,,2454.898681640625,,30.46843719482422,,0.6098642349243164,,49.54693603515625
,5889,,,,,,,,,,1791.48193359375,,26.360477447509766,,0.653944194316864,,42.32590103149414
,5890,,,,,,,,,,2151.8896484375,,28.408485412597656,,0.7160302400588989,,46.388465881347656
,5891,,,,,,,,,,1874.5355224609375,,24.664222717285156,,0.7303361892700195,,43.29590606689453
,5892,,,,,,,,,,1982.6729736328125,,29.718463897705078,,0.6931376457214355,,44.52721405029297
,5893,,,,,,,,,,1920.2010498046875,,27.502784729003906,,0.6685613393783569,,43.820098876953125
,5894,,,,,,,,,,1962.58203125,,26.147302627563477,,0.6656398773193359,,44.30104064941406
,5895,,,,,,,,,,2528.039306640625,,31.126089096069336,,0.6622677445411682,,50.27961349487305
,5896,,,,,,,,,,1938.1710205078125,,26.79567527770996,,0.6672986745834351,,44.024662017822266
,5897,,,,,,,,,,2348.478271484375,,30.24888038635254,,0.6834659576416016,,48.46110153198242
,5898,,,,,,,,,,1730.904541015625,,25.714279174804688,,0.702674150466919,,41.60414123535156
,5899,,,,,,,,,,1908.0478515625,,29.140443801879883,,0.6699604988098145,,43.68120574951172
,5900,,,,,,,,,,2337.164794921875,,32.96413803100586,,0.6735553741455078,,48.344234466552734
,5901,,,,,,,,,,2430.388916015625,,33.890525817871094,,0.6712247133255005,,49.298973083496094
,5902,,,,,,,,,,1782.214111328125,,24.911413192749023,,0.6894570589065552,,42.216278076171875
,5903,,,,,,,,,,1973.5716552734375,,28.27962303161621,,0.7690713405609131,,44.424896240234375
,5904,,,,,,,,,,2680.3017578125,,35.27330017089844,,0.5811378955841064,,51.771629333496094
,5905,,,,,,,,,,2080.445556640625,,27.87278938293457,,0.7244633436203003,,45.61190414428711
,5906,,,,,,,,,,2283.077880859375,,30.28761863708496,,0.7076641321182251,,47.78156280517578
,5907,,,,,,,,,,1890.860595703125,,29.100955963134766,,0.6788432598114014,,43.48402404785156
,5908,,,,,,,,,,2410.763916015625,,33.400875091552734,,0.5781301856040955,,49.09952926635742
,5909,,,,,,,,,,2008.6197509765625,,27.00053596496582,,0.7193838357925415,,44.817630767822266
,5910,,,,,,,,,,2269.83935546875,,29.151914596557617,,0.629377007484436,,47.6428337097168
,5911,,,,,,,,,,1548.31396484375,,25.116424560546875,,0.7508639097213745,,39.3486213684082
,5912,,,,,,,,,,1513.8203125,,23.637161254882812,,0.749570369720459,,38.90784454345703
,5913,,,,,,,,,,2098.624267578125,,29.520633697509766,,0.6875636577606201,,45.81074523925781
,5914,,,,,,,,,,2204.98046875,,31.26301383972168,,0.649712324142456,,46.957218170166016
,5915,,,,,,,,,,2144.377685546875,,30.073740005493164,,0.6758726835250854,,46.30742263793945
,5916,,,,,,,,,,2183.644287109375,,29.364749908447266,,0.7185546159744263,,46.7294807434082
,5917,,,,,,,,,,1655.169677734375,,24.749984741210938,,0.7390440702438354,,40.68377685546875
,5918,,,,,,,,,,2157.19580078125,,30.76803970336914,,0.6533386707305908,,46.445621490478516
,5919,,,,,,,,,,1726.898681640625,,25.693557739257812,,0.7523126602172852,,41.55596923828125
,5920,,,,,,,,,,1867.841552734375,,26.22327423095703,,0.6608264446258545,,43.21853256225586
,5921,,,,,,,,,,1990.2470703125,,29.188987731933594,,0.658119797706604,,44.612186431884766
,5922,,,,,,,,,,1876.7685546875,,26.60294532775879,,0.7375164031982422,,43.321685791015625
,5923,,,,,,,,,,2271.194091796875,,29.692659378051758,,0.6725683212280273,,47.657047271728516
,5924,,,,,,,,,,3407.02294921875,,40.756439208984375,,0.6065207719802856,,58.36970520019531
,5925,,,,,,,,,,2759.953857421875,,35.56975173950195,,0.5766167640686035,,52.5352668762207
,5926,,,,,,,,,,2314.427490234375,,31.088668823242188,,0.6647783517837524,,48.108497619628906
,5927,,,,,,,,,,1857.7554931640625,,25.922359466552734,,0.7262080907821655,,43.101688385009766
,5928,,,,,,,,,,3068.314208984375,,38.995662689208984,,0.5815531015396118,,55.392364501953125
,5929,,,,,,,,,,1987.7320556640625,,26.840635299682617,,0.6955369710922241,,44.58399200439453
,5930,,,,,,,,,,2050.393798828125,,28.167207717895508,,0.6525834202766418,,45.281272888183594
,5931,,,,,,,,,,1845.663818359375,,27.35919189453125,,0.638451874256134,,42.96118927001953
,5932,,,,,,,,,,2341.034423828125,,33.07428741455078,,0.6157407760620117,,48.384239196777344
,5933,,,,,,,,,,1967.7210693359375,,26.419960021972656,,0.7035872936248779,,44.35900115966797
,5934,,,,,,,,,,1950.023681640625,,27.937152862548828,,0.7086933851242065,,44.15907287597656
,5935,,,,,,,,,,1634.0006103515625,,25.61150550842285,,0.7107449769973755,,40.42277526855469
,5936,,,,,,,,,,1734.1734619140625,,23.904476165771484,,0.7046035528182983,,41.643409729003906
,5937,,,,,,,,,,2640.7138671875,,34.072898864746094,,0.604714035987854,,51.38787841796875
,5938,,,,,,,,,,2035.9710693359375,,28.67734718322754,,0.6863582730293274,,45.121734619140625
,5939,,,,,,,,,,2192.439208984375,,30.076692581176758,,0.6909875869750977,,46.82349395751953
,5940,,,,,,,,,,2152.977294921875,,29.96990966796875,,0.6903939247131348,,46.400184631347656
,5941,,,,,,,,,,1679.687255859375,,23.69271469116211,,0.694666862487793,,40.983985900878906
,5942,,,,,,,,,,1761.1400146484375,,25.056062698364258,,0.708680272102356,,41.965938568115234
,5943,,,,,,,,,,1806.92041015625,,23.423017501831055,,0.6737959980964661,,42.50788497924805
,5944,,,,,,,,,,2039.794921875,,29.803119659423828,,0.7124980688095093,,45.16408920288086
,5945,,,,,,,,,,2306.33056640625,,31.271930694580078,,0.6615093350410461,,48.024269104003906
,5946,,,,,,,,,,2234.372314453125,,29.300182342529297,,0.6928931474685669,,47.26914596557617
,5947,,,,,,,,,,2274.6318359375,,30.62841796875,,0.6486169099807739,,47.69309997558594
,5948,,,,,,,,,,1553.5057373046875,,22.979400634765625,,0.7267420291900635,,39.41453552246094
,5949,,,,,,,,,,2080.51513671875,,28.30602264404297,,0.7077891826629639,,45.61266326904297
,5950,,,,,,,,,,2189.953369140625,,30.911897659301758,,0.6906554698944092,,46.79693603515625
,5951,,,,,,,,,,2159.291259765625,,29.693130493164062,,0.674217939376831,,46.468177795410156
,5952,,,,,,,,,,2101.135009765625,,29.038305282592773,,0.6813249588012695,,45.838138580322266
,5953,,,,,,,,,,2508.74267578125,,35.31792068481445,,0.5848004817962646,,50.08734893798828
,5954,,,,,,,,,,1546.151123046875,,22.62575912475586,,0.7256374955177307,,39.321128845214844
,5955,,,,,,,,,,2393.326904296875,,30.074857711791992,,0.6171340942382812,,48.92163848876953
,5956,,,,,,,,,,1453.398681640625,,22.895580291748047,,0.6708827018737793,,38.12346649169922
,5957,,,,,,,,,,1610.38037109375,,24.428401947021484,,0.7453261613845825,,40.12954330444336
,5958,,,,,,,,,,2311.084228515625,,31.263174057006836,,0.7046682238578796,,48.07373809814453
,5959,,,,,,,,,,2306.48828125,,32.86785888671875,,0.6562061905860901,,48.025909423828125
,5960,,,,,,,,,,1428.188720703125,,19.75693702697754,,0.669987678527832,,37.791385650634766
,5961,,,,,,,,,,2388.603271484375,,33.09029769897461,,0.6274154186248779,,48.87334060668945
,5962,,,,,,,,,,2502.02001953125,,34.967254638671875,,0.5681729912757874,,50.020198822021484
,5963,,,,,,,,,,2176.806396484375,,31.076950073242188,,0.6912285089492798,,46.65625762939453
,5964,,,,,,,,,,1938.84326171875,,30.783676147460938,,0.7047837972640991,,44.03229904174805
,5965,,,,,,,,,,2329.66357421875,,31.11182403564453,,0.6656480431556702,,48.26658630371094
,5966,,,,,,,,,,1484.8779296875,,23.126253128051758,,0.6698681116104126,,38.534114837646484
,5967,,,,,,,,,,2203.635009765625,,26.44261360168457,,0.7310956716537476,,46.94289016723633
,5968,,,,,,,,,,2034.03271484375,,29.690244674682617,,0.6670922040939331,,45.100250244140625
,5969,,,,,,,,,,2026.3472900390625,,28.17953109741211,,0.6916083693504333,,45.01496887207031
,5970,,,,,,,,,,1901.2130126953125,,26.435935974121094,,0.677105188369751,,43.602901458740234
,5971,,,,,,,,,,2035.44775390625,,28.14936637878418,,0.7197733521461487,,45.115936279296875
,5972,,,,,,,,,,2189.915283203125,,28.852445602416992,,0.6512058973312378,,46.796531677246094
,5973,,,,,,,,,,2323.091796875,,30.618879318237305,,0.6481715440750122,,48.198463439941406
,5974,,,,,,,,,,1894.4273681640625,,26.791820526123047,,0.7306687831878662,,43.525020599365234
,5975,,,,,,,,,,1966.771728515625,,25.896461486816406,,0.6399261355400085,,44.348297119140625
,5976,,,,,,,,,,1673.423828125,,24.077327728271484,,0.729590892791748,,40.907501220703125
,5977,,,,,,,,,,2017.609375,,28.405794143676758,,0.6620945930480957,,44.917808532714844
,5978,,,,,,,,,,1695.57177734375,,22.63909912109375,,0.7380337119102478,,41.17731857299805
,5979,,,,,,,,,,2268.629150390625,,32.46040725708008,,0.6953659653663635,,47.630126953125
,5980,,,,,,,,,,2275.297119140625,,31.828733444213867,,0.6644744873046875,,47.700077056884766
,5981,,,,,,,,,,1499.7235107421875,,21.81697654724121,,0.761378288269043,,38.72626495361328
,5982,,,,,,,,,,1708.7371826171875,,25.126794815063477,,0.6839849948883057,,41.336875915527344
,5983,,,,,,,,,,2783.8916015625,,36.1683349609375,,0.6329352259635925,,52.762596130371094
,5984,,,,,,,,,,1733.5897216796875,,24.743743896484375,,0.7051011323928833,,41.63639831542969
,5985,,,,,,,,,,1756.393310546875,,24.721755981445312,,0.7569820880889893,,41.90934753417969
,5986,,,,,,,,,,2460.310546875,,31.560588836669922,,0.6164045929908752,,49.60152053833008
,5987,,,,,,,,,,2299.508544921875,,32.41989517211914,,0.6119936108589172,,47.953189849853516
,5988,,,,,,,,,,2835.733154296875,,36.272804260253906,,0.6500224471092224,,53.25160217285156
,5989,,,,,,,,,,1702.777587890625,,26.845041275024414,,0.7192115783691406,,41.26472473144531
,5990,,,,,,,,,,2646.99609375,,34.800899505615234,,0.710536777973175,,51.44896697998047
,5991,,,,,,,,,,1328.79833984375,,21.323591232299805,,0.7910000085830688,,36.45268630981445
,5992,,,,,,,,,,1728.6749267578125,,23.755998611450195,,0.7002724409103394,,41.577335357666016
,5993,,,,,,,,,,1904.660888671875,,26.601728439331055,,0.6797984838485718,,43.64242172241211
,5994,,,,,,,,,,2432.94140625,,31.052444458007812,,0.6374098062515259,,49.32485580444336
,5995,,,,,,,,,,2520.419921875,,34.559078216552734,,0.6276782751083374,,50.20378494262695
,5996,,,,,,,,,,2592.02880859375,,32.46369934082031,,0.6595566868782043,,50.91197204589844
,5997,,,,,,,,,,2240.14892578125,,29.702287673950195,,0.6596904397010803,,47.33020782470703
,5998,,,,,,,,,,2444.950439453125,,28.74930763244629,,0.6646167039871216,,49.446441650390625
,5999,,,,,,,,,,1874.008056640625,,28.309263229370117,,0.7134515047073364,,43.28981399536133
,6000,,,,,,,,,,2653.793212890625,,33.962791442871094,,0.6634616851806641,,51.514984130859375
,6001,,,,,,,,,,2051.4228515625,,26.07090950012207,,0.7191951274871826,,45.29263687133789
,6002,,,,,,,,,,1967.2724609375,,27.28845977783203,,0.6966509819030762,,44.35394287109375
,6003,,,,,,,,,,2129.459228515625,,30.190847396850586,,0.668938398361206,,46.14606857299805
,6004,,,,,,,,,,2169.04736328125,,28.10532569885254,,0.7027934789657593,,46.57303237915039
,6005,,,,,,,,,,1465.2049560546875,,19.46788787841797,,0.7621745467185974,,38.27799606323242
38,18017,,,,,,,,,2061.47216796875,,28.471351623535156,,0.6834481358528137,,45.21064376831055,
38,18017,1987.354248046875,,27.769285202026367,,0.6987894177436829,,44.36663818359375,,,,,,,,,
39,18049,,1841.9525146484375,,26.706985473632812,,0.7016605138778687,,42.91797637939453,,,,,,,,
39,18099,,1734.03076171875,,24.294231414794922,,0.7580482363700867,,41.64169692993164,,,,,,,,
39,18149,,2651.6201171875,,37.780818939208984,,0.5948301553726196,,51.4938850402832,,,,,,,,
39,18199,,2124.89111328125,,28.856367111206055,,0.6965740919113159,,46.09654235839844,,,,,,,,
39,18249,,1784.310546875,,25.885791778564453,,0.6896649599075317,,42.2411003112793,,,,,,,,
39,18299,,2143.465087890625,,32.10124206542969,,0.6200307607650757,,46.297569274902344,,,,,,,,
39,18349,,1317.66259765625,,22.217052459716797,,0.819538950920105,,36.29962158203125,,,,,,,,
39,18399,,2035.6650390625,,28.21617317199707,,0.682704508304596,,45.118343353271484,,,,,,,,
39,18449,,1493.7952880859375,,23.646324157714844,,0.7487302422523499,,38.6496467590332,,,,,,,,
,6006,,,,,,,,,,1886.5716552734375,,26.551401138305664,,0.7279691696166992,,43.4346809387207
,6007,,,,,,,,,,1585.961181640625,,24.26469612121582,,0.7173581123352051,,39.824127197265625
,6008,,,,,,,,,,1808.4439697265625,,26.656408309936523,,0.7247263193130493,,42.52580261230469
,6009,,,,,,,,,,2567.595947265625,,33.79011154174805,,0.689889669418335,,50.671451568603516
,6010,,,,,,,,,,1794.28466796875,,25.022340774536133,,0.7122321128845215,,42.3589973449707
,6011,,,,,,,,,,2050.52880859375,,29.11210060119629,,0.6539177298545837,,45.28276062011719
,6012,,,,,,,,,,1562.750732421875,,22.64118003845215,,0.7121816277503967,,39.53164291381836
,6013,,,,,,,,,,2579.84716796875,,31.621824264526367,,0.695091724395752,,50.79219436645508
,6014,,,,,,,,,,2635.13232421875,,37.019798278808594,,0.6008097529411316,,51.33354187011719
,6015,,,,,,,,,,1656.9022216796875,,25.433135986328125,,0.6562065482139587,,40.70506286621094
,6016,,,,,,,,,,1752.8060302734375,,23.015653610229492,,0.683048665523529,,41.86652755737305
,6017,,,,,,,,,,2030.9725341796875,,29.399625778198242,,0.700452983379364,,45.06631088256836
,6018,,,,,,,,,,2168.37451171875,,29.380250930786133,,0.6335024237632751,,46.5658073425293
,6019,,,,,,,,,,1854.2315673828125,,26.83406639099121,,0.7131185531616211,,43.060791015625
,6020,,,,,,,,,,1644.0360107421875,,22.335752487182617,,0.688027560710907,,40.54671096801758
,6021,,,,,,,,,,2734.630615234375,,35.09156036376953,,0.6146043539047241,,52.293697357177734
,6022,,,,,,,,,,1392.62158203125,,21.558069229125977,,0.740919828414917,,37.31784439086914
,6023,,,,,,,,,,1551.6434326171875,,21.820478439331055,,0.7555018067359924,,39.390907287597656
,6024,,,,,,,,,,1490.2431640625,,23.256587982177734,,0.7481521368026733,,38.603668212890625
,6025,,,,,,,,,,2061.58837890625,,28.659805297851562,,0.6677577495574951,,45.40471649169922
,6026,,,,,,,,,,1509.1004638671875,,22.819061279296875,,0.7593173980712891,,38.84714126586914
,6027,,,,,,,,,,1652.6875,,25.750104904174805,,0.7409939765930176,,40.65325927734375
,6028,,,,,,,,,,1863.9119873046875,,27.814687728881836,,0.7065131664276123,,43.17304611206055
,6029,,,,,,,,,,2868.076416015625,,38.066184997558594,,0.62473464012146,,53.55442428588867
,6030,,,,,,,,,,2471.4306640625,,32.31256866455078,,0.6689485311508179,,49.71348571777344
,6031,,,,,,,,,,2639.838134765625,,33.66720199584961,,0.6460522413253784,,51.379356384277344
,6032,,,,,,,,,,1061.8421630859375,,16.70937156677246,,0.7476410865783691,,32.58591842651367
,6033,,,,,,,,,,2251.29443359375,,30.78531837463379,,0.6913384795188904,,47.44780731201172
,6034,,,,,,,,,,1812.5181884765625,,28.119253158569336,,0.6937134265899658,,42.57368087768555
,6035,,,,,,,,,,2359.764892578125,,28.580934524536133,,0.6921172738075256,,48.57741165161133
,6036,,,,,,,,,,1836.9130859375,,25.399826049804688,,0.6719439625740051,,42.85922622680664
,6037,,,,,,,,,,1976.2596435546875,,28.25570297241211,,0.675224781036377,,44.45513916015625
,6038,,,,,,,,,,1700.572998046875,,24.568803787231445,,0.736325740814209,,41.23800277709961
,6039,,,,,,,,,,1958.2132568359375,,26.19512367248535,,0.7323402166366577,,44.251705169677734
,6040,,,,,,,,,,2699.475830078125,,31.60944366455078,,0.6727619171142578,,51.95648193359375
,6041,,,,,,,,,,1746.7899169921875,,24.42845344543457,,0.6773521900177002,,41.79461669921875
,6042,,,,,,,,,,2771.49462890625,,31.371381759643555,,0.559550404548645,,52.644989013671875
,6043,,,,,,,,,,1786.26318359375,,26.16815757751465,,0.6549522876739502,,42.26420974731445
,6044,,,,,,,,,,2136.0498046875,,28.058135986328125,,0.7181205153465271,,46.2174186706543
,6045,,,,,,,,,,1852.5675048828125,,24.368581771850586,,0.7334964275360107,,43.04146194458008
,6046,,,,,,,,,,1974.5897216796875,,29.5847225189209,,0.6943886876106262,,44.43635559082031
,6047,,,,,,,,,,1911.260009765625,,27.338937759399414,,0.6701046824455261,,43.717960357666016
,6048,,,,,,,,,,1947.098388671875,,25.871688842773438,,0.6682777404785156,,44.125938415527344
,6049,,,,,,,,,,2526.6259765625,,30.93709945678711,,0.6624565720558167,,50.26555633544922
,6050,,,,,,,,,,1930.3768310546875,,26.54084014892578,,0.6686366200447083,,43.93605422973633
,6051,,,,,,,,,,2387.582275390625,,30.355533599853516,,0.6781954169273376,,48.862892150878906
,6052,,,,,,,,,,1733.3050537109375,,25.69403076171875,,0.7022618055343628,,41.63298034667969
,6053,,,,,,,,,,1915.4337158203125,,29.18277359008789,,0.6686829328536987,,43.76566696166992
,6054,,,,,,,,,,2344.447265625,,32.971763610839844,,0.6725382804870605,,48.419490814208984
,6055,,,,,,,,,,2400.875732421875,,33.7647819519043,,0.6752171516418457,,48.99872970581055
,6056,,,,,,,,,,1784.1929931640625,,24.747085571289062,,0.6891123056411743,,42.239707946777344
,6057,,,,,,,,,,1968.591796875,,28.023468017578125,,0.7696540355682373,,44.36881637573242
,6058,,,,,,,,,,2693.323974609375,,35.31659698486328,,0.5791028738021851,,51.897247314453125
,6059,,,,,,,,,,2092.302001953125,,27.89679718017578,,0.7228930592536926,,45.7416877746582
,6060,,,,,,,,,,2286.207763671875,,30.13611602783203,,0.7072633504867554,,47.81430435180664
,6061,,,,,,,,,,1872.2852783203125,,28.926668167114258,,0.6819981932640076,,43.2699089050293
,6062,,,,,,,,,,2395.760986328125,,33.08567428588867,,0.5807555913925171,,48.946510314941406
,6063,,,,,,,,,,1998.0689697265625,,26.769195556640625,,0.7208578586578369,,44.699764251708984
,6064,,,,,,,,,,2272.459228515625,,29.082300186157227,,0.6289492845535278,,47.67032241821289
,6065,,,,,,,,,,1568.249755859375,,25.14080047607422,,0.7476560473442078,,39.601131439208984
,6066,,,,,,,,,,1504.624267578125,,23.364585876464844,,0.7510916590690613,,38.789485931396484
,6067,,,,,,,,,,2109.57763671875,,29.417539596557617,,0.685932993888855,,45.930137634277344
,6068,,,,,,,,,,2206.2333984375,,31.166086196899414,,0.649513304233551,,46.970558166503906
,6069,,,,,,,,,,2152.25732421875,,30.10095977783203,,0.6746816635131836,,46.39242935180664
,6070,,,,,,,,,,2164.664794921875,,29.06585121154785,,0.7210007905960083,,46.52595901489258
,6071,,,,,,,,,,1642.9027099609375,,24.458606719970703,,0.7409781217575073,,40.532737731933594
,6072,,,,,,,,,,2149.94873046875,,30.628170013427734,,0.654503345489502,,46.36753845214844
,6073,,,,,,,,,,1721.1409912109375,,25.555917739868164,,0.7531384229660034,,41.48663330078125
,6074,,,,,,,,,,1852.2388916015625,,25.998329162597656,,0.6636596322059631,,43.03764343261719
,6075,,,,,,,,,,1981.1788330078125,,29.134838104248047,,0.6596775054931641,,44.510433197021484
,6076,,,,,,,,,,1843.0418701171875,,26.18528175354004,,0.742233395576477,,42.9306640625
,6077,,,,,,,,,,2245.281494140625,,29.24960708618164,,0.6763039827346802,,47.384403228759766
,6078,,,,,,,,,,3426.384521484375,,40.88776397705078,,0.6042846441268921,,58.53532791137695
,6079,,,,,,,,,,2758.4375,,35.57585906982422,,0.5768493413925171,,52.52083206176758
,6080,,,,,,,,,,2291.30419921875,,30.70147705078125,,0.6681275367736816,,47.86756896972656
,6081,,,,,,,,,,1855.982421875,,25.779010772705078,,0.7264693975448608,,43.08111572265625
,6082,,,,,,,,,,3053.913818359375,,38.73200607299805,,0.5835169553756714,,55.26222610473633
,6083,,,,,,,,,,2069.6748046875,,27.02092170715332,,0.682985782623291,,45.49367904663086
,6084,,,,,,,,,,2037.7252197265625,,27.99123191833496,,0.654729962348938,,45.14116668701172
,6085,,,,,,,,,,1820.43994140625,,27.079029083251953,,0.6433929800987244,,42.6666145324707
,6086,,,,,,,,,,2352.3525390625,,33.04766845703125,,0.6138830184936523,,48.50105667114258
,6087,,,,,,,,,,1960.7384033203125,,26.339067459106445,,0.704639196395874,,44.28022766113281
,6088,,,,,,,,,,1943.716064453125,,27.68489646911621,,0.7096357345581055,,44.08759689331055
,6089,,,,,,,,,,1626.3114013671875,,25.381664276123047,,0.7121061086654663,,40.327552795410156
,6090,,,,,,,,,,1724.5963134765625,,23.75156021118164,,0.706234872341156,,41.52825927734375
,6091,,,,,,,,,,2627.151611328125,,33.94505310058594,,0.6067441701889038,,51.2557487487793
,6092,,,,,,,,,,2025.9326171875,,28.471464157104492,,0.6879047155380249,,45.01036071777344
,6093,,,,,,,,,,2204.052001953125,,30.08464813232422,,0.6893508434295654,,46.94733428955078
,6094,,,,,,,,,,2163.03564453125,,29.92717933654785,,0.6889475584030151,,46.508445739746094
,6095,,,,,,,,,,1670.4095458984375,,23.564876556396484,,0.6963533163070679,,40.870643615722656
,6096,,,,,,,,,,1758.8428955078125,,24.931711196899414,,0.7090601921081543,,41.938560485839844
,6097,,,,,,,,,,1872.241943359375,,23.750661849975586,,0.6620035171508789,,43.269412994384766
,6098,,,,,,,,,,2028.124267578125,,29.631576538085938,,0.7141429781913757,,45.03470230102539
,6099,,,,,,,,,,2310.053955078125,,31.238847732543945,,0.6609628796577454,,48.063018798828125
,6100,,,,,,,,,,2226.478271484375,,29.17367935180664,,0.6939781904220581,,47.18557357788086
,6101,,,,,,,,,,2277.00244140625,,30.487728118896484,,0.6482506990432739,,47.71794891357422
,6102,,,,,,,,,,1562.6812744140625,,22.948190689086914,,0.7251280546188354,,39.53076171875
,6103,,,,,,,,,,2073.257080078125,,28.177873611450195,,0.7088086009025574,,45.53303146362305
,6104,,,,,,,,,,2193.701416015625,,30.887422561645508,,0.6901260018348694,,46.83696746826172
,6105,,,,,,,,,,2160.275146484375,,29.632247924804688,,0.6740694642066956,,46.478763580322266
,6106,,,,,,,,,,2083.14892578125,,28.79332160949707,,0.6840528845787048,,45.64152526855469
,6107,,,,,,,,,,2505.147216796875,,35.173194885253906,,0.5853955745697021,,50.05144500732422
,6108,,,,,,,,,,1537.0345458984375,,22.412158966064453,,0.7272552251815796,,39.20503234863281
,6109,,,,,,,,,,2382.666259765625,,29.871967315673828,,0.6188395023345947,,48.81256103515625
,6110,,,,,,,,,,1444.3521728515625,,22.617351531982422,,0.6729311943054199,,38.004634857177734
,6111,,,,,,,,,,1612.7691650390625,,24.415468215942383,,0.7449483871459961,,40.159297943115234
,6112,,,,,,,,,,2312.633544921875,,31.1938419342041,,0.7044702768325806,,48.089847564697266
,6113,,,,,,,,,,2285.236328125,,32.60295486450195,,0.6593738794326782,,47.804141998291016
,6114,,,,,,,,,,1402.5411376953125,,19.310588836669922,,0.6759140491485596,,37.45051574707031
,6115,,,,,,,,,,2376.64013671875,,32.94813919067383,,0.6292814612388611,,48.750797271728516
,6116,,,,,,,,,,2481.369140625,,34.70853805541992,,0.5717371702194214,,49.81334686279297
,6117,,,,,,,,,,2166.49169921875,,30.88880157470703,,0.6926915645599365,,46.54558563232422
,6118,,,,,,,,,,1946.9630126953125,,30.71892738342285,,0.703547477722168,,44.12440490722656
,6119,,,,,,,,,,2339.53564453125,,31.12038230895996,,0.6642311811447144,,48.36874771118164
,6120,,,,,,,,,,1480.894287109375,,23.011066436767578,,0.6707537770271301,,38.482391357421875
,6121,,,,,,,,,,2195.62646484375,,26.26542091369629,,0.7320729494094849,,46.857513427734375
,6122,,,,,,,,,,2012.4735107421875,,29.42751693725586,,0.6706207990646362,,44.860599517822266
,6123,,,,,,,,,,2015.4654541015625,,27.970623016357422,,0.6932644844055176,,44.89393615722656
,6124,,,,,,,,,,1889.6199951171875,,26.19538688659668,,0.6790741682052612,,43.46976089477539
,6125,,,,,,,,,,2054.184814453125,,28.14404296875,,0.7171937823295593,,45.323116302490234
,6126,,,,,,,,,,2193.805908203125,,28.764211654663086,,0.6505862474441528,,46.83808135986328
,6127,,,,,,,,,,2314.983642578125,,30.48993682861328,,0.6493995189666748,,48.11427688598633
,6128,,,,,,,,,,1899.1715087890625,,26.615388870239258,,0.7299942970275879,,43.57948303222656
,6129,,,,,,,,,,1962.95654296875,,25.79085350036621,,0.6406245827674866,,44.30526351928711
,6130,,,,,,,,,,1666.4632568359375,,23.999263763427734,,0.7307156324386597,,40.82233810424805
,6131,,,,,,,,,,1985.147216796875,,28.088836669921875,,0.6675313115119934,,44.55499267578125
,6132,,,,,,,,,,1697.917236328125,,22.58599853515625,,0.7376713156700134,,41.20579147338867
,6133,,,,,,,,,,2261.428466796875,,32.37092208862305,,0.6963329315185547,,47.55447769165039
,6134,,,,,,,,,,2279.162109375,,31.855993270874023,,0.6639045476913452,,47.74057388305664
,6135,,,,,,,,,,1501.5853271484375,,21.710481643676758,,0.7610820531845093,,38.75029373168945
,6136,,,,,,,,,,1699.600341796875,,24.982847213745117,,0.685674786567688,,41.2262077331543
,6137,,,,,,,,,,2780.188232421875,,36.08622360229492,,0.6334235668182373,,52.72748947143555
,6138,,,,,,,,,,1726.73681640625,,24.519542694091797,,0.7062668800354004,,41.55402374267578
,6139,,,,,,,,,,1766.2579345703125,,24.724775314331055,,0.7556172013282776,,42.02687072753906
,6140,,,,,,,,,,2456.36962890625,,31.52865219116211,,0.6170190572738647,,49.56177520751953
,6141,,,,,,,,,,2308.53759765625,,32.40916442871094,,0.6104700565338135,,48.047245025634766
,6142,,,,,,,,,,2867.334716796875,,36.399017333984375,,0.6461222767829895,,53.54750061035156
,6143,,,,,,,,,,1708.1285400390625,,26.859777450561523,,0.7183291912078857,,41.32951354980469
,6144,,,,,,,,,,2661.1142578125,,34.779598236083984,,0.7089928388595581,,51.58598709106445
,6145,,,,,,,,,,1326.5538330078125,,21.1925048828125,,0.7913530468940735,,36.4218864440918
,6146,,,,,,,,,,1709.47900390625,,23.529327392578125,,0.7036007642745972,,41.345848083496094
,6147,,,,,,,,,,1941.0064697265625,,26.88068199157715,,0.6736881732940674,,44.056854248046875
,6148,,,,,,,,,,2428.62060546875,,30.946165084838867,,0.6380537152290344,,49.281036376953125
,6149,,,,,,,,,,2511.344482421875,,34.56126403808594,,0.6290189027786255,,50.11331558227539
,6150,,,,,,,,,,2609.866943359375,,32.48310089111328,,0.6572138071060181,,51.08685302734375
,6151,,,,,,,,,,2220.1650390625,,29.456205368041992,,0.6627262830734253,,47.11862564086914
,6152,,,,,,,,,,2444.21435546875,,28.805862426757812,,0.6647176742553711,,49.438995361328125
,6153,,,,,,,,,,1867.0064697265625,,28.0748291015625,,0.714522123336792,,43.20886993408203
,6154,,,,,,,,,,2669.30517578125,,34.03258514404297,,0.6614946126937866,,51.66531753540039
,6155,,,,,,,,,,2040.9815673828125,,25.91219139099121,,0.7206243276596069,,45.177223205566406
,6156,,,,,,,,,,1958.2869873046875,,27.098928451538086,,0.6980365514755249,,44.25253677368164
,6157,,,,,,,,,,2121.4169921875,,29.904592514038086,,0.6701887249946594,,46.058841705322266
,6158,,,,,,,,,,2203.1533203125,,28.15241813659668,,0.6981202363967896,,46.93775939941406
,6159,,,,,,,,,,1462.1248779296875,,19.411510467529297,,0.7626745104789734,,38.23774337768555
39,18479,,,,,,,,,2060.649658203125,,28.351036071777344,,0.6836169362068176,,45.19789123535156,
39,18479,1999.775634765625,,27.895063400268555,,0.6976875066757202,,44.51472854614258,,,,,,,,,
40,18499,,2392.983642578125,,33.325443267822266,,0.6487022042274475,,48.91813278198242,,,,,,,,
40,18549,,2071.57373046875,,32.77495193481445,,0.7091217041015625,,45.51454544067383,,,,,,,,
40,18599,,2020.5753173828125,,31.889368057250977,,0.6627658605575562,,44.950809478759766,,,,,,,,
40,18649,,2013.6123046875,,27.80030632019043,,0.6522600054740906,,44.873294830322266,,,,,,,,
40,18699,,1849.9569091796875,,27.221189498901367,,0.6868683099746704,,43.01112365722656,,,,,,,,
40,18749,,2539.61572265625,,36.1098747253418,,0.6734384894371033,,50.39459991455078,,,,,,,,
40,18799,,1698.0423583984375,,24.934341430664062,,0.7331872582435608,,41.20730972290039,,,,,,,,
40,18849,,1602.444091796875,,22.977783203125,,0.681657075881958,,40.03053665161133,,,,,,,,
40,18899,,2191.340087890625,,30.491199493408203,,0.7050448060035706,,46.81175231933594,,,,,,,,
,6160,,,,,,,,,,1899.3702392578125,,26.444149017333984,,0.7261236906051636,,43.581764221191406
,6161,,,,,,,,,,1565.998046875,,24.003822326660156,,0.7209157943725586,,39.57269287109375
,6162,,,,,,,,,,1801.7373046875,,26.49250602722168,,0.7257471680641174,,42.446876525878906
,6163,,,,,,,,,,2582.25244140625,,33.9854621887207,,0.6881194710731506,,50.81586837768555
,6164,,,,,,,,,,1836.8699951171875,,25.175065994262695,,0.7054023146629333,,42.85872268676758
,6165,,,,,,,,,,2019.0865478515625,,28.83785057067871,,0.6592244505882263,,44.93424606323242
,6166,,,,,,,,,,1576.9989013671875,,22.575647354125977,,0.7095574736595154,,39.711448669433594
,6167,,,,,,,,,,2633.66015625,,31.913637161254883,,0.6887316703796387,,51.31919860839844
,6168,,,,,,,,,,2608.103271484375,,36.86170196533203,,0.6049043536186218,,51.0695915222168
,6169,,,,,,,,,,1615.7489013671875,,24.93170738220215,,0.6647455096244812,,40.196380615234375
,6170,,,,,,,,,,1761.9803466796875,,22.941438674926758,,0.6813897490501404,,41.975948333740234
,6171,,,,,,,,,,2042.3626708984375,,29.417068481445312,,0.6987730264663696,,45.192508697509766
,6172,,,,,,,,,,2156.684814453125,,29.117820739746094,,0.6354782581329346,,46.440120697021484
,6173,,,,,,,,,,1844.128173828125,,26.67397689819336,,0.7146817445755005,,42.94331359863281
,6174,,,,,,,,,,1645.64990234375,,22.22385597229004,,0.687721312046051,,40.56660842895508
,6175,,,,,,,,,,2725.14111328125,,34.98898696899414,,0.6159417033195496,,52.202884674072266
,6176,,,,,,,,,,1393.163818359375,,21.382020950317383,,0.740818977355957,,37.32510757446289
,6177,,,,,,,,,,1562.391845703125,,21.740150451660156,,0.7538081407546997,,39.527103424072266
,6178,,,,,,,,,,1488.6431884765625,,23.299396514892578,,0.7484225034713745,,38.58293914794922
,6179,,,,,,,,,,2049.3056640625,,28.306516647338867,,0.6697372198104858,,45.269256591796875
,6180,,,,,,,,,,1493.3173828125,,22.630779266357422,,0.7618346214294434,,38.643463134765625
,6181,,,,,,,,,,1678.3900146484375,,26.041189193725586,,0.7369658946990967,,40.96815872192383
,6182,,,,,,,,,,1860.8214111328125,,27.62970733642578,,0.7069998383522034,,43.137237548828125
,6183,,,,,,,,,,2876.615478515625,,37.85475540161133,,0.6236173510551453,,53.63408660888672
,6184,,,,,,,,,,2532.59326171875,,32.7178955078125,,0.6607557535171509,,50.32487869262695
,6185,,,,,,,,,,2614.161376953125,,33.41018295288086,,0.6494949460029602,,51.12887191772461
,6186,,,,,,,,,,1055.51171875,,16.434295654296875,,0.7491455674171448,,32.48863983154297
,6187,,,,,,,,,,2255.87744140625,,30.75636863708496,,0.6907101273536682,,47.49607849121094
,6188,,,,,,,,,,1831.844970703125,,28.241605758666992,,0.6904475092887878,,42.80005645751953
,6189,,,,,,,,,,2365.50341796875,,28.456941604614258,,0.691368579864502,,48.63644027709961
,6190,,,,,,,,,,1817.3360595703125,,25.155241012573242,,0.67544025182724,,42.630226135253906
,6191,,,,,,,,,,1985.976806640625,,28.207706451416016,,0.6736278533935547,,44.564300537109375
,6192,,,,,,,,,,1704.3685302734375,,24.558101654052734,,0.7357373237609863,,41.28399658203125
,6193,,,,,,,,,,2003.4462890625,,26.29288101196289,,0.7261574268341064,,44.75987243652344
,6194,,,,,,,,,,2703.9794921875,,31.54535675048828,,0.6722160577774048,,51.99980163574219
,6195,,,,,,,,,,1742.187255859375,,24.154006958007812,,0.6782023906707764,,41.73951721191406
,6196,,,,,,,,,,2712.777587890625,,30.950185775756836,,0.5688817501068115,,52.08433532714844
,6197,,,,,,,,,,1745.2249755859375,,25.93378257751465,,0.6628795266151428,,41.7758903503418
,6198,,,,,,,,,,2146.478271484375,,27.985939025878906,,0.7167443037033081,,46.330101013183594
,6199,,,,,,,,,,1837.268798828125,,24.16399574279785,,0.7356972694396973,,42.863372802734375
,6200,,,,,,,,,,1978.014892578125,,29.597492218017578,,0.6938585638999939,,44.47488021850586
,6201,,,,,,,,,,1889.437744140625,,27.11988067626953,,0.6738713383674622,,43.4676628112793
,6202,,,,,,,,,,1918.7518310546875,,25.554729461669922,,0.6731070876121521,,43.80356216430664
,6203,,,,,,,,,,2553.628662109375,,31.00577163696289,,0.6588491201400757,,50.53343963623047
,6204,,,,,,,,,,1943.8233642578125,,26.52535057067871,,0.6663284301757812,,44.08881378173828
,6205,,,,,,,,,,2425.99609375,,30.55805206298828,,0.6730178594589233,,49.25440216064453
,6206,,,,,,,,,,1739.8955078125,,25.694896697998047,,0.701129674911499,,41.71205520629883
,6207,,,,,,,,,,1887.55859375,,28.855085372924805,,0.6735045909881592,,43.446041107177734
,6208,,,,,,,,,,2359.64892578125,,33.06852722167969,,0.670414924621582,,48.57621765136719
,6209,,,,,,,,,,2386.79345703125,,33.63109588623047,,0.6771221160888672,,48.854820251464844
,6210,,,,,,,,,,1790.1156005859375,,24.597393035888672,,0.6880803108215332,,42.309757232666016
,6211,,,,,,,,,,1993.0908203125,,28.069583892822266,,0.7667873501777649,,44.644046783447266
,6212,,,,,,,,,,2706.197998046875,,35.34409713745117,,0.5770909786224365,,52.02113342285156
,6213,,,,,,,,,,2097.578125,,27.861970901489258,,0.722194254398346,,45.79932403564453
,6214,,,,,,,,,,2277.1416015625,,29.936120986938477,,0.7084242105484009,,47.71940612792969
,6215,,,,,,,,,,1883.3572998046875,,28.965763092041016,,0.6801176071166992,,43.39766311645508
,6216,,,,,,,,,,2366.8056640625,,32.9388542175293,,0.5858227014541626,,48.64982604980469
,6217,,,,,,,,,,2005.8099365234375,,26.74872589111328,,0.7197763919830322,,44.78627014160156
,6218,,,,,,,,,,2259.262451171875,,28.92478370666504,,0.631104052066803,,47.531700134277344
,6219,,,,,,,,,,1563.2237548828125,,24.905954360961914,,0.7484647631645203,,39.53762435913086
,6220,,,,,,,,,,1514.9971923828125,,23.366077423095703,,0.7493757009506226,,38.92296600341797
,6221,,,,,,,,,,2125.565673828125,,29.390201568603516,,0.6835527420043945,,46.103858947753906
,6222,,,,,,,,,,2167.78955078125,,30.727630615234375,,0.6556205749511719,,46.55952835083008
,6223,,,,,,,,,,2140.823974609375,,29.984304428100586,,0.6764098405838013,,46.269039154052734
,6224,,,,,,,,,,2169.791259765625,,28.919416427612305,,0.7203400731086731,,46.581016540527344
,6225,,,,,,,,,,1637.0584716796875,,24.262561798095703,,0.7418994903564453,,40.46057891845703
,6226,,,,,,,,,,2165.367919921875,,30.631547927856445,,0.6520254611968994,,46.533512115478516
,6227,,,,,,,,,,1706.9622802734375,,25.264551162719727,,0.755172073841095,,41.315399169921875
,6228,,,,,,,,,,1868.3685302734375,,25.992748260498047,,0.6607307195663452,,43.22462844848633
,6229,,,,,,,,,,1955.1201171875,,28.60218048095703,,0.6641538143157959,,44.216739654541016
,6230,,,,,,,,,,1782.717041015625,,25.71862030029297,,0.7506704330444336,,42.222232818603516
,6231,,,,,,,,,,2205.32373046875,,28.73444175720215,,0.6820646524429321,,46.960872650146484
,6232,,,,,,,,,,3478.646484375,,40.9629020690918,,0.5982488393783569,,58.98005294799805
,6233,,,,,,,,,,2799.18359375,,35.69443130493164,,0.570598840713501,,52.907310485839844
,6234,,,,,,,,,,2278.67138671875,,30.415802001953125,,0.6699572205543518,,47.73543167114258
,6235,,,,,,,,,,1864.6319580078125,,25.796585083007812,,0.7251946926116943,,43.1813850402832
,6236,,,,,,,,,,3061.6318359375,,38.71817398071289,,0.5824643969535828,,55.33201599121094
,6237,,,,,,,,,,2048.74560546875,,26.850753784179688,,0.6861915588378906,,45.2630729675293
,6238,,,,,,,,,,2041.269775390625,,27.889741897583008,,0.6541293859481812,,45.18041229248047
,6239,,,,,,,,,,1832.8975830078125,,26.945388793945312,,0.6409526467323303,,42.812355041503906
,6240,,,,,,,,,,2368.77734375,,33.16390609741211,,0.6111871004104614,,48.67008590698242
,6241,,,,,,,,,,1975.079345703125,,26.56759262084961,,0.7024788856506348,,44.441864013671875
,6242,,,,,,,,,,1929.0067138671875,,27.51039695739746,,0.711833119392395,,43.92045974731445
,6243,,,,,,,,,,1643.0645751953125,,25.505678176879883,,0.709140419960022,,40.534732818603516
,6244,,,,,,,,,,1704.02490234375,,23.64125633239746,,0.7097389698028564,,41.27983856201172
,6245,,,,,,,,,,2563.4580078125,,33.45152282714844,,0.6162784099578857,,50.6306037902832
,6246,,,,,,,,,,1991.76025390625,,27.934444427490234,,0.6931689977645874,,44.62914276123047
,6247,,,,,,,,,,2227.099609375,,30.122774124145508,,0.6861023902893066,,47.19215774536133
,6248,,,,,,,,,,2179.834716796875,,29.88409996032715,,0.6865317821502686,,46.68870162963867
,6249,,,,,,,,,,1666.34326171875,,23.599233627319336,,0.6970925331115723,,40.82086944580078
,6250,,,,,,,,,,1758.7264404296875,,24.735687255859375,,0.7090795040130615,,41.937171936035156
,6251,,,,,,,,,,1923.9615478515625,,24.025959014892578,,0.6526665687561035,,43.86298751831055
,6252,,,,,,,,,,2052.162841796875,,29.77881622314453,,0.7107548713684082,,45.30080032348633
,6253,,,,,,,,,,2327.118896484375,,31.271774291992188,,0.6584583520889282,,48.24021911621094
,6254,,,,,,,,,,2245.41259765625,,29.27510643005371,,0.691375732421875,,47.385780334472656
,6255,,,,,,,,,,2255.171875,,30.285634994506836,,0.651623010635376,,47.488651275634766
,6256,,,,,,,,,,1571.3995361328125,,22.901592254638672,,0.7235945463180542,,39.6408805847168
,6257,,,,,,,,,,2121.015869140625,,28.492198944091797,,0.7021008133888245,,46.05448913574219
,6258,,,,,,,,,,2198.076416015625,,30.949066162109375,,0.6895080208778381,,46.88364791870117
,6259,,,,,,,,,,2147.86376953125,,29.485191345214844,,0.675942063331604,,46.34505081176758
,6260,,,,,,,,,,2106.911865234375,,28.870479583740234,,0.6804487705230713,,45.9011116027832
,6261,,,,,,,,,,2545.597900390625,,35.36909484863281,,0.5787009000778198,,50.45391845703125
,6262,,,,,,,,,,1542.769775390625,,22.3940486907959,,0.7262375354766846,,39.278106689453125
,6263,,,,,,,,,,2401.483642578125,,29.868261337280273,,0.6158292293548584,,49.00493621826172
,6264,,,,,,,,,,1443.4447021484375,,22.6342830657959,,0.6731367111206055,,37.99269104003906
,6265,,,,,,,,,,1621.9810791015625,,24.209074020385742,,0.743491530418396,,40.273826599121094
,6266,,,,,,,,,,2324.837646484375,,31.259973526000977,,0.7029106616973877,,48.21657180786133
,6267,,,,,,,,,,2280.391845703125,,32.56605911254883,,0.6600959300994873,,47.753448486328125
,6268,,,,,,,,,,1427.2659912109375,,19.396331787109375,,0.6702008843421936,,37.7791748046875
,6269,,,,,,,,,,2399.56005859375,,32.96855545043945,,0.6257063150405884,,48.98530578613281
,6270,,,,,,,,,,2462.22021484375,,34.57194900512695,,0.5750421285629272,,49.620765686035156
,6271,,,,,,,,,,2169.25146484375,,30.74122428894043,,0.6923000812530518,,46.57522201538086
,6272,,,,,,,,,,1947.4515380859375,,30.738618850708008,,0.7034730911254883,,44.129940032958984
,6273,,,,,,,,,,2341.77001953125,,31.09124755859375,,0.6639105081558228,,48.39183807373047
,6274,,,,,,,,,,1455.861083984375,,22.658313751220703,,0.676319420337677,,38.15574645996094
,6275,,,,,,,,,,2234.005615234375,,26.353517532348633,,0.7273896932601929,,47.2652702331543
,6276,,,,,,,,,,1981.4930419921875,,29.12546157836914,,0.6756913661956787,,44.51396560668945
,6277,,,,,,,,,,1977.0634765625,,27.634946823120117,,0.6991089582443237,,44.46418380737305
,6278,,,,,,,,,,1887.4495849609375,,26.250200271606445,,0.6794427633285522,,43.444786071777344
,6279,,,,,,,,,,2050.9443359375,,28.249387741088867,,0.7176399230957031,,45.287353515625
,6280,,,,,,,,,,2221.422119140625,,28.944625854492188,,0.6461877226829529,,47.13196563720703
,6281,,,,,,,,,,2305.992919921875,,30.282442092895508,,0.6507611274719238,,48.020755767822266
,6282,,,,,,,,,,1909.640625,,26.557485580444336,,0.7285059690475464,,43.699432373046875
,6283,,,,,,,,,,1972.221435546875,,25.697755813598633,,0.6389284133911133,,44.409698486328125
,6284,,,,,,,,,,1684.615478515625,,24.01228904724121,,0.7277823686599731,,41.0440673828125
,6285,,,,,,,,,,1987.1800537109375,,28.030366897583008,,0.6671908497810364,,44.57780075073242
,6286,,,,,,,,,,1715.7261962890625,,22.764419555664062,,0.7349197864532471,,41.42132568359375
,6287,,,,,,,,,,2298.92919921875,,32.74741744995117,,0.6912972927093506,,47.947147369384766
,6288,,,,,,,,,,2271.119873046875,,31.60039520263672,,0.6650905013084412,,47.65626907348633
,6289,,,,,,,,,,1492.361328125,,21.46272087097168,,0.7625496983528137,,38.6310920715332
,6290,,,,,,,,,,1702.43115234375,,24.92679786682129,,0.685151219367981,,41.260528564453125
,6291,,,,,,,,,,2788.324951171875,,36.047576904296875,,0.6323506832122803,,52.804588317871094
,6292,,,,,,,,,,1742.6025390625,,24.588157653808594,,0.7035679817199707,,41.74449157714844
,6293,,,,,,,,,,1798.4227294921875,,25.01283073425293,,0.751166820526123,,42.407814025878906
,6294,,,,,,,,,,2424.05908203125,,31.020214080810547,,0.6220566630363464,,49.234737396240234
,6295,,,,,,,,,,2261.980224609375,,32.17118835449219,,0.61832594871521,,47.560279846191406
,6296,,,,,,,,,,2844.619140625,,36.10702133178711,,0.64892578125,,53.3349723815918
,6297,,,,,,,,,,1769.2645263671875,,27.382844924926758,,0.7082479000091553,,42.062625885009766
,6298,,,,,,,,,,2694.298828125,,34.930660247802734,,0.7053639888763428,,51.90663528442383
,6299,,,,,,,,,,1327.928955078125,,21.129417419433594,,0.7911367416381836,,36.440757751464844
,6300,,,,,,,,,,1734.283935546875,,23.54676055908203,,0.6992999315261841,,41.64473342895508
,6301,,,,,,,,,,1899.992919921875,,26.656997680664062,,0.6805831789970398,,43.58890914916992
,6302,,,,,,,,,,2441.62060546875,,30.970731735229492,,0.6361162662506104,,49.41276168823242
,6303,,,,,,,,,,2523.589111328125,,34.677303314208984,,0.6272101402282715,,50.23533630371094
,6304,,,,,,,,,,2573.0283203125,,32.22301483154297,,0.6620522737503052,,50.72502517700195
,6305,,,,,,,,,,2261.914306640625,,29.680419921875,,0.6563839912414551,,47.55958557128906
,6306,,,,,,,,,,2447.494873046875,,28.715303421020508,,0.6642677187919617,,49.472164154052734
,6307,,,,,,,,,,1885.259521484375,,28.011293411254883,,0.7117310762405396,,43.41957473754883
,6308,,,,,,,,,,2701.8134765625,,34.30279541015625,,0.6573721170425415,,51.978973388671875
,6309,,,,,,,,,,2043.2652587890625,,25.99358367919922,,0.7203117609024048,,45.202491760253906
,6310,,,,,,,,,,1952.895751953125,,26.88914680480957,,0.698867917060852,,44.19157791137695
,6311,,,,,,,,,,2083.6162109375,,29.473875045776367,,0.6760655641555786,,45.646644592285156
,6312,,,,,,,,,,2243.086669921875,,28.427995681762695,,0.6926485300064087,,47.361236572265625
,6313,,,,,,,,,,1485.41748046875,,19.49449920654297,,0.7588937282562256,,38.541114807128906
40,18941,,,,,,,,,2063.18603515625,,28.28191375732422,,0.6833387017250061,,45.22453308105469,
40,18941,1980.8720703125,,27.71279525756836,,0.6986300945281982,,44.30529022216797,,,,,,,,,
41,18949,,1838.0653076171875,,26.83443832397461,,0.7262275815010071,,42.87266540527344,,,,,,,,
41,18999,,1508.2432861328125,,23.900981903076172,,0.7819896936416626,,38.83610916137695,,,,,,,,
41,19049,,1755.0760498046875,,24.77569007873535,,0.6876789331436157,,41.89362716674805,,,,,,,,
41,19099,,1243.5655517578125,,20.852386474609375,,0.8202898502349854,,35.264225006103516,,,,,,,,
41,19149,,2182.2099609375,,30.327972412109375,,0.5782809257507324,,46.71413040161133,,,,,,,,
41,19199,,2422.08056640625,,30.865480422973633,,0.6335423588752747,,49.214637756347656,,,,,,,,
41,19249,,1624.5179443359375,,26.70907211303711,,0.7659581899642944,,40.3053092956543,,,,,,,,
41,19299,,1935.707275390625,,27.118423461914062,,0.6992415189743042,,43.996673583984375,,,,,,,,
41,19349,,2699.79248046875,,29.740066528320312,,0.6405066251754761,,51.959529876708984,,,,,,,,
41,19399,,1769.8660888671875,,26.52579116821289,,0.7594426870346069,,42.06977462768555,,,,,,,,
,6314,,,,,,,,,,1897.4757080078125,,26.729915618896484,,0.726396918296814,,43.56002426147461
,6315,,,,,,,,,,1590.4014892578125,,24.20684242248535,,0.716566801071167,,39.87983703613281
,6316,,,,,,,,,,1810.5750732421875,,26.729490280151367,,0.7244019508361816,,42.55084991455078
,6317,,,,,,,,,,2556.201171875,,33.613311767578125,,0.6912659406661987,,50.55889129638672
,6318,,,,,,,,,,1825.05419921875,,25.34046173095703,,0.7072973251342773,,42.72065353393555
,6319,,,,,,,,,,2065.039794921875,,29.330522537231445,,0.6514686346054077,,45.44270706176758
,6320,,,,,,,,,,1559.9278564453125,,22.56514549255371,,0.7127015590667725,,39.49592208862305
,6321,,,,,,,,,,2602.800048828125,,31.7438907623291,,0.6923789978027344,,51.017642974853516
,6322,,,,,,,,,,2611.790771484375,,36.84345245361328,,0.6043457388877869,,51.105682373046875
,6323,,,,,,,,,,1663.7935791015625,,25.338808059692383,,0.6547766923904419,,40.78962707519531
,6324,,,,,,,,,,1752.6546630859375,,22.904094696044922,,0.683076024055481,,41.86471939086914
,6325,,,,,,,,,,2033.11376953125,,29.490402221679688,,0.7001371383666992,,45.09006118774414
,6326,,,,,,,,,,2167.944091796875,,29.411684036254883,,0.6335751414299011,,46.561187744140625
,6327,,,,,,,,,,1829.5274658203125,,26.615825653076172,,0.7169406414031982,,42.77297592163086
,6328,,,,,,,,,,1671.79150390625,,22.570144653320312,,0.6827607154846191,,40.88754653930664
,6329,,,,,,,,,,2713.02685546875,,34.96034622192383,,0.6176489591598511,,52.086727142333984
,6330,,,,,,,,,,1393.013916015625,,21.522043228149414,,0.7408468723297119,,37.32310104370117
,6331,,,,,,,,,,1550.5216064453125,,21.828073501586914,,0.7556785345077515,,39.37666320800781
,6332,,,,,,,,,,1486.7142333984375,,23.2794189453125,,0.7487485408782959,,38.55793380737305
,6333,,,,,,,,,,2069.629150390625,,28.79075050354004,,0.6664619445800781,,45.4931755065918
,6334,,,,,,,,,,1506.07958984375,,22.816265106201172,,0.7597991824150085,,38.80824279785156
,6335,,,,,,,,,,1627.725830078125,,25.59345054626465,,0.7449058890342712,,40.34508514404297
,6336,,,,,,,,,,1869.070068359375,,27.780319213867188,,0.7057009935379028,,43.23274230957031
,6337,,,,,,,,,,2878.663818359375,,38.133609771728516,,0.6233493089675903,,53.65317916870117
,6338,,,,,,,,,,2487.635009765625,,32.33416748046875,,0.6667779684066772,,49.87619400024414
,6339,,,,,,,,,,2617.2041015625,,33.595279693603516,,0.6490869522094727,,51.15861511230469
,6340,,,,,,,,,,1047.426025390625,,16.594242095947266,,0.7510672211647034,,32.36396026611328
,6341,,,,,,,,,,2275.09912109375,,31.009124755859375,,0.6880747675895691,,47.697998046875
,6342,,,,,,,,,,1826.598876953125,,28.374727249145508,,0.6913340091705322,,42.73872756958008
,6343,,,,,,,,,,2374.428466796875,,28.818618774414062,,0.6902040839195251,,48.72810745239258
,6344,,,,,,,,,,1847.991455078125,,25.60576629638672,,0.6699655055999756,,42.98827362060547
,6345,,,,,,,,,,1997.526611328125,,28.393911361694336,,0.6717298030853271,,44.693695068359375
,6346,,,,,,,,,,1708.7890625,,24.927762985229492,,0.7350518703460693,,41.337501525878906
,6347,,,,,,,,,,1978.604248046875,,26.116743087768555,,0.7295529842376709,,44.48150634765625
,6348,,,,,,,,,,2686.947265625,,31.599937438964844,,0.6742807030677795,,51.83577346801758
,6349,,,,,,,,,,1734.439208984375,,24.277530670166016,,0.6796334981918335,,41.64659881591797
,6350,,,,,,,,,,2726.87890625,,31.230941772460938,,0.5666407346725464,,52.21952438354492
,6351,,,,,,,,,,1785.016845703125,,26.260330200195312,,0.6551930904388428,,42.24945831298828
,6352,,,,,,,,,,2152.91748046875,,28.318201065063477,,0.7158945798873901,,46.399539947509766
,6353,,,,,,,,,,1831.9832763671875,,24.213829040527344,,0.7364575862884521,,42.801673889160156
,6354,,,,,,,,,,1993.3555908203125,,29.568185806274414,,0.6914842128753662,,44.647010803222656
,6355,,,,,,,,,,1922.70263671875,,27.516380310058594,,0.668129563331604,,43.8486328125
,6356,,,,,,,,,,1928.826904296875,,25.7408447265625,,0.6713906526565552,,43.91841125488281
,6357,,,,,,,,,,2569.376953125,,31.282957077026367,,0.6567452549934387,,50.68902587890625
,6358,,,,,,,,,,1916.341796875,,26.458585739135742,,0.6710458397865295,,43.77604293823242
,6359,,,,,,,,,,2403.544677734375,,30.384750366210938,,0.6760439276695251,,49.02595901489258
,6360,,,,,,,,,,1720.41845703125,,25.623111724853516,,0.7044754028320312,,41.477928161621094
,6361,,,,,,,,,,1934.320068359375,,29.322162628173828,,0.6654161214828491,,43.98090744018555
,6362,,,,,,,,,,2349.3544921875,,32.834556579589844,,0.6718528270721436,,48.47013854980469
,6363,,,,,,,,,,2396.703857421875,,33.58234405517578,,0.6757814884185791,,48.956138610839844
,6364,,,,,,,,,,1797.6055908203125,,24.918498992919922,,0.6867752075195312,,42.39817810058594
,6365,,,,,,,,,,1987.076171875,,28.138715744018555,,0.7674911618232727,,44.576629638671875
,6366,,,,,,,,,,2695.72216796875,,35.30619430541992,,0.5787280797958374,,51.920345306396484
,6367,,,,,,,,,,2073.0068359375,,27.92276954650879,,0.725448489189148,,45.53028869628906
,6368,,,,,,,,,,2275.783935546875,,30.12330436706543,,0.7085980772972107,,47.705177307128906
,6369,,,,,,,,,,1881.7945556640625,,29.01604461669922,,0.6803830862045288,,43.37965774536133
,6370,,,,,,,,,,2395.645263671875,,32.99823760986328,,0.5807758569717407,,48.94532775878906
,6371,,,,,,,,,,2014.7283935546875,,26.8267765045166,,0.7185304164886475,,44.88572692871094
,6372,,,,,,,,,,2262.0556640625,,28.992252349853516,,0.6306479573249817,,47.561073303222656
,6373,,,,,,,,,,1583.952880859375,,25.253665924072266,,0.7451292872428894,,39.79890441894531
,6374,,,,,,,,,,1557.951416015625,,24.04753303527832,,0.7422698140144348,,39.47089385986328
,6375,,,,,,,,,,2114.8955078125,,29.591880798339844,,0.6851412057876587,,45.98799133300781
,6376,,,,,,,,,,2195.102294921875,,31.116601943969727,,0.6512815952301025,,46.8519172668457
,6377,,,,,,,,,,2141.88134765625,,29.952375411987305,,0.6762499809265137,,46.28046417236328
,6378,,,,,,,,,,2180.318115234375,,29.250431060791016,,0.7189832925796509,,46.693878173828125
,6379,,,,,,,,,,1676.2645263671875,,24.726184844970703,,0.7357182502746582,,40.94221115112305
,6380,,,,,,,,,,2173.849609375,,30.782106399536133,,0.6506624221801758,,46.62455749511719
,6381,,,,,,,,,,1713.25048828125,,25.542112350463867,,0.7542701959609985,,41.39142990112305
,6382,,,,,,,,,,1867.2486572265625,,26.174436569213867,,0.6609340906143188,,43.211673736572266
,6383,,,,,,,,,,2012.5885009765625,,29.266231536865234,,0.6542820334434509,,44.861881256103516
,6384,,,,,,,,,,1792.33349609375,,25.767526626586914,,0.7493254542350769,,42.335960388183594
,6385,,,,,,,,,,2268.474853515625,,29.627227783203125,,0.6729602813720703,,47.628509521484375
,6386,,,,,,,,,,3425.457763671875,,40.79280090332031,,0.6043916940689087,,58.527408599853516
,6387,,,,,,,,,,2763.08349609375,,35.466651916503906,,0.5761367082595825,,52.56504440307617
,6388,,,,,,,,,,2316.796142578125,,31.00401496887207,,0.6644352674484253,,48.13310623168945
,6389,,,,,,,,,,1858.1759033203125,,25.82208824157715,,0.7261461019515991,,43.106563568115234
,6390,,,,,,,,,,3090.963623046875,,38.82746505737305,,0.5784642100334167,,55.596435546875
,6391,,,,,,,,,,2048.464111328125,,26.94942855834961,,0.6862345933914185,,45.25996398925781
,6392,,,,,,,,,,2018.0125732421875,,27.857975006103516,,0.6580700874328613,,44.92229461669922
,6393,,,,,,,,,,1831.2156982421875,,27.14897918701172,,0.6412820816040039,,42.79270935058594
,6394,,,,,,,,,,2330.8818359375,,33.02908706665039,,0.6174073219299316,,48.279205322265625
,6395,,,,,,,,,,1982.39697265625,,26.502595901489258,,0.7013765573501587,,44.52411651611328
,6396,,,,,,,,,,1924.7484130859375,,27.55341911315918,,0.712469220161438,,43.87195587158203
,6397,,,,,,,,,,1642.4566650390625,,25.56336212158203,,0.7092480659484863,,40.5272331237793
,6398,,,,,,,,,,1712.4696044921875,,23.589187622070312,,0.7083005309104919,,41.381996154785156
,6399,,,,,,,,,,2604.496826171875,,33.82421112060547,,0.6101353168487549,,51.034271240234375
,6400,,,,,,,,,,2016.8084716796875,,28.263206481933594,,0.6893103122711182,,44.90888977050781
,6401,,,,,,,,,,2200.89599609375,,29.982807159423828,,0.6897956132888794,,46.9137077331543
,6402,,,,,,,,,,2142.158447265625,,29.744491577148438,,0.691949725151062,,46.2834587097168
,6403,,,,,,,,,,1669.0184326171875,,23.51581382751465,,0.6966062188148499,,40.85362243652344
,6404,,,,,,,,,,1754.25146484375,,24.93627166748047,,0.7098196744918823,,41.883785247802734
,6405,,,,,,,,,,1880.671630859375,,23.833356857299805,,0.6604816913604736,,43.3667106628418
,6406,,,,,,,,,,2026.2684326171875,,29.555912017822266,,0.7144045829772949,,45.01409149169922
,6407,,,,,,,,,,2284.95654296875,,31.018863677978516,,0.6646462678909302,,47.80121994018555
,6408,,,,,,,,,,2248.55908203125,,29.306726455688477,,0.6909432411193848,,47.41897201538086
,6409,,,,,,,,,,2249.66943359375,,30.304243087768555,,0.6524730920791626,,47.43067932128906
,6410,,,,,,,,,,1566.0159912109375,,22.970882415771484,,0.7245414853096008,,39.57292175292969
,6411,,,,,,,,,,2083.075927734375,,28.228153228759766,,0.7074295282363892,,45.64072799682617
,6412,,,,,,,,,,2199.16357421875,,30.927907943725586,,0.689354419708252,,46.895240783691406
,6413,,,,,,,,,,2197.910888671875,,29.942750930786133,,0.668391227722168,,46.88188171386719
,6414,,,,,,,,,,2103.96875,,28.971683502197266,,0.680895209312439,,45.86903762817383
,6415,,,,,,,,,,2540.8486328125,,35.58103942871094,,0.5794869661331177,,50.406829833984375
,6416,,,,,,,,,,1566.8841552734375,,22.73309326171875,,0.7219584584236145,,39.58388900756836
,6417,,,,,,,,,,2392.252197265625,,29.95570182800293,,0.6173059940338135,,48.9106559753418
,6418,,,,,,,,,,1456.426025390625,,22.86334991455078,,0.6701971292495728,,38.163150787353516
,6419,,,,,,,,,,1619.666259765625,,24.613988876342773,,0.7438576221466064,,40.245079040527344
,6420,,,,,,,,,,2321.670654296875,,31.292816162109375,,0.7033153772354126,,48.1837158203125
,6421,,,,,,,,,,2328.46533203125,,33.07521057128906,,0.6529303789138794,,48.254173278808594
,6422,,,,,,,,,,1386.6697998046875,,19.192495346069336,,0.6795814633369446,,37.23801803588867
,6423,,,,,,,,,,2371.119384765625,,32.88090133666992,,0.6301425695419312,,48.69414520263672
,6424,,,,,,,,,,2547.6875,,35.23546600341797,,0.5602911710739136,,50.4746208190918
,6425,,,,,,,,,,2181.046142578125,,31.156221389770508,,0.6906270980834961,,46.7016716003418
,6426,,,,,,,,,,1961.8775634765625,,30.81064796447754,,0.7012765407562256,,44.293087005615234
,6427,,,,,,,,,,2333.555908203125,,31.028709411621094,,0.6650893688201904,,48.306888580322266
,6428,,,,,,,,,,1479.380615234375,,22.973047256469727,,0.6710903644561768,,38.46271896362305
,6429,,,,,,,,,,2196.45068359375,,26.271942138671875,,0.7319723963737488,,46.86630630493164
,6430,,,,,,,,,,2025.914306640625,,29.526988983154297,,0.6684209108352661,,45.01015853881836
,6431,,,,,,,,,,2005.2877197265625,,27.976299285888672,,0.6948134303092957,,44.78044128417969
,6432,,,,,,,,,,1897.3885498046875,,26.351163864135742,,0.6777547597885132,,43.559024810791016
,6433,,,,,,,,,,2030.8773193359375,,28.18625831604004,,0.7204025983810425,,45.06525802612305
,6434,,,,,,,,,,2207.4228515625,,28.881053924560547,,0.6484174728393555,,46.983219146728516
,6435,,,,,,,,,,2318.879150390625,,30.484094619750977,,0.6488094925880432,,48.15474319458008
,6436,,,,,,,,,,1889.20947265625,,26.575977325439453,,0.7314106225967407,,43.46503448486328
,6437,,,,,,,,,,1974.03515625,,25.88870620727539,,0.6385962963104248,,44.43011474609375
,6438,,,,,,,,,,1674.3988037109375,,24.154190063476562,,0.7294332981109619,,40.91941833496094
,6439,,,,,,,,,,2011.27001953125,,28.38010597229004,,0.6631563305854797,,44.84718704223633
,6440,,,,,,,,,,1695.177001953125,,22.619033813476562,,0.738094687461853,,41.17252731323242
,6441,,,,,,,,,,2267.554931640625,,32.34429168701172,,0.6955102682113647,,47.61885070800781
,6442,,,,,,,,,,2278.19287109375,,31.717758178710938,,0.6640474796295166,,47.73041915893555
,6443,,,,,,,,,,1495.56494140625,,21.6253662109375,,0.7620399594306946,,38.67253494262695
,6444,,,,,,,,,,1703.9427490234375,,25.082395553588867,,0.6848716735839844,,41.27884292602539
,6445,,,,,,,,,,2773.226318359375,,36.06147766113281,,0.6343414783477783,,52.66143035888672
,6446,,,,,,,,,,1740.6202392578125,,24.68016242980957,,0.7039052248001099,,41.720741271972656
,6447,,,,,,,,,,1772.46728515625,,24.82474136352539,,0.7547580599784851,,42.10068130493164
,6448,,,,,,,,,,2436.895751953125,,31.384342193603516,,0.6200553178787231,,49.364925384521484
,6449,,,,,,,,,,2297.114990234375,,32.3232307434082,,0.6123974323272705,,47.928226470947266
,6450,,,,,,,,,,2860.650634765625,,36.29441452026367,,0.6469472050666809,,53.485050201416016
,6451,,,,,,,,,,1703.107421875,,26.91059684753418,,0.7191571593284607,,41.26872253417969
,6452,,,,,,,,,,2652.673828125,,34.786075592041016,,0.7099158763885498,,51.50411605834961
,6453,,,,,,,,,,1325.8309326171875,,21.314924240112305,,0.7914667129516602,,36.41196060180664
,6454,,,,,,,,,,1713.7864990234375,,23.503950119018555,,0.7028539180755615,,41.39790344238281
,6455,,,,,,,,,,1878.8511962890625,,26.455480575561523,,0.6841374635696411,,43.34571838378906
,6456,,,,,,,,,,2462.03564453125,,31.197757720947266,,0.6330737471580505,,49.61890411376953
,6457,,,,,,,,,,2514.284423828125,,34.53564453125,,0.628584623336792,,50.14263916015625
,6458,,,,,,,,,,2552.026123046875,,32.07417297363281,,0.6648107171058655,,50.517581939697266
,6459,,,,,,,,,,2220.389404296875,,29.5507755279541,,0.6626921892166138,,47.121009826660156
,6460,,,,,,,,,,2429.025634765625,,28.727779388427734,,0.6668012142181396,,49.2851448059082
,6461,,,,,,,,,,1871.54296875,,28.139999389648438,,0.713828444480896,,43.26133346557617
,6462,,,,,,,,,,2666.265869140625,,33.900508880615234,,0.6618800163269043,,51.63589859008789
,6463,,,,,,,,,,2040.7371826171875,,25.985679626464844,,0.7206578254699707,,45.17451858520508
,6464,,,,,,,,,,1943.847412109375,,26.948570251464844,,0.7002631425857544,,44.08908462524414
,6465,,,,,,,,,,2121.225830078125,,29.974626541137695,,0.6702184677124023,,46.056766510009766
,6466,,,,,,,,,,2245.33984375,,28.500743865966797,,0.6923397779464722,,47.38501739501953
,6467,,,,,,,,,,1481.3887939453125,,19.575084686279297,,0.7595476508140564,,38.48881530761719
41,19403,,,,,,,,,2063.56787109375,,28.390987396240234,,0.6831473708152771,,45.23081588745117,
41,19403,1977.580810546875,,27.686477661132812,,0.6991602778434753,,44.25825881958008,,,,,,,,,
42,19449,,2281.493896484375,,32.492313385009766,,0.6200395822525024,,47.764984130859375,,,,,,,,
42,19499,,2186.669677734375,,29.726999282836914,,0.6961511969566345,,46.761837005615234,,,,,,,,
42,19549,,2023.364501953125,,30.48741340637207,,0.6946783065795898,,44.9818229675293,,,,,,,,
42,19599,,1824.8140869140625,,26.58933448791504,,0.6882497072219849,,42.71784210205078,,,,,,,,
42,19649,,1164.9290771484375,,18.479225158691406,,0.8362714052200317,,34.13105773925781,,,,,,,,
42,19699,,1542.7275390625,,22.69161605834961,,0.7458734512329102,,39.27756881713867,,,,,,,,
42,19749,,2600.17529296875,,34.99946212768555,,0.6542631983757019,,50.991912841796875,,,,,,,,
42,19799,,1739.66357421875,,24.360851287841797,,0.7315676212310791,,41.70927429199219,,,,,,,,
42,19849,,1736.6427001953125,,26.632871627807617,,0.7346682548522949,,41.67304229736328,,,,,,,,
,6468,,,,,,,,,,1881.8204345703125,,26.682172775268555,,0.7286542654037476,,43.37995529174805
,6469,,,,,,,,,,1591.927734375,,24.294958114624023,,0.7162947654724121,,39.89896774291992
,6470,,,,,,,,,,1817.8095703125,,26.821630477905273,,0.7233006954193115,,42.63577651977539
,6471,,,,,,,,,,2565.52001953125,,33.832523345947266,,0.6901403665542603,,50.650962829589844
,6472,,,,,,,,,,1801.24853515625,,25.305862426757812,,0.7111152410507202,,42.44112014770508
,6473,,,,,,,,,,2065.67578125,,29.32439613342285,,0.6513612270355225,,45.449703216552734
,6474,,,,,,,,,,1566.1336669921875,,22.75187873840332,,0.7115585803985596,,39.574405670166016
,6475,,,,,,,,,,2563.812744140625,,31.559125900268555,,0.6969867944717407,,50.63410568237305
,6476,,,,,,,,,,2628.2890625,,36.99375534057617,,0.60184645652771,,51.266845703125
,6477,,,,,,,,,,1705.239990234375,,25.798276901245117,,0.646176815032959,,41.294551849365234
,6478,,,,,,,,,,1760.4833984375,,23.227384567260742,,0.6816604137420654,,41.95811462402344
,6479,,,,,,,,,,2034.76220703125,,29.6044979095459,,0.6998940110206604,,45.10833740234375
,6480,,,,,,,,,,2183.061767578125,,29.53488540649414,,0.6310199499130249,,46.72324752807617
,6481,,,,,,,,,,1838.7960205078125,,26.770431518554688,,0.7155066728591919,,42.881187438964844
,6482,,,,,,,,,,1632.7926025390625,,22.431438446044922,,0.6901611089706421,,40.40782928466797
,6483,,,,,,,,,,2715.574462890625,,35.01056671142578,,0.6172899603843689,,52.111175537109375
,6484,,,,,,,,,,1387.4652099609375,,21.518327713012695,,0.7418791055679321,,37.248695373535156
,6485,,,,,,,,,,1554.8731689453125,,21.950265884399414,,0.7549929022789001,,39.43187713623047
,6486,,,,,,,,,,1513.4873046875,,23.587934494018555,,0.744223952293396,,38.903564453125
,6487,,,,,,,,,,2089.959228515625,,29.05765151977539,,0.6631855368614197,,45.71607208251953
,6488,,,,,,,,,,1533.068115234375,,23.085697174072266,,0.7554948329925537,,39.154415130615234
,6489,,,,,,,,,,1628.592041015625,,25.75508689880371,,0.7447701692581177,,40.35581970214844
,6490,,,,,,,,,,1859.5316162109375,,27.83552360534668,,0.7072029113769531,,43.12228775024414
,6491,,,,,,,,,,2889.8134765625,,38.31541061401367,,0.6218904852867126,,53.75698471069336
,6492,,,,,,,,,,2478.5908203125,,32.27849197387695,,0.6679893732070923,,49.78544616699219
,6493,,,,,,,,,,2645.596435546875,,33.78812026977539,,0.645280122756958,,51.435359954833984
,6494,,,,,,,,,,1052.2686767578125,,16.734050750732422,,0.7499163150787354,,32.43869400024414
,6495,,,,,,,,,,2261.699951171875,,30.893556594848633,,0.6899118423461914,,47.55733108520508
,6496,,,,,,,,,,1794.262451171875,,28.07706642150879,,0.6967983245849609,,42.35873794555664
,6497,,,,,,,,,,2342.940185546875,,28.711305618286133,,0.6943124532699585,,48.403926849365234
,6498,,,,,,,,,,1845.05859375,,25.59065818786621,,0.6704892516136169,,42.95414733886719
,6499,,,,,,,,,,1989.6953125,,28.42197608947754,,0.6730167865753174,,44.60599899291992
,6500,,,,,,,,,,1695.5535888671875,,24.885719299316406,,0.737104058265686,,41.177101135253906
,6501,,,,,,,,,,1983.6275634765625,,26.39611053466797,,0.7288663983345032,,44.537933349609375
,6502,,,,,,,,,,2695.27392578125,,31.67943000793457,,0.6732712984085083,,51.9160270690918
,6503,,,,,,,,,,1769.8173828125,,24.960596084594727,,0.6730988621711731,,42.06919860839844
,6504,,,,,,,,,,2591.013916015625,,30.94558334350586,,0.5882326364517212,,50.90200424194336
,6505,,,,,,,,,,1796.524658203125,,26.405729293823242,,0.6529700756072998,,42.38542938232422
,6506,,,,,,,,,,2143.88427734375,,28.29374122619629,,0.717086672782898,,46.302093505859375
,6507,,,,,,,,,,1880.08203125,,24.586475372314453,,0.7295383214950562,,43.35991287231445
,6508,,,,,,,,,,1993.1328125,,29.776226043701172,,0.6915187239646912,,44.64451599121094
,6509,,,,,,,,,,1945.9417724609375,,27.78958511352539,,0.6641184091567993,,44.11282730102539
,6510,,,,,,,,,,1946.8843994140625,,25.92220687866211,,0.6683142185211182,,44.12351608276367
,6511,,,,,,,,,,2520.369140625,,31.078590393066406,,0.663292407989502,,50.203277587890625
,6512,,,,,,,,,,1905.0130615234375,,26.383914947509766,,0.6729904413223267,,43.646453857421875
,6513,,,,,,,,,,2343.339599609375,,30.16663360595703,,0.6841585636138916,,48.40805435180664
,6514,,,,,,,,,,1741.577880859375,,25.892635345458984,,0.7008407115936279,,41.732215881347656
,6515,,,,,,,,,,1929.134521484375,,29.272485733032227,,0.666313111782074,,43.921913146972656
,6516,,,,,,,,,,2314.4033203125,,32.71652603149414,,0.6767346858978271,,48.108245849609375
,6517,,,,,,,,,,2417.58642578125,,33.760345458984375,,0.6729565858840942,,49.1689567565918
,6518,,,,,,,,,,1777.4661865234375,,24.8675479888916,,0.6902843713760376,,42.160003662109375
,6519,,,,,,,,,,1978.3638916015625,,28.093734741210938,,0.7685105800628662,,44.47880172729492
,6520,,,,,,,,,,2688.69482421875,,35.34162139892578,,0.5798262357711792,,51.85262680053711
,6521,,,,,,,,,,2079.706787109375,,28.007524490356445,,0.7245611548423767,,45.60380172729492
,6522,,,,,,,,,,2279.250732421875,,30.264379501342773,,0.7081542015075684,,47.74150085449219
,6523,,,,,,,,,,1892.4771728515625,,29.15274429321289,,0.6785686612129211,,43.50260925292969
,6524,,,,,,,,,,2424.841064453125,,33.21316909790039,,0.5756667852401733,,49.242671966552734
,6525,,,,,,,,,,1997.1484375,,26.821128845214844,,0.7209864258766174,,44.68946838378906
,6526,,,,,,,,,,2269.17919921875,,29.226612091064453,,0.6294848322868347,,47.63590621948242
,6527,,,,,,,,,,1563.11181640625,,25.186599731445312,,0.7484828233718872,,39.53620910644531
,6528,,,,,,,,,,1531.525390625,,23.87775421142578,,0.7466414570808411,,39.134708404541016
,6529,,,,,,,,,,2106.674072265625,,29.562097549438477,,0.6863652467727661,,45.89851760864258
,6530,,,,,,,,,,2198.56298828125,,31.19745635986328,,0.6507318019866943,,46.88883590698242
,6531,,,,,,,,,,2177.09912109375,,30.31891441345215,,0.6709268093109131,,46.659393310546875
,6532,,,,,,,,,,2180.85888671875,,29.37891387939453,,0.7189135551452637,,46.699668884277344
,6533,,,,,,,,,,1669.44921875,,24.72887420654297,,0.7367927432060242,,40.85889434814453
,6534,,,,,,,,,,2168.2529296875,,30.858938217163086,,0.6515618562698364,,46.56450271606445
,6535,,,,,,,,,,1739.3009033203125,,25.83584213256836,,0.7505337595939636,,41.704925537109375
,6536,,,,,,,,,,1849.82958984375,,26.112348556518555,,0.6640970706939697,,43.009647369384766
,6537,,,,,,,,,,2014.91650390625,,29.58171844482422,,0.6538821458816528,,44.887821197509766
,6538,,,,,,,,,,1829.394287109375,,26.11756706237793,,0.7441421747207642,,42.771419525146484
,6539,,,,,,,,,,2340.724609375,,30.357513427734375,,0.6625442504882812,,48.38103485107422
,6540,,,,,,,,,,3446.00634765625,,41.08523178100586,,0.6020185351371765,,58.702693939208984
,6541,,,,,,,,,,2744.1669921875,,35.50972366333008,,0.5790385007858276,,52.384796142578125
,6542,,,,,,,,,,2318.063232421875,,31.05022621154785,,0.6642516851425171,,48.146270751953125
,6543,,,,,,,,,,1856.3089599609375,,25.894542694091797,,0.7264212369918823,,43.084903717041016
,6544,,,,,,,,,,3065.384033203125,,38.7793083190918,,0.581952691078186,,55.365909576416016
,6545,,,,,,,,,,2048.404541015625,,27.17673683166504,,0.6862437725067139,,45.25930404663086
,6546,,,,,,,,,,2028.4122314453125,,28.020322799682617,,0.6563079357147217,,45.037899017333984
,6547,,,,,,,,,,1832.3165283203125,,27.30255699157715,,0.6410664319992065,,42.805564880371094
,6548,,,,,,,,,,2328.81005859375,,33.06069564819336,,0.6177473068237305,,48.257747650146484
,6549,,,,,,,,,,1988.3360595703125,,26.570938110351562,,0.7004819512367249,,44.59075927734375
,6550,,,,,,,,,,1943.157470703125,,27.767587661743164,,0.709719181060791,,44.081260681152344
,6551,,,,,,,,,,1631.1947021484375,,25.523147583007812,,0.7112416625022888,,40.3880500793457
,6552,,,,,,,,,,1735.5987548828125,,23.851680755615234,,0.7043607234954834,,41.660518646240234
,6553,,,,,,,,,,2623.75,,34.06501388549805,,0.6072533130645752,,51.22255325317383
,6554,,,,,,,,,,2023.1815185546875,,28.498624801635742,,0.6883285045623779,,44.97978973388672
,6555,,,,,,,,,,2194.407470703125,,30.063701629638672,,0.690710186958313,,46.844505310058594
,6556,,,,,,,,,,2142.595458984375,,29.885574340820312,,0.6918869018554688,,46.28818130493164
,6557,,,,,,,,,,1667.318359375,,23.624269485473633,,0.6969152688980103,,40.83280944824219
,6558,,,,,,,,,,1757.979248046875,,24.990694046020508,,0.7092031240463257,,41.928260803222656
,6559,,,,,,,,,,1824.101806640625,,23.526578903198242,,0.6706942319869995,,42.709503173828125
,6560,,,,,,,,,,2028.8026123046875,,29.650774002075195,,0.7140474319458008,,45.04222869873047
,6561,,,,,,,,,,2295.361083984375,,31.07896614074707,,0.6631193161010742,,47.90992736816406
,6562,,,,,,,,,,2218.657470703125,,29.14497947692871,,0.6950531005859375,,47.10262680053711
,6563,,,,,,,,,,2251.25439453125,,30.42021369934082,,0.6522282361984253,,47.4473876953125
,6564,,,,,,,,,,1563.6444091796875,,22.957622528076172,,0.7249586582183838,,39.54294204711914
,6565,,,,,,,,,,2075.7724609375,,28.20604133605957,,0.7084553241729736,,45.560646057128906
,6566,,,,,,,,,,2187.340576171875,,30.839269638061523,,0.6910245418548584,,46.769012451171875
,6567,,,,,,,,,,2192.41845703125,,29.926788330078125,,0.6692198514938354,,46.82326889038086
,6568,,,,,,,,,,2079.44580078125,,28.9080867767334,,0.6846145391464233,,45.60094451904297
,6569,,,,,,,,,,2490.6875,,35.18669128417969,,0.5877887010574341,,49.90678405761719
,6570,,,,,,,,,,1569.0362548828125,,22.80682945251465,,0.7215765714645386,,39.611061096191406
,6571,,,,,,,,,,2384.538330078125,,30.052780151367188,,0.6185399889945984,,48.83173370361328
,6572,,,,,,,,,,1468.5211181640625,,23.047258377075195,,0.6674582958221436,,38.3212890625
,6573,,,,,,,,,,1638.48046875,,25.16350555419922,,0.7408822178840637,,40.4781494140625
,6574,,,,,,,,,,2312.432861328125,,31.29822540283203,,0.704495906829834,,48.08776092529297
,6575,,,,,,,,,,2348.0693359375,,33.26296615600586,,0.6500083208084106,,48.45688247680664
,6576,,,,,,,,,,1402.001220703125,,19.48360824584961,,0.6760388016700745,,37.44330978393555
,6577,,,,,,,,,,2341.99951171875,,32.723140716552734,,0.6346848607063293,,48.39421081542969
,6578,,,,,,,,,,2499.146484375,,34.92425537109375,,0.5686689615249634,,49.9914665222168
,6579,,,,,,,,,,2197.627685546875,,31.218868255615234,,0.6882750391960144,,46.87886047363281
,6580,,,,,,,,,,1971.3919677734375,,30.950143814086914,,0.6998277902603149,,44.400360107421875
,6581,,,,,,,,,,2343.003173828125,,31.100690841674805,,0.6637335419654846,,48.40457534790039
,6582,,,,,,,,,,1510.9244384765625,,23.210397720336914,,0.6640772223472595,,38.87061309814453
,6583,,,,,,,,,,2153.91943359375,,26.18283462524414,,0.7371623516082764,,46.41033935546875
,6584,,,,,,,,,,2025.3082275390625,,29.532222747802734,,0.6685201525688171,,45.00342559814453
,6585,,,,,,,,,,2014.82275390625,,27.986167907714844,,0.693362295627594,,44.886775970458984
,6586,,,,,,,,,,1884.85302734375,,26.192781448364258,,0.6798837184906006,,43.414894104003906
,6587,,,,,,,,,,2048.789794921875,,28.314767837524414,,0.7179365158081055,,45.26355743408203
,6588,,,,,,,,,,2212.9052734375,,28.90126609802246,,0.647544264793396,,47.041526794433594
,6589,,,,,,,,,,2314.056640625,,30.5612735748291,,0.6495398879051208,,48.10464096069336
,6590,,,,,,,,,,1849.2772216796875,,26.38043785095215,,0.7370878458023071,,43.00322341918945
,6591,,,,,,,,,,1961.2713623046875,,25.846817016601562,,0.6409331560134888,,44.2862434387207
,6592,,,,,,,,,,1662.1951904296875,,24.096834182739258,,0.7314052581787109,,40.77002716064453
,6593,,,,,,,,,,2007.6400146484375,,28.3555908203125,,0.663764238357544,,44.806697845458984
,6594,,,,,,,,,,1700.9810791015625,,22.813961029052734,,0.737197995185852,,41.242950439453125
,6595,,,,,,,,,,2271.069580078125,,32.39912033081055,,0.6950382590293884,,47.655738830566406
,6596,,,,,,,,,,2286.612548828125,,31.97402572631836,,0.6628058552742004,,47.818538665771484
,6597,,,,,,,,,,1500.2425537109375,,21.9768123626709,,0.7612956762313843,,38.73296356201172
,6598,,,,,,,,,,1705.74609375,,25.15800666809082,,0.6845381855964661,,41.30067825317383
,6599,,,,,,,,,,2769.67138671875,,35.97844696044922,,0.634810209274292,,52.62766647338867
,6600,,,,,,,,,,1731.0189208984375,,24.67056655883789,,0.7055385112762451,,41.60551834106445
,6601,,,,,,,,,,1747.685546875,,24.743501663208008,,0.758186936378479,,41.805328369140625
,6602,,,,,,,,,,2454.479736328125,,31.741924285888672,,0.6173137426376343,,49.54270553588867
,6603,,,,,,,,,,2347.209228515625,,32.79447555541992,,0.6039448380470276,,48.44800567626953
,6604,,,,,,,,,,2866.837646484375,,36.49295425415039,,0.6461836099624634,,53.54285430908203
,6605,,,,,,,,,,1677.6058349609375,,26.51801872253418,,0.723362386226654,,40.958587646484375
,6606,,,,,,,,,,2620.488525390625,,34.71835708618164,,0.7134355306625366,,51.19070816040039
,6607,,,,,,,,,,1334.420166015625,,21.37171173095703,,0.7901157736778259,,36.52971267700195
,6608,,,,,,,,,,1708.0242919921875,,23.615032196044922,,0.7038530111312866,,41.328250885009766
,6609,,,,,,,,,,1892.5875244140625,,26.577104568481445,,0.6818281412124634,,43.50387954711914
,6610,,,,,,,,,,2441.11669921875,,31.185693740844727,,0.6361913681030273,,49.40766143798828
,6611,,,,,,,,,,2550.86962890625,,34.72699737548828,,0.6231802105903625,,50.506134033203125
,6612,,,,,,,,,,2590.0966796875,,32.2359504699707,,0.6598104238510132,,50.89299392700195
,6613,,,,,,,,,,2221.248291015625,,29.672666549682617,,0.6625617146492004,,47.13011932373047
,6614,,,,,,,,,,2426.218017578125,,28.824615478515625,,0.6671863794326782,,49.25665283203125
,6615,,,,,,,,,,1866.46044921875,,28.116287231445312,,0.7146055698394775,,43.202552795410156
,6616,,,,,,,,,,2671.74951171875,,34.05361557006836,,0.6611846685409546,,51.688968658447266
,6617,,,,,,,,,,2035.68017578125,,25.959415435791016,,0.7213500738143921,,45.11851119995117
,6618,,,,,,,,,,1949.8126220703125,,27.063976287841797,,0.6993433237075806,,44.156681060791016
,6619,,,,,,,,,,2128.971923828125,,30.04574966430664,,0.6690142154693604,,46.140785217285156
,6620,,,,,,,,,,2213.418701171875,,28.3380184173584,,0.6967136859893799,,47.0469856262207
,6621,,,,,,,,,,1473.693603515625,,19.932979583740234,,0.7607967257499695,,38.38871765136719
42,19865,,,,,,,,,2062.5078125,,28.471147537231445,,0.6832542419433594,,45.22198486328125,
42,19865,1987.7691650390625,,27.759632110595703,,0.6987268328666687,,44.374298095703125,,,,,,,,,
43,19899,,1914.18212890625,,25.782014846801758,,0.7380727529525757,,43.751365661621094,,,,,,,,
43,19949,,1973.18505859375,,27.095876693725586,,0.6918766498565674,,44.42054748535156,,,,,,,,
43,19999,,2320.8828125,,28.901334762573242,,0.6307283639907837,,48.175540924072266,,,,,,,,
43,20049,,2273.17724609375,,32.411705017089844,,0.7082942724227905,,47.67784881591797,,,,,,,,
43,20099,,1311.6492919921875,,19.878374099731445,,0.752282977104187,,36.216697692871094,,,,,,,,
43,20149,,2432.033935546875,,34.4492301940918,,0.6413810849189758,,49.31565475463867,,,,,,,,
43,20199,,1917.0020751953125,,28.912248611450195,,0.7287936210632324,,43.7835807800293,,,,,,,,
43,20249,,1581.73291015625,,22.3254451751709,,0.7610802054405212,,39.7710075378418,,,,,,,,
43,20299,,2946.812744140625,,37.57184982299805,,0.6478872299194336,,54.284549713134766,,,,,,,,
,6622,,,,,,,,,,1891.2593994140625,,26.716476440429688,,0.7272932529449463,,43.488609313964844
,6623,,,,,,,,,,1596.3560791015625,,24.371797561645508,,0.7155055999755859,,39.95442581176758
,6624,,,,,,,,,,1818.0177001953125,,26.839542388916016,,0.7232690453529358,,42.63821792602539
,6625,,,,,,,,,,2587.9013671875,,34.10544204711914,,0.6874371767044067,,50.871421813964844
,6626,,,,,,,,,,1809.1318359375,,25.274028778076172,,0.7098509669303894,,42.53388977050781
,6627,,,,,,,,,,2053.848388671875,,29.124652862548828,,0.6533574461936951,,45.31940460205078
,6628,,,,,,,,,,1572.7677001953125,,22.802610397338867,,0.7103367447853088,,39.658138275146484
,6629,,,,,,,,,,2620.89208984375,,31.86219596862793,,0.6902406811714172,,51.19464874267578
,6630,,,,,,,,,,2619.213134765625,,36.95378494262695,,0.6032212972640991,,51.17824935913086
,6631,,,,,,,,,,1669.8072509765625,,25.53789520263672,,0.6535288691520691,,40.86327362060547
,6632,,,,,,,,,,1752.1201171875,,23.0584659576416,,0.6831727027893066,,41.858333587646484
,6633,,,,,,,,,,2043.38232421875,,29.545814514160156,,0.6986226439476013,,45.20378494262695
,6634,,,,,,,,,,2203.5302734375,,29.67966079711914,,0.6275603771209717,,46.941776275634766
,6635,,,,,,,,,,1817.11181640625,,26.643665313720703,,0.7188615798950195,,42.627593994140625
,6636,,,,,,,,,,1642.755615234375,,22.473520278930664,,0.6882705688476562,,40.530921936035156
,6637,,,,,,,,,,2733.339599609375,,35.16322708129883,,0.6147862672805786,,52.281349182128906
,6638,,,,,,,,,,1389.82373046875,,21.589324951171875,,0.7414403557777405,,37.280338287353516
,6639,,,,,,,,,,1549.9093017578125,,21.8139591217041,,0.7557750344276428,,39.36888885498047
,6640,,,,,,,,,,1513.531005859375,,23.460403442382812,,0.7442165613174438,,38.90412902832031
,6641,,,,,,,,,,2077.2353515625,,28.792434692382812,,0.6652361154556274,,45.576698303222656
,6642,,,,,,,,,,1538.052490234375,,23.162097930908203,,0.7546998858451843,,39.218013763427734
,6643,,,,,,,,,,1625.283203125,,25.638214111328125,,0.7452887296676636,,40.31480026245117
,6644,,,,,,,,,,1863.57763671875,,27.721376419067383,,0.7065658569335938,,43.16917419433594
,6645,,,,,,,,,,2875.929443359375,,38.1356315612793,,0.623707115650177,,53.627689361572266
,6646,,,,,,,,,,2503.296142578125,,32.439369201660156,,0.6646801233291626,,50.0329475402832
,6647,,,,,,,,,,2637.97607421875,,33.79914474487305,,0.6463018655776978,,51.361228942871094
,6648,,,,,,,,,,1060.93408203125,,16.78121566772461,,0.747856855392456,,32.571983337402344
,6649,,,,,,,,,,2239.530517578125,,30.744895935058594,,0.6929513216018677,,47.32367706298828
,6650,,,,,,,,,,1792.96337890625,,27.96481704711914,,0.6970178484916687,,42.34339904785156
,6651,,,,,,,,,,2380.818115234375,,28.771554946899414,,0.6893703937530518,,48.79362869262695
,6652,,,,,,,,,,1843.3262939453125,,25.578784942626953,,0.670798659324646,,42.93397521972656
,6653,,,,,,,,,,1988.54833984375,,28.31770896911621,,0.6732052564620972,,44.593143463134766
,6654,,,,,,,,,,1699.67138671875,,24.81447410583496,,0.736465573310852,,41.22706985473633
,6655,,,,,,,,,,1974.4979248046875,,26.39961051940918,,0.7301142811775208,,44.43532180786133
,6656,,,,,,,,,,2719.227783203125,,31.807722091674805,,0.6703675389289856,,52.146217346191406
,6657,,,,,,,,,,1750.68896484375,,24.540775299072266,,0.6766320466995239,,41.84123611450195
,6658,,,,,,,,,,2532.662353515625,,30.573280334472656,,0.5975059270858765,,50.325565338134766
,6659,,,,,,,,,,1793.342041015625,,26.31776237487793,,0.6535848379135132,,42.347869873046875
,6660,,,,,,,,,,2145.4267578125,,28.19744873046875,,0.7168830633163452,,46.31875228881836
,6661,,,,,,,,,,1840.285888671875,,24.373451232910156,,0.7352632284164429,,42.89855194091797
,6662,,,,,,,,,,1992.5087890625,,29.685043334960938,,0.6916153430938721,,44.63752365112305
,6663,,,,,,,,,,1952.172119140625,,27.82976722717285,,0.6630430221557617,,44.18339157104492
,6664,,,,,,,,,,1937.2811279296875,,25.80666160583496,,0.6699503064155579,,44.014556884765625
,6665,,,,,,,,,,2563.5078125,,31.16985511779785,,0.657529354095459,,50.63109588623047
,6666,,,,,,,,,,1922.091064453125,,26.53464126586914,,0.6700589656829834,,43.84165954589844
,6667,,,,,,,,,,2370.218994140625,,30.343870162963867,,0.6805356740951538,,48.68489456176758
,6668,,,,,,,,,,1741.3956298828125,,25.943851470947266,,0.7008720636367798,,41.73003387451172
,6669,,,,,,,,,,1901.6180419921875,,28.918956756591797,,0.6710727214813232,,43.6075439453125
,6670,,,,,,,,,,2339.24658203125,,32.85097885131836,,0.6732646822929382,,48.36575698852539
,6671,,,,,,,,,,2402.244384765625,,33.59186935424805,,0.6750320196151733,,49.0126953125
,6672,,,,,,,,,,1784.63720703125,,24.849578857421875,,0.6890348196029663,,42.24496841430664
,6673,,,,,,,,,,1982.8765869140625,,28.07070541381836,,0.767982542514801,,44.529502868652344
,6674,,,,,,,,,,2695.8251953125,,35.44278335571289,,0.578711986541748,,51.92133712768555
,6675,,,,,,,,,,2066.2568359375,,27.798982620239258,,0.726342499256134,,45.45609664916992
,6676,,,,,,,,,,2279.314453125,,30.198261260986328,,0.7081459760665894,,47.742164611816406
,6677,,,,,,,,,,1882.5960693359375,,29.05875015258789,,0.6802469491958618,,43.388893127441406
,6678,,,,,,,,,,2387.033447265625,,33.10456085205078,,0.5822829008102417,,48.85727310180664
,6679,,,,,,,,,,2002.0379638671875,,26.710330963134766,,0.7203032970428467,,44.744140625
,6680,,,,,,,,,,2278.53515625,,29.218503952026367,,0.6279571652412415,,47.734004974365234
,6681,,,,,,,,,,1571.6640625,,25.208208084106445,,0.747106671333313,,39.64421844482422
,6682,,,,,,,,,,1538.6995849609375,,23.8249568939209,,0.7454546689987183,,39.226261138916016
,6683,,,,,,,,,,2098.05322265625,,29.49154281616211,,0.6876486539840698,,45.80451202392578
,6684,,,,,,,,,,2205.286865234375,,31.217323303222656,,0.6496636867523193,,46.96048355102539
,6685,,,,,,,,,,2152.16845703125,,30.125341415405273,,0.6746951341629028,,46.3914680480957
,6686,,,,,,,,,,2188.14794921875,,29.35150146484375,,0.7179741263389587,,46.777645111083984
,6687,,,,,,,,,,1666.1663818359375,,24.603038787841797,,0.7373102903366089,,40.818702697753906
,6688,,,,,,,,,,2176.148681640625,,30.821455001831055,,0.6502929925918579,,46.649208068847656
,6689,,,,,,,,,,1735.905517578125,,25.707677841186523,,0.7510207891464233,,41.66419982910156
,6690,,,,,,,,,,1856.6773681640625,,26.0499324798584,,0.6628536581993103,,43.08917999267578
,6691,,,,,,,,,,2010.7728271484375,,29.28899574279785,,0.6545939445495605,,44.84164047241211
,6692,,,,,,,,,,1785.1107177734375,,25.762006759643555,,0.7503356337547302,,42.25056838989258
,6693,,,,,,,,,,2370.160400390625,,30.474443435668945,,0.6583005785942078,,48.68429183959961
,6694,,,,,,,,,,3447.308349609375,,40.898746490478516,,0.6018681526184082,,58.71377944946289
,6695,,,,,,,,,,2755.125732421875,,35.6157341003418,,0.5773574113845825,,52.48929214477539
,6696,,,,,,,,,,2341.01123046875,,31.22842025756836,,0.660927951335907,,48.38399887084961
,6697,,,,,,,,,,1858.45947265625,,25.847082138061523,,0.7261043787002563,,43.1098518371582
,6698,,,,,,,,,,3072.67578125,,38.74111557006836,,0.5809582471847534,,55.43172073364258
,6699,,,,,,,,,,2044.65234375,,27.19711685180664,,0.6868184804916382,,45.21783447265625
,6700,,,,,,,,,,2024.2138671875,,27.95320701599121,,0.6570193767547607,,44.99126434326172
,6701,,,,,,,,,,1806.4210205078125,,26.938730239868164,,0.6461391448974609,,42.50201416015625
,6702,,,,,,,,,,2343.056396484375,,33.11198806762695,,0.6154088973999023,,48.405128479003906
,6703,,,,,,,,,,1980.542236328125,,26.60044288635254,,0.7016559839248657,,44.5032844543457
,6704,,,,,,,,,,1947.34130859375,,27.709745407104492,,0.7090941667556763,,44.12868881225586
,6705,,,,,,,,,,1632.3399658203125,,25.59709930419922,,0.7110389471054077,,40.402225494384766
,6706,,,,,,,,,,1733.895751953125,,23.843969345092773,,0.7046508193016052,,41.64007568359375
,6707,,,,,,,,,,2585.114501953125,,33.856727600097656,,0.6130366325378418,,50.84402084350586
,6708,,,,,,,,,,2024.7890625,,28.565275192260742,,0.688080906867981,,44.997657775878906
,6709,,,,,,,,,,2207.817626953125,,30.114192962646484,,0.6888201236724854,,46.98741912841797
,6710,,,,,,,,,,2157.417724609375,,30.002016067504883,,0.6897554397583008,,46.4480094909668
,6711,,,,,,,,,,1664.3680419921875,,23.59624671936035,,0.6974515914916992,,40.79666519165039
,6712,,,,,,,,,,1752.20458984375,,24.873138427734375,,0.7101582884788513,,41.859344482421875
,6713,,,,,,,,,,1859.7142333984375,,23.696455001831055,,0.6642651557922363,,43.12440490722656
,6714,,,,,,,,,,2031.1080322265625,,29.69734764099121,,0.7137224674224854,,45.06781768798828
,6715,,,,,,,,,,2302.2392578125,,31.043020248413086,,0.6621097922325134,,47.98165512084961
,6716,,,,,,,,,,2238.48193359375,,29.253936767578125,,0.6923283338546753,,47.312599182128906
,6717,,,,,,,,,,2278.1513671875,,30.61064338684082,,0.6480731964111328,,47.72998809814453
,6718,,,,,,,,,,1576.0980224609375,,23.125030517578125,,0.7227680683135986,,39.70009994506836
,6719,,,,,,,,,,2077.173828125,,28.20556640625,,0.7082585096359253,,45.57602310180664
,6720,,,,,,,,,,2205.019287109375,,30.96896743774414,,0.6885272860527039,,46.95763397216797
,6721,,,,,,,,,,2188.958740234375,,29.926776885986328,,0.6697418689727783,,46.78630828857422
,6722,,,,,,,,,,2092.8271484375,,28.93608856201172,,0.6825850009918213,,45.74742889404297
,6723,,,,,,,,,,2525.429931640625,,35.52427673339844,,0.5820387601852417,,50.25365447998047
,6724,,,,,,,,,,1578.4310302734375,,22.89414405822754,,0.7199094295501709,,39.72947311401367
,6725,,,,,,,,,,2405.12451171875,,30.110952377319336,,0.6152467727661133,,49.04206466674805
,6726,,,,,,,,,,1453.9578857421875,,22.854265213012695,,0.6707560420036316,,38.13079833984375
,6727,,,,,,,,,,1624.8310546875,,24.71587371826172,,0.7430408000946045,,40.3091926574707
,6728,,,,,,,,,,2325.47705078125,,31.185312271118164,,0.7028290033340454,,48.223201751708984
,6729,,,,,,,,,,2331.60546875,,33.21681594848633,,0.6524623036384583,,48.28670120239258
,6730,,,,,,,,,,1408.5350341796875,,19.422523498535156,,0.6745290756225586,,37.53045654296875
,6731,,,,,,,,,,2356.576171875,,32.738407135009766,,0.6324111223220825,,48.544578552246094
,6732,,,,,,,,,,2531.973388671875,,35.11637496948242,,0.5630033016204834,,50.31871795654297
,6733,,,,,,,,,,2199.998046875,,31.221410751342773,,0.6879388093948364,,46.904136657714844
,6734,,,,,,,,,,1960.9559326171875,,30.802404403686523,,0.7014168500900269,,44.28268051147461
,6735,,,,,,,,,,2367.009033203125,,31.199758529663086,,0.6602882146835327,,48.651912689208984
,6736,,,,,,,,,,1495.984375,,23.127059936523438,,0.6673988103866577,,38.677955627441406
,6737,,,,,,,,,,2190.16845703125,,26.26713752746582,,0.7327389717102051,,46.79923629760742
,6738,,,,,,,,,,2027.099365234375,,29.510467529296875,,0.668226957321167,,45.023319244384766
,6739,,,,,,,,,,2034.6298828125,,28.157550811767578,,0.6903477907180786,,45.10687255859375
,6740,,,,,,,,,,1904.05224609375,,26.417638778686523,,0.6766229867935181,,43.63544845581055
,6741,,,,,,,,,,2036.727294921875,,28.185251235961914,,0.7195972204208374,,45.1301155090332
,6742,,,,,,,,,,2197.062255859375,,28.87800407409668,,0.6500675678253174,,46.87282943725586
,6743,,,,,,,,,,2332.3505859375,,30.517263412475586,,0.6467692852020264,,48.29441452026367
,6744,,,,,,,,,,1834.466064453125,,26.167346954345703,,0.7391934990882874,,42.830665588378906
,6745,,,,,,,,,,1953.147216796875,,25.75702476501465,,0.6424204707145691,,44.19442367553711
,6746,,,,,,,,,,1661.2581787109375,,24.047361373901367,,0.7315567135810852,,40.7585334777832
,6747,,,,,,,,,,1998.1943359375,,28.275175094604492,,0.6653462052345276,,44.701168060302734
,6748,,,,,,,,,,1709.5360107421875,,22.895057678222656,,0.735876202583313,,41.346534729003906
,6749,,,,,,,,,,2287.334716796875,,32.56549835205078,,0.6928541660308838,,47.826087951660156
,6750,,,,,,,,,,2263.88232421875,,31.636919021606445,,0.6661577820777893,,47.58027267456055
,6751,,,,,,,,,,1488.437744140625,,21.73308753967285,,0.7631739377975464,,38.58027648925781
,6752,,,,,,,,,,1705.102783203125,,25.141155242919922,,0.6846571564674377,,41.29288864135742
,6753,,,,,,,,,,2776.114013671875,,36.0569953918457,,0.6339607238769531,,52.688838958740234
,6754,,,,,,,,,,1742.404296875,,24.755678176879883,,0.7036017179489136,,41.74211502075195
,6755,,,,,,,,,,1774.149169921875,,24.82948112487793,,0.7545253038406372,,42.12065124511719
,6756,,,,,,,,,,2457.54248046875,,31.46314239501953,,0.6168361902236938,,49.5736083984375
,6757,,,,,,,,,,2318.958740234375,,32.5322380065918,,0.6087117195129395,,48.15556716918945
,6758,,,,,,,,,,2873.745849609375,,36.43003463745117,,0.6453310251235962,,53.607330322265625
,6759,,,,,,,,,,1706.989990234375,,27.00357437133789,,0.7185169458389282,,41.31573486328125
,6760,,,,,,,,,,2658.51611328125,,34.795284271240234,,0.7092769742012024,,51.5608024597168
,6761,,,,,,,,,,1342.82373046875,,21.458415985107422,,0.7887940406799316,,36.64455795288086
,6762,,,,,,,,,,1704.3089599609375,,23.515295028686523,,0.704497218132019,,41.28327560424805
,6763,,,,,,,,,,1911.1090087890625,,26.749841690063477,,0.678714394569397,,43.71623229980469
,6764,,,,,,,,,,2466.1962890625,,31.28160858154297,,0.6324536800384521,,49.66081237792969
,6765,,,,,,,,,,2540.810791015625,,34.641361236572266,,0.6246660947799683,,50.406455993652344
,6766,,,,,,,,,,2551.917724609375,,32.06505584716797,,0.6648249626159668,,50.516510009765625
,6767,,,,,,,,,,2229.738525390625,,29.569307327270508,,0.6612719297409058,,47.22010803222656
,6768,,,,,,,,,,2430.68896484375,,28.779903411865234,,0.6665730476379395,,49.30201721191406
,6769,,,,,,,,,,1862.585693359375,,28.027206420898438,,0.7151980400085449,,43.157684326171875
,6770,,,,,,,,,,2643.916259765625,,33.78995132446289,,0.6647142767906189,,51.41902542114258
,6771,,,,,,,,,,2045.6910400390625,,26.018049240112305,,0.7199797630310059,,45.22931671142578
,6772,,,,,,,,,,1950.1605224609375,,26.90842056274414,,0.6992896795272827,,44.160621643066406
,6773,,,,,,,,,,2104.417724609375,,29.774763107299805,,0.6728315353393555,,45.87393569946289
,6774,,,,,,,,,,2205.682861328125,,28.29496955871582,,0.6977735757827759,,46.964698791503906
,6775,,,,,,,,,,1468.26171875,,19.647937774658203,,0.7616783976554871,,38.317901611328125
43,20327,,,,,,,,,2064.532470703125,,28.43872833251953,,0.683015763759613,,45.242149353027344,
43,20327,1978.0765380859375,,27.759592056274414,,0.6997142434120178,,44.26643753051758,,,,,,,,,
44,20349,,2180.666015625,,30.99013328552246,,0.6757597923278809,,46.697601318359375,,,,,,,,
44,20399,,1200.556884765625,,18.74422264099121,,0.751140832901001,,34.649051666259766,,,,,,,,
44,20449,,1416.998291015625,,20.99059295654297,,0.7144467830657959,,37.643035888671875,,,,,,,,
44,20499,,2380.615966796875,,29.241405487060547,,0.664951741695404,,48.79155731201172,,,,,,,,
44,20549,,2313.97021484375,,30.58722686767578,,0.5943537950515747,,48.10374450683594,,,,,,,,
44,20599,,1633.12158203125,,23.754135131835938,,0.7387861013412476,,40.41189956665039,,,,,,,,
44,20649,,2083.459716796875,,30.070676803588867,,0.7196328043937683,,45.64493179321289,,,,,,,,
44,20699,,1689.7930908203125,,25.07775115966797,,0.7264395356178284,,41.107093811035156,,,,,,,,
44,20749,,1754.12109375,,25.672330856323242,,0.7411800622940063,,41.88222885131836,,,,,,,,
,6776,,,,,,,,,,1889.0748291015625,,26.693134307861328,,0.7276082038879395,,43.4634895324707
,6777,,,,,,,,,,1568.79541015625,,23.92889404296875,,0.7204172611236572,,39.6080207824707
,6778,,,,,,,,,,1811.9971923828125,,26.85407829284668,,0.7241854667663574,,42.567562103271484
,6779,,,,,,,,,,2568.880859375,,33.996639251708984,,0.6897344589233398,,50.68412780761719
,6780,,,,,,,,,,1825.9676513671875,,25.539493560791016,,0.7071508169174194,,42.73134231567383
,6781,,,,,,,,,,2050.927978515625,,29.16913604736328,,0.6538503170013428,,45.28717041015625
,6782,,,,,,,,,,1581.35009765625,,22.922121047973633,,0.7087560892105103,,39.76619338989258
,6783,,,,,,,,,,2638.57470703125,,32.04167938232422,,0.6881507635116577,,51.36705780029297
,6784,,,,,,,,,,2623.361572265625,,36.96068572998047,,0.6025928854942322,,51.21876525878906
,6785,,,,,,,,,,1644.4228515625,,25.33545684814453,,0.658795952796936,,40.551483154296875
,6786,,,,,,,,,,1772.66943359375,,23.1841983795166,,0.6794568300247192,,42.10308074951172
,6787,,,,,,,,,,2032.686767578125,,29.549640655517578,,0.7002001404762268,,45.0853271484375
,6788,,,,,,,,,,2174.2841796875,,29.49971580505371,,0.6325035691261292,,46.62921905517578
,6789,,,,,,,,,,1833.06103515625,,26.681621551513672,,0.7163939476013184,,42.81426239013672
,6790,,,,,,,,,,1649.4388427734375,,22.547000885009766,,0.6870023012161255,,40.61328125
,6791,,,,,,,,,,2732.11181640625,,35.26880645751953,,0.6149593591690063,,52.26960754394531
,6792,,,,,,,,,,1402.1588134765625,,21.64113998413086,,0.7391455769538879,,37.445411682128906
,6793,,,,,,,,,,1574.130615234375,,22.038623809814453,,0.751958429813385,,39.67531204223633
,6794,,,,,,,,,,1493.5892333984375,,23.377599716186523,,0.7475866675376892,,38.6469841003418
,6795,,,,,,,,,,2067.0576171875,,28.711620330810547,,0.6668763160705566,,45.46490478515625
,6796,,,,,,,,,,1506.741455078125,,22.812192916870117,,0.7596936225891113,,38.816768646240234
,6797,,,,,,,,,,1654.5428466796875,,25.91265106201172,,0.7407032251358032,,40.67607116699219
,6798,,,,,,,,,,1880.239013671875,,27.886152267456055,,0.7039424180984497,,43.36172103881836
,6799,,,,,,,,,,2853.23095703125,,37.92407989501953,,0.6266770362854004,,53.41564178466797
,6800,,,,,,,,,,2507.22314453125,,32.466678619384766,,0.664154052734375,,50.07217788696289
,6801,,,,,,,,,,2660.50927734375,,33.885528564453125,,0.6432806253433228,,51.58012390136719
,6802,,,,,,,,,,1053.4102783203125,,16.574214935302734,,0.7496449947357178,,32.45628356933594
,6803,,,,,,,,,,2257.870361328125,,30.817363739013672,,0.690436840057373,,47.517051696777344
,6804,,,,,,,,,,1818.22509765625,,28.184120178222656,,0.6927490234375,,42.64065170288086
,6805,,,,,,,,,,2380.96875,,28.801090240478516,,0.6893507242202759,,48.795169830322266
,6806,,,,,,,,,,1865.7994384765625,,25.889972686767578,,0.6667851209640503,,43.19490051269531
,6807,,,,,,,,,,1978.232421875,,28.33517074584961,,0.6749005913734436,,44.47732162475586
,6808,,,,,,,,,,1701.9503173828125,,24.943513870239258,,0.7361122369766235,,41.25469970703125
,6809,,,,,,,,,,2001.386962890625,,26.608280181884766,,0.7264389395713806,,44.73686218261719
,6810,,,,,,,,,,2685.275390625,,31.498546600341797,,0.6744833588600159,,51.81964111328125
,6811,,,,,,,,,,1744.205078125,,24.61128044128418,,0.6778296828269958,,41.76367950439453
,6812,,,,,,,,,,2608.989501953125,,30.908939361572266,,0.5853759050369263,,51.078269958496094
,6813,,,,,,,,,,1773.086669921875,,26.20054054260254,,0.6574975252151489,,42.108036041259766
,6814,,,,,,,,,,2142.36962890625,,28.238296508789062,,0.7172865271568298,,46.28573989868164
,6815,,,,,,,,,,1852.427490234375,,24.310537338256836,,0.7335165739059448,,43.03983688354492
,6816,,,,,,,,,,1995.7254638671875,,29.816255569458008,,0.6911174654960632,,44.67354202270508
,6817,,,,,,,,,,1891.8963623046875,,27.186141967773438,,0.6734469532966614,,43.495933532714844
,6818,,,,,,,,,,1935.7369384765625,,25.871952056884766,,0.6702133417129517,,43.997013092041016
,6819,,,,,,,,,,2527.407470703125,,30.98773765563965,,0.6623521447181702,,50.27333068847656
,6820,,,,,,,,,,1895.010498046875,,26.32856559753418,,0.6747075319290161,,43.53171920776367
,6821,,,,,,,,,,2414.084716796875,,30.45464515686035,,0.6746233105659485,,49.13333511352539
,6822,,,,,,,,,,1723.71923828125,,25.63807487487793,,0.703908383846283,,41.517696380615234
,6823,,,,,,,,,,1899.5478515625,,28.902910232543945,,0.671430766582489,,43.58380126953125
,6824,,,,,,,,,,2363.01123046875,,33.068355560302734,,0.6699453592300415,,48.61081314086914
,6825,,,,,,,,,,2395.8994140625,,33.602272033691406,,0.675890326499939,,48.94792175292969
,6826,,,,,,,,,,1773.0303955078125,,24.672842025756836,,0.6910573244094849,,42.10736846923828
,6827,,,,,,,,,,2031.3721923828125,,28.370725631713867,,0.7623080611228943,,45.070743560791016
,6828,,,,,,,,,,2713.09765625,,35.39324951171875,,0.5760127305984497,,52.087406158447266
,6829,,,,,,,,,,2105.642822265625,,28.2554931640625,,0.721126139163971,,45.88728332519531
,6830,,,,,,,,,,2294.517822265625,,30.35036849975586,,0.7061992883682251,,47.901126861572266
,6831,,,,,,,,,,1882.7783203125,,29.05162811279297,,0.6802159547805786,,43.390995025634766
,6832,,,,,,,,,,2379.71435546875,,33.045352935791016,,0.5835636854171753,,48.78231430053711
,6833,,,,,,,,,,1994.3846435546875,,26.73242950439453,,0.7213725447654724,,44.65853500366211
,6834,,,,,,,,,,2291.66455078125,,29.350744247436523,,0.625813364982605,,47.871334075927734
,6835,,,,,,,,,,1578.113525390625,,25.26327896118164,,0.7460688948631287,,39.7254753112793
,6836,,,,,,,,,,1496.7529296875,,23.377439498901367,,0.7523938417434692,,38.68789291381836
,6837,,,,,,,,,,2110.62109375,,29.543615341186523,,0.6857776045799255,,45.941497802734375
,6838,,,,,,,,,,2193.820556640625,,31.172761917114258,,0.6514852046966553,,46.83823776245117
,6839,,,,,,,,,,2136.328125,,30.12105369567871,,0.6770893931388855,,46.220428466796875
,6840,,,,,,,,,,2193.48828125,,29.47450828552246,,0.7172858715057373,,46.83469009399414
,6841,,,,,,,,,,1658.063720703125,,24.499670028686523,,0.7385877966880798,,40.719329833984375
,6842,,,,,,,,,,2176.402587890625,,30.72454833984375,,0.6502522230148315,,46.65193176269531
,6843,,,,,,,,,,1720.36767578125,,25.547636032104492,,0.7532493472099304,,41.47731399536133
,6844,,,,,,,,,,1882.2677001953125,,26.328596115112305,,0.6582068204879761,,43.385108947753906
,6845,,,,,,,,,,1954.814697265625,,28.90093994140625,,0.6642062664031982,,44.213287353515625
,6846,,,,,,,,,,1820.17626953125,,26.067947387695312,,0.7454314231872559,,42.66352081298828
,6847,,,,,,,,,,2292.28173828125,,29.856159210205078,,0.6695281267166138,,47.87778091430664
,6848,,,,,,,,,,3430.00048828125,,40.56673812866211,,0.6038670539855957,,58.56620788574219
,6849,,,,,,,,,,2771.175537109375,,35.66175842285156,,0.5748953819274902,,52.6419563293457
,6850,,,,,,,,,,2334.679931640625,,31.128498077392578,,0.6618449687957764,,48.31852722167969
,6851,,,,,,,,,,1863.9344482421875,,25.90110206604004,,0.7252974510192871,,43.17330551147461
,6852,,,,,,,,,,3117.371337890625,,39.217529296875,,0.5748628377914429,,55.83342361450195
,6853,,,,,,,,,,2056.875,,27.008167266845703,,0.6849462985992432,,45.352783203125
,6854,,,,,,,,,,2024.3316650390625,,27.965892791748047,,0.6569993495941162,,44.99257278442383
,6855,,,,,,,,,,1850.499755859375,,27.334535598754883,,0.6375045776367188,,43.01743698120117
,6856,,,,,,,,,,2334.510009765625,,33.06208038330078,,0.6168117523193359,,48.316768646240234
,6857,,,,,,,,,,1961.3909912109375,,26.450843811035156,,0.7045408487319946,,44.287593841552734
,6858,,,,,,,,,,1935.4239501953125,,27.570167541503906,,0.7108744382858276,,43.99345397949219
,6859,,,,,,,,,,1656.3846435546875,,25.85597038269043,,0.7067824602127075,,40.698707580566406
,6860,,,,,,,,,,1719.4239501953125,,23.81916618347168,,0.707115888595581,,41.465938568115234
,6861,,,,,,,,,,2575.86376953125,,33.631736755371094,,0.6144213676452637,,50.752967834472656
,6862,,,,,,,,,,2043.428466796875,,28.674915313720703,,0.6852094531059265,,45.20429611206055
,6863,,,,,,,,,,2219.965576171875,,30.157121658325195,,0.6871079206466675,,47.116512298583984
,6864,,,,,,,,,,2179.028076171875,,30.126314163208008,,0.6866477727890015,,46.68006134033203
,6865,,,,,,,,,,1669.13330078125,,23.65226936340332,,0.6965852975845337,,40.85502624511719
,6866,,,,,,,,,,1764.359130859375,,24.985645294189453,,0.7081477642059326,,42.0042724609375
,6867,,,,,,,,,,1885.6778564453125,,23.80937957763672,,0.6595779061317444,,43.42439270019531
,6868,,,,,,,,,,2038.4876708984375,,29.725234985351562,,0.71268230676651,,45.14961242675781
,6869,,,,,,,,,,2345.87353515625,,31.647296905517578,,0.6557057499885559,,48.43421936035156
,6870,,,,,,,,,,2225.780517578125,,29.179275512695312,,0.6940740346908569,,47.17817687988281
,6871,,,,,,,,,,2250.68212890625,,30.256521224975586,,0.6523165702819824,,47.44135665893555
,6872,,,,,,,,,,1568.2369384765625,,23.058786392211914,,0.7241508364677429,,39.60097122192383
,6873,,,,,,,,,,2081.818359375,,28.22747802734375,,0.7076061964035034,,45.626949310302734
,6874,,,,,,,,,,2191.1533203125,,30.795164108276367,,0.690485954284668,,46.809757232666016
,6875,,,,,,,,,,2184.698974609375,,29.99757957458496,,0.6703845262527466,,46.74076461791992
,6876,,,,,,,,,,2093.8115234375,,28.920326232910156,,0.6824356913566589,,45.75818634033203
,6877,,,,,,,,,,2505.385498046875,,35.26511001586914,,0.5853561162948608,,50.05382537841797
,6878,,,,,,,,,,1545.5838623046875,,22.74411392211914,,0.7257381677627563,,39.31391525268555
,6879,,,,,,,,,,2386.763916015625,,30.062469482421875,,0.618183970451355,,48.85451889038086
,6880,,,,,,,,,,1460.2705078125,,22.884876251220703,,0.6693265438079834,,38.21348571777344
,6881,,,,,,,,,,1627.22802734375,,24.771074295043945,,0.742661714553833,,40.33891296386719
,6882,,,,,,,,,,2317.093994140625,,31.339792251586914,,0.7039002180099487,,48.136199951171875
,6883,,,,,,,,,,2321.115966796875,,33.100189208984375,,0.6540257930755615,,48.17796325683594
,6884,,,,,,,,,,1415.0557861328125,,19.49028778076172,,0.6730222702026367,,37.617225646972656
,6885,,,,,,,,,,2367.8134765625,,32.847599029541016,,0.6306582689285278,,48.66018295288086
,6886,,,,,,,,,,2518.6708984375,,34.9364013671875,,0.5652992129325867,,50.186363220214844
,6887,,,,,,,,,,2205.45361328125,,31.15966796875,,0.6871649622917175,,46.962257385253906
,6888,,,,,,,,,,1959.4957275390625,,30.923582077026367,,0.7016391754150391,,44.26619338989258
,6889,,,,,,,,,,2310.26708984375,,30.814149856567383,,0.6684317588806152,,48.06523895263672
,6890,,,,,,,,,,1476.2373046875,,22.925296783447266,,0.6717891693115234,,38.42183303833008
,6891,,,,,,,,,,2197.222412109375,,26.39225196838379,,0.7318782210350037,,46.87453842163086
,6892,,,,,,,,,,1988.287353515625,,29.174388885498047,,0.6745793223381042,,44.59021759033203
,6893,,,,,,,,,,2005.1495361328125,,28.00472640991211,,0.6948344707489014,,44.77889633178711
,6894,,,,,,,,,,1893.6309814453125,,26.28543472290039,,0.6783928871154785,,43.515869140625
,6895,,,,,,,,,,2046.0845947265625,,28.490631103515625,,0.7183089256286621,,45.233665466308594
,6896,,,,,,,,,,2197.788330078125,,28.94637680053711,,0.6499519348144531,,46.880577087402344
,6897,,,,,,,,,,2341.167236328125,,30.5872745513916,,0.6454340219497681,,48.3856086730957
,6898,,,,,,,,,,1866.168212890625,,26.454517364501953,,0.7346863746643066,,43.19916915893555
,6899,,,,,,,,,,1982.70751953125,,25.927244186401367,,0.6370086073875427,,44.52760314941406
,6900,,,,,,,,,,1654.0506591796875,,23.88246726989746,,0.7327213287353516,,40.670021057128906
,6901,,,,,,,,,,2018.7371826171875,,28.357526779174805,,0.6619057655334473,,44.93035888671875
,6902,,,,,,,,,,1700.8062744140625,,22.7926025390625,,0.7372249364852905,,41.2408332824707
,6903,,,,,,,,,,2292.022216796875,,32.60633087158203,,0.6922247409820557,,47.87506866455078
,6904,,,,,,,,,,2276.6533203125,,31.723682403564453,,0.6642744541168213,,47.71428680419922
,6905,,,,,,,,,,1507.2320556640625,,21.934425354003906,,0.760183572769165,,38.82308578491211
,6906,,,,,,,,,,1699.0521240234375,,25.030946731567383,,0.6857761144638062,,41.21956253051758
,6907,,,,,,,,,,2766.81494140625,,35.9501953125,,0.6351868510246277,,52.600521087646484
,6908,,,,,,,,,,1753.3221435546875,,24.834510803222656,,0.701744556427002,,41.87268829345703
,6909,,,,,,,,,,1756.046875,,24.805978775024414,,0.7570300102233887,,41.90521240234375
,6910,,,,,,,,,,2446.85498046875,,31.49675178527832,,0.6185024976730347,,49.465694427490234
,6911,,,,,,,,,,2265.214111328125,,32.17277526855469,,0.6177802681922913,,47.59426498413086
,6912,,,,,,,,,,2880.287109375,,36.41277313232422,,0.6445237398147583,,53.66830825805664
,6913,,,,,,,,,,1725.5640869140625,,27.069997787475586,,0.7154541015625,,41.53990936279297
,6914,,,,,,,,,,2662.16650390625,,34.86417770385742,,0.7088778018951416,,51.596187591552734
,6915,,,,,,,,,,1338.9462890625,,21.358409881591797,,0.7894039154052734,,36.59161376953125
,6916,,,,,,,,,,1728.7896728515625,,23.668920516967773,,0.7002525925636292,,41.57871627807617
,6917,,,,,,,,,,1931.4775390625,,26.930063247680664,,0.6752901077270508,,43.948577880859375
,6918,,,,,,,,,,2433.87744140625,,30.937925338745117,,0.6372702717781067,,49.33434295654297
,6919,,,,,,,,,,2567.46337890625,,34.869537353515625,,0.6207289695739746,,50.670143127441406
,6920,,,,,,,,,,2567.19921875,,32.2019157409668,,0.6628178358078003,,50.667537689208984
,6921,,,,,,,,,,2246.0341796875,,29.700206756591797,,0.6587964296340942,,47.39234161376953
,6922,,,,,,,,,,2441.947509765625,,28.860170364379883,,0.6650286316871643,,49.41606521606445
,6923,,,,,,,,,,1860.378173828125,,28.015336990356445,,0.7155356407165527,,43.132102966308594
,6924,,,,,,,,,,2696.83544921875,,34.29533386230469,,0.6580033898353577,,51.93106460571289
,6925,,,,,,,,,,2039.21484375,,26.01056480407715,,0.7208662033081055,,45.15766525268555
,6926,,,,,,,,,,1951.1212158203125,,26.9918270111084,,0.6991415023803711,,44.1714973449707
,6927,,,,,,,,,,2110.3046875,,29.792316436767578,,0.6719163656234741,,45.938053131103516
,6928,,,,,,,,,,2246.48876953125,,28.552425384521484,,0.6921823024749756,,47.39714050292969
,6929,,,,,,,,,,1474.251708984375,,19.738679885864258,,0.7607061266899109,,38.3959846496582
44,20789,,,,,,,,,2065.44482421875,,28.445842742919922,,0.682929277420044,,45.25120162963867,
44,20789,1974.772216796875,,27.690488815307617,,0.7002143263816833,,44.24298095703125,,,,,,,,,
45,20799,,2107.056640625,,30.647424697875977,,0.6923637986183167,,45.902687072753906,,,,,,,,
45,20849,,2149.46240234375,,29.134855270385742,,0.6669593453407288,,46.3622932434082,,,,,,,,
45,20899,,2444.2392578125,,33.699161529541016,,0.6490290760993958,,49.43925094604492,,,,,,,,
45,20949,,2167.853759765625,,30.275554656982422,,0.590336799621582,,46.56021499633789,,,,,,,,
45,20999,,1611.741943359375,,25.168447494506836,,0.767056941986084,,40.146507263183594,,,,,,,,
45,21049,,2455.481201171875,,30.45468521118164,,0.662699282169342,,49.55281066894531,,,,,,,,
45,21099,,2291.689453125,,31.819639205932617,,0.657305121421814,,47.87158966064453,,,,,,,,
45,21149,,2426.26318359375,,32.748634338378906,,0.6431375741958618,,49.25711441040039,,,,,,,,
45,21199,,1738.4873046875,,25.708520889282227,,0.7234688401222229,,41.69517135620117,,,,,,,,
45,21249,,2090.3193359375,,26.372953414916992,,0.7112573385238647,,45.720008850097656,,,,,,,,
,6930,,,,,,,,,,1879.3907470703125,,26.550397872924805,,0.7290046215057373,,43.3519401550293
,6931,,,,,,,,,,1568.332763671875,,23.912416458129883,,0.7204997539520264,,39.60218048095703
,6932,,,,,,,,,,1809.580078125,,26.642234802246094,,0.7245533466339111,,42.53915786743164
,6933,,,,,,,,,,2576.251220703125,,33.839447021484375,,0.6888443231582642,,50.75678634643555
,6934,,,,,,,,,,1817.7479248046875,,25.407344818115234,,0.7084690928459167,,42.63505554199219
,6935,,,,,,,,,,2058.94287109375,,29.13513946533203,,0.6524976491928101,,45.375572204589844
,6936,,,,,,,,,,1562.3450927734375,,22.71372413635254,,0.7122563123703003,,39.526512145996094
,6937,,,,,,,,,,2591.954833984375,,31.650163650512695,,0.6936607360839844,,50.9112434387207
,6938,,,,,,,,,,2607.250732421875,,36.73192596435547,,0.6050335168838501,,51.06124496459961
,6939,,,,,,,,,,1684.207763671875,,25.650623321533203,,0.650540828704834,,41.039100646972656
,6940,,,,,,,,,,1758.1341552734375,,23.179588317871094,,0.6820852160453796,,41.930110931396484
,6941,,,,,,,,,,2032.1624755859375,,29.441789627075195,,0.7002774477005005,,45.07951354980469
,6942,,,,,,,,,,2164.3203125,,29.367177963256836,,0.6341876983642578,,46.522254943847656
,6943,,,,,,,,,,1832.1278076171875,,26.596553802490234,,0.7165383100509644,,42.80336380004883
,6944,,,,,,,,,,1648.347900390625,,22.464153289794922,,0.6872093677520752,,40.599849700927734
,6945,,,,,,,,,,2721.72900390625,,35.10602951049805,,0.6164225935935974,,52.17019271850586
,6946,,,,,,,,,,1404.699462890625,,21.727006912231445,,0.7386729717254639,,37.47932052612305
,6947,,,,,,,,,,1551.6971435546875,,21.797908782958984,,0.7554933428764343,,39.39158630371094
,6948,,,,,,,,,,1507.4456787109375,,23.491519927978516,,0.7452449798583984,,38.82583999633789
,6949,,,,,,,,,,2066.295654296875,,28.666967391967773,,0.666999101638794,,45.45652389526367
,6950,,,,,,,,,,1503.986083984375,,22.798555374145508,,0.7601330876350403,,38.78125762939453
,6951,,,,,,,,,,1649.4923095703125,,25.93600082397461,,0.7414947152137756,,40.61394119262695
,6952,,,,,,,,,,1864.630615234375,,27.778059005737305,,0.7064000368118286,,43.18136978149414
,6953,,,,,,,,,,2865.76171875,,38.002140045166016,,0.6250374913215637,,53.532806396484375
,6954,,,,,,,,,,2469.839599609375,,32.23094940185547,,0.6691616773605347,,49.697479248046875
,6955,,,,,,,,,,2674.14892578125,,33.894222259521484,,0.6414518356323242,,51.71217346191406
,6956,,,,,,,,,,1056.7266845703125,,16.65730094909668,,0.748856782913208,,32.50733184814453
,6957,,,,,,,,,,2247.06103515625,,30.776397705078125,,0.6919188499450684,,47.403175354003906
,6958,,,,,,,,,,1819.0384521484375,,28.160776138305664,,0.692611575126648,,42.65018844604492
,6959,,,,,,,,,,2371.813232421875,,28.65260124206543,,0.6905453205108643,,48.701263427734375
,6960,,,,,,,,,,1845.3895263671875,,25.584760665893555,,0.6704301834106445,,42.95800018310547
,6961,,,,,,,,,,1991.37060546875,,28.441699981689453,,0.6727414727210999,,44.62477493286133
,6962,,,,,,,,,,1704.9844970703125,,24.981523513793945,,0.7356417775154114,,41.29145812988281
,6963,,,,,,,,,,1974.7762451171875,,26.315670013427734,,0.730076253414154,,44.438453674316406
,6964,,,,,,,,,,2678.624267578125,,31.522045135498047,,0.6752896308898926,,51.755428314208984
,6965,,,,,,,,,,1723.5538330078125,,24.32063865661621,,0.6816441416740417,,41.51570510864258
,6966,,,,,,,,,,2769.390380859375,,31.41944122314453,,0.559884786605835,,52.625
,6967,,,,,,,,,,1797.278076171875,,26.249549865722656,,0.6528245806694031,,42.394317626953125
,6968,,,,,,,,,,2161.647216796875,,28.423309326171875,,0.7147426009178162,,46.4935188293457
,6969,,,,,,,,,,1853.9942626953125,,24.45023536682129,,0.7332911491394043,,43.05803298950195
,6970,,,,,,,,,,1985.916748046875,,29.679718017578125,,0.6926355361938477,,44.56362533569336
,6971,,,,,,,,,,1886.3138427734375,,27.151531219482422,,0.6744105219841003,,43.43171310424805
,6972,,,,,,,,,,1949.8541259765625,,25.851871490478516,,0.6678082942962646,,44.15715408325195
,6973,,,,,,,,,,2520.22998046875,,30.939273834228516,,0.6633110046386719,,50.2018928527832
,6974,,,,,,,,,,1927.33203125,,26.481271743774414,,0.6691592931747437,,43.901390075683594
,6975,,,,,,,,,,2403.126953125,,30.409910202026367,,0.6761002540588379,,49.021697998046875
,6976,,,,,,,,,,1749.6409912109375,,25.978290557861328,,0.6994556784629822,,41.82870864868164
,6977,,,,,,,,,,1907.2298583984375,,29.13760757446289,,0.6701020002365112,,43.67184066772461
,6978,,,,,,,,,,2352.012939453125,,33.09333801269531,,0.6714814901351929,,48.497554779052734
,6979,,,,,,,,,,2396.39111328125,,33.54973602294922,,0.6758238077163696,,48.95294952392578
,6980,,,,,,,,,,1758.5191650390625,,24.588321685791016,,0.6935858130455017,,41.93470001220703
,6981,,,,,,,,,,2008.4058837890625,,28.26830291748047,,0.7649953365325928,,44.81523895263672
,6982,,,,,,,,,,2687.41796875,,35.27128982543945,,0.5800257921218872,,51.84031295776367
,6983,,,,,,,,,,2090.093017578125,,27.789962768554688,,0.7231855988502502,,45.71753692626953
,6984,,,,,,,,,,2281.78857421875,,30.272830963134766,,0.7078292369842529,,47.768070220947266
,6985,,,,,,,,,,1872.32861328125,,28.977800369262695,,0.6819908618927002,,43.27041244506836
,6986,,,,,,,,,,2408.489501953125,,33.0501594543457,,0.5785282850265503,,49.07636260986328
,6987,,,,,,,,,,1977.801513671875,,26.611169815063477,,0.7236893177032471,,44.47248077392578
,6988,,,,,,,,,,2273.333251953125,,29.07796287536621,,0.6288065910339355,,47.67948532104492
,6989,,,,,,,,,,1584.441162109375,,25.316373825073242,,0.7450507283210754,,39.8050422668457
,6990,,,,,,,,,,1518.915771484375,,23.580244064331055,,0.7487274408340454,,38.9732666015625
,6991,,,,,,,,,,2109.931884765625,,29.51162338256836,,0.685880184173584,,45.93399429321289
,6992,,,,,,,,,,2197.02197265625,,31.200605392456055,,0.6509766578674316,,46.87240219116211
,6993,,,,,,,,,,2169.802734375,,30.310293197631836,,0.6720296144485474,,46.58114242553711
,6994,,,,,,,,,,2173.556884765625,,29.251447677612305,,0.7198547124862671,,46.621421813964844
,6995,,,,,,,,,,1656.6778564453125,,24.54214096069336,,0.7388063073158264,,40.702308654785156
,6996,,,,,,,,,,2159.911376953125,,30.61806869506836,,0.652902364730835,,46.47484588623047
,6997,,,,,,,,,,1736.33642578125,,25.672809600830078,,0.7509589791297913,,41.669368743896484
,6998,,,,,,,,,,1859.6522216796875,,26.116621017456055,,0.6623134613037109,,43.12368392944336
,6999,,,,,,,,,,1941.6964111328125,,28.812423706054688,,0.6664596796035767,,44.0646858215332
,7000,,,,,,,,,,1766.03662109375,,25.420495986938477,,0.7530033588409424,,42.02423858642578
,7001,,,,,,,,,,2293.334716796875,,29.813276290893555,,0.6693763136863708,,47.88877487182617
,7002,,,,,,,,,,3399.4931640625,,40.507537841796875,,0.6073903441429138,,58.305171966552734
,7003,,,,,,,,,,2755.88330078125,,35.630008697509766,,0.5772411823272705,,52.49650573730469
,7004,,,,,,,,,,2333.48876953125,,31.09661865234375,,0.6620174646377563,,48.30619812011719
,7005,,,,,,,,,,1857.229248046875,,25.821096420288086,,0.7262856364250183,,43.0955810546875
,7006,,,,,,,,,,3075.498779296875,,38.92958450317383,,0.5805732011795044,,55.45718002319336
,7007,,,,,,,,,,2069.656494140625,,27.082136154174805,,0.6829885244369507,,45.49348068237305
,7008,,,,,,,,,,2027.8114013671875,,27.88509178161621,,0.656409740447998,,45.031227111816406
,7009,,,,,,,,,,1846.1953125,,27.209903717041016,,0.6383477449417114,,42.967376708984375
,7010,,,,,,,,,,2343.590087890625,,33.12030029296875,,0.6153212785720825,,48.41064453125
,7011,,,,,,,,,,1967.7308349609375,,26.447946548461914,,0.7035858631134033,,44.35911178588867
,7012,,,,,,,,,,1951.7086181640625,,27.722549438476562,,0.7084417343139648,,44.17814636230469
,7013,,,,,,,,,,1657.7322998046875,,25.734336853027344,,0.7065439224243164,,40.71525955200195
,7014,,,,,,,,,,1708.6256103515625,,23.682415008544922,,0.7089552879333496,,41.33552551269531
,7015,,,,,,,,,,2626.547607421875,,33.93808364868164,,0.6068345904350281,,51.249855041503906
,7016,,,,,,,,,,2012.858642578125,,28.443037033081055,,0.6899187564849854,,44.86489486694336
,7017,,,,,,,,,,2208.6298828125,,30.065717697143555,,0.688705563545227,,46.996063232421875
,7018,,,,,,,,,,2165.682861328125,,30.077165603637695,,0.6885668039321899,,46.53689956665039
,7019,,,,,,,,,,1673.3731689453125,,23.64426612854004,,0.6958146095275879,,40.906883239746094
,7020,,,,,,,,,,1759.87646484375,,24.895944595336914,,0.7088892459869385,,41.95088195800781
,7021,,,,,,,,,,1862.2176513671875,,23.714496612548828,,0.6638131737709045,,43.153419494628906
,7022,,,,,,,,,,2016.1390380859375,,29.45840072631836,,0.7158322334289551,,44.90143585205078
,7023,,,,,,,,,,2336.618408203125,,31.36094093322754,,0.6570640802383423,,48.33858108520508
,7024,,,,,,,,,,2216.7919921875,,29.035165786743164,,0.6953095197677612,,47.082820892333984
,7025,,,,,,,,,,2286.83203125,,30.642702102661133,,0.6467322111129761,,47.820831298828125
,7026,,,,,,,,,,1558.102294921875,,22.884809494018555,,0.7259334921836853,,39.47280502319336
,7027,,,,,,,,,,2068.0869140625,,28.089426040649414,,0.709534764289856,,45.47622299194336
,7028,,,,,,,,,,2188.579345703125,,30.856670379638672,,0.6908495426177979,,46.78225326538086
,7029,,,,,,,,,,2186.506103515625,,29.872644424438477,,0.670111894607544,,46.760093688964844
,7030,,,,,,,,,,2085.51953125,,28.9492130279541,,0.6836932897567749,,45.66748809814453
,7031,,,,,,,,,,2493.89306640625,,34.9976692199707,,0.5872581601142883,,49.93889236450195
,7032,,,,,,,,,,1540.173828125,,22.551008224487305,,0.7266981601715088,,39.24504852294922
,7033,,,,,,,,,,2397.635986328125,,30.12928581237793,,0.6164447069168091,,48.965660095214844
,7034,,,,,,,,,,1450.1722412109375,,22.657005310058594,,0.671613335609436,,38.08112716674805
,7035,,,,,,,,,,1598.1043701171875,,24.391599655151367,,0.747267484664917,,39.97629928588867
,7036,,,,,,,,,,2312.531982421875,,31.163545608520508,,0.7044832706451416,,48.08879089355469
,7037,,,,,,,,,,2316.045654296875,,32.951663970947266,,0.6547815799713135,,48.12531280517578
,7038,,,,,,,,,,1399.7413330078125,,19.36031150817871,,0.6765609979629517,,37.413116455078125
,7039,,,,,,,,,,2347.275634765625,,32.712154388427734,,0.6338618993759155,,48.448692321777344
,7040,,,,,,,,,,2505.110595703125,,34.830841064453125,,0.5676395893096924,,50.05107879638672
,7041,,,,,,,,,,2184.680419921875,,30.986019134521484,,0.6901115775108337,,46.74056625366211
,7042,,,,,,,,,,1983.9749755859375,,31.122055053710938,,0.6979118585586548,,44.54183578491211
,7043,,,,,,,,,,2345.819580078125,,30.96014976501465,,0.6633293032646179,,48.43366241455078
,7044,,,,,,,,,,1503.631103515625,,23.0762939453125,,0.665698766708374,,38.77668380737305
,7045,,,,,,,,,,2171.159912109375,,26.085006713867188,,0.7350585460662842,,46.595706939697266
,7046,,,,,,,,,,1992.89892578125,,29.116601943969727,,0.6738245487213135,,44.64189529418945
,7047,,,,,,,,,,2036.84716796875,,28.137624740600586,,0.6900104284286499,,45.13144302368164
,7048,,,,,,,,,,1902.812255859375,,26.21689796447754,,0.6768336296081543,,43.62123489379883
,7049,,,,,,,,,,2026.3590087890625,,27.995332717895508,,0.7210246324539185,,45.015098571777344
,7050,,,,,,,,,,2169.426513671875,,28.67150115966797,,0.6544691920280457,,46.57710266113281
,7051,,,,,,,,,,2298.313720703125,,30.38918685913086,,0.6519241333007812,,47.940731048583984
,7052,,,,,,,,,,1869.8963623046875,,26.383113861083984,,0.7341563701629639,,43.2422981262207
,7053,,,,,,,,,,1945.358642578125,,25.761899948120117,,0.6438463926315308,,44.10622024536133
,7054,,,,,,,,,,1642.1422119140625,,23.710420608520508,,0.734645664691925,,40.523353576660156
,7055,,,,,,,,,,2006.6077880859375,,28.38491439819336,,0.6639371514320374,,44.7951774597168
,7056,,,,,,,,,,1700.086669921875,,22.745620727539062,,0.7373361587524414,,41.23210525512695
,7057,,,,,,,,,,2261.88818359375,,32.353763580322266,,0.6962711811065674,,47.55931091308594
,7058,,,,,,,,,,2266.861328125,,31.67454719543457,,0.6657184362411499,,47.611568450927734
,7059,,,,,,,,,,1506.5128173828125,,22.027069091796875,,0.7602980136871338,,38.81382369995117
,7060,,,,,,,,,,1691.96875,,24.926862716674805,,0.6870861649513245,,41.133548736572266
,7061,,,,,,,,,,2761.845703125,,35.8566780090332,,0.6358420252799988,,52.55326461791992
,7062,,,,,,,,,,1724.9117431640625,,24.561779022216797,,0.7065773606300354,,41.53205871582031
,7063,,,,,,,,,,1768.0521240234375,,24.75650405883789,,0.7553689479827881,,42.04821014404297
,7064,,,,,,,,,,2456.531005859375,,31.648679733276367,,0.6169939041137695,,49.56340789794922
,7065,,,,,,,,,,2327.5673828125,,32.47451400756836,,0.6072590947151184,,48.244869232177734
,7066,,,,,,,,,,2865.025634765625,,36.29536437988281,,0.6464072465896606,,53.525936126708984
,7067,,,,,,,,,,1736.2164306640625,,27.246004104614258,,0.7136974930763245,,41.667930603027344
,7068,,,,,,,,,,2657.243408203125,,34.83604431152344,,0.7094161510467529,,51.548458099365234
,7069,,,,,,,,,,1320.668701171875,,21.22025489807129,,0.7922786474227905,,36.341007232666016
,7070,,,,,,,,,,1692.9481201171875,,23.43463134765625,,0.7064670324325562,,41.145450592041016
,7071,,,,,,,,,,1946.4476318359375,,27.07672882080078,,0.6727734804153442,,44.11856460571289
,7072,,,,,,,,,,2451.501220703125,,31.079914093017578,,0.6346437335014343,,49.512638092041016
,7073,,,,,,,,,,2556.99658203125,,34.75994873046875,,0.6222751140594482,,50.56675338745117
,7074,,,,,,,,,,2591.377685546875,,32.375732421875,,0.659642219543457,,50.905574798583984
,7075,,,,,,,,,,2245.3310546875,,29.730077743530273,,0.6589032411575317,,47.38492202758789
,7076,,,,,,,,,,2411.095703125,,28.664989471435547,,0.6692607402801514,,49.102909088134766
,7077,,,,,,,,,,1860.0546875,,27.93092918395996,,0.7155851125717163,,43.128353118896484
,7078,,,,,,,,,,2659.605712890625,,34.01069641113281,,0.6627246141433716,,51.57136535644531
,7079,,,,,,,,,,2041.2816162109375,,26.00958824157715,,0.7205833196640015,,45.180545806884766
,7080,,,,,,,,,,1963.54296875,,27.059568405151367,,0.6972261071205139,,44.31188201904297
,7081,,,,,,,,,,2105.970947265625,,29.751094818115234,,0.6725900769233704,,45.89086151123047
,7082,,,,,,,,,,2251.7353515625,,28.68140983581543,,0.6914634704589844,,47.452449798583984
,7083,,,,,,,,,,1456.755615234375,,19.545316696166992,,0.7635459899902344,,38.1674690246582
45,21251,,,,,,,,,2062.266357421875,,28.386369705200195,,0.6833459138870239,,45.21583938598633,
45,21251,1972.746337890625,,27.664993286132812,,0.7004727721214294,,44.201881408691406,,,,,,,,,
46,21299,,1890.5040283203125,,27.66070556640625,,0.6946084499359131,,43.47992706298828,,,,,,,,
46,21349,,1739.0733642578125,,24.579082489013672,,0.6696051955223083,,41.70219802856445,,,,,,,,
46,21399,,1765.223388671875,,27.73247528076172,,0.7363272905349731,,42.01456069946289,,,,,,,,
46,21449,,1971.0809326171875,,27.398284912109375,,0.6770252585411072,,44.39685821533203,,,,,,,,
46,21499,,1784.9493408203125,,25.44591522216797,,0.7138526439666748,,42.248661041259766,,,,,,,,
46,21549,,1787.3636474609375,,24.22213363647461,,0.7453345060348511,,42.277225494384766,,,,,,,,
46,21599,,1344.0777587890625,,18.044925689697266,,0.7651981115341187,,36.66166687011719,,,,,,,,
46,21649,,1518.8759765625,,23.54982566833496,,0.7531893849372864,,38.97275924682617,,,,,,,,
46,21699,,1483.5557861328125,,22.185747146606445,,0.7746937274932861,,38.5169563293457,,,,,,,,
,7084,,,,,,,,,,1876.2801513671875,,26.51261329650879,,0.7294531464576721,,43.3160514831543
,7085,,,,,,,,,,1565.3245849609375,,23.829505920410156,,0.7210358381271362,,39.564186096191406
,7086,,,,,,,,,,1808.3704833984375,,26.600296020507812,,0.7247375249862671,,42.524940490722656
,7087,,,,,,,,,,2561.24560546875,,33.528526306152344,,0.6906566619873047,,50.60874938964844
,7088,,,,,,,,,,1814.3060302734375,,25.200090408325195,,0.7090210914611816,,42.59467315673828
,7089,,,,,,,,,,2055.814453125,,29.114830017089844,,0.6530256271362305,,45.34109115600586
,7090,,,,,,,,,,1548.6160888671875,,22.397924423217773,,0.7147848606109619,,39.35246276855469
,7091,,,,,,,,,,2609.241455078125,,31.74726676940918,,0.6916176080703735,,51.08073425292969
,7092,,,,,,,,,,2621.977783203125,,36.921016693115234,,0.6028025150299072,,51.20524978637695
,7093,,,,,,,,,,1677.8323974609375,,25.489290237426758,,0.651863694190979,,40.96135330200195
,7094,,,,,,,,,,1762.3140869140625,,23.22610855102539,,0.6813293695449829,,41.979923248291016
,7095,,,,,,,,,,2040.0098876953125,,29.531770706176758,,0.699120044708252,,45.166465759277344
,7096,,,,,,,,,,2191.4501953125,,29.62582015991211,,0.6296021938323975,,46.812931060791016
,7097,,,,,,,,,,1833.507568359375,,26.58831214904785,,0.7163248658180237,,42.81947708129883
,7098,,,,,,,,,,1652.498046875,,22.45528793334961,,0.686421811580658,,40.65092849731445
,7099,,,,,,,,,,2732.677734375,,35.168819427490234,,0.6148796081542969,,52.275020599365234
,7100,,,,,,,,,,1403.869873046875,,21.652099609375,,0.7388272285461426,,37.4682502746582
,7101,,,,,,,,,,1567.3427734375,,21.935985565185547,,0.7530279755592346,,39.58967971801758
,7102,,,,,,,,,,1492.1038818359375,,23.334497451782227,,0.7478376626968384,,38.62776184082031
,7103,,,,,,,,,,2088.8203125,,28.89112091064453,,0.6633690595626831,,45.70361328125
,7104,,,,,,,,,,1501.716064453125,,22.799285888671875,,0.760495126247406,,38.75197982788086
,7105,,,,,,,,,,1657.7252197265625,,26.021310806274414,,0.7402044534683228,,40.715171813964844
,7106,,,,,,,,,,1859.2481689453125,,27.657926559448242,,0.7072475552558899,,43.11900329589844
,7107,,,,,,,,,,2851.822998046875,,37.84255599975586,,0.6268612742424011,,53.402462005615234
,7108,,,,,,,,,,2493.9189453125,,32.34149932861328,,0.6659361720085144,,49.939151763916016
,7109,,,,,,,,,,2682.858154296875,,34.040802001953125,,0.6402841806411743,,51.79631042480469
,7110,,,,,,,,,,1055.9788818359375,,16.571989059448242,,0.7490345239639282,,32.49583053588867
,7111,,,,,,,,,,2254.68115234375,,30.806886672973633,,0.6908740997314453,,47.483482360839844
,7112,,,,,,,,,,1826.42529296875,,28.210529327392578,,0.6913633346557617,,42.736698150634766
,7113,,,,,,,,,,2364.706787109375,,28.595718383789062,,0.6914725303649902,,48.62825012207031
,7114,,,,,,,,,,1849.508056640625,,25.65646743774414,,0.6696946024894714,,43.00590896606445
,7115,,,,,,,,,,1992.565673828125,,28.446121215820312,,0.6725450754165649,,44.638160705566406
,7116,,,,,,,,,,1713.3265380859375,,24.973949432373047,,0.7343483567237854,,41.3923454284668
,7117,,,,,,,,,,1992.2584228515625,,26.420948028564453,,0.7276866436004639,,44.63472366333008
,7118,,,,,,,,,,2689.436279296875,,31.56336212158203,,0.6739789247512817,,51.859779357910156
,7119,,,,,,,,,,1726.919189453125,,24.310461044311523,,0.6810225248336792,,41.556217193603516
,7120,,,,,,,,,,2764.588623046875,,31.33146095275879,,0.5606478452682495,,52.5793571472168
,7121,,,,,,,,,,1788.54296875,,26.209430694580078,,0.6545119285583496,,42.291168212890625
,7122,,,,,,,,,,2157.997802734375,,28.325366973876953,,0.7152242064476013,,46.454254150390625
,7123,,,,,,,,,,1857.3492431640625,,24.443424224853516,,0.732808530330658,,43.09697341918945
,7124,,,,,,,,,,1996.8548583984375,,29.709619522094727,,0.690942645072937,,44.686180114746094
,7125,,,,,,,,,,1869.595703125,,26.927642822265625,,0.6772961616516113,,43.23881912231445
,7126,,,,,,,,,,1945.5447998046875,,25.815839767456055,,0.6685424447059631,,44.10832977294922
,7127,,,,,,,,,,2524.549560546875,,30.940702438354492,,0.6627339124679565,,50.244895935058594
,7128,,,,,,,,,,1926.2452392578125,,26.46200942993164,,0.6693458557128906,,43.88901138305664
,7129,,,,,,,,,,2407.891357421875,,30.349191665649414,,0.6754580736160278,,49.07027053833008
,7130,,,,,,,,,,1732.25048828125,,25.73736000061035,,0.7024429440498352,,41.62031173706055
,7131,,,,,,,,,,1897.501220703125,,29.051570892333984,,0.6717847585678101,,43.5603141784668
,7132,,,,,,,,,,2346.873046875,,33.02409362792969,,0.6721993684768677,,48.44453811645508
,7133,,,,,,,,,,2387.905517578125,,33.443511962890625,,0.6769716739654541,,48.8661994934082
,7134,,,,,,,,,,1763.7933349609375,,24.642370223999023,,0.69266676902771,,41.99753952026367
,7135,,,,,,,,,,1995.3026123046875,,28.170303344726562,,0.7665285468101501,,44.6688117980957
,7136,,,,,,,,,,2692.929931640625,,35.232723236083984,,0.579164445400238,,51.89344787597656
,7137,,,,,,,,,,2078.54052734375,,27.776241302490234,,0.7247155904769897,,45.59101486206055
,7138,,,,,,,,,,2251.76953125,,30.016294479370117,,0.7116730213165283,,47.45281219482422
,7139,,,,,,,,,,1875.6541748046875,,29.038373947143555,,0.6814259886741638,,43.30882263183594
,7140,,,,,,,,,,2402.365478515625,,33.0177116394043,,0.5795998573303223,,49.01393127441406
,7141,,,,,,,,,,1988.3233642578125,,26.727930068969727,,0.7222193479537964,,44.59061813354492
,7142,,,,,,,,,,2270.0126953125,,29.070533752441406,,0.6293487548828125,,47.644649505615234
,7143,,,,,,,,,,1589.8616943359375,,25.328880310058594,,0.7441785335540771,,39.873069763183594
,7144,,,,,,,,,,1533.840576171875,,23.77130126953125,,0.7462584376335144,,39.164276123046875
,7145,,,,,,,,,,2109.991455078125,,29.4816951751709,,0.6858713626861572,,45.93464279174805
,7146,,,,,,,,,,2199.56689453125,,31.29383659362793,,0.6505723595619202,,46.899539947509766
,7147,,,,,,,,,,2146.257568359375,,30.139638900756836,,0.6755885481834412,,46.327720642089844
,7148,,,,,,,,,,2172.606689453125,,29.24619483947754,,0.7199772000312805,,46.61123275756836
,7149,,,,,,,,,,1655.0152587890625,,24.523107528686523,,0.7390683889389038,,40.68187713623047
,7150,,,,,,,,,,2175.407958984375,,30.748624801635742,,0.6504119634628296,,46.64126968383789
,7151,,,,,,,,,,1728.6923828125,,25.659135818481445,,0.7520553469657898,,41.577545166015625
,7152,,,,,,,,,,1864.9493408203125,,26.141830444335938,,0.6613515615463257,,43.185062408447266
,7153,,,,,,,,,,1941.5291748046875,,28.815357208251953,,0.6664884686470032,,44.06278610229492
,7154,,,,,,,,,,1795.963623046875,,25.721542358398438,,0.7488178014755249,,42.37881088256836
,7155,,,,,,,,,,2304.11572265625,,29.87203025817871,,0.6678220629692078,,48.00120544433594
,7156,,,,,,,,,,3419.615234375,,40.63573455810547,,0.6050664186477661,,58.47747802734375
,7157,,,,,,,,,,2784.9814453125,,35.68611526489258,,0.572777509689331,,52.77292251586914
,7158,,,,,,,,,,2333.177978515625,,31.083826065063477,,0.6620625257492065,,48.302982330322266
,7159,,,,,,,,,,1854.648193359375,,25.792295455932617,,0.7266660332679749,,43.06562805175781
,7160,,,,,,,,,,3070.458251953125,,38.889801025390625,,0.5812606811523438,,55.41171646118164
,7161,,,,,,,,,,2055.3740234375,,26.867456436157227,,0.6851762533187866,,45.33623123168945
,7162,,,,,,,,,,2023.77099609375,,27.806259155273438,,0.6570943593978882,,44.9863395690918
,7163,,,,,,,,,,1844.9332275390625,,27.1590576171875,,0.6385949850082397,,42.95268630981445
,7164,,,,,,,,,,2356.43212890625,,33.16852951049805,,0.6132134199142456,,48.54309844970703
,7165,,,,,,,,,,1959.4410400390625,,26.36052894592285,,0.7048346400260925,,44.26557159423828
,7166,,,,,,,,,,1954.1475830078125,,27.787364959716797,,0.7080773711204529,,44.20574188232422
,7167,,,,,,,,,,1673.1204833984375,,25.899364471435547,,0.7038198709487915,,40.9037971496582
,7168,,,,,,,,,,1711.767578125,,23.660850524902344,,0.7084201574325562,,41.373512268066406
,7169,,,,,,,,,,2610.016845703125,,33.69754409790039,,0.6093090772628784,,51.088321685791016
,7170,,,,,,,,,,2005.1534423828125,,28.29160499572754,,0.6911057233810425,,44.77893829345703
,7171,,,,,,,,,,2199.551513671875,,29.905506134033203,,0.6899851560592651,,46.899375915527344
,7172,,,,,,,,,,2153.11474609375,,29.917509078979492,,0.6903741359710693,,46.401668548583984
,7173,,,,,,,,,,1671.459228515625,,23.613754272460938,,0.6961625814437866,,40.88348388671875
,7174,,,,,,,,,,1759.0533447265625,,24.91349220275879,,0.7090253829956055,,41.941070556640625
,7175,,,,,,,,,,1870.423583984375,,23.75779151916504,,0.662331759929657,,43.24839401245117
,7176,,,,,,,,,,2028.284423828125,,29.525094985961914,,0.7141203880310059,,45.036476135253906
,7177,,,,,,,,,,2331.963623046875,,31.337427139282227,,0.6577472686767578,,48.290409088134766
,7178,,,,,,,,,,2223.469970703125,,29.085012435913086,,0.694391667842865,,47.153682708740234
,7179,,,,,,,,,,2255.495361328125,,30.306480407714844,,0.6515730619430542,,47.49205780029297
,7180,,,,,,,,,,1554.2705078125,,22.89026641845703,,0.7266075015068054,,39.42423629760742
,7181,,,,,,,,,,2087.149169921875,,28.15700912475586,,0.706857442855835,,45.68532943725586
,7182,,,,,,,,,,2197.422607421875,,30.974395751953125,,0.6896003484725952,,46.87667465209961
,7183,,,,,,,,,,2176.97509765625,,29.785762786865234,,0.671549916267395,,46.6580696105957
,7184,,,,,,,,,,2095.937255859375,,28.96954345703125,,0.6821132898330688,,45.78140640258789
,7185,,,,,,,,,,2503.873046875,,35.08625411987305,,0.5856064558029175,,50.03871536254883
,7186,,,,,,,,,,1546.3687744140625,,22.61772918701172,,0.7255988717079163,,39.32389450073242
,7187,,,,,,,,,,2406.786376953125,,30.154762268066406,,0.614980936050415,,49.05900955200195
,7188,,,,,,,,,,1436.849365234375,,22.52366065979004,,0.6746302247047424,,37.90579605102539
,7189,,,,,,,,,,1602.0484619140625,,24.407991409301758,,0.7466437816619873,,40.025596618652344
,7190,,,,,,,,,,2318.986572265625,,31.211448669433594,,0.7036583423614502,,48.15585708618164
,7191,,,,,,,,,,2300.210205078125,,32.664405822753906,,0.657141923904419,,47.96050262451172
,7192,,,,,,,,,,1400.7554931640625,,19.325157165527344,,0.6763266324996948,,37.42667007446289
,7193,,,,,,,,,,2354.13720703125,,32.78239822387695,,0.6327915787696838,,48.51945114135742
,7194,,,,,,,,,,2503.459716796875,,34.904029846191406,,0.5679244995117188,,50.034584045410156
,7195,,,,,,,,,,2188.386474609375,,30.897891998291016,,0.6895859241485596,,46.78019332885742
,7196,,,,,,,,,,1962.193603515625,,30.930957794189453,,0.7012283802032471,,44.296653747558594
,7197,,,,,,,,,,2323.04150390625,,30.84190559387207,,0.6665984392166138,,48.197940826416016
,7198,,,,,,,,,,1485.7779541015625,,22.89904022216797,,0.6696680188179016,,38.54579162597656
,7199,,,,,,,,,,2178.656005859375,,26.191450119018555,,0.734143853187561,,46.67607498168945
,7200,,,,,,,,,,1985.0283203125,,28.986358642578125,,0.6751127243041992,,44.55365753173828
,7201,,,,,,,,,,2024.8702392578125,,28.049646377563477,,0.6918331384658813,,44.998558044433594
,7202,,,,,,,,,,1888.2520751953125,,26.109092712402344,,0.6793064475059509,,43.45402145385742
,7203,,,,,,,,,,2018.9967041015625,,27.994956970214844,,0.7220382690429688,,44.93324661254883
,7204,,,,,,,,,,2178.1572265625,,28.755170822143555,,0.6530786752700806,,46.67073059082031
,7205,,,,,,,,,,2289.73193359375,,30.306411743164062,,0.6532238125801086,,47.85114288330078
,7206,,,,,,,,,,1896.2001953125,,26.613054275512695,,0.7304167747497559,,43.545379638671875
,7207,,,,,,,,,,1939.8092041015625,,25.70566177368164,,0.6448624134063721,,44.04326629638672
,7208,,,,,,,,,,1655.3365478515625,,23.776138305664062,,0.7325135469436646,,40.685829162597656
,7209,,,,,,,,,,1999.447998046875,,28.300251007080078,,0.6651362180709839,,44.715187072753906
,7210,,,,,,,,,,1703.0487060546875,,22.709272384643555,,0.736878514289856,,41.268009185791016
,7211,,,,,,,,,,2266.072998046875,,32.39997100830078,,0.695709228515625,,47.60328674316406
,7212,,,,,,,,,,2250.34619140625,,31.414276123046875,,0.6681538820266724,,47.43781280517578
,7213,,,,,,,,,,1504.25732421875,,21.91341209411621,,0.7606568932533264,,38.78475570678711
,7214,,,,,,,,,,1693.3331298828125,,24.85172462463379,,0.6868338584899902,,41.15013122558594
,7215,,,,,,,,,,2757.966064453125,,35.726234436035156,,0.636353611946106,,52.51633834838867
,7216,,,,,,,,,,1730.3145751953125,,24.587324142456055,,0.7056583166122437,,41.597049713134766
,7217,,,,,,,,,,1776.3138427734375,,24.817893981933594,,0.7542258501052856,,42.146339416503906
,7218,,,,,,,,,,2455.692626953125,,31.570898056030273,,0.6171245574951172,,49.55494689941406
,7219,,,,,,,,,,2310.234619140625,,32.387184143066406,,0.6101837158203125,,48.06489944458008
,7220,,,,,,,,,,2871.464111328125,,36.36139678955078,,0.6456126570701599,,53.58604431152344
,7221,,,,,,,,,,1738.2767333984375,,27.318410873413086,,0.7133577466011047,,41.69264602661133
,7222,,,,,,,,,,2645.92724609375,,34.7332878112793,,0.7106536626815796,,51.438575744628906
,7223,,,,,,,,,,1318.28564453125,,21.16931915283203,,0.792653501033783,,36.308204650878906
,7224,,,,,,,,,,1703.4852294921875,,23.49913787841797,,0.7046400308609009,,41.27330017089844
,7225,,,,,,,,,,1924.30859375,,26.83144760131836,,0.676495373249054,,43.866943359375
,7226,,,,,,,,,,2455.499755859375,,31.025487899780273,,0.63404780626297,,49.553001403808594
,7227,,,,,,,,,,2562.259765625,,34.813133239746094,,0.621497631072998,,50.618770599365234
,7228,,,,,,,,,,2562.450439453125,,32.243682861328125,,0.66344153881073,,50.62065124511719
,7229,,,,,,,,,,2246.25537109375,,29.67711067199707,,0.6587628126144409,,47.394676208496094
,7230,,,,,,,,,,2421.600830078125,,28.60210418701172,,0.6678196787834167,,49.20976257324219
,7231,,,,,,,,,,1874.46826171875,,28.030244827270508,,0.7133811712265015,,43.295127868652344
,7232,,,,,,,,,,2656.53857421875,,33.92726135253906,,0.6631135940551758,,51.54161834716797
,7233,,,,,,,,,,2039.064208984375,,25.934280395507812,,0.7208868265151978,,45.15599822998047
,7234,,,,,,,,,,1962.998779296875,,27.146331787109375,,0.6973100304603577,,44.30574035644531
,7235,,,,,,,,,,2104.5283203125,,29.810169219970703,,0.6728143692016602,,45.87513732910156
,7236,,,,,,,,,,2253.310546875,,28.71000099182129,,0.6912475824356079,,47.46904754638672
,7237,,,,,,,,,,1458.0821533203125,,19.423648834228516,,0.7633306980133057,,38.18484115600586
46,21713,,,,,,,,,2062.35888671875,,28.36394500732422,,0.6833525896072388,,45.216617584228516,
46,21713,1971.38623046875,,27.67416763305664,,0.7011110186576843,,44.1943244934082,,,,,,,,,
47,21749,,1642.9207763671875,,26.167110443115234,,0.7503036260604858,,40.532958984375,,,,,,,,
47,21799,,1811.0528564453125,,25.418519973754883,,0.7048814296722412,,42.55646514892578,,,,,,,,
47,21849,,1926.36962890625,,27.03527069091797,,0.7417073249816895,,43.89042663574219,,,,,,,,
47,21899,,1756.0093994140625,,26.326141357421875,,0.7062932252883911,,41.90476608276367,,,,,,,,
47,21949,,1982.052734375,,27.830015182495117,,0.6722954511642456,,44.5202522277832,,,,,,,,
47,21999,,2033.3797607421875,,29.1820125579834,,0.6402570009231567,,45.093013763427734,,,,,,,,
47,22049,,1659.2252197265625,,24.219158172607422,,0.7432332038879395,,40.73358917236328,,,,,,,,
47,22099,,1411.92626953125,,21.564613342285156,,0.799832820892334,,37.57560729980469,,,,,,,,
47,22149,,1856.7481689453125,,28.759702682495117,,0.7343904972076416,,43.09000015258789,,,,,,,,
,7238,,,,,,,,,,1867.78955078125,,26.347923278808594,,0.7306774258613586,,43.21792984008789
,7239,,,,,,,,,,1550.4578857421875,,23.586566925048828,,0.7236853241920471,,39.3758544921875
,7240,,,,,,,,,,1801.0450439453125,,26.46854591369629,,0.7258525490760803,,42.438720703125
,7241,,,,,,,,,,2549.614501953125,,33.39923858642578,,0.6920614242553711,,50.49370574951172
,7242,,,,,,,,,,1809.4541015625,,25.08760643005371,,0.7097992897033691,,42.53767776489258
,7243,,,,,,,,,,2037.52001953125,,28.918813705444336,,0.6561132669448853,,45.13889694213867
,7244,,,,,,,,,,1548.8900146484375,,22.219711303710938,,0.7147344350814819,,39.35594177246094
,7245,,,,,,,,,,2612.734130859375,,31.710853576660156,,0.6912049055099487,,51.11491012573242
,7246,,,,,,,,,,2636.701904296875,,37.05681610107422,,0.6005719900131226,,51.34882736206055
,7247,,,,,,,,,,1665.927001953125,,25.254308700561523,,0.6543339490890503,,40.81576919555664
,7248,,,,,,,,,,1755.4537353515625,,23.065725326538086,,0.6825698614120483,,41.898136138916016
,7249,,,,,,,,,,2035.1947021484375,,29.383907318115234,,0.6998302340507507,,45.11313247680664
,7250,,,,,,,,,,2186.9658203125,,29.485206604003906,,0.6303601264953613,,46.765010833740234
,7251,,,,,,,,,,1826.572998046875,,26.4726505279541,,0.7173978090286255,,42.738426208496094
,7252,,,,,,,,,,1646.948974609375,,22.30109405517578,,0.6874748468399048,,40.582618713378906
,7253,,,,,,,,,,2744.679931640625,,35.24890899658203,,0.6131880879402161,,52.38969421386719
,7254,,,,,,,,,,1393.7674560546875,,21.43210220336914,,0.7407066822052002,,37.333194732666016
,7255,,,,,,,,,,1564.621337890625,,21.82357406616211,,0.7534568309783936,,39.555294036865234
,7256,,,,,,,,,,1475.33642578125,,23.081960678100586,,0.75067138671875,,38.41010665893555
,7257,,,,,,,,,,2086.779541015625,,28.80091667175293,,0.6636979579925537,,45.68128204345703
,7258,,,,,,,,,,1500.6982421875,,22.728235244750977,,0.7606574296951294,,38.73884582519531
,7259,,,,,,,,,,1668.10986328125,,26.158254623413086,,0.7385770082473755,,40.84250259399414
,7260,,,,,,,,,,1855.8406982421875,,27.550724029541016,,0.7077840566635132,,43.0794677734375
,7261,,,,,,,,,,2843.6435546875,,37.70985412597656,,0.6279314756393433,,53.32582092285156
,7262,,,,,,,,,,2501.82861328125,,32.3727912902832,,0.6648766994476318,,50.01828384399414
,7263,,,,,,,,,,2676.553466796875,,33.94632339477539,,0.6411294937133789,,51.735416412353516
,7264,,,,,,,,,,1051.9609375,,16.430559158325195,,0.74998939037323,,32.4339485168457
,7265,,,,,,,,,,2260.623291015625,,30.820270538330078,,0.6900594234466553,,47.54601287841797
,7266,,,,,,,,,,1824.922119140625,,28.135772705078125,,0.6916173696517944,,42.71910858154297
,7267,,,,,,,,,,2355.754638671875,,28.44063377380371,,0.692640483379364,,48.53611755371094
,7268,,,,,,,,,,1844.78466796875,,25.5216007232666,,0.6705381870269775,,42.950958251953125
,7269,,,,,,,,,,1978.14501953125,,28.233360290527344,,0.6749149560928345,,44.476341247558594
,7270,,,,,,,,,,1721.4395751953125,,24.889419555664062,,0.7330904006958008,,41.490234375
,7271,,,,,,,,,,1991.1580810546875,,26.363037109375,,0.727837085723877,,44.62239456176758
,7272,,,,,,,,,,2695.56591796875,,31.523656845092773,,0.6732358932495117,,51.91884231567383
,7273,,,,,,,,,,1721.0960693359375,,24.196352005004883,,0.6820981502532959,,41.4860954284668
,7274,,,,,,,,,,2712.583984375,,30.992687225341797,,0.5689125061035156,,52.08247375488281
,7275,,,,,,,,,,1762.560791015625,,25.934261322021484,,0.6595308184623718,,41.98286437988281
,7276,,,,,,,,,,2144.535400390625,,28.10097312927246,,0.7170007228851318,,46.30912780761719
,7277,,,,,,,,,,1852.27099609375,,24.29936408996582,,0.7335391044616699,,43.03801727294922
,7278,,,,,,,,,,2001.091796875,,29.758188247680664,,0.6902868747711182,,44.73356246948242
,7279,,,,,,,,,,1858.812255859375,,26.791213989257812,,0.6791574954986572,,43.11394500732422
,7280,,,,,,,,,,1938.543212890625,,25.655431747436523,,0.669735312461853,,44.028892517089844
,7281,,,,,,,,,,2532.127197265625,,30.933244705200195,,0.6617215871810913,,50.320247650146484
,7282,,,,,,,,,,1925.91650390625,,26.319684982299805,,0.6694022417068481,,43.8852653503418
,7283,,,,,,,,,,2415.5849609375,,30.33111000061035,,0.6744211316108704,,49.14860153198242
,7284,,,,,,,,,,1722.31982421875,,25.561843872070312,,0.7041487693786621,,41.5008430480957
,7285,,,,,,,,,,1882.8121337890625,,28.841442108154297,,0.6743255853652954,,43.391380310058594
,7286,,,,,,,,,,2349.83251953125,,33.037559509277344,,0.6717860698699951,,48.47507095336914
,7287,,,,,,,,,,2373.782958984375,,33.264217376708984,,0.6788821220397949,,48.72148513793945
,7288,,,,,,,,,,1758.0374755859375,,24.46701431274414,,0.6936697959899902,,41.928955078125
,7289,,,,,,,,,,1990.7337646484375,,28.050254821777344,,0.7670631408691406,,44.61764144897461
,7290,,,,,,,,,,2685.981689453125,,35.1198844909668,,0.5802502632141113,,51.82645797729492
,7291,,,,,,,,,,2077.662109375,,27.618358612060547,,0.7248319387435913,,45.58137893676758
,7292,,,,,,,,,,2238.636962890625,,29.785160064697266,,0.7133545279502869,,47.31423568725586
,7293,,,,,,,,,,1871.9146728515625,,28.973146438598633,,0.6820611953735352,,43.265628814697266
,7294,,,,,,,,,,2389.50146484375,,32.9245491027832,,0.5818510055541992,,48.88252639770508
,7295,,,,,,,,,,1987.0079345703125,,26.622642517089844,,0.7224031090736389,,44.57586669921875
,7296,,,,,,,,,,2256.70751953125,,28.896703720092773,,0.6315212249755859,,47.50481414794922
,7297,,,,,,,,,,1580.696044921875,,25.112552642822266,,0.7456533312797546,,39.75796890258789
,7298,,,,,,,,,,1534.4931640625,,23.694704055786133,,0.7461504936218262,,39.172607421875
,7299,,,,,,,,,,2101.98876953125,,29.313364028930664,,0.6870627403259277,,45.847450256347656
,7300,,,,,,,,,,2178.580322265625,,31.009098052978516,,0.6539063453674316,,46.67526626586914
,7301,,,,,,,,,,2132.56982421875,,29.98198699951172,,0.6776574850082397,,46.17975616455078
,7302,,,,,,,,,,2175.35986328125,,29.228721618652344,,0.7196223735809326,,46.64075469970703
,7303,,,,,,,,,,1641.89599609375,,24.37482452392578,,0.7411367893218994,,40.52031707763672
,7304,,,,,,,,,,2169.286865234375,,30.518386840820312,,0.6513956785202026,,46.575599670410156
,7305,,,,,,,,,,1725.0086669921875,,25.482425689697266,,0.7525837421417236,,41.53322219848633
,7306,,,,,,,,,,1862.881591796875,,26.025405883789062,,0.6617270708084106,,43.16111373901367
,7307,,,,,,,,,,1938.1590576171875,,28.574356079101562,,0.6670673489570618,,44.02452850341797
,7308,,,,,,,,,,1810.725830078125,,25.756925582885742,,0.7467530965805054,,42.5526237487793
,7309,,,,,,,,,,2309.9755859375,,29.818912506103516,,0.6669772863388062,,48.06220626831055
,7310,,,,,,,,,,3428.868408203125,,40.62542724609375,,0.6039978265762329,,58.55653762817383
,7311,,,,,,,,,,2793.290771484375,,35.665069580078125,,0.5715028047561646,,52.851593017578125
,7312,,,,,,,,,,2323.822998046875,,30.879314422607422,,0.6634174585342407,,48.20604705810547
,7313,,,,,,,,,,1854.288818359375,,25.716554641723633,,0.7267190217971802,,43.06145477294922
,7314,,,,,,,,,,3053.156494140625,,38.707096099853516,,0.5836201906204224,,55.255374908447266
,7315,,,,,,,,,,2041.4432373046875,,26.64079475402832,,0.687309980392456,,45.182334899902344
,7316,,,,,,,,,,2016.4161376953125,,27.672271728515625,,0.658340573310852,,44.90452194213867
,7317,,,,,,,,,,1833.9176025390625,,26.94474220275879,,0.6407527923583984,,42.82426452636719
,7318,,,,,,,,,,2353.086181640625,,33.06546401977539,,0.613762617111206,,48.50862121582031
,7319,,,,,,,,,,1959.0528564453125,,26.351919174194336,,0.7048931121826172,,44.26118850708008
,7320,,,,,,,,,,1944.473876953125,,27.63117790222168,,0.7095224857330322,,44.096187591552734
,7321,,,,,,,,,,1672.1966552734375,,25.822328567504883,,0.7039834260940552,,40.89250183105469
,7322,,,,,,,,,,1701.100341796875,,23.50385856628418,,0.7102371454238892,,41.2443962097168
,7323,,,,,,,,,,2611.862548828125,,33.606327056884766,,0.6090328097343445,,51.106380462646484
,7324,,,,,,,,,,1993.55322265625,,28.04558753967285,,0.6928927898406982,,44.64922332763672
,7325,,,,,,,,,,2196.447265625,,29.859861373901367,,0.6904226541519165,,46.866268157958984
,7326,,,,,,,,,,2144.067626953125,,29.737977981567383,,0.6916751861572266,,46.3040771484375
,7327,,,,,,,,,,1670.227783203125,,23.565784454345703,,0.6963863968849182,,40.8684196472168
,7328,,,,,,,,,,1760.779541015625,,24.846717834472656,,0.7087398767471313,,41.96164321899414
,7329,,,,,,,,,,1875.57861328125,,23.685882568359375,,0.6614011526107788,,43.30794906616211
,7330,,,,,,,,,,2032.4588623046875,,29.537769317626953,,0.7135320901870728,,45.08279800415039
,7331,,,,,,,,,,2330.432861328125,,31.313018798828125,,0.657971978187561,,48.27455520629883
,7332,,,,,,,,,,2220.43701171875,,29.026962280273438,,0.6948085427284241,,47.12150955200195
,7333,,,,,,,,,,2245.35107421875,,30.1016788482666,,0.653140127658844,,47.38513946533203
,7334,,,,,,,,,,1551.851318359375,,22.791101455688477,,0.7270330190658569,,39.3935432434082
,7335,,,,,,,,,,2094.00439453125,,28.090749740600586,,0.7058945894241333,,45.760292053222656
,7336,,,,,,,,,,2189.363525390625,,30.830724716186523,,0.6907387375831604,,46.7906379699707
,7337,,,,,,,,,,2162.6982421875,,29.596651077270508,,0.6737039089202881,,46.504817962646484
,7338,,,,,,,,,,2087.787353515625,,28.779783248901367,,0.6833493709564209,,45.69231414794922
,7339,,,,,,,,,,2500.423095703125,,34.97599792480469,,0.5861774682998657,,50.00422668457031
,7340,,,,,,,,,,1544.088134765625,,22.50468635559082,,0.7260035872459412,,39.29488754272461
,7341,,,,,,,,,,2398.864990234375,,29.910036087036133,,0.6162481307983398,,48.978206634521484
,7342,,,,,,,,,,1437.3350830078125,,22.49091911315918,,0.6745202541351318,,37.912200927734375
,7343,,,,,,,,,,1598.713134765625,,24.172306060791016,,0.7471712231636047,,39.983909606933594
,7344,,,,,,,,,,2318.89599609375,,31.177404403686523,,0.7036699652671814,,48.15491485595703
,7345,,,,,,,,,,2284.89013671875,,32.4577522277832,,0.6594254970550537,,47.8005256652832
,7346,,,,,,,,,,1401.1795654296875,,19.239343643188477,,0.6762287020683289,,37.432334899902344
,7347,,,,,,,,,,2365.49853515625,,32.81704330444336,,0.6310193538665771,,48.636390686035156
,7348,,,,,,,,,,2503.5732421875,,34.860260009765625,,0.5679049491882324,,50.03572082519531
,7349,,,,,,,,,,2176.227294921875,,30.673763275146484,,0.6913105845451355,,46.65005111694336
,7350,,,,,,,,,,1962.03955078125,,30.886287689208984,,0.7012518644332886,,44.294918060302734
,7351,,,,,,,,,,2321.447265625,,30.75754165649414,,0.6668272018432617,,48.181396484375
,7352,,,,,,,,,,1474.614501953125,,22.76492691040039,,0.6721500158309937,,38.40071105957031
,7353,,,,,,,,,,2182.3935546875,,26.10860252380371,,0.7336877584457397,,46.716094970703125
,7354,,,,,,,,,,1973.6895751953125,,28.818986892700195,,0.676968514919281,,44.42622756958008
,7355,,,,,,,,,,2009.8792724609375,,27.926097869873047,,0.6941146850585938,,44.8316764831543
,7356,,,,,,,,,,1882.4078369140625,,26.040937423706055,,0.6802990436553955,,43.386722564697266
,7357,,,,,,,,,,2014.2978515625,,27.93933868408203,,0.7226850986480713,,44.88092803955078
,7358,,,,,,,,,,2178.110595703125,,28.69279670715332,,0.6530860662460327,,46.670230865478516
,7359,,,,,,,,,,2288.6875,,30.224111557006836,,0.6533820033073425,,47.84022903442383
,7360,,,,,,,,,,1922.4896240234375,,26.731313705444336,,0.7266792058944702,,43.8462028503418
,7361,,,,,,,,,,1935.6546630859375,,25.562705993652344,,0.645622968673706,,43.99607467651367
,7362,,,,,,,,,,1654.48681640625,,23.709781646728516,,0.732650876045227,,40.675384521484375
,7363,,,,,,,,,,1996.482421875,,28.148962020874023,,0.665632963180542,,44.68201446533203
,7364,,,,,,,,,,1703.8822021484375,,22.712738037109375,,0.7367497682571411,,41.278106689453125
,7365,,,,,,,,,,2263.706298828125,,32.3493766784668,,0.6960270404815674,,47.57842254638672
,7366,,,,,,,,,,2245.1298828125,,31.281354904174805,,0.6689230799674988,,47.3828010559082
,7367,,,,,,,,,,1500.707763671875,,21.79287338256836,,0.7612216472625732,,38.73896789550781
,7368,,,,,,,,,,1698.9818115234375,,24.81852912902832,,0.685789167881012,,41.21870803833008
,7369,,,,,,,,,,2752.6337890625,,35.60074234008789,,0.6370567083358765,,52.465545654296875
,7370,,,,,,,,,,1732.782470703125,,24.576831817626953,,0.7052384614944458,,41.626705169677734
,7371,,,,,,,,,,1783.390869140625,,24.79987335205078,,0.7532466650009155,,42.2302131652832
,7372,,,,,,,,,,2443.935302734375,,31.330581665039062,,0.6189576983451843,,49.43617630004883
,7373,,,,,,,,,,2292.7978515625,,32.215484619140625,,0.6131259202957153,,47.8831672668457
,7374,,,,,,,,,,2852.6923828125,,36.211116790771484,,0.6479293704032898,,53.41060256958008
,7375,,,,,,,,,,1733.585693359375,,27.143657684326172,,0.7141312956809998,,41.636348724365234
,7376,,,,,,,,,,2635.275390625,,34.55603790283203,,0.7118184566497803,,51.33493423461914
,7377,,,,,,,,,,1313.7890625,,21.03041648864746,,0.793360710144043,,36.2462272644043
,7378,,,,,,,,,,1705.3134765625,,23.417238235473633,,0.7043230533599854,,41.295440673828125
,7379,,,,,,,,,,1928.91357421875,,26.83527946472168,,0.6757211685180664,,43.91939926147461
,7380,,,,,,,,,,2450.574951171875,,30.907453536987305,,0.6347817778587341,,49.50328063964844
,7381,,,,,,,,,,2555.2529296875,,34.75235366821289,,0.6225326657295227,,50.54951095581055
,7382,,,,,,,,,,2557.327880859375,,32.10525131225586,,0.6641143560409546,,50.570030212402344
,7383,,,,,,,,,,2243.636962890625,,29.600557327270508,,0.6591605544090271,,47.36704635620117
,7384,,,,,,,,,,2427.04541015625,,28.598169326782227,,0.6670728325843811,,49.265052795410156
,7385,,,,,,,,,,1865.78076171875,,27.942100524902344,,0.7147095203399658,,43.19468307495117
,7386,,,,,,,,,,2653.16943359375,,33.849300384521484,,0.6635408401489258,,51.50892639160156
,7387,,,,,,,,,,2041.2047119140625,,25.89033317565918,,0.7205938100814819,,45.17969512939453
,7388,,,,,,,,,,1954.9608154296875,,26.976825714111328,,0.6985494494438171,,44.21493911743164
,7389,,,,,,,,,,2080.63818359375,,29.537641525268555,,0.6765284538269043,,45.614013671875
,7390,,,,,,,,,,2234.51416015625,,28.428129196166992,,0.6938230991363525,,47.27064514160156
,7391,,,,,,,,,,1461.964599609375,,19.45714569091797,,0.7627004981040955,,38.23564529418945
47,22175,,,,,,,,,2057.857177734375,,28.249927520751953,,0.6840810775756836,,45.16669845581055,
47,22175,1962.58056640625,,27.524900436401367,,0.7014268040657043,,44.10224914550781,,,,,,,,,
48,22199,,1475.3795166015625,,24.632293701171875,,0.7298907041549683,,38.410667419433594,,,,,,,,
48,22249,,1611.2991943359375,,24.547836303710938,,0.7337784767150879,,40.1409912109375,,,,,,,,
48,22299,,2071.86376953125,,27.645570755004883,,0.654121994972229,,45.51772689819336,,,,,,,,
48,22349,,1704.9146728515625,,24.546255111694336,,0.7307586669921875,,41.290611267089844,,,,,,,,
48,22399,,1617.4407958984375,,23.352815628051758,,0.7339392304420471,,40.2174186706543,,,,,,,,
48,22449,,1782.2515869140625,,26.6315975189209,,0.7247098684310913,,42.21672058105469,,,,,,,,
48,22499,,1425.938232421875,,21.870859146118164,,0.7981886863708496,,37.761600494384766,,,,,,,,
48,22549,,2314.677734375,,27.985374450683594,,0.6526142358779907,,48.11109924316406,,,,,,,,
48,22599,,1710.14013671875,,26.075828552246094,,0.721295952796936,,41.35383987426758,,,,,,,,
,7392,,,,,,,,,,1870.4071044921875,,26.465742111206055,,0.7303000092506409,,43.24820327758789
,7393,,,,,,,,,,1555.152099609375,,23.633007049560547,,0.7228487730026245,,39.43541717529297
,7394,,,,,,,,,,1804.9190673828125,,26.6142578125,,0.7252628803253174,,42.484336853027344
,7395,,,,,,,,,,2544.372802734375,,33.3515739440918,,0.6926945447921753,,50.44178009033203
,7396,,,,,,,,,,1808.7254638671875,,25.159812927246094,,0.7099161148071289,,42.52911376953125
,7397,,,,,,,,,,2048.44384765625,,29.100088119506836,,0.6542695760726929,,45.259735107421875
,7398,,,,,,,,,,1551.9166259765625,,22.298906326293945,,0.7141770124435425,,39.39437484741211
,7399,,,,,,,,,,2611.80810546875,,31.773826599121094,,0.6913143396377563,,51.10585021972656
,7400,,,,,,,,,,2643.202392578125,,37.12754821777344,,0.5995872020721436,,51.412086486816406
,7401,,,,,,,,,,1663.7518310546875,,25.3680419921875,,0.6547852754592896,,40.78911590576172
,7402,,,,,,,,,,1756.1470947265625,,23.160127639770508,,0.6824445724487305,,41.906410217285156
,7403,,,,,,,,,,2035.577880859375,,29.473514556884766,,0.6997737288475037,,45.11737823486328
,7404,,,,,,,,,,2196.12451171875,,29.689197540283203,,0.6288121342658997,,46.86282730102539
,7405,,,,,,,,,,1834.1123046875,,26.575117111206055,,0.7162313461303711,,42.8265380859375
,7406,,,,,,,,,,1654.6195068359375,,22.433561325073242,,0.686019241809845,,40.6770133972168
,7407,,,,,,,,,,2748.632568359375,,35.31626510620117,,0.6126310229301453,,52.42740249633789
,7408,,,,,,,,,,1394.27099609375,,21.486148834228516,,0.7406129837036133,,37.33993911743164
,7409,,,,,,,,,,1578.0169677734375,,22.015012741088867,,0.7513459920883179,,39.72425842285156
,7410,,,,,,,,,,1475.1163330078125,,23.112699508666992,,0.7507085800170898,,38.40724182128906
,7411,,,,,,,,,,2105.033935546875,,29.079587936401367,,0.6607561111450195,,45.88064956665039
,7412,,,,,,,,,,1499.5164794921875,,22.762279510498047,,0.7608458995819092,,38.72359085083008
,7413,,,,,,,,,,1663.5589599609375,,26.116071701049805,,0.7392902374267578,,40.78675079345703
,7414,,,,,,,,,,1858.69873046875,,27.63463020324707,,0.707334041595459,,43.11262893676758
,7415,,,,,,,,,,2841.072998046875,,37.76834487915039,,0.6282678246498108,,53.30171585083008
,7416,,,,,,,,,,2498.4033203125,,32.37031555175781,,0.6653355360031128,,49.984031677246094
,7417,,,,,,,,,,2690.6337890625,,34.1485710144043,,0.6392415761947632,,51.87131881713867
,7418,,,,,,,,,,1054.877685546875,,16.552837371826172,,0.749296247959137,,32.4788818359375
,7419,,,,,,,,,,2269.509521484375,,30.964210510253906,,0.6888411045074463,,47.63936996459961
,7420,,,,,,,,,,1823.16943359375,,28.190576553344727,,0.6919134855270386,,42.69858932495117
,7421,,,,,,,,,,2350.559814453125,,28.54205894470215,,0.693318247795105,,48.48257064819336
,7422,,,,,,,,,,1857.0159912109375,,25.70772933959961,,0.668353796005249,,43.093109130859375
,7423,,,,,,,,,,1981.0850830078125,,28.333471298217773,,0.6744318008422852,,44.50938034057617
,7424,,,,,,,,,,1716.61572265625,,24.881601333618164,,0.7338383197784424,,41.43206024169922
,7425,,,,,,,,,,1994.8458251953125,,26.501102447509766,,0.7273330092430115,,44.6636962890625
,7426,,,,,,,,,,2697.874267578125,,31.61588478088379,,0.672956109046936,,51.94106674194336
,7427,,,,,,,,,,1724.16943359375,,24.319976806640625,,0.6815304756164551,,41.52312088012695
,7428,,,,,,,,,,2672.852783203125,,30.977415084838867,,0.5752266645431519,,51.69963836669922
,7429,,,,,,,,,,1768.552978515625,,26.038326263427734,,0.6583733558654785,,42.054168701171875
,7430,,,,,,,,,,2149.81787109375,,28.193674087524414,,0.7163035869598389,,46.366127014160156
,7431,,,,,,,,,,1868.8414306640625,,24.444997787475586,,0.7311553359031677,,43.230098724365234
,7432,,,,,,,,,,2005.8084716796875,,29.782102584838867,,0.689556896686554,,44.786251068115234
,7433,,,,,,,,,,1856.317138671875,,26.781143188476562,,0.6795881390571594,,43.084999084472656
,7434,,,,,,,,,,1947.19287109375,,25.803789138793945,,0.6682616472244263,,44.12700653076172
,7435,,,,,,,,,,2535.267578125,,31.03992462158203,,0.6613020896911621,,50.3514404296875
,7436,,,,,,,,,,1926.66552734375,,26.43952751159668,,0.6692736744880676,,43.893798828125
,7437,,,,,,,,,,2414.554443359375,,30.31300163269043,,0.674560010433197,,49.13811492919922
,7438,,,,,,,,,,1721.8675537109375,,25.59190559387207,,0.7042264938354492,,41.495391845703125
,7439,,,,,,,,,,1890.932861328125,,28.930429458618164,,0.6729209423065186,,43.484859466552734
,7440,,,,,,,,,,2351.06103515625,,33.072959899902344,,0.6716144680976868,,48.48773956298828
,7441,,,,,,,,,,2380.203857421875,,33.313201904296875,,0.6780135631561279,,48.78733444213867
,7442,,,,,,,,,,1761.44873046875,,24.6439266204834,,0.6930753588676453,,41.9696159362793
,7443,,,,,,,,,,1991.18701171875,,28.1561222076416,,0.7670100927352905,,44.622718811035156
,7444,,,,,,,,,,2687.087646484375,,35.15696716308594,,0.5800774097442627,,51.837127685546875
,7445,,,,,,,,,,2076.462890625,,27.711708068847656,,0.7249907851219177,,45.56822204589844
,7446,,,,,,,,,,2243.093017578125,,29.880542755126953,,0.712783932685852,,47.36130142211914
,7447,,,,,,,,,,1878.7156982421875,,29.06619644165039,,0.6809060573577881,,43.344154357910156
,7448,,,,,,,,,,2392.521240234375,,32.995609283447266,,0.5813225507736206,,48.91340637207031
,7449,,,,,,,,,,1998.7332763671875,,26.801218032836914,,0.7207649946212769,,44.70719528198242
,7450,,,,,,,,,,2268.67724609375,,29.062267303466797,,0.6295667886734009,,47.63063430786133
,7451,,,,,,,,,,1582.0260009765625,,25.23931312561035,,0.745439350605011,,39.774688720703125
,7452,,,,,,,,,,1545.5513916015625,,23.854951858520508,,0.7443211078643799,,39.313499450683594
,7453,,,,,,,,,,2101.90576171875,,29.37952995300293,,0.687075138092041,,45.8465461730957
,7454,,,,,,,,,,2187.0048828125,,31.15172004699707,,0.652567982673645,,46.76542282104492
,7455,,,,,,,,,,2129.585205078125,,29.98495864868164,,0.6781085729598999,,46.147430419921875
,7456,,,,,,,,,,2175.277099609375,,29.301597595214844,,0.7196329832077026,,46.639869689941406
,7457,,,,,,,,,,1645.014892578125,,24.440994262695312,,0.7406450510025024,,40.55878448486328
,7458,,,,,,,,,,2170.433349609375,,30.634803771972656,,0.6512114405632019,,46.58790969848633
,7459,,,,,,,,,,1724.443603515625,,25.582199096679688,,0.7526647448539734,,41.52642059326172
,7460,,,,,,,,,,1864.879638671875,,26.146785736083984,,0.6613641977310181,,43.18425369262695
,7461,,,,,,,,,,1932.6607666015625,,28.588457107543945,,0.6680118441581726,,43.9620361328125
,7462,,,,,,,,,,1839.3292236328125,,26.064821243286133,,0.7427526712417603,,42.88740158081055
,7463,,,,,,,,,,2330.352783203125,,30.07081413269043,,0.6640394926071167,,48.27372741699219
,7464,,,,,,,,,,3426.5849609375,,40.70469665527344,,0.6042615175247192,,58.53704071044922
,7465,,,,,,,,,,2793.94873046875,,35.692718505859375,,0.5714018940925598,,52.85781478881836
,7466,,,,,,,,,,2330.390869140625,,31.02992057800293,,0.6624661684036255,,48.27412033081055
,7467,,,,,,,,,,1853.5596923828125,,25.78118896484375,,0.7268264293670654,,43.05298614501953
,7468,,,,,,,,,,3060.49072265625,,38.851314544677734,,0.5826200246810913,,55.32170104980469
,7469,,,,,,,,,,2039.2723388671875,,26.67418670654297,,0.6876425743103027,,45.158302307128906
,7470,,,,,,,,,,2022.8197021484375,,27.78782844543457,,0.6572555303573608,,44.97576904296875
,7471,,,,,,,,,,1833.7523193359375,,27.078107833862305,,0.6407852172851562,,42.82233428955078
,7472,,,,,,,,,,2354.43359375,,33.090946197509766,,0.6135414838790894,,48.52250671386719
,7473,,,,,,,,,,1959.23779296875,,26.358558654785156,,0.7048652172088623,,44.26327896118164
,7474,,,,,,,,,,1947.665283203125,,27.73573875427246,,0.7090457677841187,,44.132362365722656
,7475,,,,,,,,,,1677.80078125,,25.958166122436523,,0.7029913663864136,,40.960968017578125
,7476,,,,,,,,,,1710.91796875,,23.635009765625,,0.7085648775100708,,41.363243103027344
,7477,,,,,,,,,,2614.23291015625,,33.67198181152344,,0.6086779832839966,,51.12957000732422
,7478,,,,,,,,,,2006.85400390625,,28.268394470214844,,0.6908438205718994,,44.79792404174805
,7479,,,,,,,,,,2196.587158203125,,29.941110610961914,,0.6904029846191406,,46.86776351928711
,7480,,,,,,,,,,2139.70068359375,,29.753990173339844,,0.6923031806945801,,46.256900787353516
,7481,,,,,,,,,,1675.206787109375,,23.670148849487305,,0.6954813003540039,,40.929290771484375
,7482,,,,,,,,,,1766.6025390625,,25.000524520874023,,0.707776665687561,,42.03097152709961
,7483,,,,,,,,,,1878.31005859375,,23.793664932250977,,0.6609079837799072,,43.339473724365234
,7484,,,,,,,,,,2031.176513671875,,29.520580291748047,,0.7137128114700317,,45.068572998046875
,7485,,,,,,,,,,2327.3447265625,,31.363807678222656,,0.6584252119064331,,48.24256134033203
,7486,,,,,,,,,,2217.331298828125,,29.052902221679688,,0.6952353715896606,,47.08854675292969
,7487,,,,,,,,,,2246.83251953125,,30.19383430480957,,0.6529113054275513,,47.40076446533203
,7488,,,,,,,,,,1552.575927734375,,22.91000747680664,,0.7269055843353271,,39.40273666381836
,7489,,,,,,,,,,2088.61279296875,,28.09669303894043,,0.7066518664360046,,45.70134353637695
,7490,,,,,,,,,,2197.6845703125,,30.934797286987305,,0.6895633935928345,,46.87946701049805
,7491,,,,,,,,,,2167.720703125,,29.705669403076172,,0.6729460954666138,,46.55879211425781
,7492,,,,,,,,,,2098.17431640625,,28.942251205444336,,0.6817740201950073,,45.80583190917969
,7493,,,,,,,,,,2497.89794921875,,34.9778938293457,,0.586595356464386,,49.978973388671875
,7494,,,,,,,,,,1541.8795166015625,,22.550790786743164,,0.7263954877853394,,39.26677322387695
,7495,,,,,,,,,,2396.73095703125,,30.008106231689453,,0.6165895462036133,,48.956417083740234
,7496,,,,,,,,,,1434.404296875,,22.53215217590332,,0.675183892250061,,37.873531341552734
,7497,,,,,,,,,,1602.1170654296875,,24.29926109313965,,0.7466329336166382,,40.02645492553711
,7498,,,,,,,,,,2321.533935546875,,31.26594352722168,,0.7033329010009766,,48.18229675292969
,7499,,,,,,,,,,2295.92529296875,,32.58565139770508,,0.657780647277832,,47.91581344604492
,7500,,,,,,,,,,1402.360107421875,,19.335386276245117,,0.6759558916091919,,37.448097229003906
,7501,,,,,,,,,,2369.143310546875,,32.92205810546875,,0.6304508447647095,,48.67384719848633
,7502,,,,,,,,,,2525.939697265625,,35.156707763671875,,0.564044713973999,,50.25872802734375
,7503,,,,,,,,,,2181.17724609375,,30.74940299987793,,0.6906085014343262,,46.70307540893555
,7504,,,,,,,,,,1964.171630859375,,30.959962844848633,,0.700927197933197,,44.31897735595703
,7505,,,,,,,,,,2317.4560546875,,30.768571853637695,,0.667400062084198,,48.13996124267578
,7506,,,,,,,,,,1473.27197265625,,22.809566497802734,,0.672448456287384,,38.38322448730469
,7507,,,,,,,,,,2178.5810546875,,26.196861267089844,,0.7341529726982117,,46.67527389526367
,7508,,,,,,,,,,1971.3031005859375,,28.85081672668457,,0.6773591041564941,,44.39936065673828
,7509,,,,,,,,,,2005.596435546875,,27.97369384765625,,0.6947664618492126,,44.78388595581055
,7510,,,,,,,,,,1883.7852783203125,,26.078786849975586,,0.6800650954246521,,43.40259552001953
,7511,,,,,,,,,,2021.530029296875,,28.050533294677734,,0.7216894626617432,,44.961429595947266
,7512,,,,,,,,,,2173.373046875,,28.73969078063965,,0.6538406610488892,,46.619449615478516
,7513,,,,,,,,,,2294.993896484375,,30.349288940429688,,0.6524268984794617,,47.90609359741211
,7514,,,,,,,,,,1914.0389404296875,,26.76799964904785,,0.727880597114563,,43.74972915649414
,7515,,,,,,,,,,1934.279541015625,,25.621992111206055,,0.6458747386932373,,43.98044204711914
,7516,,,,,,,,,,1655.0687255859375,,23.754209518432617,,0.7325568795204163,,40.682533264160156
,7517,,,,,,,,,,2007.5789794921875,,28.313034057617188,,0.6637744903564453,,44.80601501464844
,7518,,,,,,,,,,1696.668212890625,,22.664936065673828,,0.7378642559051514,,41.19063186645508
,7519,,,,,,,,,,2264.10693359375,,32.384395599365234,,0.69597327709198,,47.5826301574707
,7520,,,,,,,,,,2246.263916015625,,31.32469940185547,,0.6687558889389038,,47.39476776123047
,7521,,,,,,,,,,1510.649658203125,,21.954883575439453,,0.7596398591995239,,38.8670768737793
,7522,,,,,,,,,,1704.6585693359375,,24.92633819580078,,0.684739351272583,,41.28750991821289
,7523,,,,,,,,,,2757.106689453125,,35.68288803100586,,0.636466920375824,,52.508155822753906
,7524,,,,,,,,,,1733.4737548828125,,24.638671875,,0.7051209211349487,,41.635005950927734
,7525,,,,,,,,,,1777.5123291015625,,24.814777374267578,,0.7540600299835205,,42.160552978515625
,7526,,,,,,,,,,2441.529541015625,,31.363407135009766,,0.6193327903747559,,49.411834716796875
,7527,,,,,,,,,,2294.08984375,,32.283443450927734,,0.612907886505127,,47.89665985107422
,7528,,,,,,,,,,2854.294677734375,,36.2957649230957,,0.6477316617965698,,53.42559814453125
,7529,,,,,,,,,,1730.449462890625,,27.17568016052246,,0.7146484851837158,,41.598670959472656
,7530,,,,,,,,,,2629.428466796875,,34.60557556152344,,0.7124578952789307,,51.2779541015625
,7531,,,,,,,,,,1312.944580078125,,21.088823318481445,,0.7934935688972473,,36.23457717895508
,7532,,,,,,,,,,1705.181884765625,,23.468711853027344,,0.7043458223342896,,41.293846130371094
,7533,,,,,,,,,,1938.8419189453125,,26.890562057495117,,0.6740521192550659,,44.032283782958984
,7534,,,,,,,,,,2450.950439453125,,30.93381690979004,,0.63472580909729,,49.507076263427734
,7535,,,,,,,,,,2567.70068359375,,34.855525970458984,,0.6206938624382019,,50.6724853515625
,7536,,,,,,,,,,2561.070556640625,,32.24739074707031,,0.6636227965354919,,50.60702133178711
,7537,,,,,,,,,,2243.75,,29.64251136779785,,0.6591434478759766,,47.36823654174805
,7538,,,,,,,,,,2439.1572265625,,28.723583221435547,,0.6654114127159119,,49.38782501220703
,7539,,,,,,,,,,1871.69873046875,,28.07306671142578,,0.7138046026229858,,43.26313400268555
,7540,,,,,,,,,,2655.543701171875,,33.94666290283203,,0.6632397174835205,,51.53196716308594
,7541,,,,,,,,,,2041.001953125,,25.90391731262207,,0.7206215858459473,,45.17744827270508
,7542,,,,,,,,,,1954.809326171875,,27.059112548828125,,0.6985728144645691,,44.21322250366211
,7543,,,,,,,,,,2096.82080078125,,29.7932071685791,,0.6740126609802246,,45.79105758666992
,7544,,,,,,,,,,2230.989990234375,,28.486248016357422,,0.6943060159683228,,47.23335647583008
,7545,,,,,,,,,,1457.3099365234375,,19.404449462890625,,0.7634560465812683,,38.17472839355469
48,22637,,,,,,,,,2060.499267578125,,28.33743667602539,,0.6836627125740051,,45.19633102416992,
48,22637,1967.541259765625,,27.58155632019043,,0.700893223285675,,44.16497039794922,,,,,,,,,
49,22649,,2329.435791015625,,31.417858123779297,,0.6661779284477234,,48.26422882080078,,,,,,,,
49,22699,,1461.6845703125,,21.816986083984375,,0.7144315242767334,,38.23198318481445,,,,,,,,
49,22749,,1939.3603515625,,28.423595428466797,,0.6974965333938599,,44.03816604614258,,,,,,,,
49,22799,,2167.688232421875,,29.084815979003906,,0.7276216149330139,,46.55843734741211,,,,,,,,
49,22849,,2066.08740234375,,26.60104751586914,,0.6617284417152405,,45.4542350769043,,,,,,,,
49,22899,,1728.6746826171875,,25.991165161132812,,0.726028323173523,,41.577335357666016,,,,,,,,
49,22949,,1454.08154296875,,22.85968589782715,,0.7110012769699097,,38.13241958618164,,,,,,,,
49,22999,,2676.120361328125,,33.18864440917969,,0.6700171828269958,,51.731231689453125,,,,,,,,
49,23049,,2191.52294921875,,30.649097442626953,,0.7068371772766113,,46.81370544433594,,,,,,,,
49,23099,,947.5482177734375,,15.974605560302734,,0.8482739329338074,,30.782270431518555,,,,,,,,
,7546,,,,,,,,,,1870.35693359375,,26.480464935302734,,0.7303072214126587,,43.247623443603516
,7547,,,,,,,,,,1554.347900390625,,23.64310073852539,,0.7229920625686646,,39.42522048950195
,7548,,,,,,,,,,1801.647705078125,,26.587881088256836,,0.725760817527771,,42.44581985473633
,7549,,,,,,,,,,2553.57958984375,,33.46402359008789,,0.6915825605392456,,50.532955169677734
,7550,,,,,,,,,,1811.335205078125,,25.203651428222656,,0.7094975709915161,,42.559783935546875
,7551,,,,,,,,,,2043.853759765625,,29.03031349182129,,0.6550443172454834,,45.20899963378906
,7552,,,,,,,,,,1549.143798828125,,22.292600631713867,,0.7146876454353333,,39.35916519165039
,7553,,,,,,,,,,2619.619384765625,,31.8666934967041,,0.6903911232948303,,51.18221664428711
,7554,,,,,,,,,,2644.724609375,,37.176734924316406,,0.5993566513061523,,51.42688751220703
,7555,,,,,,,,,,1670.1300048828125,,25.418895721435547,,0.6534618735313416,,40.867225646972656
,7556,,,,,,,,,,1755.9461669921875,,23.16543960571289,,0.6824808716773987,,41.90401077270508
,7557,,,,,,,,,,2035.0135498046875,,29.46338653564453,,0.6998569965362549,,45.111122131347656
,7558,,,,,,,,,,2192.44873046875,,29.65817642211914,,0.6294333934783936,,46.82359313964844
,7559,,,,,,,,,,1830.0174560546875,,26.639450073242188,,0.716864824295044,,42.77870178222656
,7560,,,,,,,,,,1654.2552490234375,,22.455142974853516,,0.6860883235931396,,40.67253494262695
,7561,,,,,,,,,,2740.753662109375,,35.3228759765625,,0.613741397857666,,52.352210998535156
,7562,,,,,,,,,,1393.36083984375,,21.49300765991211,,0.7407823801040649,,37.3277473449707
,7563,,,,,,,,,,1580.654296875,,22.042625427246094,,0.7509304285049438,,39.757442474365234
,7564,,,,,,,,,,1483.319091796875,,23.19602394104004,,0.7493222951889038,,38.51388168334961
,7565,,,,,,,,,,2101.828369140625,,29.067232131958008,,0.6612727642059326,,45.845703125
,7566,,,,,,,,,,1512.710205078125,,22.89546775817871,,0.7587416768074036,,38.89357376098633
,7567,,,,,,,,,,1655.4544677734375,,26.06688690185547,,0.7405602931976318,,40.68727493286133
,7568,,,,,,,,,,1857.667724609375,,27.625986099243164,,0.7074964046478271,,43.100669860839844
,7569,,,,,,,,,,2852.094482421875,,37.877994537353516,,0.6268256902694702,,53.40500259399414
,7570,,,,,,,,,,2505.998779296875,,32.4307746887207,,0.6643180847167969,,50.05995178222656
,7571,,,,,,,,,,2686.771728515625,,34.139129638671875,,0.6397594213485718,,51.834075927734375
,7572,,,,,,,,,,1056.4732666015625,,16.569042205810547,,0.7489169836044312,,32.50343322753906
,7573,,,,,,,,,,2277.3662109375,,31.047565460205078,,0.6877639293670654,,47.72175979614258
,7574,,,,,,,,,,1817.6441650390625,,28.142330169677734,,0.6928471922874451,,42.63383865356445
,7575,,,,,,,,,,2355.573486328125,,28.540306091308594,,0.6926641464233398,,48.53425216674805
,7576,,,,,,,,,,1849.048583984375,,25.662761688232422,,0.6697766780853271,,43.00056457519531
,7577,,,,,,,,,,1984.1650390625,,28.3520565032959,,0.6739256381988525,,44.543968200683594
,7578,,,,,,,,,,1717.677978515625,,24.994949340820312,,0.7336736917495728,,41.44487762451172
,7579,,,,,,,,,,2000.51416015625,,26.60380744934082,,0.7265582084655762,,44.727108001708984
,7580,,,,,,,,,,2688.2158203125,,31.56810188293457,,0.674126923084259,,51.84800720214844
,7581,,,,,,,,,,1726.1375732421875,,24.347164154052734,,0.6811668872833252,,41.54681396484375
,7582,,,,,,,,,,2699.461669921875,,31.020305633544922,,0.570997953414917,,51.95634460449219
,7583,,,,,,,,,,1772.9991455078125,,26.0788516998291,,0.6575144529342651,,42.10699462890625
,7584,,,,,,,,,,2140.894287109375,,28.105667114257812,,0.717481255531311,,46.269798278808594
,7585,,,,,,,,,,1864.472412109375,,24.422420501708984,,0.7317838668823242,,43.17953872680664
,7586,,,,,,,,,,2012.23291015625,,29.900142669677734,,0.6885625720024109,,44.85791778564453
,7587,,,,,,,,,,1864.4508056640625,,26.93075180053711,,0.6781842708587646,,43.17928695678711
,7588,,,,,,,,,,1942.84716796875,,25.804746627807617,,0.6690020561218262,,44.07773971557617
,7589,,,,,,,,,,2534.89404296875,,31.062053680419922,,0.6613519787788391,,50.34773254394531
,7590,,,,,,,,,,1922.4661865234375,,26.40483856201172,,0.6699945330619812,,43.8459358215332
,7591,,,,,,,,,,2412.733642578125,,30.329788208007812,,0.6748054027557373,,49.11958694458008
,7592,,,,,,,,,,1723.7977294921875,,25.62527847290039,,0.7038949131965637,,41.51864242553711
,7593,,,,,,,,,,1888.610107421875,,28.944072723388672,,0.6733226776123047,,43.4581413269043
,7594,,,,,,,,,,2347.45703125,,33.01871871948242,,0.6721178293228149,,48.4505615234375
,7595,,,,,,,,,,2379.989013671875,,33.32863998413086,,0.6780426502227783,,48.78512954711914
,7596,,,,,,,,,,1763.8785400390625,,24.688154220581055,,0.6926519870758057,,41.99855422973633
,7597,,,,,,,,,,1990.1900634765625,,28.136335372924805,,0.7671267986297607,,44.61154556274414
,7598,,,,,,,,,,2689.391845703125,,35.22517013549805,,0.5797173380851746,,51.85934829711914
,7599,,,,,,,,,,2071.391845703125,,27.71813201904297,,0.7256624102592468,,45.51254653930664
,7600,,,,,,,,,,2245.54443359375,,29.911527633666992,,0.7124700546264648,,47.387176513671875
,7601,,,,,,,,,,1879.2581787109375,,29.08995819091797,,0.6808139085769653,,43.35041046142578
,7602,,,,,,,,,,2392.667236328125,,33.02879333496094,,0.5812970399856567,,48.914894104003906
,7603,,,,,,,,,,1998.627197265625,,26.781221389770508,,0.7207798361778259,,44.70600891113281
,7604,,,,,,,,,,2265.291015625,,29.057083129882812,,0.6301196813583374,,47.59507751464844
,7605,,,,,,,,,,1581.013427734375,,25.219770431518555,,0.7456022500991821,,39.761959075927734
,7606,,,,,,,,,,1546.4305419921875,,23.883298873901367,,0.7441756725311279,,39.32468032836914
,7607,,,,,,,,,,2107.599365234375,,29.404335021972656,,0.6862274408340454,,45.90859603881836
,7608,,,,,,,,,,2185.6904296875,,31.173603057861328,,0.6527767777442932,,46.75136947631836
,7609,,,,,,,,,,2130.4072265625,,30.009592056274414,,0.677984356880188,,46.156333923339844
,7610,,,,,,,,,,2178.5498046875,,29.359045028686523,,0.719211220741272,,46.6749382019043
,7611,,,,,,,,,,1645.5924072265625,,24.431482315063477,,0.7405540347099304,,40.56589889526367
,7612,,,,,,,,,,2177.521484375,,30.735698699951172,,0.6500723361968994,,46.66392135620117
,7613,,,,,,,,,,1727.7147216796875,,25.584299087524414,,0.7521955966949463,,41.56578826904297
,7614,,,,,,,,,,1860.2744140625,,26.123762130737305,,0.6622004508972168,,43.130897521972656
,7615,,,,,,,,,,1936.430419921875,,28.653898239135742,,0.6673642992973328,,44.00489044189453
,7616,,,,,,,,,,1834.107177734375,,26.014585494995117,,0.7434830665588379,,42.82647705078125
,7617,,,,,,,,,,2336.214599609375,,30.154621124267578,,0.6631944179534912,,48.33440399169922
,7618,,,,,,,,,,3435.299072265625,,40.761661529541016,,0.6032550930976868,,58.61142349243164
,7619,,,,,,,,,,2802.809326171875,,35.76285934448242,,0.570042610168457,,52.941566467285156
,7620,,,,,,,,,,2323.588134765625,,30.948122024536133,,0.6634515523910522,,48.203609466552734
,7621,,,,,,,,,,1852.306884765625,,25.77275276184082,,0.7270110845565796,,43.03843307495117
,7622,,,,,,,,,,3070.60009765625,,38.895164489746094,,0.5812413096427917,,55.412994384765625
,7623,,,,,,,,,,2049.224365234375,,26.751310348510742,,0.6861181855201721,,45.26836013793945
,7624,,,,,,,,,,2014.5133056640625,,27.72383689880371,,0.6586630344390869,,44.88332748413086
,7625,,,,,,,,,,1830.0867919921875,,27.043975830078125,,0.6415032148361206,,42.77951431274414
,7626,,,,,,,,,,2351.199951171875,,33.08022689819336,,0.6140722036361694,,48.489173889160156
,7627,,,,,,,,,,1962.217041015625,,26.412368774414062,,0.7044164538383484,,44.29691696166992
,7628,,,,,,,,,,1949.185546875,,27.769287109375,,0.7088186740875244,,44.14958190917969
,7629,,,,,,,,,,1677.376220703125,,25.97711944580078,,0.7030664682388306,,40.95578384399414
,7630,,,,,,,,,,1713.533447265625,,23.685935974121094,,0.7081193327903748,,41.39484786987305
,7631,,,,,,,,,,2588.659423828125,,33.55891036987305,,0.6125060319900513,,50.87887191772461
,7632,,,,,,,,,,2007.2547607421875,,28.316560745239258,,0.6907820701599121,,44.802398681640625
,7633,,,,,,,,,,2202.413330078125,,29.96331024169922,,0.6895817518234253,,46.92987823486328
,7634,,,,,,,,,,2136.76220703125,,29.76877784729004,,0.6927257180213928,,46.22512435913086
,7635,,,,,,,,,,1670.7001953125,,23.656356811523438,,0.6963005065917969,,40.87419891357422
,7636,,,,,,,,,,1763.730224609375,,24.986249923706055,,0.7082517743110657,,41.996788024902344
,7637,,,,,,,,,,1869.6268310546875,,23.78362464904785,,0.6624755859375,,43.23918151855469
,7638,,,,,,,,,,2031.707275390625,,29.54409408569336,,0.7136379480361938,,45.074462890625
,7639,,,,,,,,,,2327.400390625,,31.366165161132812,,0.6584169864654541,,48.24313735961914
,7640,,,,,,,,,,2222.4150390625,,29.102535247802734,,0.6945366859436035,,47.142494201660156
,7641,,,,,,,,,,2247.0185546875,,30.170446395874023,,0.6528825759887695,,47.40272903442383
,7642,,,,,,,,,,1555.355224609375,,22.955018997192383,,0.7264167070388794,,39.437992095947266
,7643,,,,,,,,,,2091.590087890625,,28.183210372924805,,0.7062337398529053,,45.73390579223633
,7644,,,,,,,,,,2193.055419921875,,30.924360275268555,,0.6902172565460205,,46.83007049560547
,7645,,,,,,,,,,2172.365966796875,,29.772836685180664,,0.6722452640533447,,46.60865020751953
,7646,,,,,,,,,,2097.11376953125,,28.953929901123047,,0.6819348335266113,,45.794254302978516
,7647,,,,,,,,,,2505.498779296875,,35.099246978759766,,0.5853374004364014,,50.054954528808594
,7648,,,,,,,,,,1548.865966796875,,22.640945434570312,,0.725155770778656,,39.35563278198242
,7649,,,,,,,,,,2397.903076171875,,30.0593318939209,,0.6164020299911499,,48.968387603759766
,7650,,,,,,,,,,1439.28369140625,,22.61419677734375,,0.6740789413452148,,37.93789291381836
,7651,,,,,,,,,,1597.232177734375,,24.242101669311523,,0.7474054098129272,,39.96538543701172
,7652,,,,,,,,,,2315.13232421875,,31.195281982421875,,0.704150915145874,,48.115821838378906
,7653,,,,,,,,,,2291.914306640625,,32.59431076049805,,0.6583784818649292,,47.87394332885742
,7654,,,,,,,,,,1400.835205078125,,19.322656631469727,,0.676308274269104,,37.427734375
,7655,,,,,,,,,,2359.164794921875,,32.851219177246094,,0.632007360458374,,48.57123565673828
,7656,,,,,,,,,,2526.348876953125,,35.15971374511719,,0.5639740228652954,,50.26279830932617
,7657,,,,,,,,,,2183.6474609375,,30.76801872253418,,0.6902581453323364,,46.729515075683594
,7658,,,,,,,,,,1962.0953369140625,,30.93915367126465,,0.7012433409690857,,44.2955436706543
,7659,,,,,,,,,,2317.748046875,,30.763029098510742,,0.6673581600189209,,48.14299392700195
,7660,,,,,,,,,,1474.900390625,,22.82215690612793,,0.6720864176750183,,38.4044303894043
,7661,,,,,,,,,,2185.220947265625,,26.268474578857422,,0.733342707157135,,46.74634552001953
,7662,,,,,,,,,,1980.309814453125,,28.949234008789062,,0.6758849620819092,,44.50067138671875
,7663,,,,,,,,,,2010.8099365234375,,28.01291275024414,,0.6939730048179626,,44.84205627441406
,7664,,,,,,,,,,1882.3302001953125,,26.109445571899414,,0.6803122162818909,,43.38582992553711
,7665,,,,,,,,,,2024.122314453125,,28.09026527404785,,0.7213325500488281,,44.9902458190918
,7666,,,,,,,,,,2175.738037109375,,28.776626586914062,,0.6534639596939087,,46.644805908203125
,7667,,,,,,,,,,2289.677734375,,30.33332633972168,,0.6532320380210876,,47.85057830810547
,7668,,,,,,,,,,1920.4755859375,,26.835580825805664,,0.7269655466079712,,43.8232307434082
,7669,,,,,,,,,,1938.306640625,,25.68132209777832,,0.6451374292373657,,44.02620315551758
,7670,,,,,,,,,,1653.8980712890625,,23.783430099487305,,0.7327460050582886,,40.66814422607422
,7671,,,,,,,,,,2001.1707763671875,,28.2708740234375,,0.664847731590271,,44.73444747924805
,7672,,,,,,,,,,1704.3961181640625,,22.764204025268555,,0.7366703748703003,,41.284332275390625
,7673,,,,,,,,,,2264.000244140625,,32.37175750732422,,0.6959875822067261,,47.581512451171875
,7674,,,,,,,,,,2245.32421875,,31.347902297973633,,0.6688944101333618,,47.38485336303711
,7675,,,,,,,,,,1507.622314453125,,21.92987823486328,,0.7601215243339539,,38.8281135559082
,7676,,,,,,,,,,1702.0352783203125,,24.925935745239258,,0.6852244138717651,,41.25572967529297
,7677,,,,,,,,,,2765.115966796875,,35.79277801513672,,0.6354108452796936,,52.58436584472656
,7678,,,,,,,,,,1731.5849609375,,24.632070541381836,,0.7054421901702881,,41.61231994628906
,7679,,,,,,,,,,1779.6580810546875,,24.84455680847168,,0.7537631392478943,,42.18599319458008
,7680,,,,,,,,,,2442.848876953125,,31.41009521484375,,0.619127094745636,,49.42518615722656
,7681,,,,,,,,,,2294.428466796875,,32.30520248413086,,0.6128507852554321,,47.90019226074219
,7682,,,,,,,,,,2863.7109375,,36.36644744873047,,0.6465694904327393,,53.51365280151367
,7683,,,,,,,,,,1733.7021484375,,27.223255157470703,,0.7141121029853821,,41.63774871826172
,7684,,,,,,,,,,2639.255615234375,,34.662620544433594,,0.7113832235336304,,51.373687744140625
,7685,,,,,,,,,,1312.6158447265625,,21.12303352355957,,0.7935452461242676,,36.23004150390625
,7686,,,,,,,,,,1702.4129638671875,,23.46255111694336,,0.7048259377479553,,41.26030731201172
,7687,,,,,,,,,,1925.927978515625,,26.81766700744629,,0.6762231588363647,,43.88539505004883
,7688,,,,,,,,,,2452.19287109375,,30.984384536743164,,0.6345406174659729,,49.519622802734375
,7689,,,,,,,,,,2567.765869140625,,34.891807556152344,,0.6206842660903931,,50.673126220703125
,7690,,,,,,,,,,2561.70458984375,,32.24504470825195,,0.6635395288467407,,50.61328125
,7691,,,,,,,,,,2241.18798828125,,29.664602279663086,,0.6595326066017151,,47.341182708740234
,7692,,,,,,,,,,2422.066650390625,,28.618162155151367,,0.6677557826042175,,49.214500427246094
,7693,,,,,,,,,,1874.9169921875,,28.10855484008789,,0.7133125066757202,,43.30031204223633
,7694,,,,,,,,,,2654.51904296875,,33.94365310668945,,0.6633696556091309,,51.52202606201172
,7695,,,,,,,,,,2043.5643310546875,,25.954919815063477,,0.7202708125114441,,45.2057991027832
,7696,,,,,,,,,,1953.3206787109375,,27.036983489990234,,0.6988023519515991,,44.19638442993164
,7697,,,,,,,,,,2091.51025390625,,29.720726013183594,,0.6748382449150085,,45.733036041259766
,7698,,,,,,,,,,2245.932861328125,,28.608783721923828,,0.6922584772109985,,47.391273498535156
,7699,,,,,,,,,,1462.0323486328125,,19.468460083007812,,0.762689471244812,,38.23653030395508
49,23099,,,,,,,,,2061.08984375,,28.357898712158203,,0.6835843324661255,,45.202449798583984,
49,23099,1957.808349609375,,27.55548858642578,,0.7025901675224304,,44.046531677246094,,,,,,,,,
50,23149,,2304.69287109375,,29.255712509155273,,0.7006743550300598,,48.00721740722656,,,,,,,,
50,23199,,2178.714599609375,,32.396507263183594,,0.6855590343475342,,46.676700592041016,,,,,,,,
50,23249,,1578.9786376953125,,23.665922164916992,,0.7628780007362366,,39.73636245727539,,,,,,,,
50,23299,,2318.582763671875,,30.202396392822266,,0.6702800989151001,,48.15166473388672,,,,,,,,
50,23349,,1108.133056640625,,19.186479568481445,,0.8056271076202393,,33.28863525390625,,,,,,,,
50,23399,,2374.710205078125,,34.49259567260742,,0.5985397696495056,,48.73099899291992,,,,,,,,
50,23449,,2075.689453125,,29.12837791442871,,0.6921937465667725,,45.55973815917969,,,,,,,,
50,23499,,2120.7861328125,,30.350215911865234,,0.6305103302001953,,46.05199432373047,,,,,,,,
50,23549,,2671.137451171875,,34.05475997924805,,0.649837076663971,,51.683048248291016,,,,,,,,
,7700,,,,,,,,,,1881.7315673828125,,26.627546310424805,,0.7286670804023743,,43.378929138183594
,7701,,,,,,,,,,1564.3336181640625,,23.839679718017578,,0.7212124466896057,,39.551658630371094
,7702,,,,,,,,,,1818.0452880859375,,26.74298858642578,,0.7232648134231567,,42.63854217529297
,7703,,,,,,,,,,2558.7646484375,,33.44331359863281,,0.6909562945365906,,50.58423614501953
,7704,,,,,,,,,,1802.0921630859375,,25.15399932861328,,0.7109799385070801,,42.45105743408203
,7705,,,,,,,,,,2053.044921875,,29.1899471282959,,0.6534930467605591,,45.3105354309082
,7706,,,,,,,,,,1554.6180419921875,,22.464174270629883,,0.7136794328689575,,39.428646087646484
,7707,,,,,,,,,,2615.280029296875,,31.877037048339844,,0.6909039616584778,,51.139808654785156
,7708,,,,,,,,,,2642.9794921875,,37.123313903808594,,0.599621057510376,,51.409915924072266
,7709,,,,,,,,,,1647.69140625,,25.35220718383789,,0.6581177115440369,,40.591766357421875
,7710,,,,,,,,,,1759.0308837890625,,23.234128952026367,,0.6819230318069458,,41.94080352783203
,7711,,,,,,,,,,2035.937744140625,,29.552785873413086,,0.6997206211090088,,45.121368408203125
,7712,,,,,,,,,,2193.51416015625,,29.737550735473633,,0.6292533278465271,,46.83496856689453
,7713,,,,,,,,,,1837.7056884765625,,26.60220718383789,,0.7156753540039062,,42.86846923828125
,7714,,,,,,,,,,1649.92236328125,,22.471115112304688,,0.6869105696678162,,40.61923599243164
,7715,,,,,,,,,,2727.62939453125,,35.111045837402344,,0.6155910491943359,,52.226715087890625
,7716,,,,,,,,,,1392.58642578125,,21.516605377197266,,0.7409263849258423,,37.31737518310547
,7717,,,,,,,,,,1593.0404052734375,,22.12488555908203,,0.7489787340164185,,39.91291046142578
,7718,,,,,,,,,,1498.618408203125,,23.370038986206055,,0.7467367649078369,,38.71199417114258
,7719,,,,,,,,,,2135.410400390625,,29.42794418334961,,0.6558607220649719,,46.21050262451172
,7720,,,,,,,,,,1505.3468017578125,,22.80622673034668,,0.7599160671234131,,38.798797607421875
,7721,,,,,,,,,,1651.2396240234375,,25.93941307067871,,0.7412208318710327,,40.63544845581055
,7722,,,,,,,,,,1868.404296875,,27.7425594329834,,0.7058058977127075,,43.22504425048828
,7723,,,,,,,,,,2859.626953125,,37.90303039550781,,0.6258401870727539,,53.47547912597656
,7724,,,,,,,,,,2500.667236328125,,32.409854888916016,,0.6650322675704956,,50.00666809082031
,7725,,,,,,,,,,2688.04296875,,34.174530029296875,,0.6395889520645142,,51.846336364746094
,7726,,,,,,,,,,1058.4293212890625,,16.657602310180664,,0.7484521865844727,,32.533512115478516
,7727,,,,,,,,,,2275.346923828125,,31.070600509643555,,0.6880407333374023,,47.70059585571289
,7728,,,,,,,,,,1823.1109619140625,,28.236618041992188,,0.6919233798980713,,42.69790267944336
,7729,,,,,,,,,,2361.669921875,,28.665578842163086,,0.6918686628341675,,48.597015380859375
,7730,,,,,,,,,,1855.662841796875,,25.735443115234375,,0.6685954332351685,,43.0774040222168
,7731,,,,,,,,,,1994.0462646484375,,28.53400230407715,,0.6723017692565918,,44.65474319458008
,7732,,,,,,,,,,1716.4796142578125,,24.829591751098633,,0.7338594198226929,,41.430419921875
,7733,,,,,,,,,,2008.2181396484375,,26.57720375061035,,0.7255052328109741,,44.813148498535156
,7734,,,,,,,,,,2688.64306640625,,31.597349166870117,,0.6740751266479492,,51.85212707519531
,7735,,,,,,,,,,1738.884033203125,,24.51031494140625,,0.6788125038146973,,41.699928283691406
,7736,,,,,,,,,,2676.19140625,,31.144765853881836,,0.5746960639953613,,51.7319221496582
,7737,,,,,,,,,,1807.0399169921875,,26.44935417175293,,0.650938868522644,,42.50929260253906
,7738,,,,,,,,,,2150.813232421875,,28.26651382446289,,0.7161722779273987,,46.376861572265625
,7739,,,,,,,,,,1870.5863037109375,,24.506696701049805,,0.7309043407440186,,43.250274658203125
,7740,,,,,,,,,,2004.3807373046875,,29.665971755981445,,0.6897778511047363,,44.77030944824219
,7741,,,,,,,,,,1870.151611328125,,26.970335006713867,,0.677200198173523,,43.2452507019043
,7742,,,,,,,,,,1958.1075439453125,,25.94049644470215,,0.6664021611213684,,44.25050735473633
,7743,,,,,,,,,,2534.166748046875,,31.08799934387207,,0.661449134349823,,50.340511322021484
,7744,,,,,,,,,,1919.5047607421875,,26.487689971923828,,0.6705029010772705,,43.81215286254883
,7745,,,,,,,,,,2393.951904296875,,30.196552276611328,,0.6773368716239929,,48.92802810668945
,7746,,,,,,,,,,1727.515380859375,,25.679468154907227,,0.7032563090324402,,41.56338882446289
,7747,,,,,,,,,,1897.35791015625,,29.001758575439453,,0.6718095541000366,,43.55867385864258
,7748,,,,,,,,,,2349.278076171875,,32.99595260620117,,0.6718634963035583,,48.46935272216797
,7749,,,,,,,,,,2397.902099609375,,33.41064453125,,0.67561936378479,,48.968379974365234
,7750,,,,,,,,,,1771.886962890625,,24.796001434326172,,0.6912565231323242,,42.093788146972656
,7751,,,,,,,,,,1995.9683837890625,,28.222312927246094,,0.7664506435394287,,44.67626190185547
,7752,,,,,,,,,,2698.014404296875,,35.28611755371094,,0.5783698558807373,,51.942413330078125
,7753,,,,,,,,,,2075.869384765625,,27.861486434936523,,0.7250694036483765,,45.561710357666016
,7754,,,,,,,,,,2266.074462890625,,30.118009567260742,,0.7098413705825806,,47.603302001953125
,7755,,,,,,,,,,1885.9556884765625,,29.09182357788086,,0.6796762943267822,,43.427589416503906
,7756,,,,,,,,,,2407.483642578125,,33.10281753540039,,0.5787042379379272,,49.06611251831055
,7757,,,,,,,,,,2009.3472900390625,,27.040861129760742,,0.7192821502685547,,44.82574462890625
,7758,,,,,,,,,,2278.06494140625,,29.168020248413086,,0.6280339360237122,,47.72908020019531
,7759,,,,,,,,,,1589.8447265625,,25.402149200439453,,0.7441812753677368,,39.87285614013672
,7760,,,,,,,,,,1542.6712646484375,,23.846208572387695,,0.7447975873947144,,39.27685546875
,7761,,,,,,,,,,2100.698486328125,,29.4002742767334,,0.6872548460960388,,45.833377838134766
,7762,,,,,,,,,,2210.323486328125,,31.411197662353516,,0.6488635540008545,,47.014076232910156
,7763,,,,,,,,,,2129.481689453125,,29.994403839111328,,0.6781242489814758,,46.146305084228516
,7764,,,,,,,,,,2184.015625,,29.272003173828125,,0.7185066938400269,,46.733455657958984
,7765,,,,,,,,,,1658.355224609375,,24.53873634338379,,0.738541841506958,,40.72290802001953
,7766,,,,,,,,,,2173.66943359375,,30.779460906982422,,0.6506913900375366,,46.62262725830078
,7767,,,,,,,,,,1723.9552001953125,,25.633930206298828,,0.7527347803115845,,41.520538330078125
,7768,,,,,,,,,,1871.31689453125,,26.2796688079834,,0.6601953506469727,,43.25872039794922
,7769,,,,,,,,,,1961.704833984375,,28.899938583374023,,0.6630227565765381,,44.2911376953125
,7770,,,,,,,,,,1859.641357421875,,26.285816192626953,,0.7399117946624756,,43.123558044433594
,7771,,,,,,,,,,2340.1884765625,,30.20694923400879,,0.6626215577125549,,48.37549591064453
,7772,,,,,,,,,,3456.487060546875,,41.030391693115234,,0.6008081436157227,,58.791893005371094
,7773,,,,,,,,,,2792.94970703125,,35.75210952758789,,0.5715551376342773,,52.848365783691406
,7774,,,,,,,,,,2348.904541015625,,31.283079147338867,,0.6597846746444702,,48.46549987792969
,7775,,,,,,,,,,1851.428955078125,,25.76591682434082,,0.727140486240387,,43.02823257446289
,7776,,,,,,,,,,3070.01123046875,,38.79719161987305,,0.5813215970993042,,55.40768051147461
,7777,,,,,,,,,,2043.399169921875,,26.7622013092041,,0.6870104074478149,,45.203975677490234
,7778,,,,,,,,,,2022.294677734375,,27.836746215820312,,0.6573445200920105,,44.969932556152344
,7779,,,,,,,,,,1842.8712158203125,,27.242151260375977,,0.6389989256858826,,42.92867660522461
,7780,,,,,,,,,,2355.458251953125,,33.09565734863281,,0.6133732795715332,,48.53306579589844
,7781,,,,,,,,,,1964.0972900390625,,26.437824249267578,,0.7041332125663757,,44.318138122558594
,7782,,,,,,,,,,1949.0904541015625,,27.833995819091797,,0.708832859992981,,44.14850616455078
,7783,,,,,,,,,,1670.515625,,25.85274314880371,,0.7042809724807739,,40.87194061279297
,7784,,,,,,,,,,1733.237060546875,,23.790054321289062,,0.7047630548477173,,41.632164001464844
,7785,,,,,,,,,,2562.13623046875,,33.452308654785156,,0.61647629737854,,50.617549896240234
,7786,,,,,,,,,,2013.6275634765625,,28.485578536987305,,0.6898002624511719,,44.87346267700195
,7787,,,,,,,,,,2204.35009765625,,30.004648208618164,,0.689308762550354,,46.95050811767578
,7788,,,,,,,,,,2139.783203125,,29.784374237060547,,0.6922913193702698,,46.257789611816406
,7789,,,,,,,,,,1671.1998291015625,,23.636737823486328,,0.6962096691131592,,40.88031005859375
,7790,,,,,,,,,,1762.7855224609375,,25.034183502197266,,0.7084080576896667,,41.985538482666016
,7791,,,,,,,,,,1892.052734375,,23.91718292236328,,0.6584270596504211,,43.49773406982422
,7792,,,,,,,,,,2031.72607421875,,29.519824981689453,,0.7136353254318237,,45.07467269897461
,7793,,,,,,,,,,2326.287109375,,31.323925018310547,,0.6585804224014282,,48.231597900390625
,7794,,,,,,,,,,2216.71728515625,,29.10266876220703,,0.6953197717666626,,47.082027435302734
,7795,,,,,,,,,,2235.753662109375,,30.21918487548828,,0.6546227931976318,,47.283756256103516
,7796,,,,,,,,,,1564.1043701171875,,23.044010162353516,,0.7248777151107788,,39.54875946044922
,7797,,,,,,,,,,2088.72607421875,,28.194997787475586,,0.7066359519958496,,45.70258331298828
,7798,,,,,,,,,,2194.196044921875,,30.922163009643555,,0.6900560855865479,,46.84225082397461
,7799,,,,,,,,,,2179.044921875,,29.88677406311035,,0.671237587928772,,46.680240631103516
,7800,,,,,,,,,,2094.83984375,,29.00442123413086,,0.6822797060012817,,45.7694206237793
,7801,,,,,,,,,,2496.565185546875,,35.10763168334961,,0.5868159532546997,,49.965641021728516
,7802,,,,,,,,,,1549.9967041015625,,22.639528274536133,,0.7249550819396973,,39.3699951171875
,7803,,,,,,,,,,2404.320556640625,,30.169559478759766,,0.6153753995895386,,49.033870697021484
,7804,,,,,,,,,,1447.5999755859375,,22.761404037475586,,0.6721957921981812,,38.047340393066406
,7805,,,,,,,,,,1612.1162109375,,24.40803337097168,,0.7450516223907471,,40.15116882324219
,7806,,,,,,,,,,2323.213134765625,,31.264850616455078,,0.7031182646751404,,48.19972229003906
,7807,,,,,,,,,,2317.462890625,,32.8758430480957,,0.6545703411102295,,48.14002990722656
,7808,,,,,,,,,,1399.4630126953125,,19.320581436157227,,0.6766253113746643,,37.40939712524414
,7809,,,,,,,,,,2357.00830078125,,32.838340759277344,,0.6323437094688416,,48.549034118652344
,7810,,,,,,,,,,2529.621826171875,,35.197105407714844,,0.563409149646759,,50.29534912109375
,7811,,,,,,,,,,2192.713623046875,,30.933862686157227,,0.6889721155166626,,46.826419830322266
,7812,,,,,,,,,,1956.559814453125,,30.86699676513672,,0.7020862102508545,,44.23301696777344
,7813,,,,,,,,,,2311.673095703125,,30.844905853271484,,0.6682299971580505,,48.07986068725586
,7814,,,,,,,,,,1474.133544921875,,22.81516456604004,,0.6722568869590759,,38.394447326660156
,7815,,,,,,,,,,2195.49658203125,,26.37981414794922,,0.7320888042449951,,46.85612487792969
,7816,,,,,,,,,,1976.8438720703125,,28.997861862182617,,0.6764522790908813,,44.46171188354492
,7817,,,,,,,,,,2008.3209228515625,,27.99224090576172,,0.6943517923355103,,44.81429672241211
,7818,,,,,,,,,,1883.142578125,,26.02247428894043,,0.6801742315292358,,43.39519119262695
,7819,,,,,,,,,,2036.13818359375,,28.19605255126953,,0.7196782827377319,,45.12358856201172
,7820,,,,,,,,,,2190.36669921875,,28.972518920898438,,0.6511340141296387,,46.80134963989258
,7821,,,,,,,,,,2309.77294921875,,30.471332550048828,,0.650188684463501,,48.060096740722656
,7822,,,,,,,,,,1886.5345458984375,,26.622224807739258,,0.7317909002304077,,43.43425369262695
,7823,,,,,,,,,,1942.3240966796875,,25.71701431274414,,0.6444019675254822,,44.071807861328125
,7824,,,,,,,,,,1658.5408935546875,,23.88230323791504,,0.7319958209991455,,40.72518539428711
,7825,,,,,,,,,,2012.8253173828125,,28.398988723754883,,0.6628958582878113,,44.86452102661133
,7826,,,,,,,,,,1694.2855224609375,,22.651508331298828,,0.738232433795929,,41.16169738769531
,7827,,,,,,,,,,2272.771484375,,32.459957122802734,,0.6948097348213196,,47.67359161376953
,7828,,,,,,,,,,2254.82666015625,,31.42696189880371,,0.6674931645393372,,47.485015869140625
,7829,,,,,,,,,,1504.376953125,,21.85702896118164,,0.7606378793716431,,38.78630065917969
,7830,,,,,,,,,,1698.9893798828125,,24.943328857421875,,0.6857877969741821,,41.21879959106445
,7831,,,,,,,,,,2768.92236328125,,35.84815216064453,,0.63490891456604,,52.62055206298828
,7832,,,,,,,,,,1740.50048828125,,24.674659729003906,,0.703925609588623,,41.71930694580078
,7833,,,,,,,,,,1777.552490234375,,24.887969970703125,,0.7540544271469116,,42.16102981567383
,7834,,,,,,,,,,2455.685791015625,,31.55881118774414,,0.6171256303787231,,49.55487823486328
,7835,,,,,,,,,,2293.559814453125,,32.3475341796875,,0.61299729347229,,47.8911247253418
,7836,,,,,,,,,,2867.515380859375,,36.32643127441406,,0.6460999846458435,,53.54918670654297
,7837,,,,,,,,,,1704.7603759765625,,26.999841690063477,,0.7188845872879028,,41.28874206542969
,7838,,,,,,,,,,2624.04833984375,,34.63938903808594,,0.7130461931228638,,51.2254638671875
,7839,,,,,,,,,,1332.40625,,21.299606323242188,,0.7904325723648071,,36.502140045166016
,7840,,,,,,,,,,1710.210693359375,,23.505712509155273,,0.7034739255905151,,41.35469436645508
,7841,,,,,,,,,,1932.6912841796875,,26.77143669128418,,0.6750861406326294,,43.96238327026367
,7842,,,,,,,,,,2476.139892578125,,31.16781234741211,,0.6309717297554016,,49.76082992553711
,7843,,,,,,,,,,2571.2958984375,,34.895931243896484,,0.6201627254486084,,50.707950592041016
,7844,,,,,,,,,,2560.76611328125,,32.306732177734375,,0.6636627912521362,,50.60401153564453
,7845,,,,,,,,,,2256.706298828125,,29.78763771057129,,0.6571751832962036,,47.50480270385742
,7846,,,,,,,,,,2436.96875,,28.692054748535156,,0.6657115817070007,,49.365665435791016
,7847,,,,,,,,,,1872.43017578125,,28.0855770111084,,0.7136927843093872,,43.27158737182617
,7848,,,,,,,,,,2665.405517578125,,33.98414611816406,,0.6619890928268433,,51.627567291259766
,7849,,,,,,,,,,2042.9725341796875,,25.970163345336914,,0.7203518152236938,,45.19925308227539
,7850,,,,,,,,,,1955.8282470703125,,27.125925064086914,,0.6984156966209412,,44.22474670410156
,7851,,,,,,,,,,2105.382568359375,,29.880268096923828,,0.6726815700531006,,45.88444900512695
,7852,,,,,,,,,,2258.005126953125,,28.804649353027344,,0.6906043291091919,,47.518470764160156
,7853,,,,,,,,,,1464.9608154296875,,19.450624465942383,,0.762214183807373,,38.27480697631836
50,23561,,,,,,,,,2065.247802734375,,28.416202545166016,,0.6829277276992798,,45.24907302856445,
50,23561,1971.4376220703125,,27.624780654907227,,0.700984001159668,,44.19575500488281,,,,,,,,,
51,23599,,1900.525146484375,,27.49942970275879,,0.6965029239654541,,43.59501266479492,,,,,,,,
51,23649,,1741.073486328125,,26.314804077148438,,0.691701352596283,,41.726173400878906,,,,,,,,
51,23699,,1450.6812744140625,,22.30900001525879,,0.7711709141731262,,38.08781051635742,,,,,,,,
51,23749,,2007.8953857421875,,28.55458641052246,,0.7304279804229736,,44.809547424316406,,,,,,,,
51,23799,,1999.101806640625,,28.350570678710938,,0.731891393661499,,44.7113151550293,,,,,,,,
51,23849,,2146.65625,,28.49970245361328,,0.7387559413909912,,46.33202362060547,,,,,,,,
51,23899,,2747.855712890625,,34.894405364990234,,0.5933679342269897,,52.41999435424805,,,,,,,,
51,23949,,1885.3974609375,,25.930864334106445,,0.6977483034133911,,43.421165466308594,,,,,,,,
51,23999,,2413.983642578125,,31.087106704711914,,0.6703745126724243,,49.13230895996094,,,,,,,,
,7854,,,,,,,,,,1872.4715576171875,,26.481000900268555,,0.7300022840499878,,43.272064208984375
,7855,,,,,,,,,,1550.8016357421875,,23.61823081970215,,0.723624050617218,,39.380218505859375
,7856,,,,,,,,,,1806.080078125,,26.59622573852539,,0.7250861525535583,,42.49800109863281
,7857,,,,,,,,,,2560.378173828125,,33.53287124633789,,0.6907614469528198,,50.60017776489258
,7858,,,,,,,,,,1808.8348388671875,,25.132898330688477,,0.7098985910415649,,42.530399322509766
,7859,,,,,,,,,,2042.699462890625,,29.05447769165039,,0.6552391052246094,,45.196231842041016
,7860,,,,,,,,,,1546.7596435546875,,22.20853042602539,,0.7151267528533936,,39.32886505126953
,7861,,,,,,,,,,2617.39013671875,,31.87856674194336,,0.6906545758247375,,51.16043472290039
,7862,,,,,,,,,,2649.070068359375,,37.21709060668945,,0.5986983776092529,,51.4691162109375
,7863,,,,,,,,,,1654.605224609375,,25.2850341796875,,0.6566831469535828,,40.67683792114258
,7864,,,,,,,,,,1762.341796875,,23.180755615234375,,0.6813243627548218,,41.980255126953125
,7865,,,,,,,,,,2035.4996337890625,,29.428226470947266,,0.6997852325439453,,45.116512298583984
,7866,,,,,,,,,,2199.584228515625,,29.698013305664062,,0.6282273530960083,,46.89972686767578
,7867,,,,,,,,,,1831.514404296875,,26.61829376220703,,0.7166332602500916,,42.79619598388672
,7868,,,,,,,,,,1647.5032958984375,,22.395444869995117,,0.6873695850372314,,40.589447021484375
,7869,,,,,,,,,,2745.911376953125,,35.33473205566406,,0.6130145788192749,,52.40144348144531
,7870,,,,,,,,,,1394.420166015625,,21.492238998413086,,0.7405852675437927,,37.34193420410156
,7871,,,,,,,,,,1582.6268310546875,,22.022205352783203,,0.750619649887085,,39.78224182128906
,7872,,,,,,,,,,1484.69677734375,,23.203725814819336,,0.7490894794464111,,38.53176498413086
,7873,,,,,,,,,,2104.52099609375,,29.087745666503906,,0.660838782787323,,45.875057220458984
,7874,,,,,,,,,,1510.867431640625,,22.894962310791016,,0.759035587310791,,38.869876861572266
,7875,,,,,,,,,,1666.7249755859375,,26.19952392578125,,0.7387940287590027,,40.82554244995117
,7876,,,,,,,,,,1862.0107421875,,27.661718368530273,,0.7068125605583191,,43.151023864746094
,7877,,,,,,,,,,2849.127197265625,,37.85573959350586,,0.6272139549255371,,53.37721633911133
,7878,,,,,,,,,,2513.16943359375,,32.529502868652344,,0.6633575558662415,,50.13152313232422
,7879,,,,,,,,,,2684.89990234375,,34.1167106628418,,0.6400103569030762,,51.816017150878906
,7880,,,,,,,,,,1058.5946044921875,,16.547456741333008,,0.7484128475189209,,32.53605270385742
,7881,,,,,,,,,,2277.13525390625,,31.03841781616211,,0.6877955794334412,,47.719337463378906
,7882,,,,,,,,,,1819.9625244140625,,28.176773071289062,,0.6924554109573364,,42.66101837158203
,7883,,,,,,,,,,2359.6083984375,,28.524799346923828,,0.6921377182006836,,48.575801849365234
,7884,,,,,,,,,,1850.198486328125,,25.629499435424805,,0.6695712804794312,,43.01393508911133
,7885,,,,,,,,,,1983.47705078125,,28.330045700073242,,0.6740386486053467,,44.5362434387207
,7886,,,,,,,,,,1719.0777587890625,,24.912860870361328,,0.7334566116333008,,41.461761474609375
,7887,,,,,,,,,,2006.9813232421875,,26.629497528076172,,0.7256742715835571,,44.799346923828125
,7888,,,,,,,,,,2696.83740234375,,31.62124252319336,,0.6730817556381226,,51.93108367919922
,7889,,,,,,,,,,1722.0347900390625,,24.264162063598633,,0.6819247007369995,,41.497406005859375
,7890,,,,,,,,,,2686.98779296875,,30.940425872802734,,0.5729802846908569,,51.83616638183594
,7891,,,,,,,,,,1754.8021240234375,,25.934289932250977,,0.661029577255249,,41.890357971191406
,7892,,,,,,,,,,2135.66650390625,,28.054046630859375,,0.7181711196899414,,46.21327209472656
,7893,,,,,,,,,,1858.7830810546875,,24.341842651367188,,0.7326022386550903,,43.11360549926758
,7894,,,,,,,,,,2014.072265625,,29.926374435424805,,0.6882779002189636,,44.878414154052734
,7895,,,,,,,,,,1867.8828125,,26.974285125732422,,0.6775918006896973,,43.21900939941406
,7896,,,,,,,,,,1944.4134521484375,,25.79160499572754,,0.668735146522522,,44.09550476074219
,7897,,,,,,,,,,2543.7470703125,,31.108165740966797,,0.660169243812561,,50.43557357788086
,7898,,,,,,,,,,1925.31591796875,,26.375593185424805,,0.6695053577423096,,43.878421783447266
,7899,,,,,,,,,,2418.135009765625,,30.360759735107422,,0.6740774512290955,,49.17453384399414
,7900,,,,,,,,,,1723.9578857421875,,25.610267639160156,,0.7038674354553223,,41.520572662353516
,7901,,,,,,,,,,1887.9326171875,,28.93315887451172,,0.6734398603439331,,43.450347900390625
,7902,,,,,,,,,,2354.830322265625,,33.12098693847656,,0.6710879802703857,,48.52659225463867
,7903,,,,,,,,,,2376.068115234375,,33.316558837890625,,0.6785730123519897,,48.744930267333984
,7904,,,,,,,,,,1769.1083984375,,24.702241897583008,,0.6917406916618347,,42.06077194213867
,7905,,,,,,,,,,1989.2376708984375,,28.090559005737305,,0.7672382593154907,,44.60087203979492
,7906,,,,,,,,,,2699.315185546875,,35.339359283447266,,0.5781666040420532,,51.954933166503906
,7907,,,,,,,,,,2066.772216796875,,27.646398544311523,,0.7262742519378662,,45.46176528930664
,7908,,,,,,,,,,2248.193115234375,,29.896366119384766,,0.7121309041976929,,47.41511535644531
,7909,,,,,,,,,,1879.955078125,,29.083358764648438,,0.6806955337524414,,43.35844802856445
,7910,,,,,,,,,,2397.890625,,33.08213806152344,,0.5803829431533813,,48.968257904052734
,7911,,,,,,,,,,2001.0130615234375,,26.807268142700195,,0.7204465270042419,,44.73268508911133
,7912,,,,,,,,,,2261.8955078125,,29.02843475341797,,0.6306741237640381,,47.559391021728516
,7913,,,,,,,,,,1581.3363037109375,,25.202924728393555,,0.745550274848938,,39.766021728515625
,7914,,,,,,,,,,1544.0609130859375,,23.83482551574707,,0.7445677518844604,,39.29454040527344
,7915,,,,,,,,,,2104.682373046875,,29.34841537475586,,0.6866617202758789,,45.87681579589844
,7916,,,,,,,,,,2191.7021484375,,31.19887351989746,,0.6518217325210571,,46.81562042236328
,7917,,,,,,,,,,2126.644775390625,,29.989383697509766,,0.6785531044006348,,46.11555480957031
,7918,,,,,,,,,,2180.2705078125,,29.35578727722168,,0.7189894318580627,,46.69336700439453
,7919,,,,,,,,,,1645.2332763671875,,24.4197998046875,,0.740610659122467,,40.56147384643555
,7920,,,,,,,,,,2173.250732421875,,30.670623779296875,,0.650758683681488,,46.61813735961914
,7921,,,,,,,,,,1732.47314453125,,25.60464859008789,,0.7515131235122681,,41.62298583984375
,7922,,,,,,,,,,1861.0780029296875,,26.09261131286621,,0.6620545387268066,,43.14021301269531
,7923,,,,,,,,,,1943.4378662109375,,28.664793014526367,,0.6661605834960938,,44.08443832397461
,7924,,,,,,,,,,1841.0596923828125,,26.093097686767578,,0.7425106763839722,,42.907569885253906
,7925,,,,,,,,,,2337.388671875,,30.15909767150879,,0.6630251407623291,,48.34654998779297
,7926,,,,,,,,,,3447.450927734375,,40.89958190917969,,0.6018517017364502,,58.714996337890625
,7927,,,,,,,,,,2803.3154296875,,35.786869049072266,,0.5699650049209595,,52.946346282958984
,7928,,,,,,,,,,2327.119140625,,30.95979881286621,,0.6629400849342346,,48.2402229309082
,7929,,,,,,,,,,1859.025390625,,25.819761276245117,,0.7260209321975708,,43.116416931152344
,7930,,,,,,,,,,3047.849365234375,,38.72037124633789,,0.5843440294265747,,55.207332611083984
,7931,,,,,,,,,,2047.32275390625,,26.742849349975586,,0.6864094734191895,,45.247352600097656
,7932,,,,,,,,,,2010.201416015625,,27.675552368164062,,0.6593935489654541,,44.835269927978516
,7933,,,,,,,,,,1821.1397705078125,,26.935705184936523,,0.643255889415741,,42.6748161315918
,7934,,,,,,,,,,2355.776123046875,,33.123321533203125,,0.6133211255073547,,48.536338806152344
,7935,,,,,,,,,,1969.1365966796875,,26.494447708129883,,0.7033740878105164,,44.37495422363281
,7936,,,,,,,,,,1948.6810302734375,,27.739347457885742,,0.7088940143585205,,44.14386749267578
,7937,,,,,,,,,,1676.6297607421875,,25.93962287902832,,0.7031986713409424,,40.94667053222656
,7938,,,,,,,,,,1713.663330078125,,23.6522216796875,,0.7080972194671631,,41.39641571044922
,7939,,,,,,,,,,2584.970703125,,33.55063247680664,,0.6130582094192505,,50.84260559082031
,7940,,,,,,,,,,2004.35888671875,,28.231212615966797,,0.6912281513214111,,44.77006530761719
,7941,,,,,,,,,,2207.512451171875,,30.031494140625,,0.6888630986213684,,46.98417282104492
,7942,,,,,,,,,,2137.076171875,,29.76955223083496,,0.6926805973052979,,46.22852325439453
,7943,,,,,,,,,,1672.10302734375,,23.701175689697266,,0.6960455179214478,,40.891353607177734
,7944,,,,,,,,,,1759.3240966796875,,24.919471740722656,,0.7089806199073792,,41.944297790527344
,7945,,,,,,,,,,1881.5592041015625,,23.85486602783203,,0.6603214740753174,,43.3769416809082
,7946,,,,,,,,,,2037.738525390625,,29.610546112060547,,0.7127878665924072,,45.14131546020508
,7947,,,,,,,,,,2330.392578125,,31.33574676513672,,0.657977819442749,,48.274139404296875
,7948,,,,,,,,,,2221.29931640625,,29.119476318359375,,0.6946899890899658,,47.13066101074219
,7949,,,,,,,,,,2245.600830078125,,30.16803741455078,,0.6531015634536743,,47.38777160644531
,7950,,,,,,,,,,1557.5623779296875,,22.9608211517334,,0.7260284423828125,,39.465965270996094
,7951,,,,,,,,,,2102.77685546875,,28.260215759277344,,0.7046625018119812,,45.85604476928711
,7952,,,,,,,,,,2192.595703125,,30.940555572509766,,0.6902821660041809,,46.825164794921875
,7953,,,,,,,,,,2166.619873046875,,29.758590698242188,,0.6731122136116028,,46.54696273803711
,7954,,,,,,,,,,2096.629150390625,,28.896690368652344,,0.6820083856582642,,45.788963317871094
,7955,,,,,,,,,,2513.30712890625,,35.197853088378906,,0.5840451121330261,,50.132896423339844
,7956,,,,,,,,,,1551.73583984375,,22.659542083740234,,0.7246465086936951,,39.3920783996582
,7957,,,,,,,,,,2402.253662109375,,30.043359756469727,,0.6157060265541077,,49.01279067993164
,7958,,,,,,,,,,1439.0421142578125,,22.60675048828125,,0.6741336584091187,,37.93470764160156
,7959,,,,,,,,,,1597.0806884765625,,24.14398193359375,,0.747429370880127,,39.96349334716797
,7960,,,,,,,,,,2322.943603515625,,31.26751708984375,,0.7031527757644653,,48.196922302246094
,7961,,,,,,,,,,2290.5927734375,,32.526466369628906,,0.6585754156112671,,47.860137939453125
,7962,,,,,,,,,,1403.5035400390625,,19.316139221191406,,0.6756917238235474,,37.46336364746094
,7963,,,,,,,,,,2364.11669921875,,32.91257858276367,,0.6312349438667297,,48.62218475341797
,7964,,,,,,,,,,2529.364013671875,,35.200626373291016,,0.5634536743164062,,50.29278564453125
,7965,,,,,,,,,,2188.44140625,,30.820175170898438,,0.6895780563354492,,46.78078079223633
,7966,,,,,,,,,,1960.965087890625,,30.88953971862793,,0.7014154195785522,,44.28278732299805
,7967,,,,,,,,,,2325.718994140625,,30.84737777709961,,0.6662141680717468,,48.2257080078125
,7968,,,,,,,,,,1475.2071533203125,,22.80491828918457,,0.6720181703567505,,38.408424377441406
,7969,,,,,,,,,,2196.796630859375,,26.291473388671875,,0.7319301962852478,,46.869998931884766
,7970,,,,,,,,,,1979.0196533203125,,28.929828643798828,,0.6760961413383484,,44.486175537109375
,7971,,,,,,,,,,2005.68017578125,,27.9769229888916,,0.6947537660598755,,44.784820556640625
,7972,,,,,,,,,,1880.739501953125,,26.08079719543457,,0.6805824041366577,,43.36749267578125
,7973,,,,,,,,,,2023.1788330078125,,28.073204040527344,,0.7214624881744385,,44.979759216308594
,7974,,,,,,,,,,2190.4453125,,28.87616729736328,,0.6511214971542358,,46.80219268798828
,7975,,,,,,,,,,2286.84765625,,30.303152084350586,,0.6536606550216675,,47.82099533081055
,7976,,,,,,,,,,1914.394287109375,,26.7447509765625,,0.7278300523757935,,43.75379180908203
,7977,,,,,,,,,,1941.00341796875,,25.675085067749023,,0.6446437835693359,,44.056819915771484
,7978,,,,,,,,,,1655.543212890625,,23.7711238861084,,0.7324801683425903,,40.6883659362793
,7979,,,,,,,,,,1997.5931396484375,,28.22060203552246,,0.6654468774795532,,44.69444274902344
,7980,,,,,,,,,,1709.9915771484375,,22.841638565063477,,0.735805869102478,,41.35204315185547
,7981,,,,,,,,,,2273.90576171875,,32.501304626464844,,0.6946574449539185,,47.685489654541016
,7982,,,,,,,,,,2245.401611328125,,31.308265686035156,,0.6688830256462097,,47.38566970825195
,7983,,,,,,,,,,1503.5360107421875,,21.82746696472168,,0.7607716917991638,,38.77545928955078
,7984,,,,,,,,,,1702.7734375,,24.918590545654297,,0.6850879192352295,,41.26467514038086
,7985,,,,,,,,,,2762.877197265625,,35.72492599487305,,0.6357060670852661,,52.56307601928711
,7986,,,,,,,,,,1733.7841796875,,24.64626121520996,,0.7050681114196777,,41.63873291015625
,7987,,,,,,,,,,1785.2406005859375,,24.8908748626709,,0.75299072265625,,42.25210952758789
,7988,,,,,,,,,,2438.359619140625,,31.33750343322754,,0.6198270320892334,,49.3797492980957
,7989,,,,,,,,,,2291.2265625,,32.324317932128906,,0.6133910417556763,,47.86676025390625
,7990,,,,,,,,,,2868.70849609375,,36.39654541015625,,0.6459527015686035,,53.560325622558594
,7991,,,,,,,,,,1744.552978515625,,27.347915649414062,,0.7123228311538696,,41.767845153808594
,7992,,,,,,,,,,2644.173095703125,,34.68728256225586,,0.7108454704284668,,51.42152404785156
,7993,,,,,,,,,,1312.3465576171875,,21.11014747619629,,0.7935876250267029,,36.22632598876953
,7994,,,,,,,,,,1704.2398681640625,,23.463226318359375,,0.7045091390609741,,41.282440185546875
,7995,,,,,,,,,,1928.6864013671875,,26.786943435668945,,0.6757593750953674,,43.916812896728516
,7996,,,,,,,,,,2456.204345703125,,31.009504318237305,,0.6339428424835205,,49.56010818481445
,7997,,,,,,,,,,2563.502685546875,,34.902435302734375,,0.6213139891624451,,50.631046295166016
,7998,,,,,,,,,,2548.184326171875,,32.1606559753418,,0.6653152704238892,,50.47954177856445
,7999,,,,,,,,,,2249.075927734375,,29.705495834350586,,0.6583343148231506,,47.42441940307617
,8000,,,,,,,,,,2435.2431640625,,28.698932647705078,,0.6659482717514038,,49.348182678222656
,8001,,,,,,,,,,1877.6876220703125,,28.1416072845459,,0.7128888964653015,,43.33229064941406
,8002,,,,,,,,,,2650.2841796875,,33.90738296508789,,0.6639067530632019,,51.48091125488281
,8003,,,,,,,,,,2048.84326171875,,25.978471755981445,,0.719548225402832,,45.2641487121582
,8004,,,,,,,,,,1949.95068359375,,26.978635787963867,,0.699321985244751,,44.15824508666992
,8005,,,,,,,,,,2088.43408203125,,29.71047019958496,,0.6753165125846863,,45.69938659667969
,8006,,,,,,,,,,2250.873291015625,,28.644790649414062,,0.6915815472602844,,47.4433708190918
,8007,,,,,,,,,,1467.9703369140625,,19.552352905273438,,0.761725664138794,,38.31410217285156
51,24023,,,,,,,,,2062.28955078125,,28.35702133178711,,0.6834195852279663,,45.21539306640625,
51,24023,1966.2608642578125,,27.58694839477539,,0.7020323276519775,,44.131649017333984,,,,,,,,,
52,24049,,2207.839111328125,,30.11319923400879,,0.6914960145950317,,46.987648010253906,,,,,,,,
52,24099,,1600.0703125,,24.187877655029297,,0.7647638320922852,,40.000877380371094,,,,,,,,
52,24149,,2322.748779296875,,31.811458587646484,,0.6592872738838196,,48.194908142089844,,,,,,,,
52,24199,,1651.8255615234375,,23.563608169555664,,0.7506479024887085,,40.64265823364258,,,,,,,,
52,24249,,1842.3421630859375,,26.358789443969727,,0.685509979724884,,42.92251205444336,,,,,,,,
52,24299,,2251.155517578125,,30.757404327392578,,0.6830779910087585,,47.44634246826172,,,,,,,,
52,24349,,2386.35107421875,,30.894689559936523,,0.6829864978790283,,48.85029220581055,,,,,,,,
52,24399,,1797.0767822265625,,26.472047805786133,,0.741608738899231,,42.39194107055664,,,,,,,,
52,24449,,1997.0360107421875,,29.38546371459961,,0.7482526302337646,,44.688209533691406,,,,,,,,
,8008,,,,,,,,,,1870.7493896484375,,26.489768981933594,,0.7302506566047668,,43.252159118652344
,8009,,,,,,,,,,1557.4246826171875,,23.67368507385254,,0.722443699836731,,39.4642219543457
,8010,,,,,,,,,,1807.1466064453125,,26.631412506103516,,0.724923849105835,,42.51054382324219
,8011,,,,,,,,,,2544.6728515625,,33.307151794433594,,0.6926583051681519,,50.44475173950195
,8012,,,,,,,,,,1803.4278564453125,,25.12389373779297,,0.7107657194137573,,42.4667854309082
,8013,,,,,,,,,,2052.199951171875,,29.128860473632812,,0.6536356806755066,,45.301212310791016
,8014,,,,,,,,,,1547.1495361328125,,22.266008377075195,,0.715054988861084,,39.333824157714844
,8015,,,,,,,,,,2602.392578125,,31.766447067260742,,0.6924271583557129,,51.01365280151367
,8016,,,,,,,,,,2652.575439453125,,37.196754455566406,,0.598167359828949,,51.50315856933594
,8017,,,,,,,,,,1671.1630859375,,25.41069221496582,,0.6532474756240845,,40.87986373901367
,8018,,,,,,,,,,1758.7197265625,,23.180213928222656,,0.6819792985916138,,41.93709182739258
,8019,,,,,,,,,,2034.2364501953125,,29.454896926879883,,0.6999715566635132,,45.102508544921875
,8020,,,,,,,,,,2212.9345703125,,29.846590042114258,,0.6259708404541016,,47.041839599609375
,8021,,,,,,,,,,1834.530517578125,,26.55881118774414,,0.716166615486145,,42.8314208984375
,8022,,,,,,,,,,1649.3756103515625,,22.422739028930664,,0.6870143413543701,,40.61250686645508
,8023,,,,,,,,,,2740.284423828125,,35.244998931884766,,0.6138075590133667,,52.34772872924805
,8024,,,,,,,,,,1393.7264404296875,,21.536623001098633,,0.7407143115997314,,37.332645416259766
,8025,,,,,,,,,,1582.762451171875,,22.051843643188477,,0.7505982518196106,,39.7839469909668
,8026,,,,,,,,,,1483.5655517578125,,23.2033748626709,,0.7492806315422058,,38.51708221435547
,8027,,,,,,,,,,2116.025146484375,,29.230504989624023,,0.6589847803115845,,46.000274658203125
,8028,,,,,,,,,,1512.634521484375,,22.914592742919922,,0.758753776550293,,38.892601013183594
,8029,,,,,,,,,,1655.3724365234375,,26.03751564025879,,0.7405731678009033,,40.6862678527832
,8030,,,,,,,,,,1864.201904296875,,27.6894588470459,,0.7064675688743591,,43.1764030456543
,8031,,,,,,,,,,2840.522705078125,,37.7854118347168,,0.6283397674560547,,53.29655456542969
,8032,,,,,,,,,,2498.974609375,,32.374534606933594,,0.6652590036392212,,49.98974609375
,8033,,,,,,,,,,2686.770751953125,,34.094486236572266,,0.6397595405578613,,51.834068298339844
,8034,,,,,,,,,,1058.5743408203125,,16.580289840698242,,0.7484176754951477,,32.53573989868164
,8035,,,,,,,,,,2272.220947265625,,30.980932235717773,,0.6884693503379822,,47.66781997680664
,8036,,,,,,,,,,1818.9033203125,,28.155925750732422,,0.6926344037055969,,42.64860534667969
,8037,,,,,,,,,,2352.945556640625,,28.582860946655273,,0.6930069923400879,,48.507171630859375
,8038,,,,,,,,,,1855.22705078125,,25.70475959777832,,0.6686732769012451,,43.072349548339844
,8039,,,,,,,,,,1983.588623046875,,28.37236976623535,,0.6740203499794006,,44.537498474121094
,8040,,,,,,,,,,1718.97314453125,,24.89516258239746,,0.7334728240966797,,41.46049880981445
,8041,,,,,,,,,,2008.4525146484375,,26.612152099609375,,0.725473165512085,,44.81576156616211
,8042,,,,,,,,,,2698.044189453125,,31.65089225769043,,0.6729354858398438,,51.94269943237305
,8043,,,,,,,,,,1724.654052734375,,24.31730842590332,,0.6814409494400024,,41.528953552246094
,8044,,,,,,,,,,2676.768798828125,,31.02672004699707,,0.574604332447052,,51.73750305175781
,8045,,,,,,,,,,1768.8238525390625,,26.06169319152832,,0.6583210229873657,,42.05738830566406
,8046,,,,,,,,,,2145.925537109375,,28.203052520751953,,0.7168172597885132,,46.324134826660156
,8047,,,,,,,,,,1866.285888671875,,24.40861701965332,,0.7315229177474976,,43.200531005859375
,8048,,,,,,,,,,2012.8182373046875,,29.813854217529297,,0.6884719729423523,,44.86444091796875
,8049,,,,,,,,,,1861.8419189453125,,26.857351303100586,,0.678634524345398,,43.14906311035156
,8050,,,,,,,,,,1950.348388671875,,25.84779930114746,,0.6677240133285522,,44.162750244140625
,8051,,,,,,,,,,2538.0439453125,,31.108062744140625,,0.6609311699867249,,50.37900161743164
,8052,,,,,,,,,,1917.8638916015625,,26.363056182861328,,0.6707845330238342,,43.79342269897461
,8053,,,,,,,,,,2416.222900390625,,30.298540115356445,,0.6743351221084595,,49.155086517333984
,8054,,,,,,,,,,1717.532958984375,,25.51271629333496,,0.7049710154533386,,41.44313049316406
,8055,,,,,,,,,,1902.577392578125,,29.04547119140625,,0.6709067821502686,,43.61854553222656
,8056,,,,,,,,,,2342.690185546875,,32.987060546875,,0.6727836728096008,,48.401344299316406
,8057,,,,,,,,,,2378.056884765625,,33.3132438659668,,0.6783040165901184,,48.765323638916016
,8058,,,,,,,,,,1761.74365234375,,24.71641731262207,,0.6930239796638489,,41.97312927246094
,8059,,,,,,,,,,1987.15234375,,28.06402015686035,,0.7674822211265564,,44.57748794555664
,8060,,,,,,,,,,2694.51513671875,,35.271583557128906,,0.5789166688919067,,51.90871810913086
,8061,,,,,,,,,,2069.63671875,,27.72723388671875,,0.7258948087692261,,45.49325942993164
,8062,,,,,,,,,,2244.411376953125,,29.88382911682129,,0.7126151323318481,,47.37521743774414
,8063,,,,,,,,,,1877.24853515625,,29.04235076904297,,0.6811552047729492,,43.32722473144531
,8064,,,,,,,,,,2406.55517578125,,33.08305358886719,,0.578866720199585,,49.0566520690918
,8065,,,,,,,,,,2002.1534423828125,,26.85537338256836,,0.7202872037887573,,44.74542999267578
,8066,,,,,,,,,,2266.530029296875,,29.07500648498535,,0.6299173831939697,,47.608089447021484
,8067,,,,,,,,,,1586.2242431640625,,25.29024887084961,,0.7447638511657715,,39.827430725097656
,8068,,,,,,,,,,1543.85400390625,,23.877906799316406,,0.7446019649505615,,39.291908264160156
,8069,,,,,,,,,,2093.58837890625,,29.3143367767334,,0.688313364982605,,45.7557487487793
,8070,,,,,,,,,,2204.5234375,,31.33871841430664,,0.6497849225997925,,46.952354431152344
,8071,,,,,,,,,,2131.107177734375,,29.959619522094727,,0.6778785586357117,,46.163917541503906
,8072,,,,,,,,,,2178.810546875,,29.355562210083008,,0.7191776037216187,,46.677730560302734
,8073,,,,,,,,,,1649.739501953125,,24.485374450683594,,0.7399002313613892,,40.61698532104492
,8074,,,,,,,,,,2174.295166015625,,30.697750091552734,,0.6505908370018005,,46.629337310791016
,8075,,,,,,,,,,1733.8302001953125,,25.68156623840332,,0.7513184547424316,,41.639286041259766
,8076,,,,,,,,,,1859.6568603515625,,26.125186920166016,,0.6623126268386841,,43.12373733520508
,8077,,,,,,,,,,1954.3236083984375,,28.864824295043945,,0.6642906665802002,,44.207733154296875
,8078,,,,,,,,,,1868.58544921875,,26.324386596679688,,0.7386609315872192,,43.227134704589844
,8079,,,,,,,,,,2340.96484375,,30.175134658813477,,0.662509560585022,,48.383522033691406
,8080,,,,,,,,,,3435.051513671875,,40.85890579223633,,0.603283703327179,,58.609310150146484
,8081,,,,,,,,,,2804.837646484375,,35.789058685302734,,0.5697314739227295,,52.960716247558594
,8082,,,,,,,,,,2328.56103515625,,31.046037673950195,,0.6627312302589417,,48.255165100097656
,8083,,,,,,,,,,1853.7171630859375,,25.774524688720703,,0.7268032431602478,,43.05481719970703
,8084,,,,,,,,,,3052.06884765625,,38.747650146484375,,0.5837686061859131,,55.24552917480469
,8085,,,,,,,,,,2040.616943359375,,26.72582244873047,,0.687436580657959,,45.17319107055664
,8086,,,,,,,,,,2013.338623046875,,27.7401180267334,,0.6588619947433472,,44.870243072509766
,8087,,,,,,,,,,1824.772705078125,,27.02533721923828,,0.6425442695617676,,42.71735763549805
,8088,,,,,,,,,,2348.28271484375,,33.059730529785156,,0.6145510673522949,,48.459083557128906
,8089,,,,,,,,,,1963.9256591796875,,26.366113662719727,,0.7041590809822083,,44.316200256347656
,8090,,,,,,,,,,1957.989501953125,,27.81975555419922,,0.7075034379959106,,44.249176025390625
,8091,,,,,,,,,,1676.5035400390625,,25.92522430419922,,0.7032209634780884,,40.94512939453125
,8092,,,,,,,,,,1714.905517578125,,23.638471603393555,,0.7078856229782104,,41.41141891479492
,8093,,,,,,,,,,2596.756591796875,,33.6412467956543,,0.6112939715385437,,50.95838165283203
,8094,,,,,,,,,,2007.389892578125,,28.252832412719727,,0.6907612085342407,,44.80390548706055
,8095,,,,,,,,,,2190.789794921875,,29.910400390625,,0.6912200450897217,,46.80587387084961
,8096,,,,,,,,,,2137.001220703125,,29.78785514831543,,0.6926913261413574,,46.22771453857422
,8097,,,,,,,,,,1673.705078125,,23.661874771118164,,0.6957542896270752,,40.91094207763672
,8098,,,,,,,,,,1766.127685546875,,25.029996871948242,,0.707855224609375,,42.02532196044922
,8099,,,,,,,,,,1858.0174560546875,,23.685169219970703,,0.6645714044570923,,43.1047248840332
,8100,,,,,,,,,,2027.0172119140625,,29.487890243530273,,0.7142990231513977,,45.02240753173828
,8101,,,,,,,,,,2324.538330078125,,31.302968978881836,,0.658837080001831,,48.21346664428711
,8102,,,,,,,,,,2214.204833984375,,29.042415618896484,,0.6956651210784912,,47.05533981323242
,8103,,,,,,,,,,2241.9697265625,,30.165382385253906,,0.6536625027656555,,47.34944152832031
,8104,,,,,,,,,,1551.4652099609375,,22.923200607299805,,0.7271009683609009,,39.388641357421875
,8105,,,,,,,,,,2089.446533203125,,28.118488311767578,,0.706534743309021,,45.71046447753906
,8106,,,,,,,,,,2199.447998046875,,30.979713439941406,,0.6893142461776733,,46.89827346801758
,8107,,,,,,,,,,2163.806640625,,29.728404998779297,,0.6735366582870483,,46.51673889160156
,8108,,,,,,,,,,2087.59375,,28.84698486328125,,0.6833786964416504,,45.6901969909668
,8109,,,,,,,,,,2502.094482421875,,35.086055755615234,,0.5859007835388184,,50.020938873291016
,8110,,,,,,,,,,1546.2808837890625,,22.588247299194336,,0.7256144881248474,,39.322776794433594
,8111,,,,,,,,,,2392.306640625,,29.99701690673828,,0.6172972917556763,,48.91120910644531
,8112,,,,,,,,,,1435.972412109375,,22.59795570373535,,0.6748287677764893,,37.89422607421875
,8113,,,,,,,,,,1603.3824462890625,,24.37442398071289,,0.7464327812194824,,40.042259216308594
,8114,,,,,,,,,,2319.4580078125,,31.23992156982422,,0.703598141670227,,48.16075134277344
,8115,,,,,,,,,,2299.181396484375,,32.58899688720703,,0.657295286655426,,47.94977951049805
,8116,,,,,,,,,,1398.1702880859375,,19.3114013671875,,0.6769240498542786,,37.39211654663086
,8117,,,,,,,,,,2353.158447265625,,32.81340408325195,,0.6329442262649536,,48.50936508178711
,8118,,,,,,,,,,2534.226318359375,,35.22815704345703,,0.5626144409179688,,50.34109878540039
,8119,,,,,,,,,,2189.737060546875,,30.85198211669922,,0.6893942952156067,,46.79462814331055
,8120,,,,,,,,,,1964.07568359375,,30.931175231933594,,0.700941801071167,,44.317893981933594
,8121,,,,,,,,,,2317.04638671875,,30.80036735534668,,0.6674588322639465,,48.13570785522461
,8122,,,,,,,,,,1478.8250732421875,,22.83549690246582,,0.6712138652801514,,38.45549392700195
,8123,,,,,,,,,,2172.990234375,,26.20494270324707,,0.7348352074623108,,46.6153450012207
,8124,,,,,,,,,,1976.5758056640625,,28.940149307250977,,0.676496148109436,,44.45869827270508
,8125,,,,,,,,,,2003.3485107421875,,27.95716667175293,,0.6951085329055786,,44.75878143310547
,8126,,,,,,,,,,1883.510986328125,,26.059520721435547,,0.6801116466522217,,43.399436950683594
,8127,,,,,,,,,,2022.529052734375,,28.073814392089844,,0.7215518951416016,,44.9725341796875
,8128,,,,,,,,,,2183.306396484375,,28.82844352722168,,0.6522585153579712,,46.72586441040039
,8129,,,,,,,,,,2292.238525390625,,30.341564178466797,,0.6528441905975342,,47.87732696533203
,8130,,,,,,,,,,1912.7030029296875,,26.803571701049805,,0.7280705571174622,,43.734458923339844
,8131,,,,,,,,,,1932.0255126953125,,25.61460304260254,,0.6462874412536621,,43.954811096191406
,8132,,,,,,,,,,1654.01904296875,,23.803855895996094,,0.7327264547348022,,40.66963195800781
,8133,,,,,,,,,,2013.527587890625,,28.347257614135742,,0.6627782583236694,,44.87234878540039
,8134,,,,,,,,,,1696.7874755859375,,22.68224334716797,,0.7378458976745605,,41.192081451416016
,8135,,,,,,,,,,2261.547607421875,,32.32813262939453,,0.6963169574737549,,47.555728912353516
,8136,,,,,,,,,,2247.166259765625,,31.292673110961914,,0.6686227917671204,,47.4042854309082
,8137,,,,,,,,,,1507.5316162109375,,21.869354248046875,,0.7601359486579895,,38.82694625854492
,8138,,,,,,,,,,1705.580810546875,,24.955299377441406,,0.6845687627792358,,41.29867935180664
,8139,,,,,,,,,,2755.4931640625,,35.67033386230469,,0.6366796493530273,,52.49279022216797
,8140,,,,,,,,,,1725.719482421875,,24.557708740234375,,0.7064399719238281,,41.541778564453125
,8141,,,,,,,,,,1773.0167236328125,,24.783653259277344,,0.7546820640563965,,42.10720443725586
,8142,,,,,,,,,,2438.73876953125,,31.392078399658203,,0.6197679042816162,,49.38359069824219
,8143,,,,,,,,,,2298.767822265625,,32.349609375,,0.6121186017990112,,47.94546890258789
,8144,,,,,,,,,,2864.8310546875,,36.38463592529297,,0.6464312672615051,,53.52411651611328
,8145,,,,,,,,,,1719.5458984375,,27.114992141723633,,0.7164465188980103,,41.4674072265625
,8146,,,,,,,,,,2628.56298828125,,34.606468200683594,,0.712552547454834,,51.26951217651367
,8147,,,,,,,,,,1310.4482421875,,21.080322265625,,0.7938861846923828,,36.20011520385742
,8148,,,,,,,,,,1704.097900390625,,23.485328674316406,,0.7045338153839111,,41.28071975708008
,8149,,,,,,,,,,1933.9476318359375,,26.774063110351562,,0.6748749017715454,,43.9766731262207
,8150,,,,,,,,,,2459.217529296875,,31.029375076293945,,0.6334937810897827,,49.59049987792969
,8151,,,,,,,,,,2566.383056640625,,34.879310607910156,,0.6208885312080383,,50.659481048583984
,8152,,,,,,,,,,2541.35302734375,,32.10245132446289,,0.6662125587463379,,50.411834716796875
,8153,,,,,,,,,,2250.97900390625,,29.714662551879883,,0.6580451726913452,,47.44448471069336
,8154,,,,,,,,,,2434.517333984375,,28.712162017822266,,0.6660478711128235,,49.34082794189453
,8155,,,,,,,,,,1869.88134765625,,28.09010887145996,,0.7140824794769287,,43.24212646484375
,8156,,,,,,,,,,2649.77490234375,,33.87661361694336,,0.6639713048934937,,51.4759635925293
,8157,,,,,,,,,,2043.5372314453125,,25.898418426513672,,0.7202745676040649,,45.20549774169922
,8158,,,,,,,,,,1947.0643310546875,,27.006145477294922,,0.6997671127319336,,44.12554931640625
,8159,,,,,,,,,,2097.901611328125,,29.809988021850586,,0.673844575881958,,45.8028564453125
,8160,,,,,,,,,,2241.693359375,,28.598421096801758,,0.6928393840789795,,47.34652328491211
,8161,,,,,,,,,,1462.4625244140625,,19.57581329345703,,0.76261967420578,,38.242156982421875
52,24485,,,,,,,,,2061.046142578125,,28.354856491088867,,0.6835705041885376,,45.20269775390625,
52,24485,1977.6470947265625,,27.6766357421875,,0.7001225352287292,,44.262454986572266,,,,,,,,,
53,24499,,1839.3489990234375,,25.854122161865234,,0.7738569378852844,,42.887630462646484,,,,,,,,
53,24549,,2172.251220703125,,30.422677993774414,,0.732693076133728,,46.60741424560547,,,,,,,,
53,24599,,2542.029052734375,,33.004180908203125,,0.5033540725708008,,50.41853713989258,,,,,,,,
53,24649,,2205.2880859375,,29.894746780395508,,0.6551812887191772,,46.96049499511719,,,,,,,,
53,24699,,2905.648193359375,,36.5512580871582,,0.5746331810951233,,53.9040641784668,,,,,,,,
53,24749,,2098.837646484375,,29.70841407775879,,0.6842252016067505,,45.813072204589844,,,,,,,,
53,24799,,2187.377197265625,,29.91465187072754,,0.684373676776886,,46.769405364990234,,,,,,,,
53,24849,,1988.298095703125,,25.981998443603516,,0.6952040195465088,,44.590335845947266,,,,,,,,
53,24899,,1862.03369140625,,27.653390884399414,,0.7381085753440857,,43.15128707885742,,,,,,,,
,8162,,,,,,,,,,1872.9879150390625,,26.45329475402832,,0.7299278974533081,,43.27803039550781
,8163,,,,,,,,,,1545.054931640625,,23.503679275512695,,0.7246482372283936,,39.307186126708984
,8164,,,,,,,,,,1808.707275390625,,26.62631607055664,,0.7246862649917603,,42.52889633178711
,8165,,,,,,,,,,2560.306396484375,,33.541839599609375,,0.6907700896263123,,50.59947204589844
,8166,,,,,,,,,,1818.31787109375,,25.264284133911133,,0.7083777189254761,,42.64173889160156
,8167,,,,,,,,,,2042.7320556640625,,29.07589340209961,,0.65523362159729,,45.19659423828125
,8168,,,,,,,,,,1552.5091552734375,,22.26018714904785,,0.714067816734314,,39.401893615722656
,8169,,,,,,,,,,2621.21728515625,,31.914934158325195,,0.6902022361755371,,51.19782638549805
,8170,,,,,,,,,,2635.019775390625,,37.07113265991211,,0.6008267998695374,,51.33244705200195
,8171,,,,,,,,,,1651.84326171875,,25.257036209106445,,0.6572562456130981,,40.64287567138672
,8172,,,,,,,,,,1767.8564453125,,23.26465606689453,,0.6803271770477295,,42.04588317871094
,8173,,,,,,,,,,2043.5989990234375,,29.510772705078125,,0.6985906958580017,,45.206180572509766
,8174,,,,,,,,,,2190.724365234375,,29.607830047607422,,0.6297248601913452,,46.80517578125
,8175,,,,,,,,,,1837.194091796875,,26.65353775024414,,0.715754508972168,,42.86250305175781
,8176,,,,,,,,,,1651.1912841796875,,22.412010192871094,,0.6866697669029236,,40.63485336303711
,8177,,,,,,,,,,2746.81884765625,,35.351688385009766,,0.6128866672515869,,52.41010665893555
,8178,,,,,,,,,,1397.0445556640625,,21.515047073364258,,0.7400970458984375,,37.37705993652344
,8179,,,,,,,,,,1587.6378173828125,,22.086669921875,,0.7498300075531006,,39.84517288208008
,8180,,,,,,,,,,1475.5294189453125,,23.08641815185547,,0.7506387233734131,,38.412620544433594
,8181,,,,,,,,,,2102.255126953125,,29.041250228881836,,0.6612039804458618,,45.85035705566406
,8182,,,,,,,,,,1501.065673828125,,22.847017288208008,,0.7605988383293152,,38.743587493896484
,8183,,,,,,,,,,1672.1739501953125,,26.201980590820312,,0.7379400730133057,,40.8922233581543
,8184,,,,,,,,,,1861.8795166015625,,27.637554168701172,,0.7068332433700562,,43.14950180053711
,8185,,,,,,,,,,2840.703857421875,,37.7357177734375,,0.6283161044120789,,53.29825210571289
,8186,,,,,,,,,,2518.52001953125,,32.54286575317383,,0.6626408100128174,,50.18486022949219
,8187,,,,,,,,,,2694.990966796875,,34.17263412475586,,0.6386573314666748,,51.913299560546875
,8188,,,,,,,,,,1057.851806640625,,16.54146385192871,,0.7485893964767456,,32.524635314941406
,8189,,,,,,,,,,2276.197509765625,,30.998092651367188,,0.6879241466522217,,47.709510803222656
,8190,,,,,,,,,,1834.5841064453125,,28.239564895629883,,0.6899846196174622,,42.83204650878906
,8191,,,,,,,,,,2357.7919921875,,28.487897872924805,,0.6923747062683105,,48.55710220336914
,8192,,,,,,,,,,1851.202880859375,,25.66499137878418,,0.6693919897079468,,43.02560806274414
,8193,,,,,,,,,,1981.1683349609375,,28.363571166992188,,0.6744180917739868,,44.510318756103516
,8194,,,,,,,,,,1714.00537109375,,24.934558868408203,,0.7342430949211121,,41.40054702758789
,8195,,,,,,,,,,2006.3543701171875,,26.67814826965332,,0.7257599830627441,,44.7923469543457
,8196,,,,,,,,,,2688.5869140625,,31.55663299560547,,0.6740819215774536,,51.851585388183594
,8197,,,,,,,,,,1717.49560546875,,24.223934173583984,,0.6827631592750549,,41.44268035888672
,8198,,,,,,,,,,2730.359130859375,,31.090158462524414,,0.5660877227783203,,52.252838134765625
,8199,,,,,,,,,,1753.9658203125,,25.94460105895996,,0.6611911058425903,,41.880374908447266
,8200,,,,,,,,,,2138.57568359375,,28.083608627319336,,0.7177871465682983,,46.24473571777344
,8201,,,,,,,,,,1847.3690185546875,,24.30084228515625,,0.7342442274093628,,42.98102951049805
,8202,,,,,,,,,,2014.1016845703125,,29.91458511352539,,0.6882733106613159,,44.878746032714844
,8203,,,,,,,,,,1855.275146484375,,26.818065643310547,,0.6797680258750916,,43.07290267944336
,8204,,,,,,,,,,1940.2979736328125,,25.75375747680664,,0.6694363355636597,,44.0488166809082
,8205,,,,,,,,,,2540.964111328125,,31.099000930786133,,0.6605410575866699,,50.40797805786133
,8206,,,,,,,,,,1928.1282958984375,,26.44666862487793,,0.6690225601196289,,43.910457611083984
,8207,,,,,,,,,,2420.13720703125,,30.309904098510742,,0.6738075613975525,,49.194889068603516
,8208,,,,,,,,,,1724.7236328125,,25.588998794555664,,0.7037358283996582,,41.52979278564453
,8209,,,,,,,,,,1892.3809814453125,,28.955224990844727,,0.6726704835891724,,43.501502990722656
,8210,,,,,,,,,,2362.25439453125,,33.12721252441406,,0.6700510382652283,,48.60302734375
,8211,,,,,,,,,,2375.176025390625,,33.301605224609375,,0.6786937117576599,,48.73577880859375
,8212,,,,,,,,,,1765.47412109375,,24.69159507751465,,0.6923739910125732,,42.01754379272461
,8213,,,,,,,,,,1996.822509765625,,28.125802993774414,,0.7663507461547852,,44.685821533203125
,8214,,,,,,,,,,2703.54931640625,,35.34415054321289,,0.5775048732757568,,51.995670318603516
,8215,,,,,,,,,,2074.603515625,,27.738834381103516,,0.7252370119094849,,45.54781723022461
,8216,,,,,,,,,,2249.972900390625,,29.946197509765625,,0.7119030356407166,,47.43387985229492
,8217,,,,,,,,,,1880.44921875,,29.08907699584961,,0.6806116104125977,,43.3641471862793
,8218,,,,,,,,,,2391.255126953125,,32.99330520629883,,0.5815441608428955,,48.90046310424805
,8219,,,,,,,,,,1998.4136962890625,,26.807231903076172,,0.7208096981048584,,44.70362091064453
,8220,,,,,,,,,,2265.3115234375,,29.076583862304688,,0.63011634349823,,47.59529113769531
,8221,,,,,,,,,,1592.132080078125,,25.315019607543945,,0.743813157081604,,39.90153121948242
,8222,,,,,,,,,,1540.3377685546875,,23.817001342773438,,0.7451835870742798,,39.24713897705078
,8223,,,,,,,,,,2105.534423828125,,29.37017822265625,,0.6865348815917969,,45.886104583740234
,8224,,,,,,,,,,2194.46728515625,,31.24121856689453,,0.6513824462890625,,46.84514236450195
,8225,,,,,,,,,,2127.302978515625,,30.03357696533203,,0.6784535646438599,,46.12269592285156
,8226,,,,,,,,,,2184.634033203125,,29.406728744506836,,0.7184270024299622,,46.74007034301758
,8227,,,,,,,,,,1644.449951171875,,24.417560577392578,,0.7407341599464417,,40.55181884765625
,8228,,,,,,,,,,2184.56982421875,,30.74898910522461,,0.6489397287368774,,46.7393798828125
,8229,,,,,,,,,,1735.701416015625,,25.645017623901367,,0.7510500550270081,,41.66175079345703
,8230,,,,,,,,,,1867.2869873046875,,26.144838333129883,,0.6609270572662354,,43.21211624145508
,8231,,,,,,,,,,1952.9351806640625,,28.767419815063477,,0.6645291447639465,,44.1920280456543
,8232,,,,,,,,,,1831.2161865234375,,26.00434112548828,,0.7438873648643494,,42.79270935058594
,8233,,,,,,,,,,2310.163818359375,,29.931880950927734,,0.6669501066207886,,48.06416320800781
,8234,,,,,,,,,,3443.2509765625,,40.849586486816406,,0.6023367643356323,,58.67921829223633
,8235,,,,,,,,,,2802.281982421875,,35.75333786010742,,0.570123553276062,,52.936588287353516
,8236,,,,,,,,,,2324.733154296875,,30.943601608276367,,0.6632856130599976,,48.21548843383789
,8237,,,,,,,,,,1857.5491943359375,,25.812515258789062,,0.726238489151001,,43.09929275512695
,8238,,,,,,,,,,3062.6279296875,,38.78476333618164,,0.5823285579681396,,55.34101486206055
,8239,,,,,,,,,,2059.31298828125,,26.805191040039062,,0.6845728754997253,,45.37965774536133
,8240,,,,,,,,,,2024.1982421875,,27.780332565307617,,0.6570219993591309,,44.9910888671875
,8241,,,,,,,,,,1822.48974609375,,26.98078155517578,,0.6429914236068726,,42.69062805175781
,8242,,,,,,,,,,2354.822265625,,33.15345001220703,,0.6134776473045349,,48.526512145996094
,8243,,,,,,,,,,1963.263916015625,,26.429567337036133,,0.7042587399482727,,44.30873489379883
,8244,,,,,,,,,,1948.013427734375,,27.750057220458984,,0.7089937329292297,,44.13630676269531
,8245,,,,,,,,,,1687.41259765625,,26.05295753479004,,0.7012898325920105,,41.078128814697266
,8246,,,,,,,,,,1714.39111328125,,23.6519775390625,,0.7079732418060303,,41.40520477294922
,8247,,,,,,,,,,2579.89697265625,,33.52033233642578,,0.6138176918029785,,50.792686462402344
,8248,,,,,,,,,,1997.2276611328125,,28.170398712158203,,0.6923266649246216,,44.69035339355469
,8249,,,,,,,,,,2200.855224609375,,29.932676315307617,,0.6898013949394226,,46.91327667236328
,8250,,,,,,,,,,2143.87255859375,,29.838491439819336,,0.691703200340271,,46.301971435546875
,8251,,,,,,,,,,1665.392333984375,,23.666601181030273,,0.6972653865814209,,40.80921936035156
,8252,,,,,,,,,,1762.225341796875,,24.920738220214844,,0.7085007429122925,,41.97886657714844
,8253,,,,,,,,,,1892.17724609375,,23.890872955322266,,0.6584045886993408,,43.49916458129883
,8254,,,,,,,,,,2039.478759765625,,29.625446319580078,,0.7125426530838013,,45.160587310791016
,8255,,,,,,,,,,2333.348876953125,,31.449424743652344,,0.657543957233429,,48.30474853515625
,8256,,,,,,,,,,2219.169677734375,,29.10283660888672,,0.6949827075004578,,47.108062744140625
,8257,,,,,,,,,,2235.4970703125,,30.07326889038086,,0.6546623706817627,,47.28104782104492
,8258,,,,,,,,,,1555.503173828125,,22.943178176879883,,0.7263906598091125,,39.43986511230469
,8259,,,,,,,,,,2109.081787109375,,28.287464141845703,,0.7037769556045532,,45.924739837646484
,8260,,,,,,,,,,2194.527587890625,,30.936687469482422,,0.6900092959403992,,46.845787048339844
,8261,,,,,,,,,,2163.486083984375,,29.714109420776367,,0.673585057258606,,46.51329040527344
,8262,,,,,,,,,,2097.5341796875,,28.8990478515625,,0.6818711161613464,,45.79884338378906
,8263,,,,,,,,,,2508.9541015625,,35.12442398071289,,0.5847655534744263,,50.08945846557617
,8264,,,,,,,,,,1545.1575927734375,,22.590227127075195,,0.7258138060569763,,39.30849075317383
,8265,,,,,,,,,,2388.73779296875,,29.956270217895508,,0.617868185043335,,48.87471389770508
,8266,,,,,,,,,,1436.5009765625,,22.54045295715332,,0.6747090816497803,,37.90119934082031
,8267,,,,,,,,,,1608.54443359375,,24.443052291870117,,0.7456164360046387,,40.106666564941406
,8268,,,,,,,,,,2323.40087890625,,31.309036254882812,,0.7030943036079407,,48.20166778564453
,8269,,,,,,,,,,2282.719970703125,,32.47508239746094,,0.659748911857605,,47.7778205871582
,8270,,,,,,,,,,1403.797607421875,,19.342605590820312,,0.6756237745285034,,37.467288970947266
,8271,,,,,,,,,,2364.379638671875,,32.898475646972656,,0.6311938762664795,,48.6248893737793
,8272,,,,,,,,,,2539.57177734375,,35.2866096496582,,0.5616918802261353,,50.3941650390625
,8273,,,,,,,,,,2188.313232421875,,30.79294204711914,,0.6895962953567505,,46.77941131591797
,8274,,,,,,,,,,1977.9771728515625,,31.09298324584961,,0.6988251209259033,,44.474456787109375
,8275,,,,,,,,,,2313.6318359375,,30.756031036376953,,0.667948842048645,,48.10022735595703
,8276,,,,,,,,,,1473.340576171875,,22.803163528442383,,0.6724332571029663,,38.384117126464844
,8277,,,,,,,,,,2192.915283203125,,26.29131317138672,,0.7324038147926331,,46.828575134277344
,8278,,,,,,,,,,1973.0518798828125,,28.8525390625,,0.6770728826522827,,44.41904830932617
,8279,,,,,,,,,,2008.955810546875,,28.0103759765625,,0.6942552328109741,,44.82137680053711
,8280,,,,,,,,,,1875.9678955078125,,26.009912490844727,,0.6813927888870239,,43.31244659423828
,8281,,,,,,,,,,2028.9951171875,,28.19683837890625,,0.7206617593765259,,45.044368743896484
,8282,,,,,,,,,,2191.121826171875,,28.900611877441406,,0.6510137319564819,,46.809417724609375
,8283,,,,,,,,,,2293.926025390625,,30.320085525512695,,0.6525886058807373,,47.89494705200195
,8284,,,,,,,,,,1915.8092041015625,,26.783161163330078,,0.7276289463043213,,43.769954681396484
,8285,,,,,,,,,,1938.2095947265625,,25.612775802612305,,0.6451552510261536,,44.02510070800781
,8286,,,,,,,,,,1657.9866943359375,,23.80785369873047,,0.7320853471755981,,40.7183837890625
,8287,,,,,,,,,,1992.1141357421875,,28.209590911865234,,0.6663645505905151,,44.63310623168945
,8288,,,,,,,,,,1707.4796142578125,,22.819053649902344,,0.7361939549446106,,41.321659088134766
,8289,,,,,,,,,,2269.86376953125,,32.448150634765625,,0.6952002048492432,,47.64308547973633
,8290,,,,,,,,,,2243.671875,,31.22710418701172,,0.6691380739212036,,47.36741256713867
,8291,,,,,,,,,,1504.6641845703125,,21.87142562866211,,0.7605921626091003,,38.790000915527344
,8292,,,,,,,,,,1700.265380859375,,24.90154266357422,,0.6855517625808716,,41.234275817871094
,8293,,,,,,,,,,2763.46630859375,,35.78192138671875,,0.635628342628479,,52.56868362426758
,8294,,,,,,,,,,1733.7705078125,,24.634140014648438,,0.7050703763961792,,41.63856887817383
,8295,,,,,,,,,,1782.3231201171875,,24.906408309936523,,0.753394365310669,,42.217567443847656
,8296,,,,,,,,,,2430.384521484375,,31.311359405517578,,0.6210705041885376,,49.29893112182617
,8297,,,,,,,,,,2286.437255859375,,32.29918670654297,,0.614199161529541,,47.81670379638672
,8298,,,,,,,,,,2873.061767578125,,36.38319778442383,,0.6454154849052429,,53.600948333740234
,8299,,,,,,,,,,1737.793701171875,,27.261951446533203,,0.7134373784065247,,41.68685531616211
,8300,,,,,,,,,,2642.67724609375,,34.69371032714844,,0.7110090255737305,,51.406978607177734
,8301,,,,,,,,,,1317.7578125,,21.134862899780273,,0.7927365303039551,,36.300933837890625
,8302,,,,,,,,,,1706.9852294921875,,23.460248947143555,,0.7040331363677979,,41.315677642822266
,8303,,,,,,,,,,1939.794921875,,26.87026596069336,,0.6738919019699097,,44.0431022644043
,8304,,,,,,,,,,2458.64306640625,,31.023090362548828,,0.6335793733596802,,49.58470916748047
,8305,,,,,,,,,,2569.978271484375,,34.933135986328125,,0.6203573942184448,,50.69495391845703
,8306,,,,,,,,,,2541.842529296875,,32.13051986694336,,0.6661482453346252,,50.416690826416016
,8307,,,,,,,,,,2246.9111328125,,29.683500289916992,,0.6586631536483765,,47.40159225463867
,8308,,,,,,,,,,2426.44091796875,,28.65949249267578,,0.6671557426452637,,49.25891876220703
,8309,,,,,,,,,,1880.399169921875,,28.17051124572754,,0.7124742865562439,,43.36357116699219
,8310,,,,,,,,,,2667.0712890625,,33.983062744140625,,0.6617778539657593,,51.64369583129883
,8311,,,,,,,,,,2042.0299072265625,,25.944875717163086,,0.7204808592796326,,45.18882369995117
,8312,,,,,,,,,,1948.904296875,,27.02232551574707,,0.6994833946228027,,44.14639663696289
,8313,,,,,,,,,,2092.45849609375,,29.74957275390625,,0.674690842628479,,45.7433967590332
,8314,,,,,,,,,,2254.555908203125,,28.724206924438477,,0.691076934337616,,47.48216247558594
,8315,,,,,,,,,,1471.89208984375,,19.566986083984375,,0.7610890865325928,,38.3652458190918
53,24947,,,,,,,,,2062.794189453125,,28.361276626586914,,0.6833409667015076,,45.220882415771484,
53,24947,1967.10009765625,,27.639211654663086,,0.7019497156143188,,44.14506912231445,,,,,,,,,
54,24949,,1618.074462890625,,21.622482299804688,,0.7480538487434387,,40.22529602050781,,,,,,,,
54,24999,,2064.1025390625,,28.929950714111328,,0.716526985168457,,45.432395935058594,,,,,,,,
54,25049,,2382.0390625,,30.260784149169922,,0.699866771697998,,48.80613708496094,,,,,,,,
54,25099,,2133.882080078125,,25.41642189025879,,0.6903346180915833,,46.193965911865234,,,,,,,,
54,25149,,2297.1875,,30.24311637878418,,0.7023779153823853,,47.928985595703125,,,,,,,,
54,25199,,1925.752685546875,,27.8595027923584,,0.6910210847854614,,43.883399963378906,,,,,,,,
54,25249,,1551.7449951171875,,22.910371780395508,,0.7762393355369568,,39.39219284057617,,,,,,,,
54,25299,,1996.9862060546875,,28.75929069519043,,0.7263505458831787,,44.687652587890625,,,,,,,,
54,25349,,1680.2640380859375,,24.448789596557617,,0.7293891310691833,,40.991024017333984,,,,,,,,
54,25399,,2047.5301513671875,,28.674564361572266,,0.6957314014434814,,45.24964141845703,,,,,,,,
,8316,,,,,,,,,,1876.0081787109375,,26.449317932128906,,0.7294923663139343,,43.31290817260742
,8317,,,,,,,,,,1547.5164794921875,,23.4880428314209,,0.7242095470428467,,39.33848571777344
,8318,,,,,,,,,,1816.732421875,,26.633874893188477,,0.7234646677970886,,42.623146057128906
,8319,,,,,,,,,,2572.12939453125,,33.61473083496094,,0.6893421411514282,,50.716163635253906
,8320,,,,,,,,,,1814.0299072265625,,25.190715789794922,,0.7090653777122498,,42.5914306640625
,8321,,,,,,,,,,2038.885009765625,,29.029346466064453,,0.6558829545974731,,45.154014587402344
,8322,,,,,,,,,,1555.2806396484375,,22.220203399658203,,0.7135574221611023,,39.43704605102539
,8323,,,,,,,,,,2628.245361328125,,31.94077491760254,,0.6893715858459473,,51.266414642333984
,8324,,,,,,,,,,2637.43701171875,,37.09987258911133,,0.6004606485366821,,51.35598373413086
,8325,,,,,,,,,,1643.4732666015625,,25.119892120361328,,0.6589929461479187,,40.539772033691406
,8326,,,,,,,,,,1760.0233154296875,,23.056446075439453,,0.6817436218261719,,41.952632904052734
,8327,,,,,,,,,,2043.1063232421875,,29.433956146240234,,0.6986633539199829,,45.20073318481445
,8328,,,,,,,,,,2184.766357421875,,29.53249168395996,,0.6307318210601807,,46.741485595703125
,8329,,,,,,,,,,1843.616943359375,,26.632089614868164,,0.7147607803344727,,42.93736267089844
,8330,,,,,,,,,,1646.5323486328125,,22.335424423217773,,0.687553882598877,,40.577484130859375
,8331,,,,,,,,,,2751.06103515625,,35.299312591552734,,0.612288773059845,,52.450557708740234
,8332,,,,,,,,,,1397.8271484375,,21.502586364746094,,0.7399514317512512,,37.38752746582031
,8333,,,,,,,,,,1592.6822509765625,,22.02837371826172,,0.7490351796150208,,39.90842056274414
,8334,,,,,,,,,,1475.5994873046875,,23.010305404663086,,0.7506269216537476,,38.41353225708008
,8335,,,,,,,,,,2109.023193359375,,29.104360580444336,,0.6601132154464722,,45.924102783203125
,8336,,,,,,,,,,1502.884521484375,,22.876575469970703,,0.7603087425231934,,38.76705551147461
,8337,,,,,,,,,,1686.7464599609375,,26.304410934448242,,0.7356563210487366,,41.07001876831055
,8338,,,,,,,,,,1864.688720703125,,27.644519805908203,,0.7063908576965332,,43.18204116821289
,8339,,,,,,,,,,2845.602294921875,,37.74633026123047,,0.6276751756668091,,53.34418869018555
,8340,,,,,,,,,,2536.335205078125,,32.64912796020508,,0.6602544784545898,,50.36204147338867
,8341,,,,,,,,,,2693.66845703125,,34.1078987121582,,0.6388347148895264,,51.90056228637695
,8342,,,,,,,,,,1060.0836181640625,,16.505605697631836,,0.7480589747428894,,32.55892562866211
,8343,,,,,,,,,,2286.222900390625,,31.0516300201416,,0.6865496039390564,,47.8144645690918
,8344,,,,,,,,,,1832.663818359375,,28.202835083007812,,0.6903091073036194,,42.80962371826172
,8345,,,,,,,,,,2369.851318359375,,28.493898391723633,,0.6908012628555298,,48.68111801147461
,8346,,,,,,,,,,1858.8460693359375,,25.66720962524414,,0.6680269241333008,,43.11433792114258
,8347,,,,,,,,,,1980.79736328125,,28.28312110900879,,0.674479067325592,,44.50614929199219
,8348,,,,,,,,,,1717.6544189453125,,24.850337982177734,,0.7336772680282593,,41.44459533691406
,8349,,,,,,,,,,2024.9395751953125,,26.769332885742188,,0.723219633102417,,44.99932861328125
,8350,,,,,,,,,,2693.5693359375,,31.53949737548828,,0.6734779477119446,,51.89960861206055
,8351,,,,,,,,,,1718.651611328125,,24.18743324279785,,0.6825496554374695,,41.45662307739258
,8352,,,,,,,,,,2747.3837890625,,31.08167839050293,,0.563382089138031,,52.41549301147461
,8353,,,,,,,,,,1756.3399658203125,,25.92442512512207,,0.6607325077056885,,41.90871047973633
,8354,,,,,,,,,,2132.781982421875,,27.973005294799805,,0.718551754951477,,46.18204879760742
,8355,,,,,,,,,,1838.9669189453125,,24.26377296447754,,0.7354529500007629,,42.8831787109375
,8356,,,,,,,,,,2017.89111328125,,29.900348663330078,,0.6876868009567261,,44.92094039916992
,8357,,,,,,,,,,1854.5743408203125,,26.781038284301758,,0.6798889636993408,,43.06476974487305
,8358,,,,,,,,,,1942.2451171875,,25.700063705444336,,0.6691045761108398,,44.0709114074707
,8359,,,,,,,,,,2540.408935546875,,31.04336166381836,,0.6606152057647705,,50.402469635009766
,8360,,,,,,,,,,1928.7818603515625,,26.39560890197754,,0.6689103841781616,,43.91790008544922
,8361,,,,,,,,,,2423.576416015625,,30.292972564697266,,0.6733440160751343,,49.22983169555664
,8362,,,,,,,,,,1729.910888671875,,25.584232330322266,,0.7028448581695557,,41.59219741821289
,8363,,,,,,,,,,1885.676025390625,,28.921289443969727,,0.6738302707672119,,43.42436981201172
,8364,,,,,,,,,,2370.1640625,,33.19474792480469,,0.6689462661743164,,48.684329986572266
,8365,,,,,,,,,,2378.5283203125,,33.334774017333984,,0.6782402396202087,,48.77015686035156
,8366,,,,,,,,,,1770.567626953125,,24.689905166625977,,0.6914864182472229,,42.0781135559082
,8367,,,,,,,,,,1999.159423828125,,28.09197235107422,,0.7660772800445557,,44.71195983886719
,8368,,,,,,,,,,2709.94140625,,35.354522705078125,,0.5765060186386108,,52.057098388671875
,8369,,,,,,,,,,2065.301025390625,,27.54171371459961,,0.726469099521637,,45.44558334350586
,8370,,,,,,,,,,2254.9736328125,,29.985794067382812,,0.7112627029418945,,47.4865608215332
,8371,,,,,,,,,,1886.3280029296875,,29.08125114440918,,0.6796131134033203,,43.43187713623047
,8372,,,,,,,,,,2401.195068359375,,33.04043960571289,,0.5798046588897705,,49.001991271972656
,8373,,,,,,,,,,1998.30615234375,,26.762939453125,,0.7208247184753418,,44.70241928100586
,8374,,,,,,,,,,2258.12646484375,,28.98025131225586,,0.6312896013259888,,47.51974868774414
,8375,,,,,,,,,,1595.479736328125,,25.3125057220459,,0.7432745695114136,,39.943458557128906
,8376,,,,,,,,,,1542.6424560546875,,23.73824119567871,,0.7448023557662964,,39.276485443115234
,8377,,,,,,,,,,2109.729736328125,,29.356536865234375,,0.6859102845191956,,45.931793212890625
,8378,,,,,,,,,,2193.506591796875,,31.16640281677246,,0.6515350937843323,,46.83488464355469
,8379,,,,,,,,,,2125.12255859375,,30.022659301757812,,0.6787831783294678,,46.09905242919922
,8380,,,,,,,,,,2185.542724609375,,29.310348510742188,,0.7183098793029785,,46.74979019165039
,8381,,,,,,,,,,1650.84423828125,,24.456846237182617,,0.7397260665893555,,40.63058090209961
,8382,,,,,,,,,,2182.424072265625,,30.705547332763672,,0.6492845416069031,,46.7164192199707
,8383,,,,,,,,,,1739.4720458984375,,25.609222412109375,,0.7505092620849609,,41.70697784423828
,8384,,,,,,,,,,1872.4024658203125,,26.16871452331543,,0.6599981784820557,,43.27126693725586
,8385,,,,,,,,,,1945.93115234375,,28.61223602294922,,0.6657322645187378,,44.112709045410156
,8386,,,,,,,,,,1815.349609375,,25.867887496948242,,0.7461064457893372,,42.60691833496094
,8387,,,,,,,,,,2305.5859375,,29.799457550048828,,0.6676100492477417,,48.01652145385742
,8388,,,,,,,,,,3466.0888671875,,41.046241760253906,,0.5996991395950317,,58.873497009277344
,8389,,,,,,,,,,2808.963134765625,,35.74675369262695,,0.5690985918045044,,52.99965286254883
,8390,,,,,,,,,,2333.277587890625,,30.969057083129883,,0.6620481014251709,,48.30400848388672
,8391,,,,,,,,,,1860.2777099609375,,25.768510818481445,,0.7258363962173462,,43.13093566894531
,8392,,,,,,,,,,3051.3994140625,,38.626251220703125,,0.5838598608970642,,55.239471435546875
,8393,,,,,,,,,,2059.59912109375,,26.714946746826172,,0.6845290660858154,,45.38280487060547
,8394,,,,,,,,,,2029.9906005859375,,27.74824333190918,,0.6560405492782593,,45.055416107177734
,8395,,,,,,,,,,1824.8499755859375,,26.939115524291992,,0.6425291299819946,,42.718265533447266
,8396,,,,,,,,,,2362.619140625,,33.15302276611328,,0.6121978759765625,,48.606781005859375
,8397,,,,,,,,,,1966.494384765625,,26.443323135375977,,0.7037721276283264,,44.34517288208008
,8398,,,,,,,,,,1949.902587890625,,27.736309051513672,,0.7087115049362183,,44.15769958496094
,8399,,,,,,,,,,1687.3135986328125,,25.974380493164062,,0.7013073563575745,,41.07692337036133
,8400,,,,,,,,,,1725.1409912109375,,23.69355010986328,,0.7061420679092407,,41.53481674194336
,8401,,,,,,,,,,2568.8046875,,33.384765625,,0.6154780387878418,,50.68337631225586
,8402,,,,,,,,,,2003.6754150390625,,28.21723747253418,,0.6913334131240845,,44.76243209838867
,8403,,,,,,,,,,2212.992919921875,,29.989992141723633,,0.6880906820297241,,47.04246139526367
,8404,,,,,,,,,,2141.96875,,29.743154525756836,,0.6919770240783691,,46.281410217285156
,8405,,,,,,,,,,1667.460693359375,,23.649700164794922,,0.6968894004821777,,40.83455276489258
,8406,,,,,,,,,,1758.2279052734375,,24.884748458862305,,0.7091619372367859,,41.93122863769531
,8407,,,,,,,,,,1896.6663818359375,,23.911985397338867,,0.6575941443443298,,43.55073165893555
,8408,,,,,,,,,,2054.12255859375,,29.73792266845703,,0.7104786038398743,,45.32242965698242
,8409,,,,,,,,,,2331.8193359375,,31.33055305480957,,0.6577684283256531,,48.288917541503906
,8410,,,,,,,,,,2219.4375,,29.068492889404297,,0.6949459314346313,,47.110904693603516
,8411,,,,,,,,,,2229.415771484375,,30.019390106201172,,0.6556018590927124,,47.21669006347656
,8412,,,,,,,,,,1561.8636474609375,,22.942991256713867,,0.7252718806266785,,39.52042007446289
,8413,,,,,,,,,,2120.036376953125,,28.35146141052246,,0.7022383809089661,,46.043853759765625
,8414,,,,,,,,,,2190.07958984375,,30.91128158569336,,0.6906375885009766,,46.79828643798828
,8415,,,,,,,,,,2167.29248046875,,29.723779678344727,,0.6730107665061951,,46.5541877746582
,8416,,,,,,,,,,2103.275634765625,,28.92159080505371,,0.681000292301178,,45.86148452758789
,8417,,,,,,,,,,2514.592529296875,,35.198482513427734,,0.5838323831558228,,50.14570999145508
,8418,,,,,,,,,,1547.4156494140625,,22.554912567138672,,0.7254130840301514,,39.33720397949219
,8419,,,,,,,,,,2399.585205078125,,29.949556350708008,,0.616132915019989,,48.98556137084961
,8420,,,,,,,,,,1434.281494140625,,22.486692428588867,,0.6752116680145264,,37.871910095214844
,8421,,,,,,,,,,1601.3863525390625,,24.00324058532715,,0.7467484474182129,,40.01732635498047
,8422,,,,,,,,,,2330.95068359375,,31.283533096313477,,0.7021294832229614,,48.2799186706543
,8423,,,,,,,,,,2281.836669921875,,32.44074630737305,,0.6598806381225586,,47.76856994628906
,8424,,,,,,,,,,1404.74755859375,,19.269102096557617,,0.6754041910171509,,37.47996139526367
,8425,,,,,,,,,,2370.562744140625,,32.93718338012695,,0.6302294731140137,,48.68842697143555
,8426,,,,,,,,,,2522.59228515625,,35.1187858581543,,0.5646224021911621,,50.22541427612305
,8427,,,,,,,,,,2191.892333984375,,30.822925567626953,,0.6890885829925537,,46.817649841308594
,8428,,,,,,,,,,1963.9796142578125,,30.88347816467285,,0.7009564638137817,,44.316810607910156
,8429,,,,,,,,,,2319.182861328125,,30.837682723999023,,0.6671521663665771,,48.157894134521484
,8430,,,,,,,,,,1473.4154052734375,,22.77088737487793,,0.6724165678024292,,38.385093688964844
,8431,,,,,,,,,,2210.10546875,,26.34595489501953,,0.7303061485290527,,47.01176071166992
,8432,,,,,,,,,,1965.4979248046875,,28.77994155883789,,0.6783092021942139,,44.33393478393555
,8433,,,,,,,,,,2011.9996337890625,,28.01604652404785,,0.6937919855117798,,44.85531997680664
,8434,,,,,,,,,,1873.288818359375,,25.906452178955078,,0.6818477511405945,,43.2815055847168
,8435,,,,,,,,,,2027.89404296875,,28.074657440185547,,0.7208132743835449,,45.032142639160156
,8436,,,,,,,,,,2199.62255859375,,28.93206787109375,,0.6496598124504089,,46.9001350402832
,8437,,,,,,,,,,2299.765380859375,,30.35394287109375,,0.6517043113708496,,47.955867767333984
,8438,,,,,,,,,,1901.27880859375,,26.569171905517578,,0.7296947240829468,,43.60365676879883
,8439,,,,,,,,,,1944.780029296875,,25.620798110961914,,0.6439523696899414,,44.09965896606445
,8440,,,,,,,,,,1664.2235107421875,,23.86248779296875,,0.7310775518417358,,40.79489517211914
,8441,,,,,,,,,,1988.6285400390625,,28.128881454467773,,0.6669483184814453,,44.59403991699219
,8442,,,,,,,,,,1714.4739990234375,,22.792312622070312,,0.735113263130188,,41.40620803833008
,8443,,,,,,,,,,2286.113525390625,,32.61576461791992,,0.6930181980133057,,47.81332015991211
,8444,,,,,,,,,,2240.478759765625,,31.163793563842773,,0.6696089506149292,,47.33369445800781
,8445,,,,,,,,,,1502.125,,21.779150009155273,,0.7609961628913879,,38.75725555419922
,8446,,,,,,,,,,1698.9781494140625,,24.834606170654297,,0.6857898235321045,,41.21866226196289
,8447,,,,,,,,,,2768.001220703125,,35.776920318603516,,0.6350303888320923,,52.611793518066406
,8448,,,,,,,,,,1737.9285888671875,,24.616867065429688,,0.7043631076812744,,41.68846893310547
,8449,,,,,,,,,,1788.214599609375,,24.920242309570312,,0.7525792121887207,,42.28728485107422
,8450,,,,,,,,,,2427.895751953125,,31.202693939208984,,0.6214585304260254,,49.273681640625
,8451,,,,,,,,,,2283.205322265625,,32.27561569213867,,0.6147445440292358,,47.78289794921875
,8452,,,,,,,,,,2898.27880859375,,36.481849670410156,,0.6423032283782959,,53.83566665649414
,8453,,,,,,,,,,1726.357421875,,27.116050720214844,,0.7153232097625732,,41.54945755004883
,8454,,,,,,,,,,2655.6279296875,,34.75328063964844,,0.7095928192138672,,51.53278350830078
,8455,,,,,,,,,,1324.6951904296875,,21.142375946044922,,0.791645348072052,,36.3963623046875
,8456,,,,,,,,,,1715.662109375,,23.4978084564209,,0.702528715133667,,41.42055130004883
,8457,,,,,,,,,,1930.2701416015625,,26.759990692138672,,0.6754931211471558,,43.93484115600586
,8458,,,,,,,,,,2459.560791015625,,31.008085250854492,,0.6334425806999207,,49.59395980834961
,8459,,,,,,,,,,2561.330810546875,,34.872344970703125,,0.621634840965271,,50.609596252441406
,8460,,,,,,,,,,2550.254150390625,,32.13494110107422,,0.6650434732437134,,50.50004196166992
,8461,,,,,,,,,,2258.972900390625,,29.708683013916016,,0.6568307876586914,,47.52865219116211
,8462,,,,,,,,,,2423.332763671875,,28.535663604736328,,0.667582094669342,,49.227359771728516
,8463,,,,,,,,,,1887.9212646484375,,28.222320556640625,,0.7113240957260132,,43.45021438598633
,8464,,,,,,,,,,2669.41845703125,,33.938175201416016,,0.6614802479743958,,51.66641616821289
,8465,,,,,,,,,,2039.48193359375,,25.88176918029785,,0.7208296060562134,,45.160621643066406
,8466,,,,,,,,,,1944.68798828125,,26.972177505493164,,0.7001335024833679,,44.09861373901367
,8467,,,,,,,,,,2084.956787109375,,29.607425689697266,,0.6758570671081543,,45.66132736206055
,8468,,,,,,,,,,2263.912841796875,,28.7343692779541,,0.6897948980331421,,47.580589294433594
,8469,,,,,,,,,,1474.4093017578125,,19.485280990600586,,0.7606805562973022,,38.39803695678711
54,25409,,,,,,,,,2065.08544921875,,28.33238410949707,,0.6830223798751831,,45.24505615234375,
54,25409,1970.52392578125,,27.69588851928711,,0.7018745541572571,,44.19464111328125,,,,,,,,,
55,25449,,1746.27685546875,,24.501739501953125,,0.6826498508453369,,41.78847885131836,,,,,,,,
55,25499,,2230.62451171875,,31.963335037231445,,0.6151977181434631,,47.229488372802734,,,,,,,,
55,25549,,1814.5281982421875,,26.307714462280273,,0.6999804973602295,,42.5972785949707,,,,,,,,
55,25599,,1887.734619140625,,26.347023010253906,,0.7403422594070435,,43.44806671142578,,,,,,,,
55,25649,,1173.0609130859375,,18.916522979736328,,0.7653919458389282,,34.249977111816406,,,,,,,,
55,25699,,1801.289306640625,,25.612533569335938,,0.762387216091156,,42.44159698486328,,,,,,,,
55,25749,,1743.3194580078125,,25.892438888549805,,0.6702444553375244,,41.75307846069336,,,,,,,,
55,25799,,1149.9071044921875,,17.758291244506836,,0.7683261036872864,,33.9102783203125,,,,,,,,
55,25849,,1955.024658203125,,26.849803924560547,,0.721985936164856,,44.215660095214844,,,,,,,,
,8470,,,,,,,,,,1873.83984375,,26.4703369140625,,0.7298049926757812,,43.287872314453125
,8471,,,,,,,,,,1560.288818359375,,23.687286376953125,,0.7219332456588745,,39.500492095947266
,8472,,,,,,,,,,1804.4554443359375,,26.590505599975586,,0.7253334522247314,,42.4788818359375
,8473,,,,,,,,,,2571.138916015625,,33.61609649658203,,0.6894617080688477,,50.706398010253906
,8474,,,,,,,,,,1812.2244873046875,,25.232982635498047,,0.7093549370765686,,42.570228576660156
,8475,,,,,,,,,,2045.8067626953125,,29.071590423583984,,0.6547147035598755,,45.230594635009766
,8476,,,,,,,,,,1548.0450439453125,,22.262651443481445,,0.7148900032043457,,39.3452033996582
,8477,,,,,,,,,,2604.7646484375,,31.79568862915039,,0.6921467781066895,,51.036895751953125
,8478,,,,,,,,,,2636.446533203125,,37.04851150512695,,0.6006106734275818,,51.34634017944336
,8479,,,,,,,,,,1680.4183349609375,,25.459423065185547,,0.6513271331787109,,40.99290466308594
,8480,,,,,,,,,,1760.1312255859375,,23.2324161529541,,0.6817240715026855,,41.95391845703125
,8481,,,,,,,,,,2044.686767578125,,29.513595581054688,,0.6984302997589111,,45.21821212768555
,8482,,,,,,,,,,2198.266357421875,,29.68149757385254,,0.6284500956535339,,46.88567352294922
,8483,,,,,,,,,,1832.600341796875,,26.621335983276367,,0.7164652347564697,,42.80888366699219
,8484,,,,,,,,,,1648.3492431640625,,22.408418655395508,,0.6872091293334961,,40.5998649597168
,8485,,,,,,,,,,2737.80322265625,,35.27723693847656,,0.6141571998596191,,52.32402038574219
,8486,,,,,,,,,,1394.459228515625,,21.542865753173828,,0.7405779957771301,,37.34246063232422
,8487,,,,,,,,,,1584.6044921875,,22.051118850708008,,0.7503080368041992,,39.807090759277344
,8488,,,,,,,,,,1479.367919921875,,23.1104736328125,,0.7499900460243225,,38.46255111694336
,8489,,,,,,,,,,2112.041259765625,,29.109582901000977,,0.659626841545105,,45.95695114135742
,8490,,,,,,,,,,1511.772216796875,,22.913850784301758,,0.7588912844657898,,38.88151550292969
,8491,,,,,,,,,,1655.5609130859375,,26.020681381225586,,0.7405436038970947,,40.68858337402344
,8492,,,,,,,,,,1853.769775390625,,27.590606689453125,,0.7081102132797241,,43.05542755126953
,8493,,,,,,,,,,2846.220947265625,,37.80588150024414,,0.6275942325592041,,53.3499870300293
,8494,,,,,,,,,,2498.609130859375,,32.37080764770508,,0.6653079390525818,,49.986087799072266
,8495,,,,,,,,,,2694.477294921875,,34.19770050048828,,0.6387262344360352,,51.908355712890625
,8496,,,,,,,,,,1057.401123046875,,16.585649490356445,,0.748696506023407,,32.517704010009766
,8497,,,,,,,,,,2276.534423828125,,30.991891860961914,,0.6878779530525208,,47.713043212890625
,8498,,,,,,,,,,1808.4232177734375,,28.02143669128418,,0.6944053769111633,,42.52556228637695
,8499,,,,,,,,,,2347.701904296875,,28.414718627929688,,0.6936911344528198,,48.45309066772461
,8500,,,,,,,,,,1854.706298828125,,25.711950302124023,,0.6687662601470947,,43.06630325317383
,8501,,,,,,,,,,1980.4959716796875,,28.340730667114258,,0.6745285987854004,,44.50276184082031
,8502,,,,,,,,,,1715.815673828125,,24.98001480102539,,0.7339624166488647,,41.42240524291992
,8503,,,,,,,,,,2002.59912109375,,26.65675926208496,,0.7262732982635498,,44.75040817260742
,8504,,,,,,,,,,2691.6044921875,,31.573808670043945,,0.6737161874771118,,51.88067626953125
,8505,,,,,,,,,,1729.4515380859375,,24.39959716796875,,0.6805548071861267,,41.586673736572266
,8506,,,,,,,,,,2708.88037109375,,31.059009552001953,,0.5695011019706726,,52.04690933227539
,8507,,,,,,,,,,1775.7845458984375,,26.101171493530273,,0.6569764614105225,,42.14006042480469
,8508,,,,,,,,,,2130.997802734375,,28.011009216308594,,0.7187871932983398,,46.1627311706543
,8509,,,,,,,,,,1851.0882568359375,,24.370826721191406,,0.7337092161178589,,43.02427291870117
,8510,,,,,,,,,,2011.064697265625,,29.87150001525879,,0.6887433528900146,,44.84489440917969
,8511,,,,,,,,,,1870.2286376953125,,27.022117614746094,,0.6771869659423828,,43.24613952636719
,8512,,,,,,,,,,1943.1451416015625,,25.801055908203125,,0.6689512729644775,,44.081119537353516
,8513,,,,,,,,,,2534.22998046875,,31.09499168395996,,0.6614407300949097,,50.34113693237305
,8514,,,,,,,,,,1928.142578125,,26.44270896911621,,0.6690201163291931,,43.910621643066406
,8515,,,,,,,,,,2405.6455078125,,30.27975082397461,,0.675760805606842,,49.04737854003906
,8516,,,,,,,,,,1727.5350341796875,,25.652584075927734,,0.703252911567688,,41.56362533569336
,8517,,,,,,,,,,1889.9912109375,,28.91768455505371,,0.6730837821960449,,43.474029541015625
,8518,,,,,,,,,,2345.3212890625,,32.930213928222656,,0.6724162101745605,,48.42851638793945
,8519,,,,,,,,,,2375.6201171875,,33.30099868774414,,0.6786336302757263,,48.740333557128906
,8520,,,,,,,,,,1767.6446533203125,,24.783506393432617,,0.6919957399368286,,42.043365478515625
,8521,,,,,,,,,,1993.3316650390625,,28.159812927246094,,0.7667591571807861,,44.6467399597168
,8522,,,,,,,,,,2704.864501953125,,35.36861038208008,,0.5772993564605713,,52.00831604003906
,8523,,,,,,,,,,2064.373779296875,,27.642839431762695,,0.7265918850898743,,45.43537902832031
,8524,,,,,,,,,,2248.18310546875,,29.987398147583008,,0.7121322154998779,,47.415008544921875
,8525,,,,,,,,,,1879.435302734375,,29.067960739135742,,0.6807838082313538,,43.35245132446289
,8526,,,,,,,,,,2397.811767578125,,32.99960708618164,,0.5803967714309692,,48.96745300292969
,8527,,,,,,,,,,1997.622314453125,,26.770221710205078,,0.720920205116272,,44.694766998291016
,8528,,,,,,,,,,2261.423828125,,29.09050178527832,,0.6307511329650879,,47.5544319152832
,8529,,,,,,,,,,1586.471923828125,,25.282045364379883,,0.744723916053772,,39.830543518066406
,8530,,,,,,,,,,1552.6436767578125,,23.97133445739746,,0.7431478500366211,,39.40359878540039
,8531,,,,,,,,,,2101.052001953125,,29.33346176147461,,0.6872022151947021,,45.83723449707031
,8532,,,,,,,,,,2200.689453125,,31.269550323486328,,0.6503940224647522,,46.91150665283203
,8533,,,,,,,,,,2130.275634765625,,30.025436401367188,,0.678004264831543,,46.1549072265625
,8534,,,,,,,,,,2184.231201171875,,29.403085708618164,,0.7184789180755615,,46.73576354980469
,8535,,,,,,,,,,1641.89013671875,,24.39893341064453,,0.7411377429962158,,40.52024459838867
,8536,,,,,,,,,,2180.55224609375,,30.814594268798828,,0.6495853662490845,,46.69638442993164
,8537,,,,,,,,,,1734.268310546875,,25.68729019165039,,0.7512556314468384,,41.64454650878906
,8538,,,,,,,,,,1860.663818359375,,26.133285522460938,,0.6621297597885132,,43.135414123535156
,8539,,,,,,,,,,1957.5850830078125,,28.88530921936035,,0.6637303829193115,,44.244606018066406
,8540,,,,,,,,,,1832.9410400390625,,26.04962921142578,,0.7436461448669434,,42.812862396240234
,8541,,,,,,,,,,2316.943359375,,29.99768829345703,,0.6659727096557617,,48.134639739990234
,8542,,,,,,,,,,3444.380859375,,40.93086242675781,,0.6022062301635742,,58.688846588134766
,8543,,,,,,,,,,2777.585693359375,,35.615333557128906,,0.5739120244979858,,52.70280838012695
,8544,,,,,,,,,,2318.039794921875,,30.88627052307129,,0.6642551422119141,,48.146026611328125
,8545,,,,,,,,,,1853.1654052734375,,25.786787033081055,,0.7268846035003662,,43.04840850830078
,8546,,,,,,,,,,3067.748046875,,38.83358383178711,,0.5816302299499512,,55.38725662231445
,8547,,,,,,,,,,2049.486572265625,,26.88873863220215,,0.6860780119895935,,45.27125549316406
,8548,,,,,,,,,,2014.9248046875,,27.7037296295166,,0.6585932970046997,,44.88791275024414
,8549,,,,,,,,,,1800.64697265625,,26.83286476135254,,0.6472702026367188,,42.43403244018555
,8550,,,,,,,,,,2353.34716796875,,33.09697341918945,,0.6137198209762573,,48.51131057739258
,8551,,,,,,,,,,1964.136474609375,,26.41287612915039,,0.704127311706543,,44.318580627441406
,8552,,,,,,,,,,1946.9151611328125,,27.76457405090332,,0.7091578245162964,,44.123863220214844
,8553,,,,,,,,,,1675.86865234375,,25.9560604095459,,0.7033333778381348,,40.937374114990234
,8554,,,,,,,,,,1729.59765625,,23.775684356689453,,0.7053829431533813,,41.58843231201172
,8555,,,,,,,,,,2583.8701171875,,33.574302673339844,,0.6132229566574097,,50.831783294677734
,8556,,,,,,,,,,2002.72998046875,,28.248096466064453,,0.6914790868759155,,44.75187301635742
,8557,,,,,,,,,,2190.373779296875,,29.8546199798584,,0.6912786960601807,,46.801429748535156
,8558,,,,,,,,,,2130.15869140625,,29.843820571899414,,0.6936753392219543,,46.15364074707031
,8559,,,,,,,,,,1664.870361328125,,23.619033813476562,,0.6973602771759033,,40.80282211303711
,8560,,,,,,,,,,1758.1038818359375,,24.9119930267334,,0.7091824412345886,,41.92974853515625
,8561,,,,,,,,,,1860.474853515625,,23.72354507446289,,0.6641278266906738,,43.13322067260742
,8562,,,,,,,,,,2024.20166015625,,29.462385177612305,,0.7146958708763123,,44.991127014160156
,8563,,,,,,,,,,2318.7216796875,,31.272199630737305,,0.6596907377243042,,48.153106689453125
,8564,,,,,,,,,,2224.296142578125,,29.09711456298828,,0.6942781209945679,,47.162445068359375
,8565,,,,,,,,,,2237.76220703125,,30.1353759765625,,0.6543124914169312,,47.30499267578125
,8566,,,,,,,,,,1553.3919677734375,,22.894947052001953,,0.726762056350708,,39.41309356689453
,8567,,,,,,,,,,2097.18115234375,,28.225208282470703,,0.7054483890533447,,45.79499053955078
,8568,,,,,,,,,,2200.681396484375,,30.97832489013672,,0.6891400218009949,,46.91142272949219
,8569,,,,,,,,,,2174.834228515625,,29.733755111694336,,0.6718728542327881,,46.63511657714844
,8570,,,,,,,,,,2091.11865234375,,28.890974044799805,,0.6828441023826599,,45.72875213623047
,8571,,,,,,,,,,2506.561279296875,,35.14202880859375,,0.585161566734314,,50.06556701660156
,8572,,,,,,,,,,1554.04345703125,,22.625858306884766,,0.7242370247840881,,39.421356201171875
,8573,,,,,,,,,,2388.500244140625,,29.993648529052734,,0.6179062128067017,,48.872283935546875
,8574,,,,,,,,,,1447.114990234375,,22.720884323120117,,0.6723055839538574,,38.04096603393555
,8575,,,,,,,,,,1603.8538818359375,,24.460609436035156,,0.7463582754135132,,40.04814529418945
,8576,,,,,,,,,,2319.55419921875,,31.19615364074707,,0.7035858631134033,,48.161746978759766
,8577,,,,,,,,,,2290.67431640625,,32.59025192260742,,0.6585633158683777,,47.86098861694336
,8578,,,,,,,,,,1405.4677734375,,19.403799057006836,,0.675237774848938,,37.48957061767578
,8579,,,,,,,,,,2350.640625,,32.788612365722656,,0.6333369612693787,,48.48340606689453
,8580,,,,,,,,,,2552.569091796875,,35.385826110839844,,0.5594487190246582,,50.52295684814453
,8581,,,,,,,,,,2183.51513671875,,30.71998405456543,,0.6902768611907959,,46.72809982299805
,8582,,,,,,,,,,1969.6407470703125,,31.00223731994629,,0.70009446144104,,44.38063430786133
,8583,,,,,,,,,,2312.94775390625,,30.698823928833008,,0.6680470705032349,,48.093116760253906
,8584,,,,,,,,,,1488.2535400390625,,22.908145904541016,,0.6691176295280457,,38.57788848876953
,8585,,,,,,,,,,2186.92578125,,26.26803207397461,,0.7331347465515137,,46.76457977294922
,8586,,,,,,,,,,1990.9644775390625,,29.023597717285156,,0.6741411685943604,,44.62022399902344
,8587,,,,,,,,,,2027.85302734375,,28.11624526977539,,0.691379189491272,,45.03168869018555
,8588,,,,,,,,,,1879.84228515625,,26.0440673828125,,0.6807347536087036,,43.357147216796875
,8589,,,,,,,,,,2023.781982421875,,28.170629501342773,,0.7213793992996216,,44.9864616394043
,8590,,,,,,,,,,2174.6083984375,,28.73579978942871,,0.6536438465118408,,46.63269805908203
,8591,,,,,,,,,,2294.94873046875,,30.343017578125,,0.6524337530136108,,47.90562438964844
,8592,,,,,,,,,,1893.227294921875,,26.605304718017578,,0.7308393716812134,,43.51123046875
,8593,,,,,,,,,,1933.3021240234375,,25.617111206054688,,0.646053671836853,,43.969329833984375
,8594,,,,,,,,,,1656.122314453125,,23.866439819335938,,0.732386589050293,,40.69548416137695
,8595,,,,,,,,,,1992.301513671875,,28.23193359375,,0.6663331389427185,,44.63520431518555
,8596,,,,,,,,,,1704.22705078125,,22.772369384765625,,0.7366964817047119,,41.282283782958984
,8597,,,,,,,,,,2257.82421875,,32.32883834838867,,0.6968168616294861,,47.51656723022461
,8598,,,,,,,,,,2241.482177734375,,31.263202667236328,,0.6694610118865967,,47.344295501708984
,8599,,,,,,,,,,1502.6845703125,,21.855253219604492,,0.7609071731567383,,38.76447677612305
,8600,,,,,,,,,,1695.7401123046875,,24.890026092529297,,0.6863887310028076,,41.17936325073242
,8601,,,,,,,,,,2770.103271484375,,35.86704635620117,,0.6347532272338867,,52.63176727294922
,8602,,,,,,,,,,1730.4654541015625,,24.614652633666992,,0.7056326270103455,,41.5988655090332
,8603,,,,,,,,,,1775.4666748046875,,24.846933364868164,,0.7543430328369141,,42.136287689208984
,8604,,,,,,,,,,2429.710693359375,,31.303970336914062,,0.6211755275726318,,49.29209899902344
,8605,,,,,,,,,,2303.240966796875,,32.36629104614258,,0.6113638281822205,,47.99209213256836
,8606,,,,,,,,,,2881.30419921875,,36.43690490722656,,0.6443982124328613,,53.67778015136719
,8607,,,,,,,,,,1723.0941162109375,,27.14225959777832,,0.7158613204956055,,41.510169982910156
,8608,,,,,,,,,,2634.997802734375,,34.669498443603516,,0.7118488550186157,,51.33222961425781
,8609,,,,,,,,,,1319.6234130859375,,21.183269500732422,,0.7924430966377258,,36.326622009277344
,8610,,,,,,,,,,1701.387451171875,,23.449970245361328,,0.7050037384033203,,41.24787521362305
,8611,,,,,,,,,,1927.483642578125,,26.761634826660156,,0.6759616136550903,,43.903114318847656
,8612,,,,,,,,,,2462.65576171875,,31.068784713745117,,0.6329813003540039,,49.625152587890625
,8613,,,,,,,,,,2560.2802734375,,34.82218933105469,,0.6217900514602661,,50.599212646484375
,8614,,,,,,,,,,2547.933837890625,,32.11410903930664,,0.66534823179245,,50.47705841064453
,8615,,,,,,,,,,2238.587646484375,,29.67051887512207,,0.6599276065826416,,47.31371307373047
,8616,,,,,,,,,,2411.671875,,28.564151763916016,,0.6691817045211792,,49.1087760925293
,8617,,,,,,,,,,1878.08740234375,,28.187715530395508,,0.712827742099762,,43.33690643310547
,8618,,,,,,,,,,2653.3447265625,,33.81840896606445,,0.6635186076164246,,51.51062774658203
,8619,,,,,,,,,,2043.638427734375,,25.901323318481445,,0.7202606797218323,,45.20661926269531
,8620,,,,,,,,,,1951.8062744140625,,27.062908172607422,,0.6990358829498291,,44.17924880981445
,8621,,,,,,,,,,2097.593505859375,,29.795028686523438,,0.6738924980163574,,45.79949188232422
,8622,,,,,,,,,,2235.60546875,,28.5986385345459,,0.6936736106872559,,47.282188415527344
,8623,,,,,,,,,,1471.6114501953125,,19.572240829467773,,0.761134684085846,,38.36158752441406
55,25871,,,,,,,,,2060.923828125,,28.357603073120117,,0.6835842132568359,,45.20145797729492,
55,25871,1963.9566650390625,,27.618162155151367,,0.7019692063331604,,44.11458969116211,,,,,,,,,
56,25899,,1509.720458984375,,21.700716018676758,,0.7193043231964111,,38.85512161254883,,,,,,,,
56,25949,,2220.9013671875,,30.848915100097656,,0.6747415065765381,,47.126441955566406,,,,,,,,
56,25999,,2122.006103515625,,29.395803451538086,,0.6934739351272583,,46.06523895263672,,,,,,,,
56,26049,,1642.4012451171875,,22.922595977783203,,0.6913964748382568,,40.526546478271484,,,,,,,,
56,26099,,1804.874755859375,,24.519203186035156,,0.6743099689483643,,42.48381423950195,,,,,,,,
56,26149,,1787.3223876953125,,23.53319549560547,,0.72292160987854,,42.276737213134766,,,,,,,,
56,26199,,2080.8798828125,,28.15447425842285,,0.6966605186462402,,45.616661071777344,,,,,,,,
56,26249,,2429.81982421875,,29.67658233642578,,0.6716796159744263,,49.2932014465332,,,,,,,,
56,26299,,2106.743408203125,,28.523284912109375,,0.7324767112731934,,45.89927291870117,,,,,,,,
,8624,,,,,,,,,,1876.66162109375,,26.5190486907959,,0.7293981313705444,,43.32045364379883
,8625,,,,,,,,,,1556.2620849609375,,23.645143508911133,,0.7226508855819702,,39.44948959350586
,8626,,,,,,,,,,1806.3050537109375,,26.613388061523438,,0.7250518798828125,,42.50064468383789
,8627,,,,,,,,,,2567.222900390625,,33.57072830200195,,0.6899347305297852,,50.66777038574219
,8628,,,,,,,,,,1813.6474609375,,25.25059700012207,,0.7091267108917236,,42.58694076538086
,8629,,,,,,,,,,2048.290283203125,,29.11605453491211,,0.6542955636978149,,45.25803756713867
,8630,,,,,,,,,,1548.199462890625,,22.277938842773438,,0.7148616313934326,,39.347164154052734
,8631,,,,,,,,,,2612.172607421875,,31.84819221496582,,0.6912712454795837,,51.10941696166992
,8632,,,,,,,,,,2633.119140625,,37.044700622558594,,0.6011147499084473,,51.313926696777344
,8633,,,,,,,,,,1671.812744140625,,25.40936851501465,,0.6531127691268921,,40.8878059387207
,8634,,,,,,,,,,1766.3734130859375,,23.275711059570312,,0.680595338344574,,42.02824783325195
,8635,,,,,,,,,,2043.364013671875,,29.539548873901367,,0.6986253261566162,,45.203582763671875
,8636,,,,,,,,,,2196.93896484375,,29.681684494018555,,0.6286744475364685,,46.871517181396484
,8637,,,,,,,,,,1831.4442138671875,,26.579973220825195,,0.7166441679000854,,42.79537582397461
,8638,,,,,,,,,,1647.146240234375,,22.440784454345703,,0.6874373555183411,,40.58504867553711
,8639,,,,,,,,,,2731.543701171875,,35.22134017944336,,0.6150393486022949,,52.2641716003418
,8640,,,,,,,,,,1394.577392578125,,21.523283004760742,,0.740556001663208,,37.34403991699219
,8641,,,,,,,,,,1587.3897705078125,,22.080297470092773,,0.7498691082000732,,39.84206008911133
,8642,,,,,,,,,,1482.5775146484375,,23.158464431762695,,0.7494475841522217,,38.50425338745117
,8643,,,,,,,,,,2113.636474609375,,29.149044036865234,,0.659369707107544,,45.97430419921875
,8644,,,,,,,,,,1510.458251953125,,22.883146286010742,,0.7591008543968201,,38.8646125793457
,8645,,,,,,,,,,1650.3994140625,,26.009729385375977,,0.7413525581359863,,40.62510681152344
,8646,,,,,,,,,,1858.8209228515625,,27.62972640991211,,0.7073148488998413,,43.114044189453125
,8647,,,,,,,,,,2852.980224609375,,37.855628967285156,,0.6267098188400269,,53.41329574584961
,8648,,,,,,,,,,2503.94775390625,,32.39759826660156,,0.6645928025245667,,50.03946304321289
,8649,,,,,,,,,,2693.348388671875,,34.19828796386719,,0.6388776302337646,,51.89748001098633
,8650,,,,,,,,,,1057.9207763671875,,16.592140197753906,,0.7485730648040771,,32.52569580078125
,8651,,,,,,,,,,2276.43603515625,,31.000991821289062,,0.6878914833068848,,47.712013244628906
,8652,,,,,,,,,,1813.408447265625,,28.097055435180664,,0.6935629844665527,,42.58413314819336
,8653,,,,,,,,,,2351.35693359375,,28.474681854248047,,0.6932142972946167,,48.49079132080078
,8654,,,,,,,,,,1850.953125,,25.71865463256836,,0.6694365739822388,,43.022705078125
,8655,,,,,,,,,,1987.376220703125,,28.43297576904297,,0.6733978986740112,,44.57999801635742
,8656,,,,,,,,,,1710.85791015625,,24.93874740600586,,0.7347310781478882,,41.362518310546875
,8657,,,,,,,,,,2009.002685546875,,26.693195343017578,,0.7253979444503784,,44.8218994140625
,8658,,,,,,,,,,2691.3359375,,31.59292984008789,,0.6737487316131592,,51.87808609008789
,8659,,,,,,,,,,1728.5201416015625,,24.38936996459961,,0.6807268261909485,,41.57547378540039
,8660,,,,,,,,,,2679.8427734375,,30.996410369873047,,0.5741158723831177,,51.76719665527344
,8661,,,,,,,,,,1783.2315673828125,,26.158287048339844,,0.6555379033088684,,42.22832489013672
,8662,,,,,,,,,,2139.601318359375,,28.114194869995117,,0.7176518440246582,,46.25582504272461
,8663,,,,,,,,,,1853.51513671875,,24.38639259338379,,0.7333601117134094,,43.052467346191406
,8664,,,,,,,,,,2008.023193359375,,29.865739822387695,,0.6892141103744507,,44.810970306396484
,8665,,,,,,,,,,1874.099853515625,,27.07027816772461,,0.6765187382698059,,43.29087448120117
,8666,,,,,,,,,,1944.5577392578125,,25.8195858001709,,0.6687105894088745,,44.09714126586914
,8667,,,,,,,,,,2539.833984375,,31.124095916748047,,0.6606919765472412,,50.396766662597656
,8668,,,,,,,,,,1926.681884765625,,26.451526641845703,,0.6692708730697632,,43.893985748291016
,8669,,,,,,,,,,2398.622314453125,,30.237783432006836,,0.67670738697052,,48.975730895996094
,8670,,,,,,,,,,1726.861328125,,25.654836654663086,,0.7033686637878418,,41.55552291870117
,8671,,,,,,,,,,1893.421142578125,,28.93587875366211,,0.6724905371665955,,43.513458251953125
,8672,,,,,,,,,,2345.062255859375,,32.92959213256836,,0.6724523305892944,,48.42584228515625
,8673,,,,,,,,,,2379.566162109375,,33.30229187011719,,0.6780998706817627,,48.78079605102539
,8674,,,,,,,,,,1769.810791015625,,24.798343658447266,,0.6916183233261108,,42.06911849975586
,8675,,,,,,,,,,1994.64892578125,,28.16590690612793,,0.766605019569397,,44.66149139404297
,8676,,,,,,,,,,2705.92626953125,,35.38264846801758,,0.5771334171295166,,52.01852035522461
,8677,,,,,,,,,,2065.434326171875,,27.706775665283203,,0.7264513969421387,,45.44704818725586
,8678,,,,,,,,,,2251.977783203125,,30.026166915893555,,0.711646318435669,,47.45500946044922
,8679,,,,,,,,,,1881.6676025390625,,29.096187591552734,,0.6804046630859375,,43.37819290161133
,8680,,,,,,,,,,2402.907958984375,,33.042476654052734,,0.5795049667358398,,49.019466400146484
,8681,,,,,,,,,,2001.1671142578125,,26.838912963867188,,0.720425009727478,,44.734405517578125
,8682,,,,,,,,,,2266.62109375,,29.115310668945312,,0.6299024820327759,,47.609046936035156
,8683,,,,,,,,,,1585.413330078125,,25.29289436340332,,0.74489426612854,,39.8172492980957
,8684,,,,,,,,,,1552.62255859375,,23.990047454833984,,0.7431513667106628,,39.4033317565918
,8685,,,,,,,,,,2102.26318359375,,29.365203857421875,,0.6870219111442566,,45.85044479370117
,8686,,,,,,,,,,2203.81396484375,,31.33547019958496,,0.6498976349830627,,46.94479751586914
,8687,,,,,,,,,,2132.19189453125,,30.02043914794922,,0.6777145862579346,,46.175662994384766
,8688,,,,,,,,,,2182.132568359375,,29.340295791625977,,0.7187494039535522,,46.71330261230469
,8689,,,,,,,,,,1647.1873779296875,,24.438251495361328,,0.740302562713623,,40.58555603027344
,8690,,,,,,,,,,2179.86376953125,,30.834423065185547,,0.6496959924697876,,46.68900680541992
,8691,,,,,,,,,,1735.712646484375,,25.72090721130371,,0.7510484457015991,,41.66188430786133
,8692,,,,,,,,,,1864.8648681640625,,26.172719955444336,,0.6613669395446777,,43.18408203125
,8693,,,,,,,,,,1962.95849609375,,28.91025733947754,,0.6628073453903198,,44.3052864074707
,8694,,,,,,,,,,1829.2222900390625,,26.006145477294922,,0.7441662549972534,,42.769405364990234
,8695,,,,,,,,,,2327.029541015625,,30.115833282470703,,0.6645186543464661,,48.239295959472656
,8696,,,,,,,,,,3447.7509765625,,40.952613830566406,,0.6018170118331909,,58.717552185058594
,8697,,,,,,,,,,2775.1728515625,,35.63351058959961,,0.574282169342041,,52.67991256713867
,8698,,,,,,,,,,2330.2646484375,,31.005935668945312,,0.6624845266342163,,48.2728157043457
,8699,,,,,,,,,,1853.756103515625,,25.800493240356445,,0.7267975211143494,,43.055267333984375
,8700,,,,,,,,,,3071.033203125,,38.86643981933594,,0.5811822414398193,,55.41690444946289
,8701,,,,,,,,,,2045.5006103515625,,26.863506317138672,,0.6866885423660278,,45.227210998535156
,8702,,,,,,,,,,2012.9443359375,,27.72663688659668,,0.6589288711547852,,44.865848541259766
,8703,,,,,,,,,,1817.643798828125,,26.970947265625,,0.6439406871795654,,42.63383483886719
,8704,,,,,,,,,,2353.415771484375,,33.12137222290039,,0.61370849609375,,48.512020111083984
,8705,,,,,,,,,,1968.816162109375,,26.46701431274414,,0.7034223675727844,,44.37134552001953
,8706,,,,,,,,,,1951.4837646484375,,27.825246810913086,,0.7084753513336182,,44.175601959228516
,8707,,,,,,,,,,1678.093994140625,,25.960250854492188,,0.7029394507408142,,40.96454620361328
,8708,,,,,,,,,,1728.948486328125,,23.767681121826172,,0.7054935693740845,,41.58062744140625
,8709,,,,,,,,,,2579.2841796875,,33.56903839111328,,0.6139094233512878,,50.78665542602539
,8710,,,,,,,,,,2005.5684814453125,,28.308448791503906,,0.6910418272018433,,44.783573150634766
,8711,,,,,,,,,,2193.10107421875,,29.896224975585938,,0.6908943057060242,,46.83055877685547
,8712,,,,,,,,,,2131.16455078125,,29.811201095581055,,0.6935306787490845,,46.1645393371582
,8713,,,,,,,,,,1663.6329345703125,,23.610647201538086,,0.6975852251052856,,40.787654876708984
,8714,,,,,,,,,,1756.640380859375,,24.914371490478516,,0.7094244956970215,,41.91229248046875
,8715,,,,,,,,,,1869.445556640625,,23.7784366607666,,0.6625083088874817,,43.23708724975586
,8716,,,,,,,,,,2026.209716796875,,29.481643676757812,,0.7144128084182739,,45.0134391784668
,8717,,,,,,,,,,2322.124755859375,,31.290966033935547,,0.6591913104057312,,48.18843078613281
,8718,,,,,,,,,,2221.60498046875,,29.106489181518555,,0.6946479678153992,,47.13390350341797
,8719,,,,,,,,,,2232.015869140625,,30.11781883239746,,0.6552001237869263,,47.24421691894531
,8720,,,,,,,,,,1556.822509765625,,22.936893463134766,,0.726158618927002,,39.45658874511719
,8721,,,,,,,,,,2099.3486328125,,28.247568130493164,,0.7051439881324768,,45.81864929199219
,8722,,,,,,,,,,2192.883056640625,,30.921859741210938,,0.6902415752410889,,46.82822799682617
,8723,,,,,,,,,,2175.31884765625,,29.783998489379883,,0.6717997789382935,,46.64031219482422
,8724,,,,,,,,,,2095.013916015625,,28.944866180419922,,0.682253360748291,,45.77132034301758
,8725,,,,,,,,,,2500.57373046875,,35.112548828125,,0.5861524939537048,,50.0057373046875
,8726,,,,,,,,,,1554.8580322265625,,22.66202735900879,,0.7240924835205078,,39.43168640136719
,8727,,,,,,,,,,2394.103515625,,30.058027267456055,,0.6170098185539246,,48.9295768737793
,8728,,,,,,,,,,1448.4913330078125,,22.730064392089844,,0.6719939112663269,,38.059051513671875
,8729,,,,,,,,,,1608.44482421875,,24.532819747924805,,0.7456321716308594,,40.10542297363281
,8730,,,,,,,,,,2320.575439453125,,31.23286247253418,,0.7034553289413452,,48.17234802246094
,8731,,,,,,,,,,2294.325439453125,,32.61626434326172,,0.6580190658569336,,47.89911651611328
,8732,,,,,,,,,,1406.34326171875,,19.40933609008789,,0.6750354766845703,,37.501243591308594
,8733,,,,,,,,,,2344.55078125,,32.760597229003906,,0.6342868804931641,,48.420562744140625
,8734,,,,,,,,,,2552.42041015625,,35.393333435058594,,0.5594743490219116,,50.521484375
,8735,,,,,,,,,,2195.829833984375,,30.85487174987793,,0.6885300874710083,,46.859683990478516
,8736,,,,,,,,,,1970.5789794921875,,30.99300765991211,,0.6999515891075134,,44.391204833984375
,8737,,,,,,,,,,2310.454345703125,,30.72528648376465,,0.6684049367904663,,48.06718444824219
,8738,,,,,,,,,,1485.68603515625,,22.873455047607422,,0.6696884632110596,,38.54460144042969
,8739,,,,,,,,,,2190.719482421875,,26.31302833557129,,0.7326717376708984,,46.80512237548828
,8740,,,,,,,,,,1983.550048828125,,28.966327667236328,,0.6753546595573425,,44.53706359863281
,8741,,,,,,,,,,2028.0272216796875,,28.115890502929688,,0.6913527250289917,,45.03362274169922
,8742,,,,,,,,,,1879.578369140625,,26.0301513671875,,0.6807795763015747,,43.354103088378906
,8743,,,,,,,,,,2024.4473876953125,,28.16514015197754,,0.7212878465652466,,44.993858337402344
,8744,,,,,,,,,,2179.460205078125,,28.821931838989258,,0.6528711318969727,,46.68468475341797
,8745,,,,,,,,,,2298.454345703125,,30.376005172729492,,0.6519027948379517,,47.94219970703125
,8746,,,,,,,,,,1891.0272216796875,,26.601295471191406,,0.7311521768569946,,43.48594284057617
,8747,,,,,,,,,,1934.5052490234375,,25.63428497314453,,0.6458333730697632,,43.983009338378906
,8748,,,,,,,,,,1655.12646484375,,23.831167221069336,,0.7325475215911865,,40.68324661254883
,8749,,,,,,,,,,1998.537841796875,,28.297222137451172,,0.6652886867523193,,44.70500946044922
,8750,,,,,,,,,,1701.8785400390625,,22.776350021362305,,0.7370592951774597,,41.25382995605469
,8751,,,,,,,,,,2264.386962890625,,32.377010345458984,,0.6959356069564819,,47.585575103759766
,8752,,,,,,,,,,2244.001953125,,31.26169204711914,,0.6690894365310669,,47.37089920043945
,8753,,,,,,,,,,1501.010009765625,,21.853416442871094,,0.7611736059188843,,38.74287033081055
,8754,,,,,,,,,,1696.7510986328125,,24.906301498413086,,0.6862016916275024,,41.1916389465332
,8755,,,,,,,,,,2767.486083984375,,35.82856750488281,,0.6350983381271362,,52.60689926147461
,8756,,,,,,,,,,1733.0557861328125,,24.643510818481445,,0.705191969871521,,41.62998580932617
,8757,,,,,,,,,,1776.462158203125,,24.870269775390625,,0.7542053461074829,,42.14809799194336
,8758,,,,,,,,,,2433.813232421875,,31.359752655029297,,0.6205358505249023,,49.33369445800781
,8759,,,,,,,,,,2307.51416015625,,32.424659729003906,,0.6106427907943726,,48.036590576171875
,8760,,,,,,,,,,2879.015380859375,,36.4146842956543,,0.6446806788444519,,53.656455993652344
,8761,,,,,,,,,,1726.7374267578125,,27.210506439208984,,0.7152605652809143,,41.55403137207031
,8762,,,,,,,,,,2631.281005859375,,34.65402603149414,,0.7122552990913391,,51.29601287841797
,8763,,,,,,,,,,1324.5616455078125,,21.228412628173828,,0.7916663885116577,,36.394527435302734
,8764,,,,,,,,,,1702.797119140625,,23.44589614868164,,0.7047592997550964,,41.26496124267578
,8765,,,,,,,,,,1926.701171875,,26.741064071655273,,0.6760931015014648,,43.894203186035156
,8766,,,,,,,,,,2464.936767578125,,31.10346794128418,,0.6326413750648499,,49.648128509521484
,8767,,,,,,,,,,2566.892578125,,34.85859680175781,,0.620813250541687,,50.66450881958008
,8768,,,,,,,,,,2548.264892578125,,32.1601676940918,,0.6653047204017639,,50.480342864990234
,8769,,,,,,,,,,2247.123291015625,,29.7511043548584,,0.6586309671401978,,47.40382766723633
,8770,,,,,,,,,,2421.524658203125,,28.64187240600586,,0.6678301095962524,,49.208988189697266
,8771,,,,,,,,,,1878.9149169921875,,28.16728973388672,,0.7127012014389038,,43.34645080566406
,8772,,,,,,,,,,2653.602783203125,,33.84736633300781,,0.6634858846664429,,51.51313400268555
,8773,,,,,,,,,,2042.878662109375,,25.941255569458008,,0.7203646898269653,,45.19821548461914
,8774,,,,,,,,,,1954.60205078125,,27.08633804321289,,0.6986047625541687,,44.210880279541016
,8775,,,,,,,,,,2104.62548828125,,29.884716033935547,,0.6727992296218872,,45.87620162963867
,8776,,,,,,,,,,2242.77880859375,,28.665630340576172,,0.6926907300949097,,47.35798263549805
,8777,,,,,,,,,,1472.383056640625,,19.58740997314453,,0.7610094547271729,,38.37164306640625
56,26333,,,,,,,,,2062.228759765625,,28.37851333618164,,0.6833839416503906,,45.21607971191406,
56,26333,1961.483642578125,,27.551767349243164,,0.7026164531707764,,44.07936477661133,,,,,,,,,
57,26349,,1464.521240234375,,22.91153907775879,,0.7832348942756653,,38.269065856933594,,,,,,,,
57,26399,,1627.5626220703125,,24.017568588256836,,0.7493064403533936,,40.34306335449219,,,,,,,,
57,26449,,2411.706298828125,,29.94367218017578,,0.6656005382537842,,49.109127044677734,,,,,,,,
57,26499,,2212.924072265625,,28.863018035888672,,0.7313544750213623,,47.041725158691406,,,,,,,,
57,26549,,1402.8575439453125,,21.867422103881836,,0.7371639013290405,,37.45473861694336,,,,,,,,
57,26599,,1962.4793701171875,,29.299055099487305,,0.7037429213523865,,44.29987716674805,,,,,,,,
57,26649,,1962.0411376953125,,28.712705612182617,,0.7442405819892883,,44.2949333190918,,,,,,,,
57,26699,,1712.4954833984375,,25.910728454589844,,0.7282958030700684,,41.38230895996094,,,,,,,,
57,26749,,1468.024658203125,,23.314781188964844,,0.727911114692688,,38.31481170654297,,,,,,,,
,8778,,,,,,,,,,1876.0185546875,,26.497257232666016,,0.7294908761978149,,43.31303024291992
,8779,,,,,,,,,,1556.845458984375,,23.6638240814209,,0.7225469350814819,,39.45688247680664
,8780,,,,,,,,,,1809.366943359375,,26.638090133666992,,0.7245858311653137,,42.536651611328125
,8781,,,,,,,,,,2560.717529296875,,33.492916107177734,,0.6907204389572144,,50.60353088378906
,8782,,,,,,,,,,1811.1136474609375,,25.20307159423828,,0.7095330953598022,,42.55718231201172
,8783,,,,,,,,,,2047.0364990234375,,29.124849319458008,,0.6545071601867676,,45.24418640136719
,8784,,,,,,,,,,1551.1337890625,,22.25690269470215,,0.7143211364746094,,39.384437561035156
,8785,,,,,,,,,,2608.630615234375,,31.842079162597656,,0.6916898488998413,,51.07475662231445
,8786,,,,,,,,,,2634.4951171875,,37.04037857055664,,0.600906252861023,,51.32733154296875
,8787,,,,,,,,,,1664.07421875,,25.33250617980957,,0.6547183990478516,,40.79306411743164
,8788,,,,,,,,,,1761.2728271484375,,23.19765853881836,,0.6815176606178284,,41.96752166748047
,8789,,,,,,,,,,2040.5435791015625,,29.473663330078125,,0.6990413665771484,,45.1723747253418
,8790,,,,,,,,,,2194.5927734375,,29.676776885986328,,0.6290709972381592,,46.84648132324219
,8791,,,,,,,,,,1837.6943359375,,26.583229064941406,,0.7156771421432495,,42.86833953857422
,8792,,,,,,,,,,1651.6221923828125,,22.408220291137695,,0.6865880489349365,,40.64015197753906
,8793,,,,,,,,,,2741.1044921875,,35.254478454589844,,0.6136919260025024,,52.35555648803711
,8794,,,,,,,,,,1394.7874755859375,,21.528898239135742,,0.7405169010162354,,37.34685134887695
,8795,,,,,,,,,,1591.1844482421875,,22.084461212158203,,0.7492711544036865,,39.889652252197266
,8796,,,,,,,,,,1484.3780517578125,,23.198575973510742,,0.7491433620452881,,38.527626037597656
,8797,,,,,,,,,,2123.75146484375,,29.2642879486084,,0.6577396392822266,,46.08417892456055
,8798,,,,,,,,,,1505.83984375,,22.870677947998047,,0.7598373889923096,,38.805152893066406
,8799,,,,,,,,,,1665.413330078125,,26.136232376098633,,0.738999605178833,,40.80947494506836
,8800,,,,,,,,,,1862.0042724609375,,27.66744041442871,,0.7068135738372803,,43.15094757080078
,8801,,,,,,,,,,2848.038330078125,,37.810577392578125,,0.6273564696311951,,53.36701202392578
,8802,,,,,,,,,,2504.588623046875,,32.426963806152344,,0.6645070314407349,,50.04586410522461
,8803,,,,,,,,,,2701.2822265625,,34.22797393798828,,0.6378138065338135,,51.97386169433594
,8804,,,,,,,,,,1058.332275390625,,16.580249786376953,,0.748475193977356,,32.532020568847656
,8805,,,,,,,,,,2276.60205078125,,31.012670516967773,,0.6878687143325806,,47.71375274658203
,8806,,,,,,,,,,1825.577880859375,,28.200820922851562,,0.6915065050125122,,42.726783752441406
,8807,,,,,,,,,,2352.6640625,,28.52494239807129,,0.6930437088012695,,48.504268646240234
,8808,,,,,,,,,,1854.6060791015625,,25.69955825805664,,0.6687841415405273,,43.06513977050781
,8809,,,,,,,,,,1986.176025390625,,28.399288177490234,,0.6735951900482178,,44.566532135009766
,8810,,,,,,,,,,1715.3104248046875,,24.85369873046875,,0.7340407371520996,,41.41630554199219
,8811,,,,,,,,,,2020.1343994140625,,26.69004249572754,,0.723876416683197,,44.94590377807617
,8812,,,,,,,,,,2691.623046875,,31.60517692565918,,0.6737139225006104,,51.880855560302734
,8813,,,,,,,,,,1723.427001953125,,24.33013343811035,,0.6816675662994385,,41.51417922973633
,8814,,,,,,,,,,2715.150390625,,31.10816192626953,,0.5685046911239624,,52.10710525512695
,8815,,,,,,,,,,1770.432861328125,,26.087987899780273,,0.6580101847648621,,42.07651138305664
,8816,,,,,,,,,,2147.6357421875,,28.188207626342773,,0.7165915966033936,,46.34259033203125
,8817,,,,,,,,,,1858.4295654296875,,24.391210556030273,,0.7326531410217285,,43.1095085144043
,8818,,,,,,,,,,2010.6275634765625,,29.862712860107422,,0.6888110637664795,,44.84001922607422
,8819,,,,,,,,,,1861.9698486328125,,26.8781795501709,,0.678612470626831,,43.15054702758789
,8820,,,,,,,,,,1945.423583984375,,25.816804885864258,,0.6685631275177002,,44.106956481933594
,8821,,,,,,,,,,2540.494873046875,,31.113086700439453,,0.6606037616729736,,50.403324127197266
,8822,,,,,,,,,,1926.5030517578125,,26.438617706298828,,0.6693015694618225,,43.89194869995117
,8823,,,,,,,,,,2413.3603515625,,30.25303840637207,,0.6747210025787354,,49.1259651184082
,8824,,,,,,,,,,1726.0257568359375,,25.635393142700195,,0.7035121917724609,,41.545467376708984
,8825,,,,,,,,,,1895.9063720703125,,28.987468719482422,,0.6720606684684753,,43.54200744628906
,8826,,,,,,,,,,2351.0302734375,,33.03049850463867,,0.6716187596321106,,48.487422943115234
,8827,,,,,,,,,,2382.355712890625,,33.33560562133789,,0.6777224540710449,,48.80937957763672
,8828,,,,,,,,,,1765.3612060546875,,24.72719383239746,,0.6923936605453491,,42.01620101928711
,8829,,,,,,,,,,1996.9471435546875,,28.131454467773438,,0.7663361430168152,,44.68721389770508
,8830,,,,,,,,,,2700.76513671875,,35.337379455566406,,0.5779399871826172,,51.96888732910156
,8831,,,,,,,,,,2068.30712890625,,27.697763442993164,,0.7260710000991821,,45.47864532470703
,8832,,,,,,,,,,2253.856201171875,,30.003950119018555,,0.7114057540893555,,47.474796295166016
,8833,,,,,,,,,,1884.3033447265625,,29.086708068847656,,0.6799569725990295,,43.40856170654297
,8834,,,,,,,,,,2401.849609375,,33.03853988647461,,0.579690158367157,,49.0086669921875
,8835,,,,,,,,,,2002.635498046875,,26.875852584838867,,0.7202198505401611,,44.750816345214844
,8836,,,,,,,,,,2270.7431640625,,29.122535705566406,,0.6292294263839722,,47.65231704711914
,8837,,,,,,,,,,1588.784423828125,,25.306875228881836,,0.744351863861084,,39.85955810546875
,8838,,,,,,,,,,1548.7706298828125,,23.893779754638672,,0.7437885999679565,,39.35442352294922
,8839,,,,,,,,,,2101.6689453125,,29.344039916992188,,0.6871103644371033,,45.843963623046875
,8840,,,,,,,,,,2201.026611328125,,31.294031143188477,,0.6503404378890991,,46.91510009765625
,8841,,,,,,,,,,2132.065185546875,,30.02780532836914,,0.6777337789535522,,46.17428970336914
,8842,,,,,,,,,,2179.76806640625,,29.330005645751953,,0.7190541625022888,,46.68798828125
,8843,,,,,,,,,,1647.63232421875,,24.432331085205078,,0.7402324676513672,,40.59103775024414
,8844,,,,,,,,,,2176.646240234375,,30.747629165649414,,0.6502130031585693,,46.654541015625
,8845,,,,,,,,,,1736.251220703125,,25.683677673339844,,0.7509711980819702,,41.6683464050293
,8846,,,,,,,,,,1865.771240234375,,26.16880226135254,,0.6612023115158081,,43.19457244873047
,8847,,,,,,,,,,1951.8792724609375,,28.786293029785156,,0.664710521697998,,44.180076599121094
,8848,,,,,,,,,,1835.0086669921875,,26.037445068359375,,0.7433569431304932,,42.83700180053711
,8849,,,,,,,,,,2322.8916015625,,30.033252716064453,,0.665115237236023,,48.19638442993164
,8850,,,,,,,,,,3445.059326171875,,40.95197677612305,,0.6021279096603394,,58.69462585449219
,8851,,,,,,,,,,2799.107666015625,,35.78236389160156,,0.570610523223877,,52.906593322753906
,8852,,,,,,,,,,2328.864013671875,,31.019933700561523,,0.662687361240387,,48.258304595947266
,8853,,,,,,,,,,1854.615234375,,25.77214813232422,,0.7266708612442017,,43.065242767333984
,8854,,,,,,,,,,3059.359619140625,,38.75128173828125,,0.58277428150177,,55.31147766113281
,8855,,,,,,,,,,2057.80859375,,26.830415725708008,,0.684803307056427,,45.36307907104492
,8856,,,,,,,,,,2020.780517578125,,27.765546798706055,,0.6576011180877686,,44.95309066772461
,8857,,,,,,,,,,1826.883544921875,,27.033815383911133,,0.6421307325363159,,42.74205780029297
,8858,,,,,,,,,,2354.0693359375,,33.116024017333984,,0.6136012673377991,,48.51875305175781
,8859,,,,,,,,,,1967.75830078125,,26.43779754638672,,0.703581690788269,,44.35942077636719
,8860,,,,,,,,,,1952.2579345703125,,27.78882598876953,,0.7083596587181091,,44.184364318847656
,8861,,,,,,,,,,1682.4013671875,,25.97362518310547,,0.7021769285202026,,41.017086029052734
,8862,,,,,,,,,,1723.5634765625,,23.72562599182129,,0.706410825252533,,41.51582336425781
,8863,,,,,,,,,,2586.298828125,,33.57783508300781,,0.6128593683242798,,50.85566711425781
,8864,,,,,,,,,,2004.6883544921875,,28.304609298706055,,0.6911773681640625,,44.773746490478516
,8865,,,,,,,,,,2197.854248046875,,29.93836212158203,,0.6902243494987488,,46.88127899169922
,8866,,,,,,,,,,2133.02294921875,,29.72299575805664,,0.6932634115219116,,46.184661865234375
,8867,,,,,,,,,,1669.104736328125,,23.65987777709961,,0.6965905427932739,,40.854679107666016
,8868,,,,,,,,,,1761.4410400390625,,24.935829162597656,,0.7086304426193237,,41.96952438354492
,8869,,,,,,,,,,1883.9561767578125,,23.84279441833496,,0.659888744354248,,43.404563903808594
,8870,,,,,,,,,,2030.728515625,,29.522531509399414,,0.7137759327888489,,45.063602447509766
,8871,,,,,,,,,,2320.982421875,,31.254837036132812,,0.6593589186668396,,48.176578521728516
,8872,,,,,,,,,,2215.785888671875,,29.057275772094727,,0.6954478025436401,,47.07213592529297
,8873,,,,,,,,,,2233.23095703125,,30.10616683959961,,0.6550124883651733,,47.257076263427734
,8874,,,,,,,,,,1556.723388671875,,22.936174392700195,,0.7261760234832764,,39.4553337097168
,8875,,,,,,,,,,2100.998046875,,28.22511863708496,,0.7049123048782349,,45.836647033691406
,8876,,,,,,,,,,2193.291748046875,,30.93498992919922,,0.6901838779449463,,46.83259201049805
,8877,,,,,,,,,,2173.368408203125,,29.791006088256836,,0.6720940470695496,,46.61940002441406
,8878,,,,,,,,,,2094.24951171875,,28.918987274169922,,0.6823692321777344,,45.762969970703125
,8879,,,,,,,,,,2508.131103515625,,35.15425109863281,,0.5849016904830933,,50.08124542236328
,8880,,,,,,,,,,1548.302001953125,,22.603107452392578,,0.7252558469772339,,39.34846878051758
,8881,,,,,,,,,,2395.2109375,,30.008485794067383,,0.6168327331542969,,48.94089126586914
,8882,,,,,,,,,,1442.6419677734375,,22.662429809570312,,0.6733185052871704,,37.98212814331055
,8883,,,,,,,,,,1600.253173828125,,24.256305694580078,,0.7469276785850525,,40.00316619873047
,8884,,,,,,,,,,2318.12744140625,,31.231332778930664,,0.7037681937217712,,48.146934509277344
,8885,,,,,,,,,,2295.991943359375,,32.601932525634766,,0.6577706933021545,,47.91651153564453
,8886,,,,,,,,,,1402.807861328125,,19.332780838012695,,0.6758524179458618,,37.454078674316406
,8887,,,,,,,,,,2353.6728515625,,32.84431457519531,,0.6328639984130859,,48.51466751098633
,8888,,,,,,,,,,2535.9638671875,,35.2579345703125,,0.5623145699501038,,50.35835647583008
,8889,,,,,,,,,,2191.86181640625,,30.84910774230957,,0.6890928745269775,,46.817325592041016
,8890,,,,,,,,,,1966.959716796875,,30.945659637451172,,0.7005026340484619,,44.35042190551758
,8891,,,,,,,,,,2315.6923828125,,30.78805923461914,,0.6676532030105591,,48.121639251708984
,8892,,,,,,,,,,1481.1434326171875,,22.826038360595703,,0.6706984043121338,,38.485626220703125
,8893,,,,,,,,,,2185.06689453125,,26.264678955078125,,0.7333614826202393,,46.74469757080078
,8894,,,,,,,,,,1968.7203369140625,,28.857460021972656,,0.6777818202972412,,44.37026596069336
,8895,,,,,,,,,,2004.1658935546875,,27.946149826049805,,0.6949841976165771,,44.76791000366211
,8896,,,,,,,,,,1879.99560546875,,25.995603561401367,,0.6807087063789368,,43.358917236328125
,8897,,,,,,,,,,2025.40478515625,,28.08909797668457,,0.7211560010910034,,45.00449752807617
,8898,,,,,,,,,,2185.4521484375,,28.874530792236328,,0.6519167423248291,,46.74882125854492
,8899,,,,,,,,,,2298.03173828125,,30.390405654907227,,0.6519668102264404,,47.93778991699219
,8900,,,,,,,,,,1898.2320556640625,,26.644344329833984,,0.7301278710365295,,43.56870651245117
,8901,,,,,,,,,,1934.631591796875,,25.613842010498047,,0.6458102464675903,,43.98444747924805
,8902,,,,,,,,,,1656.79345703125,,23.81360626220703,,0.7322781682014465,,40.70372772216797
,8903,,,,,,,,,,2002.5841064453125,,28.326814651489258,,0.6646109819412231,,44.750244140625
,8904,,,,,,,,,,1701.2891845703125,,22.76165199279785,,0.7371503710746765,,41.24668884277344
,8905,,,,,,,,,,2270.51953125,,32.46128845214844,,0.6951121091842651,,47.649967193603516
,8906,,,,,,,,,,2244.739013671875,,31.274911880493164,,0.6689807176589966,,47.37867736816406
,8907,,,,,,,,,,1505.575439453125,,21.860788345336914,,0.7604471445083618,,38.8017463684082
,8908,,,,,,,,,,1700.7652587890625,,24.91585922241211,,0.6854593753814697,,41.240333557128906
,8909,,,,,,,,,,2764.697265625,,35.78534698486328,,0.6354660987854004,,52.580387115478516
,8910,,,,,,,,,,1731.3966064453125,,24.607912063598633,,0.7054742574691772,,41.61005401611328
,8911,,,,,,,,,,1778.5694580078125,,24.854259490966797,,0.7539137601852417,,42.17308807373047
,8912,,,,,,,,,,2431.838623046875,,31.330280303955078,,0.620843768119812,,49.31367874145508
,8913,,,,,,,,,,2298.051513671875,,32.407352447509766,,0.6122394800186157,,47.93799591064453
,8914,,,,,,,,,,2876.438720703125,,36.41731643676758,,0.6449986696243286,,53.632442474365234
,8915,,,,,,,,,,1725.1298828125,,27.17049789428711,,0.7155256271362305,,41.53468322753906
,8916,,,,,,,,,,2632.647705078125,,34.6541862487793,,0.7121058702468872,,51.30933380126953
,8917,,,,,,,,,,1319.3768310546875,,21.150917053222656,,0.7924818992614746,,36.32322692871094
,8918,,,,,,,,,,1704.638916015625,,23.44846534729004,,0.7044399976730347,,41.28727340698242
,8919,,,,,,,,,,1932.4947509765625,,26.77027702331543,,0.675119161605835,,43.960147857666016
,8920,,,,,,,,,,2466.197265625,,31.06850814819336,,0.6324535012245178,,49.660823822021484
,8921,,,,,,,,,,2572.495361328125,,34.93107604980469,,0.6199855804443359,,50.71977615356445
,8922,,,,,,,,,,2553.56884765625,,32.222774505615234,,0.6646081209182739,,50.5328483581543
,8923,,,,,,,,,,2245.556396484375,,29.657508850097656,,0.6588690280914307,,47.387298583984375
,8924,,,,,,,,,,2432.639404296875,,28.677677154541016,,0.6663054823875427,,49.32179260253906
,8925,,,,,,,,,,1878.252685546875,,28.141298294067383,,0.712802529335022,,43.33881378173828
,8926,,,,,,,,,,2658.42431640625,,33.9103889465332,,0.6628744602203369,,51.55990982055664
,8927,,,,,,,,,,2037.5550537109375,,25.88437843322754,,0.7210934162139893,,45.1392822265625
,8928,,,,,,,,,,1947.4742431640625,,27.012224197387695,,0.6997038125991821,,44.13019561767578
,8929,,,,,,,,,,2099.36669921875,,29.83327293395996,,0.6736168265342712,,45.81884765625
,8930,,,,,,,,,,2247.2578125,,28.701101303100586,,0.6920769214630127,,47.405250549316406
,8931,,,,,,,,,,1466.965087890625,,19.54412078857422,,0.761888861656189,,38.30097961425781
57,26795,,,,,,,,,2063.033935546875,,28.367219924926758,,0.6832740902900696,,45.22420120239258,
57,26795,1949.7247314453125,,27.471994400024414,,0.703209400177002,,43.95161437988281,,,,,,,,,
